observation_id,source_signal_id,experiment_id,symbol,signal_time,signal_date,effective_entry,effective_stop,effective_target,risk_1r,risk_1r_pct,reconstruction_status,exact_historical_reconstruction,simulation_role,mfe_15m,mae_15m,mfe_r_15m,mae_r_15m,return_at_15m,mfe_30m,mae_30m,mfe_r_30m,mae_r_30m,return_at_30m,mfe_60m,mae_60m,mfe_r_60m,mae_r_60m,return_at_60m,mfe_120m,mae_120m,mfe_r_120m,mae_r_120m,return_at_120m,mfe_240m,mae_240m,mfe_r_240m,mae_r_240m,return_at_240m,tp_hit,sl_hit,tp_before_sl,sl_before_tp,ambiguous_intrabar,time_to_tp,time_to_sl,is_final,cohort,historical_stored_outcome,db_snapshot_simulated_outcome,coverage_15m,coverage_30m,coverage_60m,coverage_120m,coverage_240m
7203,1220981,ME_SHORT_GEOM_B_V1,KLACUSDT,2026-10-04T23:05:35.907720Z,2026-10-04,207.9,209.45925,206.62391913208575,1.5592499999999916,0.7499999999999959,DB_SNAPSHOT_SENSITIVITY,False,DB_SNAPSHOT_SENSITIVITY,0.08177008177008943,0.1587301587301511,0.109,0.2116,0.1587301587301511,0.08177008177008943,0.1587301587301511,0.109,0.2116,0.028860028860029956,0.553150553150556,0.48100048100048104,0.7375,0.6413,0.48100048100048104,0.553150553150556,1.3227513227513228,0.7375,1.7637,1.1111111111111123,0.553150553150556,1.6017316017315941,0.7375,2.1356,0.47619047619046684,False,True,False,True,False,,64.4,True,PRE_FIX_SIGNAL_PRE_FIX_EVALUATION,True,True,3,6,12,24,48
7764,7331094,ME_SHORT_GEOM_B_V1,ADAUSDT,2026-10-05T10:57:22.934473Z,2026-10-05,0.275,0.27706250000000004,0.2658994105151104,0.0020625000000000226,0.7500000000000082,DB_SNAPSHOT_SENSITIVITY,False,DB_SNAPSHOT_SENSITIVITY,1.090909090909092,0.18181818181818196,1.4545,0.2424,-1.0545454545454593,1.090909090909092,0.18181818181818196,1.4545,0.2424,-0.5090909090909136,1.3090909090909262,0.18181818181818196,1.7455,0.2424,-1.0181818181818272,1.6000000000000052,0.18181818181818196,2.1333,0.2424,-1.1272727272727443,2.690909090909097,0.654545454545443,3.5879,0.8727,-2.4363636363636503,False,False,False,False,False,,,True,PRE_FIX_SIGNAL_PRE_FIX_EVALUATION,True,True,3,6,12,24,48
5740,30815878,ME_SHORT_GEOM_B_V1,USELESSUSDT,2026-10-04T02:42:25.231573Z,2026-10-04,0.24405,0.24588037499999998,0.23232203850045655,0.0018303749999999952,0.7499999999999981,DB_SNAPSHOT_SENSITIVITY,False,DB_SNAPSHOT_SENSITIVITY,1.8397869289080084,0.0,2.453,0.0,-1.3726695349313633,1.8397869289080084,0.0,2.453,0.0,-1.3357918459332045,1.872567096906368,0.0,2.4968,0.0,-1.0571604179471414,1.872567096906368,0.0,2.4968,0.0,-0.9219422249539037,1.872567096906368,0.0,2.4968,0.0,-1.5119852489244003,False,False,False,False,False,,,True,PRE_FIX_SIGNAL_PRE_FIX_EVALUATION,True,True,3,6,12,24,48
7657,36914932,ME_SHORT_GEOM_B_V1,VIRTUALUSDT,2026-10-05T08:47:16.212720Z,2026-10-05,0.8852,0.8918389999999999,0.8484980224222387,0.0066389999999999505,0.7499999999999944,DB_SNAPSHOT_SENSITIVITY,False,DB_SNAPSHOT_SENSITIVITY,1.039313149570717,0.0,1.3858,0.0,-0.13556258472661306,1.3443289652056056,0.0,1.7924,0.0,-1.1296882060551299,1.4572977858111187,0.0,1.9431,0.0,-1.0845006778129171,2.440126525079073,0.0,3.2535,0.0,-1.7397198373248948,3.45684591052869,0.0,4.6091,0.0,-3.2647989154993264,False,False,False,False,False,,,True,PRE_FIX_SIGNAL_PRE_FIX_EVALUATION,True,True,3,6,12,24,48
4314,38198155,ME_SHORT_GEOM_B_V1,SPCXUSDT,2026-10-02T17:47:16.552262Z,2026-10-02,157.94,159.12455,155.58935795013593,1.1845500000000015,0.750000000000001,DB_SNAPSHOT_SENSITIVITY,False,DB_SNAPSHOT_SENSITIVITY,0.0,0.519184500443202,0.0,0.6922,0.23426617702925448,0.0,0.569836646827913,0.0,0.7598,0.5318475370393841,0.0,0.8104343421552496,0.0,1.0806,0.7661137140686387,0.0,1.2852982145118408,0.0,1.7137,1.1586678485500903,0.0,1.2852982145118408,0.0,1.7137,0.6078257566164417,False,True,False,True,False,,52.7,True,PRE_FIX_SIGNAL_PRE_FIX_EVALUATION,True,True,3,6,12,24,48
6592,45418879,ME_SHORT_GEOM_B_V1,SOLUSDT,2026-10-04T15:18:57.640551Z,2026-10-04,122.13,123.045975,120.78866276786762,0.9159750000000031,0.7500000000000026,DB_SNAPSHOT_SENSITIVITY,False,DB_SNAPSHOT_SENSITIVITY,0.4421518054531991,0.0,0.5895,0.0,-0.36027184148038793,0.4421518054531991,0.0,0.5895,0.0,-0.40121182346679346,0.6140997297961189,0.0,0.8188,0.0,-0.45033980185048494,0.6140997297961189,0.0,0.8188,0.0,-0.3848358306722336,0.7696716613444672,0.0,1.0262,0.0,-0.4667157946450448,False,False,False,False,False,,,True,PRE_FIX_SIGNAL_PRE_FIX_EVALUATION,True,True,3,6,12,24,48
8975,49225332,ME_SHORT_GEOM_B_V1,AVAXUSDT,2026-10-06T09:00:50.227753Z,2026-10-06,11.406,11.491545,11.092139557185863,0.08554499999999976,0.7499999999999979,DB_SNAPSHOT_SENSITIVITY,False,DB_SNAPSHOT_SENSITIVITY,1.0871471155532224,0.0,1.4495,0.0,-0.254252147992284,1.56934946519376,0.0,2.0925,0.0,-1.1748202700333186,1.56934946519376,0.0,2.0925,0.0,-0.9907066456251211,1.56934946519376,0.0,2.0925,0.0,-0.5874101350166593,1.56934946519376,2.52498684902683,2.0925,3.3666,0.37699456426441574,False,True,False,True,False,,154.2,True,PRE_FIX_SIGNAL_PRE_FIX_EVALUATION,True,True,3,6,12,24,48
4131,52046485,ME_SHORT_GEOM_B_V1,MSTRUSDT,2026-10-02T13:51:48.353673Z,2026-10-02,170.22,171.49665,162.5940179103509,1.2766499999999894,0.7499999999999938,DB_SNAPSHOT_SENSITIVITY,False,DB_SNAPSHOT_SENSITIVITY,2.9138761602631935,0.0,3.8852,0.0,-2.4732698860298483,4.088826224885447,0.0,5.4518,0.0,-2.9961226647867436,5.387146046293025,0.0,7.1829,0.0,-5.328398543061915,6.356479849606387,0.0,8.4753,0.0,-6.162613088943726,7.660674421337088,0.0,10.2142,0.0,-7.478557161320638,True,False,True,False,False,38.2,,True,PRE_FIX_SIGNAL_PRE_FIX_EVALUATION,True,True,3,6,12,24,48
4477,61928418,ME_SHORT_GEOM_B_V1,SANDUSDT,2026-10-02T23:22:55.874395Z,2026-10-02,0.06607,0.066565525,0.05910865473613907,0.0004955249999999967,0.7499999999999949,DB_SNAPSHOT_SENSITIVITY,False,DB_SNAPSHOT_SENSITIVITY,1.3773270773422248,3.859542909035866,1.8364,5.1461,2.376267594975029,1.3773270773422248,5.327682760708332,1.8364,7.1036,4.797941577115169,7.022854548206456,9.27803844407446,9.3638,12.3707,-0.8021795065839301,7.022854548206456,9.27803844407446,9.3638,12.3707,4.268200393522027,7.022854548206456,23.98970788557591,9.3638,31.9863,19.585288330558488,False,True,False,True,False,,7.1,True,PRE_FIX_SIGNAL_PRE_FIX_EVALUATION,True,True,3,6,12,24,48
9229,67693347,ME_SHORT_GEOM_B_V1,AVAXUSDT,2026-10-06T14:01:46.122424Z,2026-10-06,11.439,11.5247925,11.155045865981423,0.08579250000000016,0.7500000000000013,DB_SNAPSHOT_SENSITIVITY,False,DB_SNAPSHOT_SENSITIVITY,0.5332633971501,0.5332633971501,0.711,0.711,0.4108750764927056,0.5332633971501,0.5332633971501,0.711,0.711,0.2884867558352957,0.5332633971501,1.6435003059708069,0.711,2.1913,1.2938193898067984,0.5332633971501,1.6435003059708069,0.711,2.1913,0.27100271002710535,0.5332633971501,1.6435003059708069,0.711,2.1913,0.7081038552320964,False,True,False,True,False,,33.2,True,PRE_FIX_SIGNAL_PRE_FIX_EVALUATION,True,True,3,6,12,24,48
8907,86582476,ME_SHORT_GEOM_B_V1,ORCAUSDT,2026-10-06T08:05:48.331583Z,2026-10-06,2.515,2.5338625,2.257454225823062,0.018862500000000004,0.7500000000000001,DB_SNAPSHOT_SENSITIVITY,False,DB_SNAPSHOT_SENSITIVITY,1.7534791252485187,1.491053677932409,2.338,1.9881,0.8667992047713645,1.7534791252485187,1.491053677932409,2.338,1.9881,0.8349900596421433,1.7534791252485187,5.391650099403567,2.338,7.1889,5.045725646123261,1.7534791252485187,7.423459244532807,2.338,9.8979,0.7117296222664027,1.7534791252485187,9.606361829025847,2.338,12.8085,2.6083499005964166,False,True,False,True,False,,14.2,True,PRE_FIX_SIGNAL_PRE_FIX_EVALUATION,True,True,3,6,12,24,48
9235,104048125,ME_SHORT_GEOM_B_V1,SPCXUSDT,2026-10-06T14:06:43.063309Z,2026-10-06,176.33,177.652475,171.53485424843325,1.3224749999999972,0.7499999999999983,DB_SNAPSHOT_SENSITIVITY,False,DB_SNAPSHOT_SENSITIVITY,1.18527760449158,0.0,1.5804,0.0,-0.9867861396245726,1.2816877445698516,0.0,1.7089,0.0,-0.5898032098905578,1.3327284069642276,0.0,1.777,0.0,-1.077525094992347,2.052968865195942,0.0,2.7373,0.0,-1.8771621391708742,2.2344467759315068,0.0,2.9793,0.0,-1.9452163556967088,False,False,False,False,False,,,True,PRE_FIX_SIGNAL_PRE_FIX_EVALUATION,True,True,3,6,12,24,48
4092,141739715,ME_SHORT_GEOM_B_V1,BTCUSDT,2026-10-02T13:41:33.522345Z,2026-10-02,87130.0,87783.475,85946.59541168109,653.4750000000058,0.7500000000000067,DB_SNAPSHOT_SENSITIVITY,False,DB_SNAPSHOT_SENSITIVITY,0.8110868816710628,0.0,1.0814,0.0,-0.6805922185240445,0.9958682428554999,0.0,1.3278,0.0,-0.9327441753701333,1.7180075748880914,0.0,2.2907,0.0,-1.3808102834844551,2.171927005623774,0.0,2.8959,0.0,-2.0933088488465446,3.0425800527946745,0.0,4.0568,0.0,-2.921726156318142,True,False,True,False,False,48.4,,True,PRE_FIX_SIGNAL_PRE_FIX_EVALUATION,True,True,3,6,12,24,48
7675,149569174,ME_SHORT_GEOM_B_V1,VIRTUALUSDT,2026-10-05T08:57:19.250870Z,2026-10-05,0.8852,0.8918389999999999,0.8502980224222387,0.0066389999999999505,0.7499999999999944,DB_SNAPSHOT_SENSITIVITY,False,DB_SNAPSHOT_SENSITIVITY,1.310438319023943,0.0,1.7473,0.0,-0.948938093086304,1.4572977858111187,0.0,1.9431,0.0,-1.1974694984184302,1.694532309082695,0.0,2.2594,0.0,-1.5137821961138689,2.440126525079073,0.0,3.2535,0.0,-1.8752824220515079,3.46814279258924,0.0,4.6242,0.0,-3.2986895616809764,False,False,False,False,False,,,True,PRE_FIX_SIGNAL_PRE_FIX_EVALUATION,True,True,3,6,12,24,48
6438,160068300,ME_SHORT_GEOM_B_V1,SOLUSDT,2026-10-04T13:43:45.456571Z,2026-10-04,121.99,122.90492499999999,120.56472134576724,0.9149249999999967,0.7499999999999973,DB_SNAPSHOT_SENSITIVITY,False,DB_SNAPSHOT_SENSITIVITY,0.35248790884498127,0.0,0.47,0.0,-0.2377244036396361,0.3770800885318418,0.0,0.5028,0.0,-0.3115009427002176,0.6885810312320594,0.0,0.9181,0.0,-0.5000409869661443,0.6885810312320594,0.11476350520534517,0.9181,0.153,-0.2541191900975392,0.6885810312320594,0.11476350520534517,0.9181,0.153,-0.2541191900975392,False,False,False,False,False,,,True,PRE_FIX_SIGNAL_PRE_FIX_EVALUATION,True,True,3,6,12,24,48
6637,170496319,ME_SHORT_GEOM_B_V1,SOLUSDT,2026-10-04T15:44:00.213049Z,2026-10-04,122.09,123.005675,120.54437705358191,0.9156749999999931,0.7499999999999943,DB_SNAPSHOT_SENSITIVITY,False,DB_SNAPSHOT_SENSITIVITY,0.4914407404373892,0.0,0.6553,0.0,-0.4341059873863552,0.5815382095175755,0.0,0.7754,0.0,-0.42591530837907304,0.5815382095175755,0.0,0.7754,0.0,-0.39315259234990907,0.5815382095175755,0.0,0.7754,0.0,-0.3358178392988751,0.737161110656078,0.0,0.9829,0.0,-0.6143009255467278,False,False,False,False,False,,,True,PRE_FIX_SIGNAL_PRE_FIX_EVALUATION,True,True,3,6,12,24,48
3965,201544343,ME_SHORT_GEOM_B_V1,MSTRUSDT,2026-10-02T12:38:49.376455Z,2026-10-02,168.28,169.5421,162.76894268385257,1.2621000000000038,0.7500000000000022,DB_SNAPSHOT_SENSITIVITY,False,DB_SNAPSHOT_SENSITIVITY,2.3353933919657752,0.0,3.1139,0.0,-0.9626812455431452,2.3353933919657752,0.0,3.1139,0.0,-1.0577608747325893,2.3353933919657752,1.1528405039220333,3.1139,1.5371,0.7190396957451913,4.213216068457335,1.1528405039220333,5.6176,1.5371,-3.244592346089855,5.425481340622769,1.1528405039220333,7.234,1.5371,-5.17589731400048,True,True,False,True,False,111.2,51.2,True,PRE_FIX_SIGNAL_PRE_FIX_EVALUATION,True,True,3,6,12,24,48
866,203084799,ME_SHORT_GEOM_B_V1,ICPUSDT,2026-09-30T01:27:10.308554Z,2026-09-30,3.501,3.5272574999999997,3.3233013295457026,0.026257499999999823,0.7499999999999949,DB_SNAPSHOT_SENSITIVITY,False,DB_SNAPSHOT_SENSITIVITY,1.4281633818908834,0.0,1.9042,0.0,-0.1713796058269004,1.4281633818908834,0.11425307055127118,1.9042,0.1523,-0.5998286203941705,4.655812624964291,0.11425307055127118,6.2078,0.1523,-4.255926878034848,4.655812624964291,0.11425307055127118,6.2078,0.1523,-4.341616680948292,4.655812624964291,0.11425307055127118,6.2078,0.1523,-1.1710939731505263,False,False,False,False,False,,,True,PRE_FIX_SIGNAL_PRE_FIX_EVALUATION,True,True,3,6,12,24,48
7773,229519079,ME_SHORT_GEOM_B_V1,ADAUSDT,2026-10-05T11:02:23.630295Z,2026-10-05,0.2755,0.27756625,0.2664065954579051,0.0020662499999999917,0.7499999999999969,DB_SNAPSHOT_SENSITIVITY,False,DB_SNAPSHOT_SENSITIVITY,1.2704174228675147,0.0,1.6939,0.0,-0.9800362976406662,1.2704174228675147,0.0,1.6939,0.0,-0.7985480943738785,1.4882032667876761,0.0,1.9843,0.0,-0.9437386569873127,1.7785843920145243,0.0,2.3714,0.0,-0.6533575317604442,2.8675136116152515,0.4718693284936362,3.8234,0.6292,-2.1778584392014535,False,False,False,False,False,,,True,PRE_FIX_SIGNAL_PRE_FIX_EVALUATION,True,True,3,6,12,24,48
3015,232336988,ME_SHORT_GEOM_B_V1,MONUSDT,2026-10-01T20:19:37.059175Z,2026-10-01,0.03505,0.035312875,0.03220271668771114,0.0002628750000000027,0.7500000000000077,DB_SNAPSHOT_SENSITIVITY,False,DB_SNAPSHOT_SENSITIVITY,2.68188302425106,0.0,3.5758,0.0,-1.9971469329529221,4.279600570613393,0.0,5.7061,0.0,-3.509272467902982,4.279600570613393,0.0,5.7061,0.0,-2.938659058487864,5.221112696148355,0.0,6.9615,0.0,-4.308131241084158,5.477888730385159,0.0,7.3039,0.0,-4.136947218259629,False,False,False,False,False,,,True,PRE_FIX_SIGNAL_PRE_FIX_EVALUATION,True,True,3,6,12,24,48
3275,258347743,ME_SHORT_GEOM_B_V1,MSTRUSDT,2026-10-02T00:45:12.598464Z,2026-10-02,161.48,162.69109999999998,157.66544239280813,1.2110999999999876,0.7499999999999925,DB_SNAPSHOT_SENSITIVITY,False,DB_SNAPSHOT_SENSITIVITY,0.45206836759969643,0.0,0.6028,0.0,-0.43968293287093113,0.6068863017091838,0.0,0.8092,0.0,-0.5201882586078793,0.8112459747337146,0.0,1.0817,0.0,-0.6254644538023229,0.8112459747337146,0.5325736933366446,1.0817,0.7101,0.5325736933366446,0.8112459747337146,3.5422343324250676,1.0817,4.723,2.891999009165232,False,True,False,True,False,,129.8,True,PRE_FIX_SIGNAL_PRE_FIX_EVALUATION,True,True,3,6,12,24,48
9080,296845377,ME_SHORT_GEOM_B_V1,SPCXUSDT,2026-10-06T11:40:50.627037Z,2026-10-06,173.49,174.791175,170.9304864177078,1.3011750000000006,0.7500000000000003,DB_SNAPSHOT_SENSITIVITY,False,DB_SNAPSHOT_SENSITIVITY,1.0317597556055222,0.0,1.3757,0.0,-0.9914116087382552,1.2046803850366035,0.0,1.6062,0.0,-0.732030664591625,1.2046803850366035,0.0,1.6062,0.0,-0.8184909793071737,1.3948930774108108,1.268084615827995,1.8599,1.6908,1.2335004899417754,1.3948930774108108,1.6369819586143313,1.8599,2.1826,0.2997290910138808,False,True,False,True,False,,114.2,True,PRE_FIX_SIGNAL_PRE_FIX_EVALUATION,True,True,3,6,12,24,48
4121,322051802,ME_SHORT_GEOM_B_V1,BTCUSDT,2026-10-02T13:46:34.396472Z,2026-10-02,87130.0,87783.475,85831.9954116811,653.4750000000058,0.7500000000000067,DB_SNAPSHOT_SENSITIVITY,False,DB_SNAPSHOT_SENSITIVITY,0.8110868816710628,0.0,1.0814,0.0,-0.3831057041202834,1.0806840353494844,0.0,1.4409,0.0,-0.7203029955239365,1.7180075748880914,0.0,2.2907,0.0,-1.3264088144152384,2.171927005623774,0.0,2.8959,0.0,-2.0363824170779328,3.0425800527946745,0.0,4.0568,0.0,-2.755422931252155,True,False,True,False,False,43.4,,True,PRE_FIX_SIGNAL_PRE_FIX_EVALUATION,True,True,3,6,12,24,48
726,332690896,ME_SHORT_GEOM_B_V1,PUMPFUNUSDT,2026-09-29T22:31:29.479052Z,2026-09-29,0.00592,0.0059644,0.005407442858497342,4.4399999999999995e-05,0.7499999999999999,DB_SNAPSHOT_SENSITIVITY,False,DB_SNAPSHOT_SENSITIVITY,1.7398648648648614,0.0,2.3198,0.0,-1.0304054054054104,1.7398648648648614,0.45608108108108303,2.3198,0.6081,0.3547297297297329,1.7398648648648614,1.875,2.3198,2.5,-0.25337837837838273,3.7162162162162113,1.875,4.955,2.5,-1.9256756756756674,3.7162162162162113,1.875,4.955,2.5,-1.0304054054054104,False,True,False,True,False,,33.5,True,PRE_FIX_SIGNAL_PRE_FIX_EVALUATION,True,True,3,6,12,24,48
7046,341092418,ME_SHORT_GEOM_B_V1,XRPUSDT,2026-10-04T21:49:58.935310Z,2026-10-04,1.513,1.5243475,1.497023939995729,0.011347500000000066,0.7500000000000044,DB_SNAPSHOT_SENSITIVITY,False,DB_SNAPSHOT_SENSITIVITY,0.5089226701916602,0.48909451421018335,0.6786,0.6521,0.38334434897554714,0.5089226701916602,0.7204230006609473,0.6786,0.9606,0.4626569729015279,0.5089226701916602,0.7204230006609473,0.6786,0.9606,0.2842035690680894,0.5089226701916602,0.8922670191672221,0.6786,1.1897,0.5221414408460026,0.5089226701916602,1.2161269001982944,0.6786,1.6215,0.660938532716458,False,True,False,True,False,,95.0,True,PRE_FIX_SIGNAL_PRE_FIX_EVALUATION,True,True,3,6,12,24,48
6412,359895462,ME_SHORT_GEOM_B_V1,SOLUSDT,2026-10-04T13:03:38.316700Z,2026-10-04,121.54,122.45155000000001,120.2561499171958,0.9115500000000054,0.7500000000000044,DB_SNAPSHOT_SENSITIVITY,False,DB_SNAPSHOT_SENSITIVITY,0.20569359881520485,0.0,0.2743,0.0,-0.1480993911469531,0.20569359881520485,0.2632878064834566,0.2743,0.3511,0.139871647194329,0.20569359881520485,0.37024847786735937,0.2743,0.4937,0.1234161592891159,0.3208820141517201,0.4854368932038746,0.4278,0.6472,0.23037683067301867,0.3208820141517201,0.4854368932038746,0.4278,0.6472,0.16455487905215452,False,False,False,False,False,,,True,PRE_FIX_SIGNAL_PRE_FIX_EVALUATION,True,True,3,6,12,24,48
7424,386208500,ME_SHORT_GEOM_B_V1,HBARUSDT,2026-10-05T03:41:24.523094Z,2026-10-05,0.10446,0.10524345,0.10258511723840265,0.000783450000000005,0.7500000000000048,DB_SNAPSHOT_SENSITIVITY,False,DB_SNAPSHOT_SENSITIVITY,0.5743825387708246,0.01914608462569991,0.7658,0.0255,-0.40206777713957853,0.8711468504690736,0.01914608462569991,1.1615,0.0255,-0.6318207926478977,1.9146084625694064,0.01914608462569991,2.5528,0.0255,-1.3115067968600385,1.9146084625694064,0.01914608462569991,2.5528,0.0255,-1.1104729082902494,1.9146084625694064,0.01914608462569991,2.5528,0.0255,-0.21060693088263255,True,False,True,False,False,48.6,,True,PRE_FIX_SIGNAL_PRE_FIX_EVALUATION,True,True,3,6,12,24,48
765,392683745,ME_SHORT_GEOM_B_V1,SOONUSDT,2026-09-29T23:36:51.074009Z,2026-09-29,0.4344,0.437658,0.37082045512278516,0.003257999999999983,0.7499999999999961,DB_SNAPSHOT_SENSITIVITY,False,DB_SNAPSHOT_SENSITIVITY,4.765193370165745,0.0,6.3536,0.0,-3.9825046040515613,5.801104972375691,0.0,7.7348,0.0,-4.189686924493553,6.468692449355435,0.0,8.6249,0.0,-2.025782688766121,7.8499079189686976,0.0,10.4665,0.0,-6.399631675874767,11.279926335174952,0.0,15.0399,0.0,-6.307550644567226,False,False,False,False,False,,,True,PRE_FIX_SIGNAL_PRE_FIX_EVALUATION,True,True,3,6,12,24,48
6870,399679040,ME_SHORT_GEOM_B_V1,BTCUSDT,2026-10-04T19:44:35.494472Z,2026-10-04,85554.5,86196.15875,85001.94105357146,641.6587500000023,0.7500000000000028,DB_SNAPSHOT_SENSITIVITY,False,DB_SNAPSHOT_SENSITIVITY,0.20489863186624072,0.0,0.2732,0.0,-0.1980024428872756,0.23867826940721656,0.0,0.3182,0.0,-0.1718203016790467,0.23867826940721656,0.2224313157110414,0.3182,0.2966,0.19543098259004155,0.23867826940721656,0.56969534039705,0.3182,0.7596,0.46181089247205676,0.23867826940721656,1.4252903120233233,0.3182,1.9004,1.1038577748686442,False,True,False,True,False,,135.4,True,PRE_FIX_SIGNAL_PRE_FIX_EVALUATION,True,True,3,6,12,24,48
7787,400682355,ME_SHORT_GEOM_B_V1,ADAUSDT,2026-10-05T11:12:25.898207Z,2026-10-05,0.2755,0.27756625,0.2648208811721908,0.0020662499999999917,0.7499999999999969,DB_SNAPSHOT_SENSITIVITY,False,DB_SNAPSHOT_SENSITIVITY,1.2704174228675147,0.0,1.6939,0.0,-0.6896551724137977,1.4882032667876761,0.0,1.9843,0.0,-1.343012704174242,1.4882032667876761,0.0,1.9843,0.0,-1.3067150635208884,1.7785843920145243,0.0,2.3714,0.0,-0.25408348457351504,2.8675136116152515,0.4718693284936362,3.8234,0.6292,-2.64972776769511,False,False,False,False,False,,,True,PRE_FIX_SIGNAL_PRE_FIX_EVALUATION,True,True,3,6,12,24,48
8412,405285085,ME_SHORT_GEOM_B_V1,ZROUSDT,2026-10-05T23:24:26.921048Z,2026-10-05,2.1215,2.13741125,2.013159933777188,0.01591124999999982,0.7499999999999916,DB_SNAPSHOT_SENSITIVITY,False,DB_SNAPSHOT_SENSITIVITY,0.5892057506481346,0.04713646005184491,0.7856,0.0628,-0.3488098043836942,0.5892057506481346,1.4989394296488356,0.7856,1.9986,1.2208343153429193,0.6410558567051745,3.158142823473944,0.8547,4.2109,0.3912326184303441,3.7426349281169045,3.158142823473944,4.9902,4.2109,-2.149422578364379,3.7426349281169045,3.158142823473944,4.9902,4.2109,0.6976196087673675,False,True,False,True,False,,25.6,True,PRE_FIX_SIGNAL_PRE_FIX_EVALUATION,True,True,3,6,12,24,48
8196,412527593,ME_SHORT_GEOM_B_V1,NEARUSDT,2026-10-05T19:28:43.683780Z,2026-10-05,5.2,5.239,4.984945157299417,0.0389999999999997,0.7499999999999942,DB_SNAPSHOT_SENSITIVITY,False,DB_SNAPSHOT_SENSITIVITY,0.5769230769230818,0.1923076923076882,0.7692,0.2564,-0.42307692307692774,0.9230769230769239,0.1923076923076882,1.2308,0.2564,-0.1923076923076882,0.9230769230769239,0.8653846153846141,1.2308,1.1538,-0.28846153846154937,0.9230769230769239,1.8461538461538478,1.2308,2.4615,1.7115384615384521,0.9230769230769239,2.384615384615378,1.2308,3.1795,-0.5961538461538574,False,True,False,True,False,,46.3,True,PRE_FIX_SIGNAL_PRE_FIX_EVALUATION,True,True,3,6,12,24,48
9378,413344405,ME_SHORT_GEOM_B_V1,SPCXUSDT,2026-10-06T16:56:03.111846Z,2026-10-06,174.14,175.44604999999999,170.7851620248324,1.306049999999999,0.7499999999999996,DB_SNAPSHOT_SENSITIVITY,False,DB_SNAPSHOT_SENSITIVITY,0.39049041001491813,0.0,0.5207,0.0,-0.36177787986677123,0.8556333984150573,0.0,1.1408,0.0,-0.8556333984150573,1.004938555185483,0.0,1.3399,0.0,-0.7752383140002265,1.4873090616745004,0.0,1.9831,0.0,-1.0106810612151091,1.579189158148616,0.0,2.1056,0.0,-1.4298840013781904,False,False,False,False,False,,,True,PRE_FIX_SIGNAL_PRE_FIX_EVALUATION,True,True,3,6,12,24,48
9117,415260652,ME_SHORT_GEOM_B_V1,SPCXUSDT,2026-10-06T12:20:56.173392Z,2026-10-06,172.45,173.743375,170.4156555836465,1.2933749999999975,0.7499999999999986,DB_SNAPSHOT_SENSITIVITY,False,DB_SNAPSHOT_SENSITIVITY,0.37112206436647516,0.0,0.4948,0.0,-0.15076833864887845,0.37112206436647516,0.0,0.4948,0.0,-0.27834154827485635,0.8002319512902265,0.0,1.067,0.0,-0.4581037982023729,0.8002319512902265,2.2499275152218177,1.067,2.9999,1.2409394027254363,0.8002319512902265,2.2499275152218177,1.067,2.9999,0.5566830965497293,False,True,False,True,False,,69.1,True,PRE_FIX_SIGNAL_PRE_FIX_EVALUATION,True,True,3,6,12,24,48
3007,419385148,ME_SHORT_GEOM_B_V1,MONUSDT,2026-10-01T20:14:36.051855Z,2026-10-01,0.03524,0.0355043,0.032274145259139714,0.00026430000000000203,0.7500000000000058,DB_SNAPSHOT_SENSITIVITY,False,DB_SNAPSHOT_SENSITIVITY,3.206583427922812,0.0,4.2754,0.0,-2.5255391600454082,4.795686719636768,0.0,6.3942,0.0,-4.483541430192957,4.795686719636768,0.0,6.3942,0.0,-3.887627695800236,5.73212258796822,0.0,7.6428,0.0,-4.824063564131669,5.987514188422249,0.0,7.9834,0.0,-4.994324631101015,False,False,False,False,False,,,True,PRE_FIX_SIGNAL_PRE_FIX_EVALUATION,True,True,3,6,12,24,48
3820,447224520,ME_SHORT_GEOM_B_V1,XRPUSDT,2026-10-02T11:29:11.333938Z,2026-10-02,1.544,1.55558,1.5092962618168797,0.011579999999999924,0.749999999999995,DB_SNAPSHOT_SENSITIVITY,False,DB_SNAPSHOT_SENSITIVITY,0.738341968911922,0.0,0.9845,0.0,-0.6606217616580302,0.8613989637305758,0.0,1.1485,0.0,-0.7772020725388608,1.1334196891191755,0.0,1.5112,0.0,-0.33031088082902227,1.1334196891191755,0.8095854922279764,1.5112,1.0794,-0.4080310880828998,2.7137305699481895,0.8095854922279764,3.6183,1.0794,-2.11787564766839,True,True,False,True,False,205.8,60.8,True,PRE_FIX_SIGNAL_PRE_FIX_EVALUATION,True,True,3,6,12,24,48
1194,474829792,ME_SHORT_GEOM_B_V1,QNTUSDT,2026-09-30T10:32:58.428462Z,2026-09-30,298.47,300.708525,262.28644499603064,2.2385249999999814,0.7499999999999938,DB_SNAPSHOT_SENSITIVITY,False,DB_SNAPSHOT_SENSITIVITY,1.9767480818842875,0.0,2.6357,0.0,-1.5813984655074305,2.301738868227964,0.17422186484403182,3.069,0.2323,-0.20102522866620517,2.301738868227964,9.77317653365496,3.069,13.0309,9.334271451067092,2.301738868227964,9.77317653365496,3.069,13.0309,5.454484537809486,4.268435688678932,9.77317653365496,5.6912,13.0309,-3.196301135792549,False,True,False,True,False,,32.0,True,PRE_FIX_SIGNAL_PRE_FIX_EVALUATION,True,True,3,6,12,24,48
8955,479197829,ME_SHORT_GEOM_B_V1,SPCXUSDT,2026-10-06T08:40:45.477998Z,2026-10-06,172.66,173.95495,170.6611633471755,1.29495,0.7500000000000001,DB_SNAPSHOT_SENSITIVITY,False,DB_SNAPSHOT_SENSITIVITY,0.011583458820809819,0.14479323526004864,0.0154,0.1931,0.08687594115603249,0.011583458820809819,0.2895864705200973,0.0154,0.3861,0.22008571759527135,0.011583458820809819,0.2895864705200973,0.0154,0.3861,0.11583458820804879,0.011583458820809819,0.42279624695933615,0.0154,0.5637,0.41700451754893947,0.7297579057106399,0.4807135410633687,0.973,0.641,-0.3417120352137168,False,False,False,False,False,,,True,PRE_FIX_SIGNAL_PRE_FIX_EVALUATION,True,True,3,6,12,24,48
6632,479478417,ME_SHORT_GEOM_B_V1,SOLUSDT,2026-10-04T15:38:59.258402Z,2026-10-04,122.12,123.0359,120.5343770535819,0.9158999999999935,0.7499999999999947,DB_SNAPSHOT_SENSITIVITY,False,DB_SNAPSHOT_SENSITIVITY,0.40943334425155586,0.0,0.5459,0.0,-0.3848673435964616,0.6059613494923101,0.0,0.8079,0.0,-0.45856534556174444,0.6059613494923101,0.0,0.8079,0.0,-0.4258106780216264,0.6059613494923101,0.0,0.8079,0.0,-0.4503766786767207,0.7615460203078994,0.0,1.0154,0.0,-0.5404520144120626,False,False,False,False,False,,,True,PRE_FIX_SIGNAL_PRE_FIX_EVALUATION,True,True,3,6,12,24,48
9537,498206918,ME_SHORT_GEOM_B_V1,PONSUSDT,2026-10-06T18:41:34.411826Z,2026-10-06,0.425,0.4281875,0.3955396198718922,0.0031875000000000098,0.7500000000000023,DB_SNAPSHOT_SENSITIVITY,False,DB_SNAPSHOT_SENSITIVITY,1.9529411764705822,0.0,2.6039,0.0,-1.717647058823523,3.6941176470588215,0.0,4.9255,0.0,-3.5529411764705885,5.435294117647061,0.0,7.2471,0.0,-4.588235294117638,5.435294117647061,0.0,7.2471,0.0,-4.3999999999999995,7.152941176470584,0.0,9.5373,0.0,-6.988235294117648,True,False,True,False,False,233.4,,True,PRE_FIX_SIGNAL_PRE_FIX_EVALUATION,True,True,3,6,12,24,48
5379,517597430,ME_SHORT_GEOM_B_V1,ZROUSDT,2026-10-03T19:31:12.227922Z,2026-10-03,2.1462,2.1622965,1.959359990002855,0.01609650000000018,0.7500000000000084,DB_SNAPSHOT_SENSITIVITY,False,DB_SNAPSHOT_SENSITIVITY,3.5411424843910204,0.0,4.7215,0.0,-3.0938402758363526,4.305283757338554,0.0,5.7404,0.0,-4.0723138570496555,5.526046034852289,0.0,7.3681,0.0,-4.841114528002977,6.252912123753605,0.0,8.3372,0.0,-5.2977355325691775,8.056099151989555,0.0,10.7415,0.0,-6.65362035225048,False,False,False,False,False,,,True,PRE_FIX_SIGNAL_PRE_FIX_EVALUATION,True,True,3,6,12,24,48
6461,518592603,ME_SHORT_GEOM_B_V1,STRKUSDT,2026-10-04T13:53:50.229004Z,2026-10-04,0.05696,0.0573872,0.05219307270228882,0.0004272000000000026,0.7500000000000046,DB_SNAPSHOT_SENSITIVITY,False,DB_SNAPSHOT_SENSITIVITY,2.159410112359542,0.0,2.8792,0.0,-1.6678370786516845,2.159410112359542,0.0,2.8792,0.0,-0.561797752808978,2.159410112359542,4.687500000000011,2.8792,6.25,2.1067415730337196,2.159410112359542,4.687500000000011,2.8792,6.25,0.4564606741573092,3.599016853932578,4.687500000000011,4.7987,6.25,-3.0723314606741483,False,True,False,True,False,,31.2,True,PRE_FIX_SIGNAL_PRE_FIX_EVALUATION,True,True,3,6,12,24,48
7732,523207500,ME_SHORT_GEOM_B_V1,ADAUSDT,2026-10-05T10:17:16.747325Z,2026-10-05,0.2753,0.27736475,0.26549941051511045,0.002064750000000004,0.7500000000000016,DB_SNAPSHOT_SENSITIVITY,False,DB_SNAPSHOT_SENSITIVITY,1.0533962949509676,0.0,1.4045,0.0,-0.7264802034144576,1.0533962949509676,0.0,1.4045,0.0,-0.14529604068289556,1.198692335633843,0.07264802034145787,1.5983,0.0969,-0.9081002542680721,1.489284416999634,0.07264802034145787,1.9857,0.0969,-1.3439883763167384,1.7072284780239675,0.5448601525608433,2.2763,0.7265,-0.3995641118779477,False,False,False,False,False,,,True,PRE_FIX_SIGNAL_PRE_FIX_EVALUATION,True,True,3,6,12,24,48
4027,530001843,ME_SHORT_GEOM_B_V1,XRPUSDT,2026-10-02T12:51:29.009514Z,2026-10-02,1.5565,1.56817375,1.5127057118219038,0.011673749999999927,0.7499999999999953,DB_SNAPSHOT_SENSITIVITY,False,DB_SNAPSHOT_SENSITIVITY,1.0086733054930965,0.0,1.3449,0.0,-0.8866045615162246,1.233536781239954,0.0,1.6447,0.0,-1.1500160616768407,1.7989078059749455,0.0,2.3985,0.0,-1.4327015740443294,2.865403148088659,0.0,3.8205,0.0,-2.826855123674914,3.7648570510761314,0.0,5.0198,0.0,-3.597815611949891,True,False,True,False,False,118.5,,True,PRE_FIX_SIGNAL_PRE_FIX_EVALUATION,True,True,3,6,12,24,48
9397,542267177,ME_SHORT_GEOM_B_V1,SPCXUSDT,2026-10-06T17:11:06.206168Z,2026-10-06,173.81,175.113575,171.1305074262038,1.303574999999995,0.7499999999999971,DB_SNAPSHOT_SENSITIVITY,False,DB_SNAPSHOT_SENSITIVITY,0.6673954317933356,0.0,0.8899,0.0,-0.6673954317933356,0.8169840630573706,0.0,1.0893,0.0,-0.1956159024221871,0.8169840630573706,0.0,1.0893,0.0,-0.4142454404234502,1.3923249525343857,0.0,1.8564,0.0,-1.104654507795878,1.3923249525343857,0.0,1.8564,0.0,-1.121914734480173,False,False,False,False,False,,,True,PRE_FIX_SIGNAL_PRE_FIX_EVALUATION,True,True,3,6,12,24,48
1501,550419300,ME_SHORT_GEOM_B_V1,ASTERUSDT,2026-09-30T15:42:57.150434Z,2026-09-30,0.7787,0.7845402499999999,0.7470263739973373,0.005840249999999991,0.7499999999999989,DB_SNAPSHOT_SENSITIVITY,False,DB_SNAPSHOT_SENSITIVITY,1.3740850134840032,0.0,1.8321,0.0,-0.7448311288044069,1.3740850134840032,0.0,1.8321,0.0,-0.6035700526518463,1.7721844099139497,0.0,2.3629,0.0,-1.733658661872346,2.8380634390650954,0.0,3.7841,0.0,-2.4784897906767673,4.186464620521377,0.0,5.582,0.0,-3.0435340952870096,True,False,True,False,False,172.0,,True,PRE_FIX_SIGNAL_PRE_FIX_EVALUATION,True,True,3,6,12,24,48
5221,567455246,ME_SHORT_GEOM_B_V1,SPCXUSDT,2026-10-03T13:15:25.752973Z,2026-10-03,159.17,160.36377499999998,158.30614625168658,1.193774999999988,0.7499999999999926,DB_SNAPSHOT_SENSITIVITY,False,DB_SNAPSHOT_SENSITIVITY,0.0125651818809963,0.06282590940505292,0.0168,0.0838,0.012565181881014157,0.01884777282151231,0.06282590940505292,0.0251,0.0838,-0.0125651818809963,0.06282590940503506,0.06282590940505292,0.0838,0.0838,-0.050260727524020915,0.119369227869572,0.06282590940505292,0.1592,0.0838,-0.08795627316704553,0.13193440975056828,0.06282590940505292,0.1759,0.0838,-0.031412954702508614,False,False,False,False,False,,,True,PRE_FIX_SIGNAL_PRE_FIX_EVALUATION,True,True,3,6,12,24,48
5899,575735960,ME_SHORT_GEOM_B_V1,PUMPFUNUSDT,2026-10-04T05:27:32.208970Z,2026-10-04,0.00645,0.006498375,0.006094156055885243,4.837499999999981e-05,0.749999999999997,DB_SNAPSHOT_SENSITIVITY,False,DB_SNAPSHOT_SENSITIVITY,0.37209302325580956,0.465116279069762,0.4961,0.6202,-0.24806201550388202,0.5116279069767449,0.465116279069762,0.6822,0.6202,0.1395348837209353,0.5116279069767449,2.4341085271317833,0.6822,3.2455,0.18604651162790478,0.8992248062015488,2.4341085271317833,1.199,3.2455,-0.6511627906976801,1.5968992248061982,2.4341085271317833,2.1292,3.2455,-1.2403100775193832,False,True,False,True,False,,37.5,True,PRE_FIX_SIGNAL_PRE_FIX_EVALUATION,True,True,3,6,12,24,48
6473,584564504,ME_SHORT_GEOM_B_V1,STRKUSDT,2026-10-04T13:58:50.753434Z,2026-10-04,0.05668,0.0571051,0.05209307270228882,0.0004250999999999977,0.7499999999999959,DB_SNAPSHOT_SENSITIVITY,False,DB_SNAPSHOT_SENSITIVITY,1.6407904022582926,0.0,2.1877,0.0,-0.458715596330281,1.6407904022582926,1.6937191249117776,2.1877,2.2583,0.8468595624558949,1.6407904022582926,5.20465772759351,2.1877,6.9395,1.3761467889908185,1.6407904022582926,5.20465772759351,2.1877,6.9395,1.3408609738884911,3.1227946365561055,5.20465772759351,4.1637,6.9395,-2.5935074100211697,False,True,False,True,False,,26.2,True,PRE_FIX_SIGNAL_PRE_FIX_EVALUATION,True,True,3,6,12,24,48
4307,590760510,ME_SHORT_GEOM_B_V1,SANDUSDT,2026-10-02T17:36:59.902921Z,2026-10-02,0.0655,0.06599125,0.05661488719500442,0.0004912499999999986,0.7499999999999979,DB_SNAPSHOT_SENSITIVITY,False,DB_SNAPSHOT_SENSITIVITY,5.3893129770992445,0.0,7.1858,0.0,-2.870229007633598,5.3893129770992445,0.0,7.1858,0.0,-3.3435114503816754,10.106870229007635,0.0,13.4758,0.0,-7.862595419847331,10.106870229007635,0.0,13.4758,0.0,-6.320610687022908,10.106870229007635,0.9618320610686895,13.4758,1.2824,-2.7633587786259635,False,True,False,True,False,,228.0,True,PRE_FIX_SIGNAL_PRE_FIX_EVALUATION,True,True,3,6,12,24,48
3272,590760637,ME_SHORT_GEOM_B_V1,MSTRUSDT,2026-10-02T00:40:10.431641Z,2026-10-02,161.6,162.81199999999998,157.40544239280814,1.211999999999989,0.7499999999999933,DB_SNAPSHOT_SENSITIVITY,False,DB_SNAPSHOT_SENSITIVITY,0.42698019801980064,0.0,0.5693,0.0,-0.315594059405935,0.6806930693069272,0.0,0.9076,0.0,-0.6002475247524746,0.8849009900990141,0.0,1.1799,0.0,-0.8415841584158325,0.8849009900990141,0.4455445544554449,1.1799,0.5941,0.2660891089108953,0.8849009900990141,3.465346534653462,1.1799,4.6205,2.5990099009901098,False,True,False,True,False,,134.8,True,PRE_FIX_SIGNAL_PRE_FIX_EVALUATION,True,True,3,6,12,24,48
6888,614029014,ME_SHORT_GEOM_B_V1,BTCUSDT,2026-10-04T19:59:38.597288Z,2026-10-04,85514.8,86156.16100000001,84999.44105357146,641.3610000000044,0.7500000000000052,DB_SNAPSHOT_SENSITIVITY,False,DB_SNAPSHOT_SENSITIVITY,0.19236436266003076,0.0,0.2565,0.0,-0.1254753563125949,0.19236436266003076,0.0,0.2565,0.0,-0.09355105782858639,0.19236436266003076,0.3847287253200615,0.2565,0.513,0.3281303353337566,0.19236436266003076,0.6163845322680884,0.2565,0.8218,0.3643813702423338,0.19236436266003076,1.4723767113996538,0.2565,1.9632,1.1365284137950322,False,True,False,True,False,,120.4,True,PRE_FIX_SIGNAL_PRE_FIX_EVALUATION,True,True,3,6,12,24,48
1513,614721171,ME_SHORT_GEOM_B_V1,ASTERUSDT,2026-09-30T15:58:00.036616Z,2026-09-30,0.7774,0.7832304999999999,0.7480263739973372,0.005830499999999961,0.7499999999999949,DB_SNAPSHOT_SENSITIVITY,False,DB_SNAPSHOT_SENSITIVITY,0.8747105737072328,0.0,1.1663,0.0,-0.4373552868536093,1.0290712631849765,0.0,1.3721,0.0,-0.9004373552868544,1.9552354000514522,0.0,2.607,0.0,-1.7751479289940875,3.421661950090038,0.0,4.5622,0.0,-2.984306663236429,4.026241317211216,0.0,5.3683,0.0,-2.7270388474401845,True,False,True,False,False,157.0,,True,PRE_FIX_SIGNAL_PRE_FIX_EVALUATION,True,True,3,6,12,24,48
3871,620859650,ME_SHORT_GEOM_B_V1,WLDUSDT,2026-10-02T11:59:25.116201Z,2026-10-02,0.545,0.5490875000000001,0.518990145586058,0.004087500000000022,0.750000000000004,DB_SNAPSHOT_SENSITIVITY,False,DB_SNAPSHOT_SENSITIVITY,0.678899082568814,0.7155963302752321,0.9052,0.9541,0.49541284403668334,0.678899082568814,1.8715596330275204,0.9052,2.4954,1.082568807339432,0.678899082568814,4.788990825688075,0.9052,6.3853,4.293577981651372,0.678899082568814,8.23853211009173,0.9052,10.9847,6.220183486238519,0.678899082568814,8.23853211009173,0.9052,10.9847,5.596330275229352,False,True,False,True,False,,15.6,True,PRE_FIX_SIGNAL_PRE_FIX_EVALUATION,True,True,3,6,12,24,48
8378,631218840,ME_SHORT_GEOM_B_V1,ZROUSDT,2026-10-05T23:14:25.827202Z,2026-10-05,2.1215,2.13741125,2.0131027909200454,0.01591124999999982,0.7499999999999916,DB_SNAPSHOT_SENSITIVITY,False,DB_SNAPSHOT_SENSITIVITY,0.6881923167570194,0.0,0.9176,0.0,-0.06127739806740885,0.6881923167570194,0.4053735564459081,0.9176,0.5405,0.31581428234739234,0.6881923167570194,3.158142823473944,0.9176,4.2109,1.6592033938251083,3.7426349281169045,3.158142823473944,4.9902,4.2109,-2.8093330190902708,3.7426349281169045,3.158142823473944,4.9902,4.2109,1.0322884751355188,False,True,False,True,False,,35.6,True,PRE_FIX_SIGNAL_PRE_FIX_EVALUATION,True,True,3,6,12,24,48
6215,633130900,ME_SHORT_GEOM_B_V1,SOLUSDT,2026-10-04T10:23:17.091444Z,2026-10-04,121.62,122.53215,120.42274203121836,0.9121499999999969,0.7499999999999974,DB_SNAPSHOT_SENSITIVITY,False,DB_SNAPSHOT_SENSITIVITY,0.40289426081237384,0.0,0.5372,0.0,-0.3124486104259247,0.40289426081237384,0.0,0.5372,0.0,-0.23022529189278174,0.40289426081237384,0.0,0.5372,0.0,-0.22200296003947562,0.40289426081237384,0.14800197335963872,0.5372,0.1973,-0.10689031409308475,0.40289426081237384,0.3042262785725952,0.5372,0.4056,-0.2631146193060413,False,False,False,False,False,,,True,PRE_FIX_SIGNAL_PRE_FIX_EVALUATION,True,True,3,6,12,24,48
7703,650191005,ME_SHORT_GEOM_B_V1,VIRTUALUSDT,2026-10-05T09:22:21.302320Z,2026-10-05,0.8849,0.89153675,0.84729816297699,0.006636749999999969,0.7499999999999964,DB_SNAPSHOT_SENSITIVITY,False,DB_SNAPSHOT_SENSITIVITY,1.4238897050514243,0.0,1.8985,0.0,-0.5537348852977755,1.4238897050514243,0.0,1.8985,0.0,-1.2430783139337789,1.9550231664594848,0.0,2.6067,0.0,-1.5934003842242064,2.407051644253586,0.0,3.2094,0.0,-2.0341281500734563,3.435416431235166,0.0,4.5806,0.0,-2.7008701548197576,False,False,False,False,False,,,True,PRE_FIX_SIGNAL_PRE_FIX_EVALUATION,True,True,3,6,12,24,48
7606,698146388,ME_SHORT_GEOM_B_V1,ADAUSDT,2026-10-05T07:46:50.352201Z,2026-10-05,0.2731,0.27514825,0.26343773890123595,0.0020482499999999737,0.7499999999999903,DB_SNAPSHOT_SENSITIVITY,False,DB_SNAPSHOT_SENSITIVITY,0.3295496155254529,0.6224826071036175,0.4394,0.83,0.3295496155254529,0.3295496155254529,0.6224826071036175,0.4394,0.83,0.0,1.0618820944708947,0.6224826071036175,1.4158,0.83,-0.5858659831563494,1.1717319663127193,0.6224826071036175,1.5623,0.83,-0.8055657268399982,1.1717319663127193,0.8787989747345343,1.5623,1.1717,-0.2196997436836285,False,True,False,True,False,,148.2,True,PRE_FIX_SIGNAL_PRE_FIX_EVALUATION,True,True,3,6,12,24,48
9350,711445776,ME_SHORT_GEOM_B_V1,SPCXUSDT,2026-10-06T16:35:59.920906Z,2026-10-06,174.18,175.48635000000002,170.86516202483241,1.306350000000009,0.7500000000000052,DB_SNAPSHOT_SENSITIVITY,False,DB_SNAPSHOT_SENSITIVITY,0.38465954759445165,0.0,0.5129,0.0,-0.3272476748191487,0.3904007348719754,0.0,0.5205,0.0,-0.25835342748881446,1.0276725226777015,0.0,1.3702,0.0,-0.367435985761864,1.5099322539901225,0.0,2.0132,0.0,-1.35492019749685,1.6017912504306009,0.0,2.1357,0.0,-1.3836261338844853,False,False,False,False,False,,,True,PRE_FIX_SIGNAL_PRE_FIX_EVALUATION,True,True,3,6,12,24,48
6374,721718485,ME_SHORT_GEOM_B_V1,SOLUSDT,2026-10-04T12:28:34.373644Z,2026-10-04,121.8,122.7135,120.38046920680836,0.9134999999999991,0.7499999999999993,DB_SNAPSHOT_SENSITIVITY,False,DB_SNAPSHOT_SENSITIVITY,0.35303776683086424,0.0,0.4707,0.0,-0.28735632183907583,0.48440065681445277,0.0,0.6459,0.0,-0.4269293924466306,0.492610837438419,0.0,0.6568,0.0,-0.188834154351399,0.5336617405582853,0.15599343185549894,0.7115,0.208,-0.2709359605911316,0.5336617405582853,0.2709359605911316,0.7115,0.3612,-0.2791461412151095,False,False,False,False,False,,,True,PRE_FIX_SIGNAL_PRE_FIX_EVALUATION,True,True,3,6,12,24,48
5248,735072533,ME_SHORT_GEOM_B_V1,SPCXUSDT,2026-10-03T13:55:33.556059Z,2026-10-03,159.19,160.383925,158.27186053740084,1.1939250000000072,0.7500000000000046,DB_SNAPSHOT_SENSITIVITY,False,DB_SNAPSHOT_SENSITIVITY,0.07538161944846067,0.0,0.1005,0.0,-0.07538161944846067,0.07538161944846067,0.0,0.1005,0.0,-0.05025441296562855,0.1319178340348062,0.0,0.1759,0.0,-0.10050882593127496,0.14448143727620438,0.0,0.1926,0.0,-0.11935423079339011,0.14448143727620438,0.0,0.1926,0.0,-0.04397261134492944,False,False,False,False,False,,,True,PRE_FIX_SIGNAL_PRE_FIX_EVALUATION,True,True,3,6,12,24,48
8971,752110022,ME_SHORT_GEOM_B_V1,SPCXUSDT,2026-10-06T09:00:47.917170Z,2026-10-06,172.91,174.206825,171.02393724944946,1.2968250000000126,0.7500000000000072,DB_SNAPSHOT_SENSITIVITY,False,DB_SNAPSHOT_SENSITIVITY,0.03470013301717788,0.14458388757156904,0.0463,0.1928,0.05783355502862433,0.11566711005724865,0.14458388757156904,0.1542,0.1928,-0.07518362153721327,0.11566711005724865,0.14458388757156904,0.1542,0.1928,-0.028916777514303944,0.11566711005724865,0.32965126366317343,0.1542,0.4395,-0.01156671100573144,0.8732866809322717,0.3354346191660474,1.1644,0.4472,-0.6824359493378097,False,False,False,False,False,,,True,PRE_FIX_SIGNAL_PRE_FIX_EVALUATION,True,True,3,6,12,24,48
6256,753977274,ME_SHORT_GEOM_B_V1,SOLUSDT,2026-10-04T10:58:22.794061Z,2026-10-04,121.43,122.340725,120.2013134597898,0.9107249999999993,0.7499999999999994,DB_SNAPSHOT_SENSITIVITY,False,DB_SNAPSHOT_SENSITIVITY,0.23882071975624328,0.0,0.3184,0.0,-0.16470394465947694,0.23882071975624328,0.032940788931888364,0.3184,0.0439,0.016470394465944182,0.24705591698922125,0.032940788931888364,0.3294,0.0439,-0.18117433912543282,0.24705591698922125,0.30470229762002005,0.3294,0.4063,-0.12352795849461062,0.24705591698922125,0.461171045046519,0.3294,0.6149,0.34587828378488633,False,False,False,False,False,,,True,PRE_FIX_SIGNAL_PRE_FIX_EVALUATION,True,True,3,6,12,24,48
7795,768450503,ME_SHORT_GEOM_B_V1,ADAUSDT,2026-10-05T11:22:27.045990Z,2026-10-05,0.2755,0.27756625,0.26440659545790507,0.0020662499999999917,0.7499999999999969,DB_SNAPSHOT_SENSITIVITY,False,DB_SNAPSHOT_SENSITIVITY,1.1978221415608077,0.0,1.5971,0.0,-1.1615245009074542,1.4882032667876761,0.0,1.9843,0.0,-1.415607985480949,1.7785843920145243,0.0,2.3714,0.0,-1.742286751361171,1.7785843920145243,0.3629764065335756,2.3714,0.484,-0.10889292196008074,2.8675136116152515,0.4718693284936362,3.8234,0.6292,-2.4682395644283224,False,False,False,False,False,,,True,PRE_FIX_SIGNAL_PRE_FIX_EVALUATION,True,True,3,6,12,24,48
7209,786108694,ME_SHORT_GEOM_B_V1,KLACUSDT,2026-10-04T23:10:36.025861Z,2026-10-04,207.94,209.49955,206.75820484637143,1.5595500000000015,0.7500000000000008,DB_SNAPSHOT_SENSITIVITY,False,DB_SNAPSHOT_SENSITIVITY,0.10099067038569201,0.13946330672308938,0.1347,0.186,0.0769452726748084,0.10099067038569201,0.13946330672308938,0.1347,0.186,0.009618159084356176,0.5722804655188987,0.9666249879772968,0.763,1.2888,0.6251803404828371,0.5722804655188987,1.3273059536404688,0.763,1.7697,1.3273059536404688,0.5722804655188987,1.5821871693757779,0.763,2.1096,0.4376262383379805,True,True,True,False,False,49.4,59.4,True,PRE_FIX_SIGNAL_PRE_FIX_EVALUATION,True,True,3,6,12,24,48
5637,824494610,ME_SHORT_GEOM_B_V1,MONUSDT,2026-10-04T01:32:11.677091Z,2026-10-04,0.0346,0.0348595,0.03297812409294487,0.0002595000000000028,0.750000000000008,DB_SNAPSHOT_SENSITIVITY,False,DB_SNAPSHOT_SENSITIVITY,1.3294797687861333,0.5202312138728312,1.7726,0.6936,0.404624277456651,1.3294797687861333,0.7225433526011568,1.7726,0.9634,-0.6358381502890115,1.7052023121387292,0.7225433526011568,2.2736,0.9634,-1.1271676300578077,1.7052023121387292,1.618497109826584,2.2736,2.158,0.9537572254335374,1.7052023121387292,2.485549132947976,2.2736,3.3141,1.1271676300578077,False,True,False,True,False,,107.8,True,PRE_FIX_SIGNAL_PRE_FIX_EVALUATION,True,True,3,6,12,24,48
7970,882335704,ME_SHORT_GEOM_B_V1,ADAUSDT,2026-10-05T13:52:54.242638Z,2026-10-05,0.2762,0.2782715,0.2657909640739198,0.002071500000000004,0.7500000000000014,DB_SNAPSHOT_SENSITIVITY,False,DB_SNAPSHOT_SENSITIVITY,1.0861694424330204,0.0,1.4482,0.0,-0.5068790731354136,1.2309920347574272,0.0,1.6413,0.0,-1.1947863866763306,3.0050687907313445,0.0,4.0068,0.0,-2.751629254163648,4.923968139029689,0.0,6.5653,0.0,-4.417089065894276,5.2860246198406955,0.0,7.048,0.0,-4.236060825488773,True,False,True,False,False,97.1,,True,PRE_FIX_SIGNAL_PRE_FIX_EVALUATION,True,True,3,6,12,24,48
689,894172321,ME_SHORT_GEOM_B_V1,SOONUSDT,2026-09-29T21:41:37.216576Z,2026-09-29,0.4219,0.42506425,0.3615178057663027,0.0031642499999999796,0.7499999999999952,DB_SNAPSHOT_SENSITIVITY,False,DB_SNAPSHOT_SENSITIVITY,4.219009243896654,0.0,5.6253,0.0,-3.3657264754681187,4.219009243896654,0.0,5.6253,0.0,-3.270917278976056,4.408627636880779,0.0,5.8782,0.0,-4.053093150035555,4.693055226356953,2.962787390376869,6.2574,3.9504,-1.6828632377340593,5.119696610571228,2.962787390376869,6.8263,3.9504,-3.270917278976056,False,True,False,True,False,,98.4,True,PRE_FIX_SIGNAL_PRE_FIX_EVALUATION,True,True,3,6,12,24,48
8359,895507268,ME_SHORT_GEOM_B_V1,ZROUSDT,2026-10-05T22:54:23.895057Z,2026-10-05,2.1144,2.130258,2.0074491624394484,0.01585800000000015,0.7500000000000072,DB_SNAPSHOT_SENSITIVITY,False,DB_SNAPSHOT_SENSITIVITY,0.34525160802118154,0.23174423004162537,0.4603,0.309,0.10404842981461417,0.3547105561861446,0.3357926598562395,0.4729,0.4477,-0.2506621263715304,0.3547105561861446,1.8397654180855272,0.4729,2.453,1.5607264472190865,2.0289443813847874,3.504540295119186,2.7053,4.6727,-1.7073401437760027,3.4194097616344976,3.504540295119186,4.5592,4.6727,0.47294740824821374,False,True,False,True,False,,55.6,True,PRE_FIX_SIGNAL_PRE_FIX_EVALUATION,True,True,3,6,12,24,48
7720,905713041,ME_SHORT_GEOM_B_V1,ADAUSDT,2026-10-05T10:12:15.859818Z,2026-10-05,0.2743,0.27635725,0.2652422676579676,0.0020572500000000105,0.7500000000000039,DB_SNAPSHOT_SENSITIVITY,False,DB_SNAPSHOT_SENSITIVITY,0.692672256653304,0.36456434560699996,0.9236,0.4861,-0.6562158220925879,0.692672256653304,0.36456434560699996,0.9236,0.4861,-0.510390083849804,0.8384979948960878,0.43747721472841217,1.118,0.5833,-0.8020415603353919,1.057236602260304,0.43747721472841217,1.4096,0.5833,-0.874954429456804,1.3488880787458917,0.9114108640174999,1.7985,1.2152,0.40102078016769593,False,True,False,True,False,,182.7,True,PRE_FIX_SIGNAL_PRE_FIX_EVALUATION,True,True,3,6,12,24,48
7946,906436872,ME_SHORT_GEOM_B_V1,ADAUSDT,2026-10-05T13:42:51.412750Z,2026-10-05,0.2768,0.278876,0.2651909640739198,0.0020760000000000223,0.750000000000008,DB_SNAPSHOT_SENSITIVITY,False,DB_SNAPSHOT_SENSITIVITY,1.4450867052023135,0.0,1.9268,0.0,-0.9393063583814998,1.4450867052023135,0.0,1.9268,0.0,-0.5057803468208137,2.854046242774573,0.0,3.8054,0.0,-2.420520231213867,4.371387283236994,0.0,5.8285,0.0,-4.190751445086705,5.491329479768783,0.0,7.3218,0.0,-4.588150289017337,True,False,True,False,False,107.1,,True,PRE_FIX_SIGNAL_PRE_FIX_EVALUATION,True,True,3,6,12,24,48
7667,911488928,ME_SHORT_GEOM_B_V1,ADAUSDT,2026-10-05T08:57:03.213361Z,2026-10-05,0.273,0.2750475,0.2624401452586223,0.00204749999999998,0.7499999999999926,DB_SNAPSHOT_SENSITIVITY,False,DB_SNAPSHOT_SENSITIVITY,0.8058608058608188,0.0,1.0745,0.0,-0.7692307692307861,0.879120879120884,0.0,1.1722,0.0,-0.8058608058608188,1.1355311355311526,0.0,1.514,0.0,-0.4761904761904847,1.1355311355311526,0.842490842490831,1.514,1.1233,0.6959706959706802,1.1355311355311526,0.9157509157509165,1.514,1.221,-0.40293040293041954,False,True,False,True,False,,77.9,True,PRE_FIX_SIGNAL_PRE_FIX_EVALUATION,True,True,3,6,12,24,48
3722,923830045,ME_SHORT_GEOM_B_V1,XRPUSDT,2026-10-02T10:34:00.733241Z,2026-10-02,1.5469,1.55850175,1.5170135581620272,0.011601750000000077,0.750000000000005,DB_SNAPSHOT_SENSITIVITY,False,DB_SNAPSHOT_SENSITIVITY,0.32322709936000343,0.25858167948800853,0.431,0.3448,-0.3102980153856045,0.620596030771209,0.25858167948800853,0.8275,0.3448,-0.40726614519361126,0.7886741224384245,0.25858167948800853,1.0516,0.3448,-0.7434223285280137,1.3187665653888405,0.6205960307712233,1.7584,0.8275,-0.09696812980799242,1.6743163746848557,0.6205960307712233,2.2324,0.8275,-1.4997737410304408,False,False,False,False,False,,,True,PRE_FIX_SIGNAL_PRE_FIX_EVALUATION,True,True,3,6,12,24,48
5835,924166039,ME_SHORT_GEOM_B_V1,USELESSUSDT,2026-10-04T04:37:39.819479Z,2026-10-04,0.24366,0.24548745,0.23322986270290658,0.0018274500000000082,0.7500000000000034,DB_SNAPSHOT_SENSITIVITY,False,DB_SNAPSHOT_SENSITIVITY,0.9398341951900134,0.0,1.2531,0.0,-0.8659607650004107,1.0424361815644698,0.0,1.3899,0.0,-0.7428383813510542,1.1696626446687972,0.0,1.5596,0.0,-0.6812771895263872,1.5144053188869733,0.0,2.0192,0.0,-1.4076992530575345,2.0766642042189862,1.272264631043265,2.7689,1.6964,-0.6894853484363405,False,True,False,True,False,,202.3,True,PRE_FIX_SIGNAL_PRE_FIX_EVALUATION,True,True,3,6,12,24,48
9389,926060936,ME_SHORT_GEOM_B_V1,SPCXUSDT,2026-10-06T17:06:03.953495Z,2026-10-06,173.88,175.1841,171.05765028334665,1.3041000000000054,0.7500000000000031,DB_SNAPSHOT_SENSITIVITY,False,DB_SNAPSHOT_SENSITIVITY,0.5003450655624595,0.0,0.6671,0.0,-0.41982976765584873,0.8569128134345578,0.0,1.1426,0.0,-0.19553715205889313,0.8569128134345578,0.0,1.1426,0.0,-0.5636070853462098,1.340004600874157,0.0,1.7867,0.0,-1.2939958592132506,1.4320220841960025,0.0,1.9094,0.0,-1.2479871175523278,False,False,False,False,False,,,True,PRE_FIX_SIGNAL_PRE_FIX_EVALUATION,True,True,3,6,12,24,48
6241,937647621,ME_SHORT_GEOM_B_V1,SOLUSDT,2026-10-04T10:48:21.017277Z,2026-10-04,121.43,122.340725,120.2513134597898,0.9107249999999993,0.7499999999999994,DB_SNAPSHOT_SENSITIVITY,False,DB_SNAPSHOT_SENSITIVITY,0.23882071975624328,0.0,0.3184,0.0,-0.2223503252902991,0.23882071975624328,0.0,0.3184,0.0,-0.1399983529605548,0.24705591698922125,0.032940788931888364,0.3294,0.0439,-0.1399983529605548,0.24705591698922125,0.30470229762002005,0.3294,0.4063,-0.07411677509676637,0.24705591698922125,0.461171045046519,0.3294,0.6149,0.057646380630810484,False,False,False,False,False,,,True,PRE_FIX_SIGNAL_PRE_FIX_EVALUATION,True,True,3,6,12,24,48
7689,940119127,ME_SHORT_GEOM_B_V1,VIRTUALUSDT,2026-10-05T09:12:18.854768Z,2026-10-05,0.8849,0.89153675,0.8525410201198471,0.006636749999999969,0.7499999999999964,DB_SNAPSHOT_SENSITIVITY,False,DB_SNAPSHOT_SENSITIVITY,1.4238897050514243,0.0,1.8985,0.0,-1.1639733303198074,1.4238897050514243,0.0,1.8985,0.0,-0.9153576675330541,1.9550231664594848,0.0,2.6067,0.0,-1.6160018081139087,2.407051644253586,0.0,3.2094,0.0,-2.3053452367499125,3.435416431235166,0.0,4.5806,0.0,-2.8138772742682825,False,False,False,False,False,,,True,PRE_FIX_SIGNAL_PRE_FIX_EVALUATION,True,True,3,6,12,24,48
9307,944029323,ME_SHORT_GEOM_B_V1,SPCXUSDT,2026-10-06T15:50:50.336880Z,2026-10-06,174.45,175.758375,171.21940529097316,1.3083750000000123,0.7500000000000071,DB_SNAPSHOT_SENSITIVITY,False,DB_SNAPSHOT_SENSITIVITY,0.997420464316412,0.0,1.3299,0.0,-0.8197191172255538,0.997420464316412,0.0,1.3299,0.0,-0.5961593579822254,0.997420464316412,0.0,1.3299,0.0,-0.4815133276010175,1.1808541129263412,0.0,1.5745,0.0,-0.9572943536829966,1.7540842648323316,0.0,2.3388,0.0,-1.398681570650615,False,False,False,False,False,,,True,PRE_FIX_SIGNAL_PRE_FIX_EVALUATION,True,True,3,6,12,24,48
5226,946421187,ME_SHORT_GEOM_B_V1,SPCXUSDT,2026-10-03T13:25:25.741679Z,2026-10-03,159.27,160.464525,158.37186053740086,1.1945249999999987,0.7499999999999992,DB_SNAPSHOT_SENSITIVITY,False,DB_SNAPSHOT_SENSITIVITY,0.07534375588623378,0.0,0.1005,0.0,-0.07534375588623378,0.08162240221009849,0.0,0.1088,0.0,-0.07534375588623378,0.12557292647706225,0.0,0.1674,0.0,-0.1004583411816391,0.18208074339173758,0.0,0.2428,0.0,-0.169523450744026,0.1946380360394313,0.0,0.2595,0.0,-0.12557292647706225,False,False,False,False,False,,,True,PRE_FIX_SIGNAL_PRE_FIX_EVALUATION,True,True,3,6,12,24,48
7630,962874854,ME_SHORT_GEOM_B_V1,ADAUSDT,2026-10-05T08:26:56.079381Z,2026-10-05,0.2748,0.27686099999999997,0.26355443097290804,0.0020609999999999795,0.7499999999999926,DB_SNAPSHOT_SENSITIVITY,False,DB_SNAPSHOT_SENSITIVITY,1.2008733624454038,0.0,1.6012,0.0,-1.1280931586608411,1.6739446870451213,0.0,2.2319,0.0,-1.4556040756914133,1.6739446870451213,0.0,2.2319,0.0,-1.4556040756914133,1.7831149927219854,0.18195050946142666,2.3775,0.2426,-0.8369723435225506,1.7831149927219854,0.25473071324600943,2.3775,0.3396,-1.1280931586608411,False,False,False,False,False,,,True,PRE_FIX_SIGNAL_PRE_FIX_EVALUATION,True,True,3,6,12,24,48
825,963696186,ME_SHORT_GEOM_B_V1,ICPUSDT,2026-09-30T00:47:06.521331Z,2026-09-30,3.484,3.51013,3.3096322026367972,0.02613000000000021,0.750000000000006,DB_SNAPSHOT_SENSITIVITY,False,DB_SNAPSHOT_SENSITIVITY,1.1194029850746312,0.11481056257175672,1.4925,0.1531,0.0,1.1194029850746312,0.48794489092996285,1.4925,0.6506,-0.17221584385762867,1.1194029850746312,0.6027554535017194,1.4925,0.8037,0.45924225028702687,4.190585533869114,0.6027554535017194,5.5874,0.8037,-2.8702640642939174,4.190585533869114,0.6027554535017194,5.5874,0.8037,-1.8943742824339793,False,False,False,False,False,,,True,PRE_FIX_SIGNAL_PRE_FIX_EVALUATION,True,True,3,6,12,24,48
5821,969551056,ME_SHORT_GEOM_B_V1,USELESSUSDT,2026-10-04T04:27:39.416077Z,2026-10-04,0.24366,0.24548745,0.23300986270290658,0.0018274500000000082,0.7500000000000034,DB_SNAPSHOT_SENSITIVITY,False,DB_SNAPSHOT_SENSITIVITY,0.9275219568250778,0.0,1.2367,0.0,-0.7633587786259545,1.0424361815644698,0.0,1.3899,0.0,-1.0096035459246449,1.124517770664037,0.0,1.4994,0.0,-0.7838791759008433,1.3215135845029964,0.0,1.762,0.0,-0.6894853484363405,2.0766642042189862,1.272264631043265,2.7689,1.6964,-0.5868833620618842,False,True,False,True,False,,212.3,True,PRE_FIX_SIGNAL_PRE_FIX_EVALUATION,True,True,3,6,12,24,48
9315,971963273,ME_SHORT_GEOM_B_V1,SPCXUSDT,2026-10-06T16:00:52.986285Z,2026-10-06,174.45,175.758375,171.10944773911814,1.3083750000000123,0.7500000000000071,DB_SNAPSHOT_SENSITIVITY,False,DB_SNAPSHOT_SENSITIVITY,0.997420464316412,0.0,1.3299,0.0,-0.4184580108913671,0.997420464316412,0.0,1.3299,0.0,-0.46431642304385345,0.997420464316412,0.0,1.3299,0.0,-0.44711951848667314,1.1808541129263412,0.0,1.5745,0.0,-0.8197191172255538,1.7540842648323316,0.0,2.3388,0.0,-1.5018629979936808,False,False,False,False,False,,,True,PRE_FIX_SIGNAL_PRE_FIX_EVALUATION,True,True,3,6,12,24,48
9098,989195104,ME_SHORT_GEOM_B_V1,SPCXUSDT,2026-10-06T12:05:54.244740Z,2026-10-06,172.53,173.823975,170.13136986936075,1.293974999999989,0.7499999999999937,DB_SNAPSHOT_SENSITIVITY,False,DB_SNAPSHOT_SENSITIVITY,0.5969976236016931,0.01159218686605821,0.796,0.0155,-0.11592186866051621,0.5969976236016931,0.01159218686605821,0.796,0.0155,-0.19706717672289073,0.7766765200255048,0.01159218686605821,1.0356,0.0155,-0.7650843331594466,0.846229641221821,2.20251550454994,1.1283,2.9367,1.5707413203500886,0.846229641221821,2.20251550454994,1.1283,2.9367,0.2840085782182861,False,True,False,True,False,,84.1,True,PRE_FIX_SIGNAL_PRE_FIX_EVALUATION,True,True,3,6,12,24,48
6510,1007696928,ME_SHORT_GEOM_B_V1,SOLUSDT,2026-10-04T14:13:49.962446Z,2026-10-04,121.88,122.7941,120.51866979079216,0.9141000000000048,0.750000000000004,DB_SNAPSHOT_SENSITIVITY,False,DB_SNAPSHOT_SENSITIVITY,0.5989497866754101,0.0,0.7986,0.0,-0.3363964555300268,0.5989497866754101,0.0,0.7986,0.0,-0.4102395799146702,0.5989497866754101,0.2051197899573351,0.7986,0.2735,0.09025270758122697,0.5989497866754101,0.2051197899573351,0.7986,0.2735,-0.2543485395470974,0.5989497866754101,0.2051197899573351,0.7986,0.2735,-0.4266491631112537,False,False,False,False,False,,,True,PRE_FIX_SIGNAL_PRE_FIX_EVALUATION,True,True,3,6,12,24,48
9332,1032496179,ME_SHORT_GEOM_B_V1,SPCXUSDT,2026-10-06T16:15:54.770200Z,2026-10-06,174.18,175.48635000000002,171.1251620248324,1.306350000000009,0.7500000000000052,DB_SNAPSHOT_SENSITIVITY,False,DB_SNAPSHOT_SENSITIVITY,0.5798599150304393,0.0,0.7731,0.0,-0.31002411298657734,0.5798599150304393,0.0,0.7731,0.0,-0.269835802043862,0.6487541623607737,0.0,0.865,0.0,-0.6257894132506622,1.0276725226777015,0.0,1.3702,0.0,-0.7980250315765386,1.6017912504306009,0.0,2.1357,0.0,-1.2917671374440234,False,False,False,False,False,,,True,PRE_FIX_SIGNAL_PRE_FIX_EVALUATION,True,True,3,6,12,24,48
3353,1048347965,ME_SHORT_GEOM_B_V1,MSTRUSDT,2026-10-02T02:20:24.337069Z,2026-10-02,162.32,163.5374,158.5800497580902,1.2173999999999978,0.7499999999999987,DB_SNAPSHOT_SENSITIVITY,False,DB_SNAPSHOT_SENSITIVITY,0.5482996550024559,0.0,0.7311,0.0,-0.4682109413504133,0.5482996550024559,0.03080335140463983,0.7311,0.0411,-0.02464268112370136,0.5482996550024559,0.7577624445539787,0.7311,1.0103,0.28955150320354783,0.5482996550024559,2.2486446525382,0.7311,2.9982,2.1562345983242976,0.5482996550024559,3.006407097092161,0.7311,4.0085,1.2013307047806907,False,True,False,True,False,,39.6,True,PRE_FIX_SIGNAL_PRE_FIX_EVALUATION,True,True,3,6,12,24,48
5724,1055602243,ME_SHORT_GEOM_B_V1,USELESSUSDT,2026-10-04T02:22:22.561085Z,2026-10-04,0.24527,0.247109525,0.23416203850045653,0.0018395250000000085,0.7500000000000036,DB_SNAPSHOT_SENSITIVITY,False,DB_SNAPSHOT_SENSITIVITY,1.5248501651241464,0.0,2.0331,0.0,-1.2231418436824621,2.3280466424756363,0.0,3.1041,0.0,-2.1690382027969144,2.3606637583071675,0.0,3.1476,0.0,-1.8917927182288814,2.3606637583071675,0.0,3.1476,0.0,-1.1049047987931628,2.3606637583071675,0.0,3.1476,0.0,-1.3087617727402416,False,False,False,False,False,,,True,PRE_FIX_SIGNAL_PRE_FIX_EVALUATION,True,True,3,6,12,24,48
6261,1055753894,ME_SHORT_GEOM_B_V1,SOLUSDT,2026-10-04T11:03:23.229736Z,2026-10-04,121.43,122.340725,120.12050535007597,0.9107249999999993,0.7499999999999994,DB_SNAPSHOT_SENSITIVITY,False,DB_SNAPSHOT_SENSITIVITY,0.2223503252902991,0.0,0.2965,0.0,-0.1399983529605548,0.2223503252902991,0.032940788931888364,0.2965,0.0439,-0.0988223667956885,0.24705591698922125,0.032940788931888364,0.3294,0.0439,-0.06588157786380013,0.24705591698922125,0.30470229762002005,0.3294,0.4063,-0.11529276126163268,0.24705591698922125,0.5764638063081516,0.3294,0.7686,0.3211726920859642,False,False,False,False,False,,,True,PRE_FIX_SIGNAL_PRE_FIX_EVALUATION,True,True,3,6,12,24,48
9214,1071175290,ME_SHORT_GEOM_B_V1,AVAXUSDT,2026-10-06T13:41:42.411099Z,2026-10-06,11.45,11.535874999999999,11.14268674921188,0.0858749999999997,0.7499999999999974,DB_SNAPSHOT_SENSITIVITY,False,DB_SNAPSHOT_SENSITIVITY,0.6026200873362364,0.0,0.8035,0.0,-0.2707423580785922,0.6288209606986829,0.37554585152839337,0.8384,0.5007,0.3668122270742497,0.6288209606986829,0.768558951965074,0.8384,1.0247,0.6899563318777348,0.6288209606986829,1.5458515283842915,0.8384,2.0611,1.0480349344978255,0.6288209606986829,1.5458515283842915,0.8384,2.0611,0.4279475982532862,False,True,False,True,False,,58.3,True,PRE_FIX_SIGNAL_PRE_FIX_EVALUATION,True,True,3,6,12,24,48
8925,1072609953,ME_SHORT_GEOM_B_V1,ORCAUSDT,2026-10-06T08:10:52.791137Z,2026-10-06,2.515,2.5338625,2.2726542258230618,0.018862500000000004,0.7500000000000001,DB_SNAPSHOT_SENSITIVITY,False,DB_SNAPSHOT_SENSITIVITY,1.7534791252485187,1.491053677932409,2.338,1.9881,-0.44135188866800523,1.7534791252485187,1.491053677932409,2.338,1.9881,-0.28230616302188183,1.7534791252485187,6.715705765407548,2.338,8.9543,6.27435387673956,1.7534791252485187,7.423459244532807,2.338,9.8979,2.1749502982107343,1.7534791252485187,9.606361829025847,2.338,12.8085,3.471172962226637,False,True,False,True,False,,9.1,True,PRE_FIX_SIGNAL_PRE_FIX_EVALUATION,True,True,3,6,12,24,48
7285,1075168543,ME_SHORT_GEOM_B_V1,XRPUSDT,2026-10-05T00:35:27.650837Z,2026-10-05,1.5198,1.5311985000000001,1.4991590356587372,0.011398500000000089,0.7500000000000059,DB_SNAPSHOT_SENSITIVITY,False,DB_SNAPSHOT_SENSITIVITY,0.26977233846558707,0.32241084353203736,0.3597,0.4299,0.11843663639952783,0.26977233846558707,0.32241084353203736,0.3597,0.4299,0.06579813133306289,0.26977233846558707,0.7632583234636172,0.3597,1.0177,0.190814580865897,0.26977233846558707,0.7632583234636172,0.3597,1.0177,0.21055402026581588,1.4080800105277065,0.7632583234636172,1.8774,1.0177,-1.2830635609948726,True,True,False,True,False,234.5,49.5,True,PRE_FIX_SIGNAL_PRE_FIX_EVALUATION,True,True,3,6,12,24,48
4040,1080660051,ME_SHORT_GEOM_B_V1,MSTRUSDT,2026-10-02T12:56:42.413162Z,2026-10-02,167.1,168.35325,162.73894268385257,1.2532500000000084,0.7500000000000051,DB_SNAPSHOT_SENSITIVITY,False,DB_SNAPSHOT_SENSITIVITY,0.7241172950329192,0.0,0.9655,0.0,-0.41292639138240445,0.8138839018551678,0.0,1.0852,0.0,-0.6523040095751067,0.8138839018551678,1.8671454219030548,1.0852,2.4895,-0.6941950927588251,3.734290843806093,1.8671454219030548,4.9791,2.4895,-3.620586475164562,4.817474566128057,1.8671454219030548,6.4233,2.4895,-4.625972471573902,True,True,False,True,False,93.3,33.3,True,PRE_FIX_SIGNAL_PRE_FIX_EVALUATION,True,True,3,6,12,24,48
716,1087571800,ME_SHORT_GEOM_B_V1,PUMPFUNUSDT,2026-09-29T22:16:26.978840Z,2026-09-29,0.00585,0.005893875,0.005372871429925914,4.3874999999999643e-05,0.7499999999999939,DB_SNAPSHOT_SENSITIVITY,False,DB_SNAPSHOT_SENSITIVITY,0.4273504273504248,1.1965811965811923,0.5698,1.5954,-0.11965811965812072,0.5641025641025649,1.1965811965811923,0.7521,1.5954,0.1538461538461446,0.5641025641025649,3.0940170940170897,0.7521,4.1254,1.2820512820512742,0.5641025641025649,3.0940170940170897,0.7521,4.1254,-0.41025641025642023,2.5641025641025634,3.0940170940170897,3.4188,4.1254,0.6324786324786275,False,True,False,True,False,,3.6,True,PRE_FIX_SIGNAL_PRE_FIX_EVALUATION,True,True,3,6,12,24,48
5844,1096399209,ME_SHORT_GEOM_B_V1,PUMPFUNUSDT,2026-10-04T04:47:27.373238Z,2026-10-04,0.006425,0.0064731875,0.006044772448974123,4.818749999999962e-05,0.7499999999999941,DB_SNAPSHOT_SENSITIVITY,False,DB_SNAPSHOT_SENSITIVITY,1.4474708171206256,0.0,1.93,0.0,-0.6692607003891129,1.4474708171206256,0.0,1.93,0.0,-0.26459143968872406,1.4474708171206256,0.8560311284046613,1.93,1.1414,0.5291828793774346,1.4474708171206256,2.8326848249027217,1.93,3.7769,0.46692607003890496,1.4474708171206256,2.8326848249027217,1.93,3.7769,-0.8871595330739261,False,True,False,True,False,,47.5,True,PRE_FIX_SIGNAL_PRE_FIX_EVALUATION,True,True,3,6,12,24,48
9005,1097804400,ME_SHORT_GEOM_B_V1,SPCXUSDT,2026-10-06T09:35:54.057663Z,2026-10-06,173.12,174.4184,170.90393724944946,1.2983999999999867,0.7499999999999922,DB_SNAPSHOT_SENSITIVITY,False,DB_SNAPSHOT_SENSITIVITY,0.15018484288354372,0.0,0.2002,0.0,-0.06931608133087139,0.1617375231053611,0.0,0.2157,0.0,0.0,0.1617375231053611,0.1559611829944442,0.2157,0.2079,0.06931608133087139,0.20217190388169726,0.21372458410351464,0.2696,0.285,-0.1848428835489794,1.1841497227356812,1.2361367837338184,1.5789,1.6482,0.9588724584103493,False,True,False,True,False,,234.1,True,PRE_FIX_SIGNAL_PRE_FIX_EVALUATION,True,True,3,6,12,24,48
854,1120827372,ME_SHORT_GEOM_B_V1,ICPUSDT,2026-09-30T01:17:09.102185Z,2026-09-30,3.501,3.5272574999999997,3.3303013295457022,0.026257499999999823,0.7499999999999949,DB_SNAPSHOT_SENSITIVITY,False,DB_SNAPSHOT_SENSITIVITY,1.4281633818908834,0.0,1.9042,0.0,-1.371036846615254,1.4281633818908834,0.11425307055127118,1.9042,0.1523,-0.02856326763781462,2.313624678663238,0.11425307055127118,3.0848,0.1523,-2.313624678663238,4.655812624964291,0.11425307055127118,6.2078,0.1523,-4.027420736932306,4.655812624964291,0.11425307055127118,6.2078,0.1523,-1.1139674378748843,False,False,False,False,False,,,True,PRE_FIX_SIGNAL_PRE_FIX_EVALUATION,True,True,3,6,12,24,48
5830,1125833675,ME_SHORT_GEOM_B_V1,PUMPFUNUSDT,2026-10-04T04:37:24.899643Z,2026-10-04,0.006425,0.0064731875,0.006052772448974123,4.818749999999962e-05,0.7499999999999941,DB_SNAPSHOT_SENSITIVITY,False,DB_SNAPSHOT_SENSITIVITY,0.918287937743191,0.0,1.2244,0.0,-0.638132295719848,1.4474708171206256,0.0,1.93,0.0,-0.6225680933852156,1.4474708171206256,0.8560311284046613,1.93,1.1414,0.48249027237353737,1.4474708171206256,2.8326848249027217,1.93,3.7769,0.9805447470817071,1.4474708171206256,2.8326848249027217,1.93,3.7769,-1.0739299610895017,False,True,False,True,False,,57.6,True,PRE_FIX_SIGNAL_PRE_FIX_EVALUATION,True,True,3,6,12,24,48
5239,1127954735,ME_SHORT_GEOM_B_V1,SPCXUSDT,2026-10-03T13:40:30.011480Z,2026-10-03,159.27,160.464525,158.31186053740086,1.1945249999999987,0.7499999999999992,DB_SNAPSHOT_SENSITIVITY,False,DB_SNAPSHOT_SENSITIVITY,0.08162240221009849,0.0,0.1088,0.0,-0.07534375588623378,0.12557292647706225,0.0,0.1674,0.0,-0.12557292647706225,0.18208074339173758,0.0,0.2428,0.0,-0.18208074339173758,0.18835938971558444,0.0,0.2511,0.0,-0.18835938971558444,0.1946380360394313,0.0,0.2595,0.0,-0.10673698750550381,False,False,False,False,False,,,True,PRE_FIX_SIGNAL_PRE_FIX_EVALUATION,True,True,3,6,12,24,48
7684,1142805713,ME_SHORT_GEOM_B_V1,ADAUSDT,2026-10-05T09:12:04.824875Z,2026-10-05,0.2724,0.274443,0.26297299183195205,0.002043000000000017,0.7500000000000063,DB_SNAPSHOT_SENSITIVITY,False,DB_SNAPSHOT_SENSITIVITY,0.6607929515418386,0.0,0.8811,0.0,-0.5873715124816411,0.9177679882525707,0.0,1.2237,0.0,-0.7342143906020565,0.9177679882525707,0.8076358296622744,1.2237,1.0768,0.7342143906020565,0.9177679882525707,1.1380323054332038,1.2237,1.5174,-0.11013215859029626,0.9177679882525707,1.1380323054332038,1.2237,1.5174,0.8810572687224719,False,True,False,True,False,,57.9,True,PRE_FIX_SIGNAL_PRE_FIX_EVALUATION,True,True,3,6,12,24,48
9198,1166057501,ME_SHORT_GEOM_B_V1,AVAXUSDT,2026-10-06T13:36:41.405749Z,2026-10-06,11.45,11.535874999999999,11.13468674921188,0.0858749999999997,0.7499999999999974,DB_SNAPSHOT_SENSITIVITY,False,DB_SNAPSHOT_SENSITIVITY,0.672489082969432,0.0,0.8967,0.0,-0.39301310043668064,0.672489082969432,0.0,0.8967,0.0,-0.22707423580785854,0.672489082969432,0.6637554585152883,0.8967,0.885,0.5938864628821082,0.672489082969432,1.5458515283842915,0.8967,2.0611,0.8558951965065568,0.672489082969432,1.5458515283842915,0.8967,2.0611,0.4454148471615734,False,True,False,True,False,,63.3,True,PRE_FIX_SIGNAL_PRE_FIX_EVALUATION,True,True,3,6,12,24,48
7643,1220550438,ME_SHORT_GEOM_B_V1,VIRTUALUSDT,2026-10-05T08:37:15.485152Z,2026-10-05,0.8827,0.88932025,0.8502551652793815,0.006620249999999994,0.7499999999999993,DB_SNAPSHOT_SENSITIVITY,False,DB_SNAPSHOT_SENSITIVITY,0.940296816585486,0.28322193270646273,1.2537,0.3776,-0.39651070578906294,0.940296816585486,0.28322193270646273,1.2537,0.3776,-0.3058796873229903,1.1782032400589186,0.28322193270646273,1.5709,0.3776,-0.3058796873229903,2.1638155658774223,0.28322193270646273,2.8851,0.3776,-2.0278690381783195,2.73025943129036,0.28322193270646273,3.6403,0.3776,-2.7189305539821027,False,False,False,False,False,,,True,PRE_FIX_SIGNAL_PRE_FIX_EVALUATION,True,True,3,6,12,24,48
7602,1238106766,ME_SHORT_GEOM_B_V1,ADAUSDT,2026-10-05T07:41:47.949283Z,2026-10-05,0.2727,0.27474525,0.2636948817583788,0.0020452499999999985,0.7499999999999994,DB_SNAPSHOT_SENSITIVITY,False,DB_SNAPSHOT_SENSITIVITY,0.22002200220021614,0.3300330033003344,0.2934,0.44,0.07334066740006526,0.22002200220021614,0.7700770077007667,0.2934,1.0268,0.03667033370003263,0.4400440044004323,0.7700770077007667,0.5867,1.0268,-0.366703337000367,1.0267693436010357,0.7700770077007667,1.369,1.0268,-0.8434176751008523,1.0267693436010357,1.0267693436010357,1.369,1.369,-0.3300330033003344,False,True,False,True,False,,18.2,True,PRE_FIX_SIGNAL_PRE_FIX_EVALUATION,True,True,3,6,12,24,48
2864,1242215375,ME_SHORT_GEOM_B_V1,MONUSDT,2026-10-01T17:59:22.264174Z,2026-10-01,0.03487,0.035131525,0.0318837344871683,0.00026152499999999856,0.7499999999999959,DB_SNAPSHOT_SENSITIVITY,False,DB_SNAPSHOT_SENSITIVITY,2.1508459994264433,0.0,2.8678,0.0,-1.2331517063378257,2.1508459994264433,0.1921422426154418,2.8678,0.2562,-0.2007456266131363,2.1508459994264433,0.8029825064525452,2.8678,1.0706,0.0,2.1508459994264433,1.0610840263837173,2.8678,1.4148,0.0,4.731861198738167,1.0610840263837173,6.3091,1.4148,-3.728133065672486,False,True,False,True,False,,55.6,True,PRE_FIX_SIGNAL_PRE_FIX_EVALUATION,True,True,3,6,12,24,48
9546,1244416751,ME_SHORT_GEOM_B_V1,PONSUSDT,2026-10-06T18:46:36.285481Z,2026-10-06,0.425,0.4281875,0.39613961987189217,0.0031875000000000098,0.7500000000000023,DB_SNAPSHOT_SENSITIVITY,False,DB_SNAPSHOT_SENSITIVITY,2.7529411764705856,0.0,3.6706,0.0,-2.5882352941176494,4.235294117647062,0.0,5.6471,0.0,-4.0000000000000036,5.435294117647061,0.0,7.2471,0.0,-4.141176470588237,5.435294117647061,0.0,7.2471,0.0,-4.2588235294117665,7.152941176470584,0.0,9.5373,0.0,-6.847058823529416,True,False,True,False,False,218.4,,True,PRE_FIX_SIGNAL_PRE_FIX_EVALUATION,True,True,3,6,12,24,48
4062,1245809045,ME_SHORT_GEOM_B_V1,MSTRUSDT,2026-10-02T13:16:47.144600Z,2026-10-02,166.83,168.08122500000002,162.6497321960652,1.2512250000000051,0.750000000000003,DB_SNAPSHOT_SENSITIVITY,False,DB_SNAPSHOT_SENSITIVITY,0.653359707486665,2.0320086315410815,0.8711,2.7093,1.5464844452436515,0.653359707486665,2.0320086315410815,0.8711,2.7093,0.6473655817298951,2.1399028951627534,2.0320086315410815,2.8532,2.7093,-1.3846430498111861,4.111970269136254,2.0320086315410815,5.4826,2.7093,-3.662410837379376,5.352754300785234,2.0320086315410815,7.137,2.7093,-5.148954025055447,True,True,False,True,False,73.2,13.2,True,PRE_FIX_SIGNAL_PRE_FIX_EVALUATION,True,True,3,6,12,24,48
7915,1246869243,ME_SHORT_GEOM_B_V1,ADAUSDT,2026-10-05T13:32:50.652643Z,2026-10-05,0.2768,0.278876,0.26649096407391976,0.0020760000000000223,0.750000000000008,DB_SNAPSHOT_SENSITIVITY,False,DB_SNAPSHOT_SENSITIVITY,1.4450867052023135,0.0,1.9268,0.0,-0.7947976878612644,1.4450867052023135,0.0,1.9268,0.0,-1.2644508670520243,2.7817919075144455,0.0,3.7091,0.0,-2.601156069364156,4.371387283236994,0.0,5.8285,0.0,-4.299132947976866,5.491329479768783,0.0,7.3218,0.0,-4.624277456647391,True,False,True,False,False,117.2,,True,PRE_FIX_SIGNAL_PRE_FIX_EVALUATION,True,True,3,6,12,24,48
6334,1247320198,ME_SHORT_GEOM_B_V1,SOLUSDT,2026-10-04T11:53:29.490412Z,2026-10-04,121.47,122.381025,120.17050535007597,0.9110249999999951,0.749999999999996,DB_SNAPSHOT_SENSITIVITY,False,DB_SNAPSHOT_SENSITIVITY,0.27990450316950966,0.2140446200708036,0.3732,0.2854,0.13171976619741219,0.27990450316950966,0.27167201778216704,0.3732,0.3622,0.0164649707746736,0.27990450316950966,0.27167201778216704,0.3732,0.3622,-0.1811146785214447,0.27990450316950966,0.4280892401415955,0.3732,0.5708,0.20581213468346093,0.27990450316950966,0.5433440355643341,0.3732,0.7245,0.1481847369720975,False,False,False,False,False,,,True,PRE_FIX_SIGNAL_PRE_FIX_EVALUATION,True,True,3,6,12,24,48
1789,1258494648,ME_SHORT_GEOM_B_V1,HYPEUSDT,2026-09-30T22:47:52.462453Z,2026-09-30,91.57,92.25677499999999,88.70099998329297,0.6867749999999972,0.749999999999997,DB_SNAPSHOT_SENSITIVITY,False,DB_SNAPSHOT_SENSITIVITY,0.4368242874303718,0.15288850060063403,0.5824,0.2039,-0.010920607185749597,0.7862837173746848,0.15288850060063403,1.0484,0.2039,-0.4368242874303718,1.2121873976193072,0.15288850060063403,1.6162,0.2039,-0.6443158239598004,1.7472971497215186,0.15288850060063403,2.3297,0.2039,-1.6162498634923992,2.861199082668986,0.15288850060063403,3.8149,0.2039,-2.828437261111706,False,False,False,False,False,,,True,PRE_FIX_SIGNAL_PRE_FIX_EVALUATION,True,True,3,6,12,24,48
4066,1261538945,ME_SHORT_GEOM_B_V1,MSTRUSDT,2026-10-02T13:21:47.529079Z,2026-10-02,166.83,168.08122500000002,162.30544648177948,1.2512250000000051,0.750000000000003,DB_SNAPSHOT_SENSITIVITY,False,DB_SNAPSHOT_SENSITIVITY,0.6413714559731591,2.0320086315410815,0.8552,2.7093,1.5944374512977262,0.6413714559731591,2.0320086315410815,0.8552,2.7093,-0.07192950908110324,2.1399028951627534,2.0320086315410815,2.8532,2.7093,-1.024995504405687,4.111970269136254,2.0320086315410815,5.4826,2.7093,-4.052029011568674,5.622489959839371,2.0320086315410815,7.4967,2.7093,-5.58053107954205,True,True,False,True,False,68.2,8.2,True,PRE_FIX_SIGNAL_PRE_FIX_EVALUATION,True,True,3,6,12,24,48
9357,1282428912,ME_SHORT_GEOM_B_V1,SPCXUSDT,2026-10-06T16:41:01.037633Z,2026-10-06,174.04,175.34529999999998,171.1851620248324,1.3052999999999884,0.7499999999999933,DB_SNAPSHOT_SENSITIVITY,False,DB_SNAPSHOT_SENSITIVITY,0.31027350034474377,0.0,0.4137,0.0,-0.27579866697310373,0.33325672259249833,0.0,0.4443,0.0,-0.3045276947828092,0.9480579177200678,0.0,1.2641,0.0,-0.3275109170305638,1.430705584922995,0.0,1.9076,0.0,-1.1491611123879568,1.5226384739140462,0.0,2.0302,0.0,-1.401976557113306,False,False,False,False,False,,,True,PRE_FIX_SIGNAL_PRE_FIX_EVALUATION,True,True,3,6,12,24,48
7174,1287082093,ME_SHORT_GEOM_B_V1,KLACUSDT,2026-10-04T22:45:29.504560Z,2026-10-04,207.97,209.529775,206.43729758450291,1.559775000000002,0.7500000000000009,DB_SNAPSHOT_SENSITIVITY,False,DB_SNAPSHOT_SENSITIVITY,0.2211857479444189,0.0,0.2949,0.0,-0.09135933067269209,0.2211857479444189,0.0,0.2949,0.0,-0.038467086599034715,0.2211857479444189,0.12501803144683893,0.2949,0.1667,0.02885031494927262,0.5866230706351871,0.9520603933259555,0.7822,1.2694,0.7933836611049698,0.5866230706351871,1.5675337789104153,0.7822,2.09,0.7693417319805714,False,True,False,True,False,,84.5,True,PRE_FIX_SIGNAL_PRE_FIX_EVALUATION,True,True,3,6,12,24,48
9365,1297287793,ME_SHORT_GEOM_B_V1,SPCXUSDT,2026-10-06T16:46:02.729769Z,2026-10-06,174.14,175.44604999999999,170.8851620248324,1.306049999999999,0.7499999999999996,DB_SNAPSHOT_SENSITIVITY,False,DB_SNAPSHOT_SENSITIVITY,0.3675203858963974,0.0,0.49,0.0,-0.26989778339267195,0.6259331572298008,0.0,0.8346,0.0,-0.60296313311128,1.004938555185483,0.0,1.3399,0.0,-0.6431606753186954,1.4873090616745004,0.0,1.9831,0.0,-1.1140461697484771,1.579189158148616,0.0,2.1056,0.0,-1.435626507407833,False,False,False,False,False,,,True,PRE_FIX_SIGNAL_PRE_FIX_EVALUATION,True,True,3,6,12,24,48
8859,1311832511,ME_SHORT_GEOM_B_V1,ORCAUSDT,2026-10-06T06:45:43.540649Z,2026-10-06,2.5334,2.5524005,2.2388983870855506,0.019000500000000198,0.7500000000000079,DB_SNAPSHOT_SENSITIVITY,False,DB_SNAPSHOT_SENSITIVITY,2.4117786374042676,0.0,3.2157,0.0,-0.8012947027709704,2.4117786374042676,1.417067971895487,3.2157,1.8894,-1.5552222309939077,2.459145811952318,1.417067971895487,3.2789,1.8894,-1.2670719191600142,3.477540064735132,2.186784558301102,4.6367,2.9157,0.9631325491434427,3.477540064735132,6.643246230362372,4.6367,8.8577,0.4263045709323496,False,True,False,True,False,,19.3,True,PRE_FIX_SIGNAL_PRE_FIX_EVALUATION,True,True,3,6,12,24,48
6393,1314075242,ME_SHORT_GEOM_B_V1,SOLUSDT,2026-10-04T12:48:36.542450Z,2026-10-04,121.59,122.501925,120.29046920680837,0.9119249999999965,0.7499999999999971,DB_SNAPSHOT_SENSITIVITY,False,DB_SNAPSHOT_SENSITIVITY,0.32075006168270465,0.0,0.4277,0.0,-0.24673081667900085,0.32075006168270465,0.0,0.4277,0.0,-0.18916029278723906,0.32075006168270465,0.3289744222386639,0.4277,0.4386,0.2385064561230299,0.36187186446253616,0.3289744222386639,0.4825,0.4386,-0.07401924500370377,0.36187186446253616,0.44411547002219925,0.4825,0.5922,0.2385064561230299,False,False,False,False,False,,,True,PRE_FIX_SIGNAL_PRE_FIX_EVALUATION,True,True,3,6,12,24,48
1536,1320421294,ME_SHORT_GEOM_B_V1,ASTERUSDT,2026-09-30T16:33:02.969699Z,2026-09-30,0.7746,0.7804095,0.7429887763400161,0.005809500000000023,0.750000000000003,DB_SNAPSHOT_SENSITIVITY,False,DB_SNAPSHOT_SENSITIVITY,1.600826232894393,0.0,2.1344,0.0,-1.4071778982700633,1.600826232894393,0.0,2.1344,0.0,-1.484637232119798,2.246320681642134,0.0,2.9951,0.0,-1.8590240123934894,3.0725535760392377,0.0,4.0967,0.0,-2.8530854634650153,3.6793183578621185,0.0,4.9058,0.0,-1.5362767880196115,False,False,False,False,False,,,True,PRE_FIX_SIGNAL_PRE_FIX_EVALUATION,True,True,3,6,12,24,48
8393,1321163253,ME_SHORT_GEOM_B_V1,ZROUSDT,2026-10-05T23:19:26.218706Z,2026-10-05,2.1215,2.13741125,2.012017076634331,0.01591124999999982,0.7499999999999916,DB_SNAPSHOT_SENSITIVITY,False,DB_SNAPSHOT_SENSITIVITY,0.6881923167570194,0.04713646005184491,0.9176,0.0628,-0.3111006363422183,0.6881923167570194,0.4053735564459081,0.9176,0.5405,-0.07070469007777784,0.6881923167570194,3.158142823473944,0.9176,4.2109,-0.05656375206223483,3.7426349281169045,3.158142823473944,4.9902,4.2109,-2.7386283290124926,3.7426349281169045,3.158142823473944,4.9902,4.2109,1.4093801555503198,False,True,False,True,False,,30.6,True,PRE_FIX_SIGNAL_PRE_FIX_EVALUATION,True,True,3,6,12,24,48
9024,1334513595,ME_SHORT_GEOM_B_V1,AVAXUSDT,2026-10-06T09:40:56.965957Z,2026-10-06,11.393,11.478447500000001,11.057139557185863,0.08544750000000079,0.7500000000000068,DB_SNAPSHOT_SENSITIVITY,False,DB_SNAPSHOT_SENSITIVITY,1.0796102870183544,0.0,1.4395,0.0,-0.9567278153251995,1.0796102870183544,0.0,1.4395,0.0,-0.3598700956727847,1.0796102870183544,0.0,1.4395,0.0,-0.6846309137189606,1.0796102870183544,0.9567278153251995,1.4395,1.2756,0.6495216360923359,1.0796102870183544,2.641973141402617,1.4395,3.5226,-0.008777319406663934,False,True,False,True,False,,114.1,True,PRE_FIX_SIGNAL_PRE_FIX_EVALUATION,True,True,3,6,12,24,48
5906,1354485283,ME_SHORT_GEOM_B_V1,PUMPFUNUSDT,2026-10-04T05:32:32.798989Z,2026-10-04,0.006468,0.00651651,0.006104584627313814,4.850999999999987e-05,0.7499999999999981,DB_SNAPSHOT_SENSITIVITY,False,DB_SNAPSHOT_SENSITIVITY,0.7884972170686431,0.1855287569573262,1.0513,0.2474,-0.13914656771798795,0.7884972170686431,0.1855287569573262,1.0513,0.2474,-0.40197897340754457,0.7884972170686431,2.1490414347557243,1.0513,2.8654,0.6648113790971012,1.2677798392084045,2.1490414347557243,1.6904,2.8654,-1.0049474335188613,1.8707482993197213,2.1490414347557243,2.4943,2.8654,-1.6697588126159493,False,True,False,True,False,,32.5,True,PRE_FIX_SIGNAL_PRE_FIX_EVALUATION,True,True,3,6,12,24,48
5982,1357903352,ME_SHORT_GEOM_B_V1,PUMPFUNUSDT,2026-10-04T06:57:47.534243Z,2026-10-04,0.006546,0.006595095,0.006106093880622197,4.909499999999987e-05,0.749999999999998,DB_SNAPSHOT_SENSITIVITY,False,DB_SNAPSHOT_SENSITIVITY,2.35258172930033,0.0,3.1368,0.0,-1.90956309196456,2.35258172930033,0.0,3.1368,0.0,-2.108157653528874,2.9025358997861304,0.0,3.87,0.0,-1.894286587228842,3.04002444240757,0.0,4.0534,0.0,-2.917812404521835,4.58295142071494,0.0,6.1106,0.0,-3.8038496791934024,False,False,False,False,False,,,True,PRE_FIX_SIGNAL_PRE_FIX_EVALUATION,True,True,3,6,12,24,48
4052,1358699538,ME_SHORT_GEOM_B_V1,XRPUSDT,2026-10-02T13:11:31.757888Z,2026-10-02,1.5468,1.558401,1.5136981590213572,0.011600999999999972,0.7499999999999982,DB_SNAPSHOT_SENSITIVITY,False,DB_SNAPSHOT_SENSITIVITY,0.6594259115593475,0.0,0.8792,0.0,-0.5883113524696073,0.6594259115593475,0.20687871735195837,0.8792,0.2758,-0.4137574347039023,1.4028963020429308,0.20687871735195837,1.8705,0.2758,-1.1960175846909724,2.889837083010083,0.20687871735195837,3.8531,0.2758,-2.1980863718644965,3.297129557796737,0.20687871735195837,4.3962,0.2758,-3.180760279286263,True,False,True,False,False,98.5,,True,PRE_FIX_SIGNAL_PRE_FIX_EVALUATION,True,True,3,6,12,24,48
6483,1359358584,ME_SHORT_GEOM_B_V1,SOLUSDT,2026-10-04T14:03:47.976749Z,2026-10-04,121.88,122.7941,120.60724121936359,0.9141000000000048,0.750000000000004,DB_SNAPSHOT_SENSITIVITY,False,DB_SNAPSHOT_SENSITIVITY,0.4512635379061348,0.0,0.6017,0.0,-0.4512635379061348,0.5989497866754101,0.0,0.7986,0.0,-0.2543485395470974,0.5989497866754101,0.2051197899573351,0.7986,0.2735,-0.04922874958976229,0.5989497866754101,0.2051197899573351,0.7986,0.2735,-0.3610108303249079,0.5989497866754101,0.2051197899573351,0.7986,0.2735,-0.49228749589759957,False,False,False,False,False,,,True,PRE_FIX_SIGNAL_PRE_FIX_EVALUATION,True,True,3,6,12,24,48
7984,1380007334,ME_SHORT_GEOM_B_V1,ADAUSDT,2026-10-05T14:17:58.930906Z,2026-10-05,0.2758,0.27786849999999996,0.266920181053923,0.002068499999999973,0.7499999999999902,DB_SNAPSHOT_SENSITIVITY,False,DB_SNAPSHOT_SENSITIVITY,2.4292965917331344,0.0,3.2391,0.0,-2.248005801305288,2.8643944887599573,0.0,3.8192,0.0,-2.393038433647569,2.9731689630166733,0.0,3.9642,0.0,-2.6105873821609804,5.00362581580855,0.0,6.6715,0.0,-4.786076867295138,5.14865844815083,0.0,6.8649,0.0,-3.879622915155906,True,False,True,False,False,72.0,,True,PRE_FIX_SIGNAL_PRE_FIX_EVALUATION,True,True,3,6,12,24,48
5123,1390497437,ME_SHORT_GEOM_B_V1,SPCXUSDT,2026-10-03T10:19:57.879553Z,2026-10-03,159.1,160.29325,158.07190405082224,1.1932500000000061,0.7500000000000039,DB_SNAPSHOT_SENSITIVITY,False,DB_SNAPSHOT_SENSITIVITY,0.01885606536769399,0.03142677561282927,0.0251,0.0419,0.0251414204902527,0.05656819610308197,0.03142677561282927,0.0754,0.0419,-0.01885606536769399,0.05656819610308197,0.03142677561282927,0.0754,0.0419,-0.012570710245117417,0.05656819610308197,0.03142677561282927,0.0754,0.0419,-0.012570710245117417,0.05656819610308197,0.10685103708360523,0.0754,0.1425,-0.006285355122558708,False,False,False,False,False,,,True,PRE_FIX_SIGNAL_PRE_FIX_EVALUATION,True,True,3,6,12,24,48
7227,1393039628,ME_SHORT_GEOM_B_V1,KLACUSDT,2026-10-04T23:20:39.561835Z,2026-10-04,207.94,209.49955,206.72820484637143,1.5595500000000015,0.7500000000000008,DB_SNAPSHOT_SENSITIVITY,False,DB_SNAPSHOT_SENSITIVITY,0.0,0.13946330672308938,0.0,0.186,0.009618159084356176,0.0,0.13946330672308938,0.0,0.186,0.057708954506109716,0.5722804655188987,0.9666249879772968,0.763,1.2888,0.8944887948446733,0.5722804655188987,1.3273059536404688,0.763,1.7697,1.1782244878330232,0.5722804655188987,1.5821871693757779,0.763,2.1096,0.6588438972780631,False,True,False,True,False,,49.3,True,PRE_FIX_SIGNAL_PRE_FIX_EVALUATION,True,True,3,6,12,24,48
6348,1396511861,ME_SHORT_GEOM_B_V1,SOLUSDT,2026-10-04T12:13:32.765065Z,2026-10-04,121.8,122.7135,120.54046920680837,0.9134999999999991,0.7499999999999993,DB_SNAPSHOT_SENSITIVITY,False,DB_SNAPSHOT_SENSITIVITY,0.45155993431855274,0.0,0.6021,0.0,-0.2791461412151095,0.45155993431855274,0.0,0.6021,0.0,-0.28735632183907583,0.492610837438419,0.0,0.6568,0.0,-0.2709359605911316,0.492610837438419,0.15599343185549894,0.6568,0.208,-0.15599343185549894,0.5336617405582853,0.2709359605911316,0.7115,0.3612,-0.188834154351399,False,False,False,False,False,,,True,PRE_FIX_SIGNAL_PRE_FIX_EVALUATION,True,True,3,6,12,24,48
8884,1411223613,ME_SHORT_GEOM_B_V1,ORCAUSDT,2026-10-06T07:40:46.773043Z,2026-10-06,2.5251,2.5440382500000003,2.2795342208386895,0.018938250000000156,0.7500000000000061,DB_SNAPSHOT_SENSITIVITY,False,DB_SNAPSHOT_SENSITIVITY,1.8771533800641602,0.0,2.5029,0.0,-0.8118490356817625,3.1602708803611774,0.0,4.2137,0.0,-1.936556968040876,3.1602708803611774,1.0851055403746421,4.2137,1.4468,-0.6811611421329977,3.1602708803611774,6.99378242445844,4.2137,9.325,4.114688527187037,3.1602708803611774,9.167953744406162,4.2137,12.2239,2.799889113302443,False,True,False,True,False,,39.2,True,PRE_FIX_SIGNAL_PRE_FIX_EVALUATION,True,True,3,6,12,24,48
7900,1414827455,ME_SHORT_GEOM_B_V1,ADAUSDT,2026-10-05T13:22:47.780937Z,2026-10-05,0.2765,0.27857375,0.2669338212167769,0.0020737499999999853,0.7499999999999946,DB_SNAPSHOT_SENSITIVITY,False,DB_SNAPSHOT_SENSITIVITY,1.0488245931283955,0.10849909584085603,1.3984,0.1447,-0.8679927667269487,1.3381555153707183,0.10849909584085603,1.7842,0.1447,-1.0126582278481102,1.3381555153707183,0.10849909584085603,1.7842,0.1447,-1.301989150090433,3.218806509945757,0.10849909584085603,4.2917,0.1447,-2.820976491862578,5.388788426763118,0.10849909584085603,7.1851,0.1447,-4.2676311030741525,True,False,True,False,False,127.2,,True,PRE_FIX_SIGNAL_PRE_FIX_EVALUATION,True,True,3,6,12,24,48
7032,1416593028,ME_SHORT_GEOM_B_V1,XRPUSDT,2026-10-04T21:44:58.912604Z,2026-10-04,1.513,1.5243475,1.497423939995729,0.011347500000000066,0.7500000000000044,DB_SNAPSHOT_SENSITIVITY,False,DB_SNAPSHOT_SENSITIVITY,0.5089226701916602,0.0,0.6786,0.0,-0.3370786516853855,0.5089226701916602,0.502313284864511,0.6786,0.6698,0.45604758757436414,0.5089226701916602,0.7204230006609473,0.6786,0.9606,0.37673496364838327,0.5089226701916602,0.8922670191672221,0.6786,1.1897,0.5882352941176557,0.5089226701916602,1.2161269001982944,0.6786,1.6215,0.5882352941176557,False,True,False,True,False,,100.0,True,PRE_FIX_SIGNAL_PRE_FIX_EVALUATION,True,True,3,6,12,24,48
6624,1431787155,ME_SHORT_GEOM_B_V1,SOLUSDT,2026-10-04T15:33:58.970841Z,2026-10-04,122.12,123.0359,120.5343770535819,0.9158999999999935,0.7499999999999947,DB_SNAPSHOT_SENSITIVITY,False,DB_SNAPSHOT_SENSITIVITY,0.40943334425155586,0.0,0.5459,0.0,-0.39305601048149685,0.5895840157222394,0.0,0.7861,0.0,-0.5568293481821215,0.6059613494923101,0.0,0.8079,0.0,-0.3848673435964616,0.6059613494923101,0.0,0.8079,0.0,-0.3848673435964616,0.7615460203078994,0.0,1.0154,0.0,-0.48313134621683873,False,False,False,False,False,,,True,PRE_FIX_SIGNAL_PRE_FIX_EVALUATION,True,True,3,6,12,24,48
3687,1434359385,ME_SHORT_GEOM_B_V1,XRPUSDT,2026-10-02T10:08:59.784469Z,2026-10-02,1.5438,1.5553785,1.5151564153048842,0.011578499999999936,0.7499999999999958,DB_SNAPSHOT_SENSITIVITY,False,DB_SNAPSHOT_SENSITIVITY,0.5635445005829869,0.0,0.7514,0.0,-0.48581422464050145,0.5635445005829869,0.4599041326596634,0.7514,0.6132,0.4210389946884279,0.5635445005829869,0.4599041326596634,0.7514,0.6132,-0.01943256898561776,1.1206114781707535,0.4599041326596634,1.4941,0.6132,-0.6736623915014875,1.2112968001036508,0.8226454203912381,1.6151,1.0969,-1.0234486332426505,False,True,False,True,False,,141.0,True,PRE_FIX_SIGNAL_PRE_FIX_EVALUATION,True,True,3,6,12,24,48
8894,1457776182,ME_SHORT_GEOM_B_V1,ORCAUSDT,2026-10-06T07:55:46.474496Z,2026-10-06,2.525,2.5439374999999997,2.2819199351244035,0.01893749999999983,0.7499999999999933,DB_SNAPSHOT_SENSITIVITY,False,DB_SNAPSHOT_SENSITIVITY,3.1564356435643517,0.0,4.2086,0.0,-1.9326732673267308,3.1564356435643517,1.0891089108911012,4.2086,1.4521,-0.8356435643564404,3.1564356435643517,2.52673267326733,4.2086,3.369,1.5287128712871363,3.1564356435643517,6.99801980198021,4.2086,9.3307,1.8178217821782199,3.1564356435643517,9.172277227722782,4.2086,12.2297,2.1227722772277176,False,True,False,True,False,,24.2,True,PRE_FIX_SIGNAL_PRE_FIX_EVALUATION,True,True,3,6,12,24,48
6317,1461129668,ME_SHORT_GEOM_B_V1,SOLUSDT,2026-10-04T11:43:30.393624Z,2026-10-04,121.47,122.381025,120.10050535007596,0.9110249999999951,0.749999999999996,DB_SNAPSHOT_SENSITIVITY,False,DB_SNAPSHOT_SENSITIVITY,0.2552070470074934,0.0,0.3403,0.0,-0.2140446200708036,0.27990450316950966,0.27167201778216704,0.3732,0.3622,-0.02469745616201625,0.27990450316950966,0.27167201778216704,0.3732,0.3622,-0.0164649707746736,0.27990450316950966,0.4280892401415955,0.3732,0.5708,0.098789824648065,0.27990450316950966,0.5433440355643341,0.3732,0.7245,0.17288219313411374,False,False,False,False,False,,,True,PRE_FIX_SIGNAL_PRE_FIX_EVALUATION,True,True,3,6,12,24,48
6252,1463570730,ME_SHORT_GEOM_B_V1,SOLUSDT,2026-10-04T10:53:22.373336Z,2026-10-04,121.43,122.340725,120.2713134597898,0.9107249999999993,0.7499999999999994,DB_SNAPSHOT_SENSITIVITY,False,DB_SNAPSHOT_SENSITIVITY,0.23882071975624328,0.0,0.3184,0.0,-0.10705756402866644,0.23882071975624328,0.0,0.3184,0.0,-0.06588157786380013,0.24705591698922125,0.032940788931888364,0.3294,0.0439,-0.2223503252902991,0.24705591698922125,0.30470229762002005,0.3294,0.4063,-0.14823355019353274,0.24705591698922125,0.461171045046519,0.3294,0.6149,0.16470394465946522,False,False,False,False,False,,,True,PRE_FIX_SIGNAL_PRE_FIX_EVALUATION,True,True,3,6,12,24,48
5826,1471655252,ME_SHORT_GEOM_B_V1,USELESSUSDT,2026-10-04T04:32:39.947633Z,2026-10-04,0.24366,0.24548745,0.23298986270290659,0.0018274500000000082,0.7500000000000034,DB_SNAPSHOT_SENSITIVITY,False,DB_SNAPSHOT_SENSITIVITY,0.9398341951900134,0.0,1.2531,0.0,-0.3652630714930535,1.0424361815644698,0.0,1.3899,0.0,-0.6648608717064691,1.1368300090289727,0.0,1.5158,0.0,-1.1163096117540838,1.3215135845029964,0.0,1.762,0.0,-1.2271197570384933,2.0766642042189862,1.272264631043265,2.7689,1.6964,-0.5745711236969484,False,True,False,True,False,,207.3,True,PRE_FIX_SIGNAL_PRE_FIX_EVALUATION,True,True,3,6,12,24,48
1476,1472280370,ME_SHORT_GEOM_B_V1,ASTERUSDT,2026-09-30T15:12:53.944532Z,2026-09-30,0.7766,0.7824245,0.7493835168544801,0.00582450000000001,0.7500000000000013,DB_SNAPSHOT_SENSITIVITY,False,DB_SNAPSHOT_SENSITIVITY,1.1717744012361573,0.0,1.5624,0.0,-0.643832088591296,1.1717744012361573,0.2704094772083429,1.5624,0.3605,-1.068761267061547,1.1717744012361573,0.2704094772083429,1.5624,0.3605,-0.3347926860674653,2.0087561164048346,0.2704094772083429,2.6783,0.3605,-1.519443729075447,3.9273757404068985,0.2704094772083429,5.2365,0.3605,-3.180530517640992,True,False,True,False,False,202.1,,True,PRE_FIX_SIGNAL_PRE_FIX_EVALUATION,True,True,3,6,12,24,48
8963,1487355669,ME_SHORT_GEOM_B_V1,SPCXUSDT,2026-10-06T08:55:48.035847Z,2026-10-06,172.91,174.206825,170.79116334717548,1.2968250000000126,0.7500000000000072,DB_SNAPSHOT_SENSITIVITY,False,DB_SNAPSHOT_SENSITIVITY,0.07518362153721327,0.14458388757156904,0.1002,0.1928,0.07518362153721327,0.0925336880458022,0.14458388757156904,0.1234,0.1928,-0.07518362153721327,0.11566711005724865,0.14458388757156904,0.1542,0.1928,0.04626684402290932,0.11566711005724865,0.32965126366317343,0.1542,0.4395,0.13301717656583759,0.8732866809322717,0.3354346191660474,1.1644,0.4472,-0.5956856167948651,False,False,False,False,False,,,True,PRE_FIX_SIGNAL_PRE_FIX_EVALUATION,True,True,3,6,12,24,48
9194,1487819467,ME_SHORT_GEOM_B_V1,SPCXUSDT,2026-10-06T13:36:39.091270Z,2026-10-06,174.67,175.98002499999998,171.3069861020122,1.310024999999996,0.7499999999999978,DB_SNAPSHOT_SENSITIVITY,False,DB_SNAPSHOT_SENSITIVITY,0.4980820976698781,0.9503635426804977,0.6641,1.2672,0.372130302856819,0.561057995076424,0.9503635426804977,0.7481,1.2672,0.3263296501975277,0.561057995076424,0.9503635426804977,0.7481,1.2672,0.35495505810958067,0.7900612583729292,0.9503635426804977,1.0534,1.2672,-0.45800652659299423,1.3053186007900621,0.9503635426804977,1.7404,1.2672,-0.6469342188126156,False,True,False,True,False,,8.3,True,PRE_FIX_SIGNAL_PRE_FIX_EVALUATION,True,True,3,6,12,24,48
3841,1495916507,ME_SHORT_GEOM_B_V1,WLDUSDT,2026-10-02T11:44:22.472142Z,2026-10-02,0.545,0.5490875000000001,0.5212901455860581,0.004087500000000022,0.750000000000004,DB_SNAPSHOT_SENSITIVITY,False,DB_SNAPSHOT_SENSITIVITY,0.9908256880734075,0.0,1.3211,0.0,-0.45871559633028575,0.9908256880734075,0.7155963302752321,1.3211,0.9541,0.49541284403668334,0.9908256880734075,2.9724770642201817,1.3211,3.9633,1.8348623853211024,0.9908256880734075,8.23853211009173,1.3211,10.9847,7.302752293577972,0.9908256880734075,8.23853211009173,1.3211,10.9847,4.477064220183482,False,True,False,True,False,,30.6,True,PRE_FIX_SIGNAL_PRE_FIX_EVALUATION,True,True,3,6,12,24,48
1209,1505442013,ME_SHORT_GEOM_B_V1,QNTUSDT,2026-09-30T10:53:03.364843Z,2026-09-30,298.47,300.708525,260.7064449960306,2.2385249999999814,0.7499999999999938,DB_SNAPSHOT_SENSITIVITY,False,DB_SNAPSHOT_SENSITIVITY,1.2262538948638138,1.802526217040237,1.635,2.4034,0.7772975508426284,1.2262538948638138,6.915267866117193,1.635,9.2204,6.5768753978624295,1.2262538948638138,9.77317653365496,1.635,13.0309,4.335444098234327,1.2262538948638138,9.77317653365496,1.635,13.0309,3.6653600026803352,4.268435688678932,9.77317653365496,5.6912,13.0309,-2.1978758334170947,False,True,False,True,False,,11.9,True,PRE_FIX_SIGNAL_PRE_FIX_EVALUATION,True,True,3,6,12,24,48
4278,1510840013,ME_SHORT_GEOM_B_V1,SANDUSDT,2026-10-02T17:21:57.160312Z,2026-10-02,0.0655,0.06599125,0.05732345862357585,0.0004912499999999986,0.7499999999999979,DB_SNAPSHOT_SENSITIVITY,False,DB_SNAPSHOT_SENSITIVITY,4.290076335877873,0.0,5.7201,0.0,-3.7404580152671874,5.3893129770992445,0.0,7.1858,0.0,-2.870229007633598,5.3893129770992445,0.0,7.1858,0.0,-4.152671755725191,10.106870229007635,0.0,13.4758,0.0,-5.725190839694661,10.106870229007635,0.0,13.4758,0.0,-3.587786259541992,False,False,False,False,False,,,True,PRE_FIX_SIGNAL_PRE_FIX_EVALUATION,True,True,3,6,12,24,48
9239,1523066988,ME_SHORT_GEOM_B_V1,AVAXUSDT,2026-10-06T14:11:47.480647Z,2026-10-06,11.439,11.5247925,11.164617294552851,0.08579250000000016,0.7500000000000013,DB_SNAPSHOT_SENSITIVITY,False,DB_SNAPSHOT_SENSITIVITY,0.20980854969840815,0.5332633971501,0.2797,0.711,-0.09616225194509338,0.20980854969840815,0.8654602675059027,0.2797,1.1539,0.7867820613689995,0.20980854969840815,1.6435003059708069,0.2797,2.1913,1.0228166797796931,0.20980854969840815,1.6435003059708069,0.2797,2.1913,0.20980854969839263,0.44584316810910185,1.6435003059708069,0.5945,2.1913,0.10490427484920407,False,True,False,True,False,,23.2,True,PRE_FIX_SIGNAL_PRE_FIX_EVALUATION,True,True,3,6,12,24,48
3859,1529676284,ME_SHORT_GEOM_B_V1,WLDUSDT,2026-10-02T11:54:24.649531Z,2026-10-02,0.545,0.5490875000000001,0.519190145586058,0.004087500000000022,0.750000000000004,DB_SNAPSHOT_SENSITIVITY,False,DB_SNAPSHOT_SENSITIVITY,0.9908256880734075,0.018348623853208988,1.3211,0.0245,-0.03669724770643835,0.9908256880734075,1.8715596330275204,1.3211,2.4954,1.3944954128440257,0.9908256880734075,4.458715596330273,1.3211,5.945,4.091743119266052,0.9908256880734075,8.23853211009173,1.3211,10.9847,5.467889908256869,0.9908256880734075,8.23853211009173,1.3211,10.9847,5.0091743119266035,False,True,False,True,False,,20.6,True,PRE_FIX_SIGNAL_PRE_FIX_EVALUATION,True,True,3,6,12,24,48
2830,1531465044,ME_SHORT_GEOM_B_V1,MONUSDT,2026-10-01T17:39:20.734627Z,2026-10-01,0.03486,0.035121450000000005,0.03208516305859687,0.00026145000000000335,0.7500000000000095,DB_SNAPSHOT_SENSITIVITY,False,DB_SNAPSHOT_SENSITIVITY,1.749856569133676,0.028686173264475395,2.3331,0.0382,-1.4629948364888223,2.4670109007458394,0.028686173264475395,3.2893,0.0382,-1.3482501434308811,2.4670109007458394,0.2868617326448535,3.2893,0.3825,0.17211703958691207,2.4670109007458394,0.8318990246701049,3.2893,1.1092,0.17211703958691207,4.7045324153757955,1.090074584050483,6.2727,1.4534,-4.302925989672981,False,True,False,True,False,,75.7,True,PRE_FIX_SIGNAL_PRE_FIX_EVALUATION,True,True,3,6,12,24,48
5234,1531654094,ME_SHORT_GEOM_B_V1,SPCXUSDT,2026-10-03T13:35:29.345095Z,2026-10-03,159.27,160.464525,158.32186053740085,1.1945249999999987,0.7499999999999992,DB_SNAPSHOT_SENSITIVITY,False,DB_SNAPSHOT_SENSITIVITY,0.08162240221009849,0.0,0.1088,0.0,-0.08162240221009849,0.08162240221009849,0.0,0.1088,0.0,-0.08162240221009849,0.18208074339173758,0.0,0.2428,0.0,-0.17580209706787286,0.18835938971558444,0.0,0.2511,0.0,-0.18208074339173758,0.1946380360394313,0.0,0.2595,0.0,-0.11301563382935068,False,False,False,False,False,,,True,PRE_FIX_SIGNAL_PRE_FIX_EVALUATION,True,True,3,6,12,24,48
2998,1536118540,ME_SHORT_GEOM_B_V1,MONUSDT,2026-10-01T20:09:37.709697Z,2026-10-01,0.03524,0.0355043,0.03237843097342542,0.00026430000000000203,0.7500000000000058,DB_SNAPSHOT_SENSITIVITY,False,DB_SNAPSHOT_SENSITIVITY,3.036322360953466,0.0,4.0484,0.0,-2.667423382519873,4.313280363223611,0.0,5.751,0.0,-4.086265607264483,4.795686719636768,0.0,6.3942,0.0,-3.461975028376841,5.73212258796822,0.0,7.6428,0.0,-4.625425652667422,5.987514188422249,0.0,7.9834,0.0,-5.41997729852441,False,False,False,False,False,,,True,PRE_FIX_SIGNAL_PRE_FIX_EVALUATION,True,True,3,6,12,24,48
4033,1536253663,ME_SHORT_GEOM_B_V1,MSTRUSDT,2026-10-02T12:51:42.027906Z,2026-10-02,168.28,169.5421,162.08894268385257,1.2621000000000038,0.7500000000000022,DB_SNAPSHOT_SENSITIVITY,False,DB_SNAPSHOT_SENSITIVITY,1.4202519610173607,0.0,1.8937,0.0,-1.0577608747325893,1.509389113382453,0.0,2.0125,0.0,-1.4499643451390525,1.509389113382453,1.1528405039220333,2.0125,1.5371,-0.9329688614214364,4.296410743998092,1.1528405039220333,5.7285,1.5371,-4.236985975754692,5.473021155217499,1.1528405039220333,7.2974,1.5371,-5.395768956501077,True,True,False,True,False,98.3,38.3,True,PRE_FIX_SIGNAL_PRE_FIX_EVALUATION,True,True,3,6,12,24,48
755,1551826584,ME_SHORT_GEOM_B_V1,SOONUSDT,2026-09-29T23:26:49.365292Z,2026-09-29,0.4344,0.437658,0.37132045512278516,0.003257999999999983,0.7499999999999961,DB_SNAPSHOT_SENSITIVITY,False,DB_SNAPSHOT_SENSITIVITY,5.225598526703498,0.0,6.9675,0.0,-4.511970534069984,5.801104972375691,0.0,7.7348,0.0,-4.8802946593001835,6.468692449355435,0.0,8.6249,0.0,-3.084714548802952,7.8499079189686976,0.0,10.4665,0.0,-4.0745856353591146,11.279926335174952,0.0,15.0399,0.0,-5.824125230202576,False,False,False,False,False,,,True,PRE_FIX_SIGNAL_PRE_FIX_EVALUATION,True,True,3,6,12,24,48
9563,1564349599,ME_SHORT_GEOM_B_V1,PONSUSDT,2026-10-06T18:56:38.737753Z,2026-10-06,0.4202,0.4233515,0.39643961987189213,0.0031514999999999738,0.7499999999999938,DB_SNAPSHOT_SENSITIVITY,False,DB_SNAPSHOT_SENSITIVITY,2.5940028557829655,0.0,3.4587,0.0,-2.4512137077582175,4.355069014754888,0.0,5.8068,0.0,-3.760114231318428,4.355069014754888,0.0,5.8068,0.0,-3.1889576392194243,4.355069014754888,0.0,5.8068,0.0,-3.4507377439314637,6.4969062351261275,0.0,8.6625,0.0,-6.0685387910518855,True,False,True,False,False,208.4,,True,PRE_FIX_SIGNAL_PRE_FIX_EVALUATION,True,True,3,6,12,24,48
4055,1578223594,ME_SHORT_GEOM_B_V1,MSTRUSDT,2026-10-02T13:11:45.667535Z,2026-10-02,166.83,168.08122500000002,162.6897321960652,1.2512250000000051,0.750000000000003,DB_SNAPSHOT_SENSITIVITY,False,DB_SNAPSHOT_SENSITIVITY,0.653359707486665,0.0,0.8711,0.0,-0.4915183120541998,0.653359707486665,2.0320086315410815,0.8711,2.7093,1.3966313013246923,1.5524785710004214,2.0320086315410815,2.07,2.7093,-1.510519690703117,4.111970269136254,2.0320086315410815,5.4826,2.7093,-3.5605106995144915,5.053048012947315,2.0320086315410815,6.7374,2.7093,-4.903194869028356,True,True,False,True,False,78.2,18.2,True,PRE_FIX_SIGNAL_PRE_FIX_EVALUATION,True,True,3,6,12,24,48
7170,1582881812,ME_SHORT_GEOM_B_V1,KLACUSDT,2026-10-04T22:35:25.687016Z,2026-10-04,208.03,209.590225,206.4872975845029,1.5602250000000026,0.7500000000000012,DB_SNAPSHOT_SENSITIVITY,False,DB_SNAPSHOT_SENSITIVITY,0.24996394750757592,0.0,0.3333,0.0,-0.21150795558332824,0.24996394750757592,0.0,0.3333,0.0,-0.05287698889583889,0.24996394750757592,0.09613997981059877,0.3333,0.1282,-0.033648992933708204,0.6152958707878676,0.9229438061817946,0.8204,1.2306,0.5143488919867294,0.6152958707878676,1.5382396769696625,0.8204,2.051,0.9469788011344512,False,True,False,True,False,,94.6,True,PRE_FIX_SIGNAL_PRE_FIX_EVALUATION,True,True,3,6,12,24,48
8879,1591235531,ME_SHORT_GEOM_B_V1,ORCAUSDT,2026-10-06T07:25:44.830032Z,2026-10-06,2.5693,2.58856975,2.294348506552975,0.019269749999999863,0.7499999999999947,DB_SNAPSHOT_SENSITIVITY,False,DB_SNAPSHOT_SENSITIVITY,3.8220526991787755,0.0,5.0961,0.0,-2.8918382438796573,3.8220526991787755,0.0,5.0961,0.0,-2.5181956174833693,4.826217257618811,0.0,6.435,0.0,-2.545440392324771,4.826217257618811,5.153154555715568,6.435,6.8709,3.7753473708792264,4.826217257618811,6.398629977036534,6.435,8.5315,6.098937453781179,False,True,False,True,False,,79.3,True,PRE_FIX_SIGNAL_PRE_FIX_EVALUATION,True,True,3,6,12,24,48
1530,1594417951,ME_SHORT_GEOM_B_V1,ASTERUSDT,2026-09-30T16:23:02.113189Z,2026-09-30,0.7746,0.7804095,0.7473173477685875,0.005809500000000023,0.750000000000003,DB_SNAPSHOT_SENSITIVITY,False,DB_SNAPSHOT_SENSITIVITY,1.0715207849212462,0.0,1.4287,0.0,-1.058610895946293,1.600826232894393,0.0,2.1344,0.0,-1.303898786470436,2.246320681642134,0.0,2.9951,0.0,-1.7686547895688014,3.0725535760392377,0.0,4.0967,0.0,-2.5174283501161843,3.6793183578621185,0.0,4.9058,0.0,-1.4071778982700633,True,False,True,False,False,132.0,,True,PRE_FIX_SIGNAL_PRE_FIX_EVALUATION,True,True,3,6,12,24,48
3246,1606339295,ME_SHORT_GEOM_B_V1,MSTRUSDT,2026-10-02T00:20:12.093137Z,2026-10-02,161.93,163.144475,158.07544239280816,1.214474999999993,0.7499999999999957,DB_SNAPSHOT_SENSITIVITY,False,DB_SNAPSHOT_SENSITIVITY,0.6299018094238314,0.0,0.8399,0.0,-0.6299018094238314,0.6299018094238314,0.0,0.8399,0.0,-0.475514111035639,1.0868893966528868,0.0,1.4492,0.0,-0.7904650157475459,1.0868893966528868,0.24084480948557174,1.4492,0.3211,-0.14203668251714824,1.0868893966528868,2.494905205953185,1.4492,3.3265,2.4022725869202657,False,True,False,True,False,,159.8,True,PRE_FIX_SIGNAL_PRE_FIX_EVALUATION,True,True,3,6,12,24,48
6525,1606753004,ME_SHORT_GEOM_B_V1,STRKUSDT,2026-10-04T14:18:52.874554Z,2026-10-04,0.0565,0.05692375,0.05256713890098509,0.0004237500000000005,0.7500000000000009,DB_SNAPSHOT_SENSITIVITY,False,DB_SNAPSHOT_SENSITIVITY,1.0973451327433672,4.053097345132744,1.4631,5.4041,3.7168141592920314,1.0973451327433672,5.539823008849559,1.4631,7.3864,2.6725663716814116,1.0973451327433672,5.539823008849559,1.4631,7.3864,2.2123893805309756,1.0973451327433672,5.539823008849559,1.4631,7.3864,0.3716814159292068,3.876106194690273,5.539823008849559,5.1681,7.3864,-2.4778761061946875,False,True,False,True,False,,6.1,True,PRE_FIX_SIGNAL_PRE_FIX_EVALUATION,True,True,3,6,12,24,48
7006,1612379477,ME_SHORT_GEOM_B_V1,XRPUSDT,2026-10-04T21:29:54.741194Z,2026-10-04,1.5129,1.5242467499999999,1.4975382257100147,0.011346749999999961,0.7499999999999974,DB_SNAPSHOT_SENSITIVITY,False,DB_SNAPSHOT_SENSITIVITY,0.2842223544186642,0.006609822195782205,0.379,0.0088,-0.19829466587348085,0.5023464868794917,0.006609822195782205,0.6698,0.0088,-0.33049110978913965,0.5023464868794917,0.7270804415361307,0.6698,0.9694,0.1652455548945845,0.5023464868794917,0.7733491969066061,0.6698,1.0311,0.7469099081234774,0.5023464868794917,1.2228171062198547,0.6698,1.6304,1.017912618150577,False,True,False,True,False,,115.1,True,PRE_FIX_SIGNAL_PRE_FIX_EVALUATION,True,True,3,6,12,24,48
5647,1613931491,ME_SHORT_GEOM_B_V1,MONUSDT,2026-10-04T01:37:12.928611Z,2026-10-04,0.03456,0.0348192,0.03293812409294487,0.0002592000000000011,0.7500000000000032,DB_SNAPSHOT_SENSITIVITY,False,DB_SNAPSHOT_SENSITIVITY,1.0127314814814903,0.8391203703703662,1.3503,1.1188,0.7523148148148042,1.0416666666666643,0.8391203703703662,1.3889,1.1188,-0.8969907407407343,1.5914351851851904,0.8391203703703662,2.1219,1.1188,-0.9259259259259283,1.5914351851851904,1.7361111111111005,2.1219,2.3148,1.1574074074074003,1.5914351851851904,2.6041666666666607,2.1219,3.4722,0.6365740740740682,False,True,False,True,False,,12.8,True,PRE_FIX_SIGNAL_PRE_FIX_EVALUATION,True,True,3,6,12,24,48
7889,1650106028,ME_SHORT_GEOM_B_V1,ADAUSDT,2026-10-05T13:12:46.784096Z,2026-10-05,0.2753,0.27736475,0.2661052497882055,0.002064750000000004,0.7500000000000016,DB_SNAPSHOT_SENSITIVITY,False,DB_SNAPSHOT_SENSITIVITY,0.3995641118779477,0.5448601525608433,0.5328,0.7265,0.2542680711950723,0.7264802034144576,0.5448601525608433,0.9686,0.7265,-0.5448601525608433,0.9081002542680721,0.5448601525608433,1.2108,0.7265,0.036324010170718846,2.7969487831456536,0.5448601525608433,3.7293,0.7265,-2.5790047221213204,4.976389393389026,0.5448601525608433,6.6352,0.7265,-3.9229930984380594,True,False,True,False,False,137.2,,True,PRE_FIX_SIGNAL_PRE_FIX_EVALUATION,True,True,3,6,12,24,48
5115,1650714246,ME_SHORT_GEOM_B_V1,SPCXUSDT,2026-10-03T10:14:56.468359Z,2026-10-03,159.1,160.29325,158.09190405082222,1.1932500000000061,0.7500000000000039,DB_SNAPSHOT_SENSITIVITY,False,DB_SNAPSHOT_SENSITIVITY,0.0251414204902527,0.0,0.0335,0.0,-0.006285355122558708,0.04399748585794669,0.03142677561282927,0.0587,0.0419,-0.04399748585794669,0.05656819610308197,0.03142677561282927,0.0754,0.0419,-0.012570710245117417,0.05656819610308197,0.03142677561282927,0.0754,0.0419,0.0,0.05656819610308197,0.10685103708360523,0.0754,0.1425,-0.01885606536769399,False,False,False,False,False,,,True,PRE_FIX_SIGNAL_PRE_FIX_EVALUATION,True,True,3,6,12,24,48
11024,1678989738,ME_SHORT_GEOM_B_V1,AVAXUSDT,2026-10-07T00:12:26.921025Z,2026-10-07,11.645,11.7323375,11.370299371810919,0.08733750000000029,0.7500000000000024,DB_SNAPSHOT_SENSITIVITY,False,DB_SNAPSHOT_SENSITIVITY,0.9446114212108152,0.0,1.2595,0.0,-0.9274366680978856,0.987548303993132,0.0,1.3167,0.0,-0.37784456848431697,0.987548303993132,0.07728638900816094,1.3167,0.103,-0.618291112065257,6.105624731644486,0.07728638900816094,8.1408,0.103,-4.765993988836408,6.191498497209104,0.07728638900816094,8.2553,0.103,-4.937741519965645,True,False,True,False,False,102.6,,True,PRE_FIX_SIGNAL_PRE_FIX_EVALUATION,True,True,3,6,12,24,48
1533,1681174902,ME_SHORT_GEOM_B_V1,ASTERUSDT,2026-09-30T16:28:04.264537Z,2026-09-30,0.7746,0.7804095,0.7463887763400162,0.005809500000000023,0.750000000000003,DB_SNAPSHOT_SENSITIVITY,False,DB_SNAPSHOT_SENSITIVITY,1.2522592305706082,0.0,1.6697,0.0,-1.2135295636457482,1.600826232894393,0.0,2.1344,0.0,-1.420087787245031,2.246320681642134,0.0,2.9951,0.0,-1.5879163439194395,3.0725535760392377,0.0,4.0967,0.0,-2.8014459075651876,3.6793183578621185,0.0,4.9058,0.0,-1.420087787245031,True,False,True,False,False,126.9,,True,PRE_FIX_SIGNAL_PRE_FIX_EVALUATION,True,True,3,6,12,24,48
799,1681199643,ME_SHORT_GEOM_B_V1,SOONUSDT,2026-09-30T00:11:55.528112Z,2026-09-30,0.4197,0.42284775,0.3718475656083699,0.0031477500000000047,0.7500000000000011,DB_SNAPSHOT_SENSITIVITY,False,DB_SNAPSHOT_SENSITIVITY,3.1927567309983376,1.0245413390516966,4.257,1.3661,0.30974505599236785,3.1927567309983376,3.3357159876101874,4.257,4.4476,0.4765308553728858,4.622349297116995,3.3357159876101874,6.1631,4.4476,0.40505122706694763,8.172504169644984,3.3357159876101874,10.8967,4.4476,-7.076483202287349,8.172504169644984,3.3357159876101874,10.8967,4.4476,-1.5963783654991754,False,True,False,True,False,,13.1,True,PRE_FIX_SIGNAL_PRE_FIX_EVALUATION,True,True,3,6,12,24,48
3804,1706734405,ME_SHORT_GEOM_B_V1,XRPUSDT,2026-10-02T11:19:08.295771Z,2026-10-02,1.544,1.55558,1.5132105475311652,0.011579999999999924,0.749999999999995,DB_SNAPSHOT_SENSITIVITY,False,DB_SNAPSHOT_SENSITIVITY,0.6023316062176222,0.0,0.8031,0.0,-0.556994818652846,0.738341968911922,0.0,0.9845,0.0,-0.6930051813471458,1.1334196891191755,0.0,1.5112,0.0,-0.4080310880828998,1.1334196891191755,0.8095854922279764,1.5112,1.0794,-0.37564766839378416,2.7137305699481895,0.8095854922279764,3.6183,1.0794,-2.085492227979275,True,True,False,True,False,210.9,70.9,True,PRE_FIX_SIGNAL_PRE_FIX_EVALUATION,True,True,3,6,12,24,48
1168,1711470164,ME_SHORT_GEOM_B_V1,SOONUSDT,2026-09-30T09:58:03.519331Z,2026-09-30,0.4588,0.462241,0.3985748021382991,0.0034410000000000274,0.750000000000006,DB_SNAPSHOT_SENSITIVITY,False,DB_SNAPSHOT_SENSITIVITY,2.4629468177855225,0.0,3.2839,0.0,-1.1115954664341747,2.4629468177855225,1.4167393199651277,3.2839,1.889,-0.784655623365299,2.484742807323445,2.375762859633832,3.313,3.1677,-1.7218831734960687,5.6451612903225765,2.375762859633832,7.5269,3.1677,-4.424585876198776,7.67218831734961,5.492589363557106,10.2296,7.3235,2.4411508282475998,False,True,False,True,False,,16.9,True,PRE_FIX_SIGNAL_PRE_FIX_EVALUATION,True,True,3,6,12,24,48
5094,1711879082,ME_SHORT_GEOM_B_V1,SPCXUSDT,2026-10-03T10:04:54.904845Z,2026-10-03,159.06,160.25295,158.04761833653652,1.1929499999999962,0.7499999999999977,DB_SNAPSHOT_SENSITIVITY,False,DB_SNAPSHOT_SENSITIVITY,0.0062869357475109425,0.025147742990061638,0.0084,0.0335,0.012573871495039754,0.0062869357475109425,0.05658242172765209,0.0084,0.0754,0.050295485980123275,0.03143467873759045,0.05658242172765209,0.0419,0.0754,0.0,0.03143467873759045,0.05658242172765209,0.0419,0.0754,0.0062869357475109425,0.03143467873759045,0.13202565069785488,0.0419,0.176,0.050295485980123275,False,False,False,False,False,,,True,PRE_FIX_SIGNAL_PRE_FIX_EVALUATION,True,True,3,6,12,24,48
1486,1712190355,ME_SHORT_GEOM_B_V1,ASTERUSDT,2026-09-30T15:27:55.540391Z,2026-09-30,0.7766,0.7824245,0.7433263739973373,0.00582450000000001,0.7500000000000013,DB_SNAPSHOT_SENSITIVITY,False,DB_SNAPSHOT_SENSITIVITY,1.120267834148845,0.2704094772083429,1.4937,0.3605,-1.068761267061547,1.120267834148845,0.2704094772083429,1.4937,0.3605,-0.476435745557549,1.120267834148845,0.2704094772083429,1.4937,0.3605,-0.7983517898532041,2.4980685037342227,0.2704094772083429,3.3308,0.3605,-1.8413597733711022,3.9273757404068985,0.2704094772083429,5.2365,0.3605,-2.807107906258039,False,False,False,False,False,,,True,PRE_FIX_SIGNAL_PRE_FIX_EVALUATION,True,True,3,6,12,24,48
5997,1740108876,ME_SHORT_GEOM_B_V1,PUMPFUNUSDT,2026-10-04T07:07:46.812724Z,2026-10-04,0.006488,0.00653666,0.006120127985724188,4.865999999999985e-05,0.7499999999999977,DB_SNAPSHOT_SENSITIVITY,False,DB_SNAPSHOT_SENSITIVITY,1.094327990135633,0.0,1.4591,0.0,-0.8785450061652245,1.572133168927245,0.0,2.0962,0.0,-1.0172626387176338,2.0345252774352676,0.0,2.7127,0.0,-1.1868064118372352,2.173242909987664,0.0,2.8977,0.0,-1.7725030826140513,3.72996300863132,0.0,4.9733,0.0,-3.267570900123297,False,False,False,False,False,,,True,PRE_FIX_SIGNAL_PRE_FIX_EVALUATION,True,True,3,6,12,24,48
4325,1741161815,ME_SHORT_GEOM_B_V1,SPCXUSDT,2026-10-02T17:57:18.884515Z,2026-10-02,158.76,159.95069999999998,155.9907865215645,1.1906999999999925,0.7499999999999953,DB_SNAPSHOT_SENSITIVITY,False,DB_SNAPSHOT_SENSITIVITY,0.3653313177122601,0.05039052658101065,0.4871,0.0672,0.03779289493575351,0.3653313177122601,0.05039052658101065,0.4871,0.0672,-0.04409171075837313,0.3653313177122601,0.5102040816326545,0.4871,0.6803,0.03779289493575351,0.3653313177122601,0.762156714537672,0.4871,1.0162,0.1637692113882712,0.3653313177122601,0.762156714537672,0.4871,1.0162,0.06928697404888741,False,True,False,True,False,,107.7,True,PRE_FIX_SIGNAL_PRE_FIX_EVALUATION,True,True,3,6,12,24,48
2025,1745225334,ME_SHORT_GEOM_B_V1,SNDKUSDT,2026-10-01T03:28:41.730379Z,2026-10-01,1759.97,1773.169775,1730.6235182177759,13.199775000000045,0.7500000000000026,DB_SNAPSHOT_SENSITIVITY,False,DB_SNAPSHOT_SENSITIVITY,0.35114234901731645,0.0,0.4682,0.0,-0.06136468235253597,0.35114234901731645,0.787513423524259,0.4682,1.05,0.6596703352898003,0.35114234901731645,1.0142218333266992,0.4682,1.3523,0.5329636300618693,0.35114234901731645,1.460820354892415,0.4682,1.9478,1.3983192895333385,0.35114234901731645,2.214810479724087,0.4682,2.9531,0.36193798757932755,False,True,False,True,False,,26.3,True,PRE_FIX_SIGNAL_PRE_FIX_EVALUATION,True,True,3,6,12,24,48
8967,1763638356,ME_SHORT_GEOM_B_V1,AVAXUSDT,2026-10-06T08:55:49.845684Z,2026-10-06,11.406,11.491545,11.091073368898508,0.08554499999999976,0.7499999999999979,DB_SNAPSHOT_SENSITIVITY,False,DB_SNAPSHOT_SENSITIVITY,1.0871471155532224,0.0,1.4495,0.0,-0.6400140277047203,1.56934946519376,0.0,2.0925,0.0,-1.2537261090654102,1.56934946519376,0.0,2.0925,0.0,-1.0696124846571968,1.56934946519376,0.0,2.0925,0.0,-0.7364544976328371,1.56934946519376,2.52498684902683,2.0925,3.3666,0.9468700683850495,False,True,False,True,False,,159.2,True,PRE_FIX_SIGNAL_PRE_FIX_EVALUATION,True,True,3,6,12,24,48
1808,1777920539,ME_SHORT_GEOM_B_V1,HYPEUSDT,2026-09-30T23:07:53.951521Z,2026-09-30,91.71,92.397825,88.64450005433984,0.6878250000000037,0.750000000000004,DB_SNAPSHOT_SENSITIVITY,False,DB_SNAPSHOT_SENSITIVITY,0.9377385236070216,0.0,1.2503,0.0,-0.5779086250136156,1.362992040126486,0.0,1.8173,0.0,-1.155817250027247,1.362992040126486,0.0,1.8173,0.0,-1.2212408679533207,2.104459709955286,0.0,2.8059,0.0,-1.7446298113618957,3.0312942972412897,0.0,4.0417,0.0,-2.5515210991167696,False,False,False,False,False,,,True,PRE_FIX_SIGNAL_PRE_FIX_EVALUATION,True,True,3,6,12,24,48
2853,1797345501,ME_SHORT_GEOM_B_V1,MONUSDT,2026-10-01T17:54:22.908926Z,2026-10-01,0.03487,0.035131525,0.0322837344871683,0.00026152499999999856,0.7499999999999959,DB_SNAPSHOT_SENSITIVITY,False,DB_SNAPSHOT_SENSITIVITY,2.4949813593346595,0.0,3.3266,0.0,-1.3765414396329259,2.4949813593346595,0.0,3.3266,0.0,-0.1720676799541083,2.4949813593346595,0.37281330656726447,3.3266,0.4971,0.28677946659020037,2.4949813593346595,1.0610840263837173,3.3266,1.4148,0.14338973329510019,4.731861198738167,1.0610840263837173,6.3091,1.4148,-3.5847433323774056,False,True,False,True,False,,60.6,True,PRE_FIX_SIGNAL_PRE_FIX_EVALUATION,True,True,3,6,12,24,48
5735,1803343638,ME_SHORT_GEOM_B_V1,USELESSUSDT,2026-10-04T02:37:22.135363Z,2026-10-04,0.24439,0.246222925,0.23235203850045652,0.001832925000000013,0.7500000000000053,DB_SNAPSHOT_SENSITIVITY,False,DB_SNAPSHOT_SENSITIVITY,1.976349277793691,0.0,2.6351,0.0,-1.8167682802078644,1.976349277793691,0.0,2.6351,0.0,-1.4730553623306977,2.0090838414010386,0.0,2.6788,0.0,-1.3093825442939597,2.0090838414010386,0.0,2.6788,0.0,-0.8470068333401484,2.0090838414010386,0.0,2.6788,0.0,-1.7021973075821422,False,False,False,False,False,,,True,PRE_FIX_SIGNAL_PRE_FIX_EVALUATION,True,True,3,6,12,24,48
768,1815619796,ME_SHORT_GEOM_B_V1,SOONUSDT,2026-09-29T23:41:51.165651Z,2026-09-29,0.4344,0.437658,0.37182045512278517,0.003257999999999983,0.7499999999999961,DB_SNAPSHOT_SENSITIVITY,False,DB_SNAPSHOT_SENSITIVITY,5.801104972375691,0.0,7.7348,0.0,-4.8802946593001835,5.801104972375691,0.0,7.7348,0.0,-5.06445672191529,6.468692449355435,0.0,8.6249,0.0,-2.9235727440147303,7.8499079189686976,0.0,10.4665,0.0,-6.054327808471452,11.279926335174952,0.0,15.0399,0.0,-6.537753222836091,False,False,False,False,False,,,True,PRE_FIX_SIGNAL_PRE_FIX_EVALUATION,True,True,3,6,12,24,48
760,1831451106,ME_SHORT_GEOM_B_V1,SOONUSDT,2026-09-29T23:31:50.635935Z,2026-09-29,0.4344,0.437658,0.36982045512278516,0.003257999999999983,0.7499999999999961,DB_SNAPSHOT_SENSITIVITY,False,DB_SNAPSHOT_SENSITIVITY,5.041436464088405,0.0,6.7219,0.0,-4.189686924493553,5.801104972375691,0.0,7.7348,0.0,-4.120626151012898,6.468692449355435,0.0,8.6249,0.0,-2.4861878453038746,7.8499079189686976,0.0,10.4665,0.0,-4.511970534069984,11.279926335174952,0.0,15.0399,0.0,-6.192449355432789,False,False,False,False,False,,,True,PRE_FIX_SIGNAL_PRE_FIX_EVALUATION,True,True,3,6,12,24,48
4146,1846189978,ME_SHORT_GEOM_B_V1,MSTRUSDT,2026-10-02T14:06:53.785792Z,2026-10-02,169.59,170.861925,162.25801655699087,1.2719250000000102,0.750000000000006,DB_SNAPSHOT_SENSITIVITY,False,DB_SNAPSHOT_SENSITIVITY,3.7325313992570393,0.0,4.9767,0.0,-2.63576861843269,4.953122235980898,0.0,6.6042,0.0,-3.9919806592369893,5.672504275016218,0.0,7.5633,0.0,-5.371778996403098,6.0675747390765915,0.0,8.0901,0.0,-5.784539182734832,7.317648446252726,0.0,9.7569,0.0,-7.069992334453688,True,False,True,False,False,23.1,,True,PRE_FIX_SIGNAL_PRE_FIX_EVALUATION,True,True,3,6,12,24,48
9062,1846926908,ME_SHORT_GEOM_B_V1,SPCXUSDT,2026-10-06T11:06:09.847742Z,2026-10-06,173.48,174.78109999999998,171.13905784627926,1.301099999999991,0.7499999999999949,DB_SNAPSHOT_SENSITIVITY,False,DB_SNAPSHOT_SENSITIVITY,0.28245330873874835,0.0,0.3766,0.0,-0.046114825916522995,0.4092690800092112,0.005764353239577661,0.5457,0.0077,-0.391976020290511,1.1989854738298273,0.005764353239577661,1.5986,0.0077,-0.824302513258,1.3200368918607288,0.005764353239577661,1.76,0.0077,-1.3085081853815899,1.3892091307355297,1.6428406732764715,1.8523,2.1905,0.5476135577588294,True,True,True,False,False,123.8,148.8,True,PRE_FIX_SIGNAL_PRE_FIX_EVALUATION,True,True,3,6,12,24,48
6384,1847750403,ME_SHORT_GEOM_B_V1,SOLUSDT,2026-10-04T12:38:36.531165Z,2026-10-04,121.6,122.512,120.39046920680836,0.9120000000000061,0.7500000000000051,DB_SNAPSHOT_SENSITIVITY,False,DB_SNAPSHOT_SENSITIVITY,0.30427631578946573,0.0,0.4057,0.0,-0.2878289473684164,0.3289473684210456,0.0,0.4386,0.0,-0.20559210526315788,0.3289473684210456,0.32072368421052677,0.4386,0.4276,0.07401315789473965,0.37006578947367486,0.32072368421052677,0.4934,0.4276,-0.12335526315788772,0.37006578947367486,0.43585526315789563,0.4934,0.5811,0.0,False,False,False,False,False,,,True,PRE_FIX_SIGNAL_PRE_FIX_EVALUATION,True,True,3,6,12,24,48
3662,1851648584,ME_SHORT_GEOM_B_V1,XRPUSDT,2026-10-02T09:43:54.883825Z,2026-10-02,1.5395,1.5510462500000002,1.510342074068341,0.011546250000000091,0.7500000000000059,DB_SNAPSHOT_SENSITIVITY,False,DB_SNAPSHOT_SENSITIVITY,0.27281584930172015,0.1558947710295523,0.3638,0.2079,-0.03897369275739889,0.27281584930172015,0.2793114647612842,0.3638,0.3724,-0.14290354011042414,0.2858070802208627,0.7405001623903771,0.3811,0.9873,0.3832413121143239,0.44819746670997906,0.7405001623903771,0.5976,0.9873,-0.3702500811951957,0.8444300097434311,1.1042546281260086,1.1259,1.4723,0.058460539136076704,False,True,False,True,False,,166.1,True,PRE_FIX_SIGNAL_PRE_FIX_EVALUATION,True,True,3,6,12,24,48
7180,1914654570,ME_SHORT_GEOM_B_V1,KLACUSDT,2026-10-04T22:50:30.575004Z,2026-10-04,207.97,209.529775,206.39729758450292,1.559775000000002,0.7500000000000009,DB_SNAPSHOT_SENSITIVITY,False,DB_SNAPSHOT_SENSITIVITY,0.18271866134538417,0.0,0.2436,0.0,-0.02404192912439841,0.18271866134538417,0.12501803144683893,0.2436,0.1667,0.12501803144683893,0.18271866134538417,0.12501803144683893,0.2436,0.1667,0.04327547242390894,0.5866230706351871,0.9520603933259555,0.7822,1.2694,0.8607010626532635,0.5866230706351871,1.5675337789104153,0.7822,2.09,0.8270423618791166,False,True,False,True,False,,79.5,True,PRE_FIX_SIGNAL_PRE_FIX_EVALUATION,True,True,3,6,12,24,48
5607,1921857311,ME_SHORT_GEOM_B_V1,MONUSDT,2026-10-04T01:02:07.804013Z,2026-10-04,0.03445,0.034708375,0.03293383837865916,0.0002583749999999982,0.7499999999999947,DB_SNAPSHOT_SENSITIVITY,False,DB_SNAPSHOT_SENSITIVITY,0.6386066763425396,0.4354136429608051,0.8515,0.5806,-0.29027576197388344,0.6386066763425396,0.4354136429608051,0.8515,0.5806,-0.05805515239477267,0.8998548621190268,1.1611030478954936,1.1998,1.5481,-0.2031930333817144,1.277213352685059,1.1611030478954936,1.703,1.5481,-0.46444121915820147,1.277213352685059,2.9317851959361305,1.703,3.909,1.4513788098693772,False,True,False,True,False,,42.9,True,PRE_FIX_SIGNAL_PRE_FIX_EVALUATION,True,True,3,6,12,24,48
889,1923323646,ME_SHORT_GEOM_B_V1,ICPUSDT,2026-09-30T02:07:12.482978Z,2026-09-30,3.505,3.5312875,3.326014498047218,0.02628750000000002,0.7500000000000006,DB_SNAPSHOT_SENSITIVITY,False,DB_SNAPSHOT_SENSITIVITY,3.766048502139791,0.0,5.0214,0.0,-3.1098430813124107,4.764621968616257,0.0,6.3528,0.0,-3.4236804564907306,4.764621968616257,0.0,6.3528,0.0,-4.022824536376605,4.764621968616257,0.0,6.3528,0.0,-3.4236804564907306,4.764621968616257,0.0,6.3528,0.0,-1.9971469329529197,False,False,False,False,False,,,True,PRE_FIX_SIGNAL_PRE_FIX_EVALUATION,True,True,3,6,12,24,48
8863,1939832770,ME_SHORT_GEOM_B_V1,ORCAUSDT,2026-10-06T06:50:42.379953Z,2026-10-06,2.5334,2.5524005,2.2682983870855504,0.019000500000000198,0.7500000000000079,DB_SNAPSHOT_SENSITIVITY,False,DB_SNAPSHOT_SENSITIVITY,1.6341675219073135,1.417067971895487,2.1789,1.8894,-0.09078708455040534,2.0644193573853236,1.417067971895487,2.7526,1.8894,-1.1723375700639482,2.459145811952318,1.417067971895487,3.2789,1.8894,-1.4131207073498087,3.477540064735132,2.186784558301102,4.6367,2.9157,0.8170837609536655,3.477540064735132,6.643246230362372,4.6367,8.8577,0.6947185600379049,False,True,False,True,False,,14.3,True,PRE_FIX_SIGNAL_PRE_FIX_EVALUATION,True,True,3,6,12,24,48
9320,1940755761,ME_SHORT_GEOM_B_V1,SPCXUSDT,2026-10-06T16:05:53.431440Z,2026-10-06,174.36,175.66770000000002,171.25087631054672,1.3077000000000112,0.7500000000000064,DB_SNAPSHOT_SENSITIVITY,False,DB_SNAPSHOT_SENSITIVITY,0.8602890571231934,0.0,1.1471,0.0,-0.5448497361780322,0.8602890571231934,0.0,1.1471,0.0,-0.23514567561368718,0.8602890571231934,0.0,1.1471,0.0,-0.3613214039917549,1.1298462950218096,0.0,1.5065,0.0,-0.8373480155999128,1.7033723331039383,0.0,2.2712,0.0,-1.4108740536820417,False,False,False,False,False,,,True,PRE_FIX_SIGNAL_PRE_FIX_EVALUATION,True,True,3,6,12,24,48
1472,1953949638,ME_SHORT_GEOM_B_V1,ASTERUSDT,2026-09-30T15:07:53.568085Z,2026-09-30,0.775,0.7808125,0.7493120882830515,0.005812499999999998,0.7499999999999997,DB_SNAPSHOT_SENSITIVITY,False,DB_SNAPSHOT_SENSITIVITY,0.8129032258064481,0.2064516129032174,1.0839,0.2753,-0.5548387096774156,0.967741935483879,0.4774193548387,1.2903,0.6366,-0.12903225806451624,0.967741935483879,0.4774193548387,1.2903,0.6366,-0.47741935483871445,1.8064516129032273,0.4774193548387,2.4086,0.6366,-1.367741935483878,3.7290322580645205,0.4774193548387,4.972,0.6366,-3.0838709677419396,True,False,True,False,False,207.1,,True,PRE_FIX_SIGNAL_PRE_FIX_EVALUATION,True,True,3,6,12,24,48
3654,1963049761,ME_SHORT_GEOM_B_V1,XRPUSDT,2026-10-02T09:38:54.116966Z,2026-10-02,1.5404,1.551953,1.5110420740683412,0.011552999999999924,0.7499999999999951,DB_SNAPSHOT_SENSITIVITY,False,DB_SNAPSHOT_SENSITIVITY,0.3310828356271022,0.09737730459621247,0.4414,0.1298,-0.025967281225652818,0.3310828356271022,0.22072189041807774,0.4414,0.2943,-0.06491820306413203,0.344066476239943,0.6816411321734585,0.4588,0.9089,0.6426902103349792,0.39600103869124864,0.6816411321734585,0.528,0.9089,-0.37652557777200907,0.9023630225915362,1.0451830693326412,1.2032,1.3936,0.4544274214489819,False,True,False,True,False,,171.1,True,PRE_FIX_SIGNAL_PRE_FIX_EVALUATION,True,True,3,6,12,24,48
6987,1968172570,ME_SHORT_GEOM_B_V1,XRPUSDT,2026-10-04T21:24:53.142184Z,2026-10-04,1.5129,1.5242467499999999,1.4974382257100147,0.011346749999999961,0.7499999999999974,DB_SNAPSHOT_SENSITIVITY,False,DB_SNAPSHOT_SENSITIVITY,0.21151431026504527,0.006609822195782205,0.282,0.0088,-0.16524555489456982,0.2842223544186642,0.006609822195782205,0.379,0.0088,-0.20490448806926306,0.5023464868794917,0.7270804415361307,0.6698,0.9694,0.4626875537048132,0.5023464868794917,0.7270804415361307,0.6698,0.9694,0.44946790931324865,0.5023464868794917,1.1104501288915427,0.6698,1.4806,1.0113027959547949,False,True,False,True,False,,120.1,True,PRE_FIX_SIGNAL_PRE_FIX_EVALUATION,True,True,3,6,12,24,48
7191,1974369294,ME_SHORT_GEOM_B_V1,KLACUSDT,2026-10-04T22:55:31.789067Z,2026-10-04,207.74,209.29805000000002,206.3772975845029,1.5580500000000086,0.7500000000000041,DB_SNAPSHOT_SENSITIVITY,False,DB_SNAPSHOT_SENSITIVITY,0.024068547222495122,0.09627418888995312,0.0321,0.1284,0.08664677000095235,0.024068547222495122,0.2358717627803893,0.0321,0.3145,0.17329354000191838,0.024068547222495122,0.2503128911138836,0.0321,0.3338,0.23105805333589574,0.47655723500529945,1.111966881679023,0.6354,1.4826,1.0397612400115512,0.47655723500529945,1.6799845961297681,0.6354,2.24,0.4909983633387801,False,True,False,True,False,,74.5,True,PRE_FIX_SIGNAL_PRE_FIX_EVALUATION,True,True,3,6,12,24,48
6542,2001060710,ME_SHORT_GEOM_B_V1,SOLUSDT,2026-10-04T14:38:53.546350Z,2026-10-04,121.7,122.61275,120.32438407650645,0.9127500000000026,0.7500000000000021,DB_SNAPSHOT_SENSITIVITY,False,DB_SNAPSHOT_SENSITIVITY,0.3533278553820927,0.0,0.4711,0.0,-0.05751848808546211,0.3533278553820927,0.35332785538208106,0.4711,0.4711,0.00821692686934339,0.3533278553820927,0.35332785538208106,0.4711,0.4711,-0.008216926869355066,0.3533278553820927,0.35332785538208106,0.4711,0.4711,-0.08216926869351562,0.41906327033689816,0.35332785538208106,0.5588,0.4711,-0.22185702547247002,False,False,False,False,False,,,True,PRE_FIX_SIGNAL_PRE_FIX_EVALUATION,True,True,3,6,12,24,48
2020,2005942101,ME_SHORT_GEOM_B_V1,SNDKUSDT,2026-10-01T03:23:43.833301Z,2026-10-01,1759.97,1773.169775,1731.513518217776,13.199775000000045,0.7500000000000026,DB_SNAPSHOT_SENSITIVITY,False,DB_SNAPSHOT_SENSITIVITY,0.35114234901731645,0.0,0.4682,0.0,-0.24375415490036556,0.35114234901731645,0.4880765013039948,0.4682,0.6508,0.47330352221912464,0.35114234901731645,1.0142218333266992,0.4682,1.3523,0.44489394705591156,0.35114234901731645,1.3341136496644839,0.4682,1.7788,1.1227464104501776,0.35114234901731645,2.214810479724087,0.4682,2.9531,0.8931970431314185,False,True,False,True,False,,31.3,True,PRE_FIX_SIGNAL_PRE_FIX_EVALUATION,True,True,3,6,12,24,48
4043,2022746378,ME_SHORT_GEOM_B_V1,XRPUSDT,2026-10-02T13:06:30.362936Z,2026-10-02,1.5468,1.558401,1.5155981590213572,0.011600999999999972,0.7499999999999982,DB_SNAPSHOT_SENSITIVITY,False,DB_SNAPSHOT_SENSITIVITY,0.6141711921385985,0.0,0.8189,0.0,-0.5301267132143771,0.6594259115593475,0.20687871735195837,0.8792,0.2758,0.038789759503501164,1.4028963020429308,0.20687871735195837,1.8705,0.2758,-1.2154124644427158,2.889837083010083,0.20687871735195837,3.8531,0.2758,-2.527799327644163,3.1613653995345192,0.20687871735195837,4.2152,0.2758,-3.0062063615205576,True,False,True,False,False,103.5,,True,PRE_FIX_SIGNAL_PRE_FIX_EVALUATION,True,True,3,6,12,24,48
859,2024893440,ME_SHORT_GEOM_B_V1,ICPUSDT,2026-09-30T01:22:10.392871Z,2026-09-30,3.501,3.5272574999999997,3.3193013295457026,0.026257499999999823,0.7499999999999949,DB_SNAPSHOT_SENSITIVITY,False,DB_SNAPSHOT_SENSITIVITY,1.4281633818908834,0.0,1.9042,0.0,-1.1139674378748843,1.4281633818908834,0.11425307055127118,1.9042,0.1523,-0.5712653527563558,3.656098257640665,0.11425307055127118,4.8748,0.1523,-2.999143101970865,4.655812624964291,0.11425307055127118,6.2078,0.1523,-3.941730934018849,4.655812624964291,0.11425307055127118,6.2078,0.1523,-1.0282776349614406,False,False,False,False,False,,,True,PRE_FIX_SIGNAL_PRE_FIX_EVALUATION,True,True,3,6,12,24,48
6880,2057927105,ME_SHORT_GEOM_B_V1,BTCUSDT,2026-10-04T19:54:37.852277Z,2026-10-04,85554.5,86196.15875,85003.84105357146,641.6587500000023,0.7500000000000028,DB_SNAPSHOT_SENSITIVITY,False,DB_SNAPSHOT_SENSITIVITY,0.23867826940721656,0.0,0.3182,0.0,-0.23867826940721656,0.23867826940721656,0.0,0.3182,0.0,-0.14458619944011955,0.23867826940721656,0.3381470290867259,0.3182,0.4509,0.26334091134890963,0.23867826940721656,0.56969534039705,0.3182,0.7596,0.3162896165602111,0.23867826940721656,1.4252903120233233,0.3182,1.9004,1.0311555791922076,False,True,False,True,False,,125.4,True,PRE_FIX_SIGNAL_PRE_FIX_EVALUATION,True,True,3,6,12,24,48
7069,2084027533,ME_SHORT_GEOM_B_V1,XRPUSDT,2026-10-04T22:00:02.125606Z,2026-10-04,1.5126,1.5239445,1.495223939995729,0.01134450000000009,0.750000000000006,DB_SNAPSHOT_SENSITIVITY,False,DB_SNAPSHOT_SENSITIVITY,0.0,0.7470580457490472,0.0,0.9961,0.48922385296840365,0.0,0.7470580457490472,0.0,0.9961,0.2710564590770853,0.0,0.7470580457490472,0.0,0.9961,0.4363347877826366,0.0,0.9189475076028047,0.0,1.2253,0.3173343911146462,0.01983339944466263,1.2428930318656717,0.0264,1.6572,0.6082242496363941,False,True,False,True,False,,85.0,True,PRE_FIX_SIGNAL_PRE_FIX_EVALUATION,True,True,3,6,12,24,48
7699,2090633940,ME_SHORT_GEOM_B_V1,VIRTUALUSDT,2026-10-05T09:17:21.968281Z,2026-10-05,0.8849,0.89153675,0.8477267344055615,0.006636749999999969,0.7499999999999964,DB_SNAPSHOT_SENSITIVITY,False,DB_SNAPSHOT_SENSITIVITY,1.4238897050514243,0.0,1.8985,0.0,-1.0283647869815793,1.4238897050514243,0.0,1.8985,0.0,-1.050966210871282,1.9550231664594848,0.0,2.6067,0.0,-1.4916939767205322,2.407051644253586,0.0,3.2094,0.0,-2.158435981466833,3.435416431235166,0.0,4.5806,0.0,-2.5200587637021115,False,False,False,False,False,,,True,PRE_FIX_SIGNAL_PRE_FIX_EVALUATION,True,True,3,6,12,24,48
8874,2095863864,ME_SHORT_GEOM_B_V1,ORCAUSDT,2026-10-06T07:20:44.656127Z,2026-10-06,2.5693,2.58856975,2.2860199351244033,0.019269749999999863,0.7499999999999947,DB_SNAPSHOT_SENSITIVITY,False,DB_SNAPSHOT_SENSITIVITY,3.654691939438761,0.0,4.8729,0.0,-3.0319542287782695,3.8220526991787755,0.0,5.0961,0.0,-2.7906433658973384,4.826217257618811,0.0,6.435,0.0,-1.2649359747791302,4.826217257618811,5.153154555715568,6.435,6.8709,3.6235550539057226,4.826217257618811,5.153154555715568,6.435,6.8709,2.926867240104297,False,True,False,True,False,,84.3,True,PRE_FIX_SIGNAL_PRE_FIX_EVALUATION,True,True,3,6,12,24,48
6912,2099696986,ME_SHORT_GEOM_B_V1,BTCUSDT,2026-10-04T20:29:43.395499Z,2026-10-04,85456.0,86096.92,85057.2095652465,640.9199999999983,0.749999999999998,DB_SNAPSHOT_SENSITIVITY,False,DB_SNAPSHOT_SENSITIVITY,0.06260531735630032,0.337951694439247,0.0835,0.4506,0.3109202396554918,0.06260531735630032,0.4538007863695971,0.0835,0.6051,0.3971634525369713,0.06260531735630032,0.6856159895150653,0.0835,0.9142,0.3923656618610781,0.06260531735630032,1.428337390001879,0.0835,1.9044,0.8823254072271111,0.06260531735630032,1.5421971540909873,0.0835,2.0563,0.9173141733757655,False,True,False,True,False,,90.3,True,PRE_FIX_SIGNAL_PRE_FIX_EVALUATION,True,True,3,6,12,24,48
6401,2102304436,ME_SHORT_GEOM_B_V1,SOLUSDT,2026-10-04T12:53:36.636210Z,2026-10-04,121.59,122.501925,120.23046920680837,0.9119249999999965,0.7499999999999971,DB_SNAPSHOT_SENSITIVITY,False,DB_SNAPSHOT_SENSITIVITY,0.32075006168270465,0.0,0.4277,0.0,-0.19738465334321006,0.32075006168270465,0.0,0.4277,0.0,-0.08224360555967475,0.32075006168270465,0.3289744222386639,0.4277,0.4386,0.10691668722756431,0.36187186446253616,0.3289744222386639,0.4825,0.4386,0.03289744222386055,0.36187186446253616,0.44411547002219925,0.4825,0.5922,0.13981412945143654,False,False,False,False,False,,,True,PRE_FIX_SIGNAL_PRE_FIX_EVALUATION,True,True,3,6,12,24,48
8899,2104649308,ME_SHORT_GEOM_B_V1,ORCAUSDT,2026-10-06T08:00:48.710514Z,2026-10-06,2.5121,2.53094075,2.29782565439449,0.01884074999999985,0.749999999999994,DB_SNAPSHOT_SENSITIVITY,False,DB_SNAPSHOT_SENSITIVITY,2.6591298117113245,0.0,3.5455,0.0,-0.5254567891405725,2.6591298117113245,1.6082162334301973,3.5455,2.1443,0.17913299629790716,2.6591298117113245,3.8215039210222375,3.5455,5.0953,3.4552764619242766,2.6591298117113245,7.547470244018947,3.5455,10.0633,1.333545639106709,2.6591298117113245,9.732892798853547,3.5455,12.9772,2.3645555511325056,False,True,False,True,False,,19.2,True,PRE_FIX_SIGNAL_PRE_FIX_EVALUATION,True,True,3,6,12,24,48
5369,2105365249,ME_SHORT_GEOM_B_V1,ZROUSDT,2026-10-03T19:21:10.356728Z,2026-10-03,2.1462,2.1622965,1.966459990002855,0.01609650000000018,0.7500000000000084,DB_SNAPSHOT_SENSITIVITY,False,DB_SNAPSHOT_SENSITIVITY,3.2382816140154542,0.0,4.3177,0.0,-3.070543285807477,3.867300344795441,0.0,5.1564,0.0,-3.727518404622127,5.526046034852289,0.0,7.3681,0.0,-4.659398005777658,6.252912123753605,0.0,8.3372,0.0,-5.81958810921628,8.056099151989555,0.0,10.7415,0.0,-6.364737675892278,False,False,False,False,False,,,True,PRE_FIX_SIGNAL_PRE_FIX_EVALUATION,True,True,3,6,12,24,48
3751,2106918343,ME_SHORT_GEOM_B_V1,XRPUSDT,2026-10-02T10:59:04.800786Z,2026-10-02,1.5509,1.56253175,1.5126421295905985,0.011631750000000052,0.7500000000000033,DB_SNAPSHOT_SENSITIVITY,False,DB_SNAPSHOT_SENSITIVITY,0.8769101811851078,0.0,1.1692,0.0,-0.6641305048681396,1.0187632987297721,0.0,1.3584,0.0,-0.9607324779160431,1.3024695338190726,0.0,1.7366,0.0,-1.2186472370881372,1.5732800309497696,0.36108066284093426,2.0977,0.4814,-0.5545167322199975,2.953123992520462,0.36108066284093426,3.9375,0.4814,-2.4501902121348915,True,False,True,False,False,230.9,,True,PRE_FIX_SIGNAL_PRE_FIX_EVALUATION,True,True,3,6,12,24,48
6496,2129935053,ME_SHORT_GEOM_B_V1,SOLUSDT,2026-10-04T14:08:50.293329Z,2026-10-04,121.88,122.7941,120.59866979079216,0.9141000000000048,0.750000000000004,DB_SNAPSHOT_SENSITIVITY,False,DB_SNAPSHOT_SENSITIVITY,0.5989497866754101,0.0,0.7986,0.0,-0.47587791270101604,0.5989497866754101,0.0,0.7986,0.0,-0.35280603872661026,0.5989497866754101,0.2051197899573351,0.7986,0.2735,-0.13948145717098925,0.5989497866754101,0.2051197899573351,0.7986,0.2735,-0.2625533311453833,0.5989497866754101,0.2051197899573351,0.7986,0.2735,-0.5169018706924807,False,False,False,False,False,,,True,PRE_FIX_SIGNAL_PRE_FIX_EVALUATION,True,True,3,6,12,24,48
6469,2133302898,ME_SHORT_GEOM_B_V1,SOLUSDT,2026-10-04T13:58:47.545929Z,2026-10-04,121.99,122.90492499999999,120.54472134576723,0.9149249999999967,0.7499999999999973,DB_SNAPSHOT_SENSITIVITY,False,DB_SNAPSHOT_SENSITIVITY,0.3770800885318418,0.0,0.5028,0.0,-0.3115009427002176,0.6885810312320594,0.0,0.9181,0.0,-0.4262644479055628,0.6885810312320594,0.0,0.9181,0.0,-0.11476350520534517,0.6885810312320594,0.11476350520534517,0.9181,0.153,-0.35248790884498127,0.6885810312320594,0.11476350520534517,0.9181,0.153,-0.43446184113452013,False,False,False,False,False,,,True,PRE_FIX_SIGNAL_PRE_FIX_EVALUATION,True,True,3,6,12,24,48
