observation_id,source_signal_id,symbol,signal_time,signal_date,historical_stored_outcome,db_snapshot_simulated_outcome,simulation_role,exact_historical_reconstruction,historical_stored_geometry,db_snapshot_simulation_geometry,old_effective_entry,old_effective_stop,old_effective_target,old_mfe_60m,old_mae_60m,old_mfe_r_60m,old_mae_r_60m,old_return_at_60m,old_tp_hit,old_sl_hit,old_tp_before_sl,old_sl_before_tp,old_ambiguous_intrabar,old_time_to_tp,old_time_to_sl,corrected_mfe_60m,corrected_mae_60m,corrected_mfe_r_60m,corrected_mae_r_60m,corrected_return_at_60m,corrected_tp_hit,corrected_sl_hit,corrected_tp_before_sl,corrected_sl_before_tp,corrected_ambiguous_intrabar,corrected_time_to_tp,corrected_time_to_sl
7203,1220981,KLACUSDT,2026-10-04T23:05:35.907720Z,2026-10-04,True,True,DB_SNAPSHOT_SENSITIVITY,False,"variant_entry=207.9,variant_stop=209.45925,variant_target=206.62391913208575","variant_entry=207.9,variant_stop=209.45925,variant_target=206.62391913208575",207.9,209.45925,206.62391913208575,0.553150553150556,0.48100048100048104,0.7375,0.6413,0.48100048100048104,False,True,False,True,False,,64.4,0.553150553150556,0.48100048100048104,0.7375,0.6413,0.48100048100048104,False,True,False,True,False,,64.4
7764,7331094,ADAUSDT,2026-10-05T10:57:22.934473Z,2026-10-05,True,True,DB_SNAPSHOT_SENSITIVITY,False,"variant_entry=0.275,variant_stop=0.27706250000000004,variant_target=0.2658994105151104","variant_entry=0.275,variant_stop=0.27706250000000004,variant_target=0.2658994105151104",0.275,0.27706250000000004,0.2658994105151104,1.3090909090909262,0.18181818181818196,1.7455,0.2424,-1.0181818181818272,False,False,False,False,False,,,1.3090909090909262,0.18181818181818196,1.7455,0.2424,-1.0181818181818272,False,False,False,False,False,,
5740,30815878,USELESSUSDT,2026-10-04T02:42:25.231573Z,2026-10-04,True,True,DB_SNAPSHOT_SENSITIVITY,False,"variant_entry=0.24405,variant_stop=0.24588037499999998,variant_target=0.23232203850045655","variant_entry=0.24405,variant_stop=0.24588037499999998,variant_target=0.23232203850045655",0.24405,0.24588037499999998,0.23232203850045655,1.872567096906368,0.0,2.4968,0.0,-1.0571604179471414,False,False,False,False,False,,,1.872567096906368,0.0,2.4968,0.0,-1.0571604179471414,False,False,False,False,False,,
7657,36914932,VIRTUALUSDT,2026-10-05T08:47:16.212720Z,2026-10-05,True,True,DB_SNAPSHOT_SENSITIVITY,False,"variant_entry=0.8852,variant_stop=0.8918389999999999,variant_target=0.8484980224222387","variant_entry=0.8852,variant_stop=0.8918389999999999,variant_target=0.8484980224222387",0.8852,0.8918389999999999,0.8484980224222387,1.4572977858111187,0.0,1.9431,0.0,-1.0845006778129171,False,False,False,False,False,,,1.4572977858111187,0.0,1.9431,0.0,-1.0845006778129171,False,False,False,False,False,,
4314,38198155,SPCXUSDT,2026-10-02T17:47:16.552262Z,2026-10-02,True,True,DB_SNAPSHOT_SENSITIVITY,False,"variant_entry=157.94,variant_stop=159.12455,variant_target=155.58935795013593","variant_entry=157.94,variant_stop=159.12455,variant_target=155.58935795013593",157.94,159.12455,155.58935795013593,0.0,0.7914397872609853,0.0,1.0553,0.7661137140686387,False,True,False,True,False,,52.7,0.0,0.8104343421552496,0.0,1.0806,0.7661137140686387,False,True,False,True,False,,52.7
6592,45418879,SOLUSDT,2026-10-04T15:18:57.640551Z,2026-10-04,True,True,DB_SNAPSHOT_SENSITIVITY,False,"variant_entry=122.13,variant_stop=123.045975,variant_target=120.78866276786762","variant_entry=122.13,variant_stop=123.045975,variant_target=120.78866276786762",122.13,123.045975,120.78866276786762,0.6140997297961189,0.0,0.8188,0.0,-0.45033980185048494,False,False,False,False,False,,,0.6140997297961189,0.0,0.8188,0.0,-0.45033980185048494,False,False,False,False,False,,
8975,49225332,AVAXUSDT,2026-10-06T09:00:50.227753Z,2026-10-06,True,True,DB_SNAPSHOT_SENSITIVITY,False,"variant_entry=11.406,variant_stop=11.491545,variant_target=11.092139557185863","variant_entry=11.406,variant_stop=11.491545,variant_target=11.092139557185863",11.406,11.491545,11.092139557185863,1.56934946519376,0.0,2.0925,0.0,-0.9556373838330702,False,True,False,True,False,,154.2,1.56934946519376,0.0,2.0925,0.0,-0.9907066456251211,False,True,False,True,False,,154.2
4131,52046485,MSTRUSDT,2026-10-02T13:51:48.353673Z,2026-10-02,True,True,DB_SNAPSHOT_SENSITIVITY,False,"variant_entry=170.22,variant_stop=171.49665,variant_target=162.5940179103509","variant_entry=170.22,variant_stop=171.49665,variant_target=162.5940179103509",170.22,171.49665,162.5940179103509,5.304899541769475,0.0,7.0732,0.0,-4.84079426624369,True,False,True,False,False,38.2,,5.387146046293025,0.0,7.1829,0.0,-5.328398543061915,True,False,True,False,False,38.2,
4477,61928418,SANDUSDT,2026-10-02T23:22:55.874395Z,2026-10-02,True,True,DB_SNAPSHOT_SENSITIVITY,False,"variant_entry=0.06607,variant_stop=0.066565525,variant_target=0.05910865473613907","variant_entry=0.06607,variant_stop=0.066565525,variant_target=0.05910865473613907",0.06607,0.066565525,0.05910865473613907,7.022854548206456,9.27803844407446,9.3638,12.3707,-0.6810958074769274,False,True,False,True,False,,7.1,7.022854548206456,9.27803844407446,9.3638,12.3707,-0.8021795065839301,False,True,False,True,False,,7.1
9229,67693347,AVAXUSDT,2026-10-06T14:01:46.122424Z,2026-10-06,True,True,DB_SNAPSHOT_SENSITIVITY,False,"variant_entry=11.439,variant_stop=11.5247925,variant_target=11.155045865981423","variant_entry=11.439,variant_stop=11.5247925,variant_target=11.155045865981423",11.439,11.5247925,11.155045865981423,0.5332633971501,1.494885916601096,0.711,1.9932,1.494885916601096,False,True,False,True,False,,33.2,0.5332633971501,1.6435003059708069,0.711,2.1913,1.2938193898067984,False,True,False,True,False,,33.2
8907,86582476,ORCAUSDT,2026-10-06T08:05:48.331583Z,2026-10-06,True,True,DB_SNAPSHOT_SENSITIVITY,False,"variant_entry=2.515,variant_stop=2.5338625,variant_target=2.257454225823062","variant_entry=2.515,variant_stop=2.5338625,variant_target=2.257454225823062",2.515,2.5338625,2.257454225823062,1.7534791252485187,5.391650099403567,2.338,7.1889,5.045725646123261,False,True,False,True,False,,14.2,1.7534791252485187,5.391650099403567,2.338,7.1889,5.045725646123261,False,True,False,True,False,,14.2
9235,104048125,SPCXUSDT,2026-10-06T14:06:43.063309Z,2026-10-06,True,True,DB_SNAPSHOT_SENSITIVITY,False,"variant_entry=176.33,variant_stop=177.652475,variant_target=171.53485424843325","variant_entry=176.33,variant_stop=177.652475,variant_target=171.53485424843325",176.33,177.652475,171.53485424843325,1.3327284069642276,0.0,1.777,0.0,-1.1228945726762423,False,False,False,False,False,,,1.3327284069642276,0.0,1.777,0.0,-1.077525094992347,False,False,False,False,False,,
4092,141739715,BTCUSDT,2026-10-02T13:41:33.522345Z,2026-10-02,True,True,DB_SNAPSHOT_SENSITIVITY,False,"variant_entry=87130.0,variant_stop=87783.475,variant_target=85946.59541168109","variant_entry=87130.0,variant_stop=87783.475,variant_target=85946.59541168109",87130.0,87783.475,85946.59541168109,1.7180075748880914,0.0,2.2907,0.0,-1.2782049810627765,True,False,True,False,False,48.4,,1.7180075748880914,0.0,2.2907,0.0,-1.3808102834844551,True,False,True,False,False,48.4,
7675,149569174,VIRTUALUSDT,2026-10-05T08:57:19.250870Z,2026-10-05,True,True,DB_SNAPSHOT_SENSITIVITY,False,"variant_entry=0.8852,variant_stop=0.8918389999999999,variant_target=0.8502980224222387","variant_entry=0.8852,variant_stop=0.8918389999999999,variant_target=0.8502980224222387",0.8852,0.8918389999999999,0.8502980224222387,1.694532309082695,0.0,2.2594,0.0,-1.5702666064166315,False,False,False,False,False,,,1.694532309082695,0.0,2.2594,0.0,-1.5137821961138689,False,False,False,False,False,,
6438,160068300,SOLUSDT,2026-10-04T13:43:45.456571Z,2026-10-04,True,True,DB_SNAPSHOT_SENSITIVITY,False,"variant_entry=121.99,variant_stop=122.90492499999999,variant_target=120.56472134576724","variant_entry=121.99,variant_stop=122.90492499999999,variant_target=120.56472134576724",121.99,122.90492499999999,120.56472134576724,0.6885810312320594,0.0,0.9181,0.0,-0.4918435937371869,False,False,False,False,False,,,0.6885810312320594,0.0,0.9181,0.0,-0.5000409869661443,False,False,False,False,False,,
6637,170496319,SOLUSDT,2026-10-04T15:44:00.213049Z,2026-10-04,True,True,DB_SNAPSHOT_SENSITIVITY,False,"variant_entry=122.09,variant_stop=123.005675,variant_target=120.54437705358191","variant_entry=122.09,variant_stop=123.005675,variant_target=120.54437705358191",122.09,123.005675,120.54437705358191,0.5815382095175755,0.0,0.7754,0.0,-0.34400851830616896,False,False,False,False,False,,,0.5815382095175755,0.0,0.7754,0.0,-0.39315259234990907,False,False,False,False,False,,
3965,201544343,MSTRUSDT,2026-10-02T12:38:49.376455Z,2026-10-02,True,True,DB_SNAPSHOT_SENSITIVITY,False,"variant_entry=168.28,variant_stop=169.5421,variant_target=162.76894268385257","variant_entry=168.28,variant_stop=169.5421,variant_target=162.76894268385257",168.28,169.5421,162.76894268385257,2.3353933919657752,1.1528405039220333,3.1139,1.5371,0.7190396957451913,True,True,False,True,False,111.2,51.2,2.3353933919657752,1.1528405039220333,3.1139,1.5371,0.7190396957451913,True,True,False,True,False,111.2,51.2
866,203084799,ICPUSDT,2026-09-30T01:27:10.308554Z,2026-09-30,True,True,DB_SNAPSHOT_SENSITIVITY,False,"variant_entry=3.501,variant_stop=3.5272574999999997,variant_target=3.3233013295457026","variant_entry=3.501,variant_stop=3.5272574999999997,variant_target=3.3233013295457026",3.501,3.5272574999999997,3.3233013295457026,4.3130534133104765,0.11425307055127118,5.7507,0.1523,-3.9988574692944785,False,False,False,False,False,,,4.655812624964291,0.11425307055127118,6.2078,0.1523,-4.255926878034848,False,False,False,False,False,,
7773,229519079,ADAUSDT,2026-10-05T11:02:23.630295Z,2026-10-05,True,True,DB_SNAPSHOT_SENSITIVITY,False,"variant_entry=0.2755,variant_stop=0.27756625,variant_target=0.2664065954579051","variant_entry=0.2755,variant_stop=0.27756625,variant_target=0.2664065954579051",0.2755,0.27756625,0.2664065954579051,1.4882032667876761,0.0,1.9843,0.0,-0.9437386569873127,False,False,False,False,False,,,1.4882032667876761,0.0,1.9843,0.0,-0.9437386569873127,False,False,False,False,False,,
3015,232336988,MONUSDT,2026-10-01T20:19:37.059175Z,2026-10-01,True,True,DB_SNAPSHOT_SENSITIVITY,False,"variant_entry=0.03505,variant_stop=0.035312875,variant_target=0.03220271668771114","variant_entry=0.03505,variant_stop=0.035312875,variant_target=0.03220271668771114",0.03505,0.035312875,0.03220271668771114,4.279600570613393,0.0,5.7061,0.0,-2.938659058487864,False,False,False,False,False,,,4.279600570613393,0.0,5.7061,0.0,-2.938659058487864,False,False,False,False,False,,
3275,258347743,MSTRUSDT,2026-10-02T00:45:12.598464Z,2026-10-02,True,True,DB_SNAPSHOT_SENSITIVITY,False,"variant_entry=161.48,variant_stop=162.69109999999998,variant_target=157.66544239280813","variant_entry=161.48,variant_stop=162.69109999999998,variant_target=157.66544239280813",161.48,162.69109999999998,157.66544239280813,0.8112459747337146,0.0,1.0817,0.0,-0.644042605895462,False,True,False,True,False,,129.8,0.8112459747337146,0.0,1.0817,0.0,-0.6254644538023229,False,True,False,True,False,,129.8
9080,296845377,SPCXUSDT,2026-10-06T11:40:50.627037Z,2026-10-06,True,True,DB_SNAPSHOT_SENSITIVITY,False,"variant_entry=173.49,variant_stop=174.791175,variant_target=170.9304864177078","variant_entry=173.49,variant_stop=174.791175,variant_target=170.9304864177078",173.49,174.791175,170.9304864177078,1.2046803850366035,0.0,1.6062,0.0,-0.8300190212692361,False,True,False,True,False,,114.2,1.2046803850366035,0.0,1.6062,0.0,-0.8184909793071737,False,True,False,True,False,,114.2
4121,322051802,BTCUSDT,2026-10-02T13:46:34.396472Z,2026-10-02,True,True,DB_SNAPSHOT_SENSITIVITY,False,"variant_entry=87130.0,variant_stop=87783.475,variant_target=85831.9954116811","variant_entry=87130.0,variant_stop=87783.475,variant_target=85831.9954116811",87130.0,87783.475,85831.9954116811,1.7180075748880914,0.0,2.2907,0.0,-1.29886376678526,True,False,True,False,False,43.4,,1.7180075748880914,0.0,2.2907,0.0,-1.3264088144152384,True,False,True,False,False,43.4,
726,332690896,PUMPFUNUSDT,2026-09-29T22:31:29.479052Z,2026-09-29,True,True,DB_SNAPSHOT_SENSITIVITY,False,"variant_entry=0.00592,variant_stop=0.0059644,variant_target=0.005407442858497342","variant_entry=0.00592,variant_stop=0.0059644,variant_target=0.005407442858497342",0.00592,0.0059644,0.005407442858497342,1.7398648648648614,1.875,2.3198,2.5,-0.371621621621627,False,True,False,True,False,,33.5,1.7398648648648614,1.875,2.3198,2.5,-0.25337837837838273,False,True,False,True,False,,33.5
7046,341092418,XRPUSDT,2026-10-04T21:49:58.935310Z,2026-10-04,True,True,DB_SNAPSHOT_SENSITIVITY,False,"variant_entry=1.513,variant_stop=1.5243475,variant_target=1.497023939995729","variant_entry=1.513,variant_stop=1.5243475,variant_target=1.497023939995729",1.513,1.5243475,1.497023939995729,0.5089226701916602,0.7204230006609473,0.6786,0.9606,0.2842035690680894,False,True,False,True,False,,95.0,0.5089226701916602,0.7204230006609473,0.6786,0.9606,0.2842035690680894,False,True,False,True,False,,95.0
6412,359895462,SOLUSDT,2026-10-04T13:03:38.316700Z,2026-10-04,True,True,DB_SNAPSHOT_SENSITIVITY,False,"variant_entry=121.54,variant_stop=122.45155000000001,variant_target=120.2561499171958","variant_entry=121.54,variant_stop=122.45155000000001,variant_target=120.2561499171958",121.54,122.45155000000001,120.2561499171958,0.20569359881520485,0.37024847786735937,0.2743,0.4937,0.1234161592891159,False,False,False,False,False,,,0.20569359881520485,0.37024847786735937,0.2743,0.4937,0.1234161592891159,False,False,False,False,False,,
7424,386208500,HBARUSDT,2026-10-05T03:41:24.523094Z,2026-10-05,True,True,DB_SNAPSHOT_SENSITIVITY,False,"variant_entry=0.10446,variant_stop=0.10524345,variant_target=0.10258511723840265","variant_entry=0.10446,variant_stop=0.10524345,variant_target=0.10258511723840265",0.10446,0.10524345,0.10258511723840265,1.9146084625694064,0.01914608462569991,2.5528,0.0255,-1.368945050737125,True,False,True,False,False,48.6,,1.9146084625694064,0.01914608462569991,2.5528,0.0255,-1.3115067968600385,True,False,True,False,False,48.6,
765,392683745,SOONUSDT,2026-09-29T23:36:51.074009Z,2026-09-29,True,True,DB_SNAPSHOT_SENSITIVITY,False,"variant_entry=0.4344,variant_stop=0.437658,variant_target=0.37082045512278516","variant_entry=0.4344,variant_stop=0.437658,variant_target=0.37082045512278516",0.4344,0.437658,0.37082045512278516,6.468692449355435,0.0,8.6249,0.0,-2.025782688766121,False,False,False,False,False,,,6.468692449355435,0.0,8.6249,0.0,-2.025782688766121,False,False,False,False,False,,
6870,399679040,BTCUSDT,2026-10-04T19:44:35.494472Z,2026-10-04,True,True,DB_SNAPSHOT_SENSITIVITY,False,"variant_entry=85554.5,variant_stop=86196.15875,variant_target=85001.94105357146","variant_entry=85554.5,variant_stop=86196.15875,variant_target=85001.94105357146",85554.5,86196.15875,85001.94105357146,0.23867826940721656,0.2224313157110414,0.3182,0.2966,0.19543098259004155,False,True,False,True,False,,135.4,0.23867826940721656,0.2224313157110414,0.3182,0.2966,0.19543098259004155,False,True,False,True,False,,135.4
7787,400682355,ADAUSDT,2026-10-05T11:12:25.898207Z,2026-10-05,True,True,DB_SNAPSHOT_SENSITIVITY,False,"variant_entry=0.2755,variant_stop=0.27756625,variant_target=0.2648208811721908","variant_entry=0.2755,variant_stop=0.27756625,variant_target=0.2648208811721908",0.2755,0.27756625,0.2648208811721908,1.4882032667876761,0.0,1.9843,0.0,-1.3067150635208884,False,False,False,False,False,,,1.4882032667876761,0.0,1.9843,0.0,-1.3067150635208884,False,False,False,False,False,,
8412,405285085,ZROUSDT,2026-10-05T23:24:26.921048Z,2026-10-05,True,True,DB_SNAPSHOT_SENSITIVITY,False,"variant_entry=2.1215,variant_stop=2.13741125,variant_target=2.013159933777188","variant_entry=2.1215,variant_stop=2.13741125,variant_target=2.013159933777188",2.1215,2.13741125,2.013159933777188,0.6410558567051745,3.158142823473944,0.8547,4.2109,0.3912326184303441,False,True,False,True,False,,25.6,0.6410558567051745,3.158142823473944,0.8547,4.2109,0.3912326184303441,False,True,False,True,False,,25.6
8196,412527593,NEARUSDT,2026-10-05T19:28:43.683780Z,2026-10-05,True,True,DB_SNAPSHOT_SENSITIVITY,False,"variant_entry=5.2,variant_stop=5.239,variant_target=4.984945157299417","variant_entry=5.2,variant_stop=5.239,variant_target=4.984945157299417",5.2,5.239,4.984945157299417,0.9230769230769239,0.8653846153846141,1.2308,1.1538,-0.28846153846154937,False,True,False,True,False,,46.3,0.9230769230769239,0.8653846153846141,1.2308,1.1538,-0.28846153846154937,False,True,False,True,False,,46.3
9378,413344405,SPCXUSDT,2026-10-06T16:56:03.111846Z,2026-10-06,True,True,DB_SNAPSHOT_SENSITIVITY,False,"variant_entry=174.14,variant_stop=175.44604999999999,variant_target=170.7851620248324","variant_entry=174.14,variant_stop=175.44604999999999,variant_target=170.7851620248324",174.14,175.44604999999999,170.7851620248324,1.004938555185483,0.0,1.3399,0.0,-0.769495807970584,False,False,False,False,False,,,1.004938555185483,0.0,1.3399,0.0,-0.7752383140002265,False,False,False,False,False,,
9117,415260652,SPCXUSDT,2026-10-06T12:20:56.173392Z,2026-10-06,True,True,DB_SNAPSHOT_SENSITIVITY,False,"variant_entry=172.45,variant_stop=173.743375,variant_target=170.4156555836465","variant_entry=172.45,variant_stop=173.743375,variant_target=170.4156555836465",172.45,173.743375,170.4156555836465,0.8002319512902265,0.0,1.067,0.0,-0.4581037982023729,False,True,False,True,False,,69.1,0.8002319512902265,0.0,1.067,0.0,-0.4581037982023729,False,True,False,True,False,,69.1
3007,419385148,MONUSDT,2026-10-01T20:14:36.051855Z,2026-10-01,True,True,DB_SNAPSHOT_SENSITIVITY,False,"variant_entry=0.03524,variant_stop=0.0355043,variant_target=0.032274145259139714","variant_entry=0.03524,variant_stop=0.0355043,variant_target=0.032274145259139714",0.03524,0.0355043,0.032274145259139714,4.795686719636768,0.0,6.3942,0.0,-3.887627695800236,False,False,False,False,False,,,4.795686719636768,0.0,6.3942,0.0,-3.887627695800236,False,False,False,False,False,,
3820,447224520,XRPUSDT,2026-10-02T11:29:11.333938Z,2026-10-02,True,True,DB_SNAPSHOT_SENSITIVITY,False,"variant_entry=1.544,variant_stop=1.55558,variant_target=1.5092962618168797","variant_entry=1.544,variant_stop=1.55558,variant_target=1.5092962618168797",1.544,1.55558,1.5092962618168797,1.1334196891191755,0.0,1.5112,0.0,-0.33031088082902227,True,True,False,True,False,205.8,60.8,1.1334196891191755,0.0,1.5112,0.0,-0.33031088082902227,True,True,False,True,False,205.8,60.8
1194,474829792,QNTUSDT,2026-09-30T10:32:58.428462Z,2026-09-30,True,True,DB_SNAPSHOT_SENSITIVITY,False,"variant_entry=298.47,variant_stop=300.708525,variant_target=262.28644499603064","variant_entry=298.47,variant_stop=300.708525,variant_target=262.28644499603064",298.47,300.708525,262.28644499603064,2.301738868227964,9.77317653365496,3.069,13.0309,9.334271451067092,False,True,False,True,False,,32.0,2.301738868227964,9.77317653365496,3.069,13.0309,9.334271451067092,False,True,False,True,False,,32.0
8955,479197829,SPCXUSDT,2026-10-06T08:40:45.477998Z,2026-10-06,True,True,DB_SNAPSHOT_SENSITIVITY,False,"variant_entry=172.66,variant_stop=173.95495,variant_target=170.6611633471755","variant_entry=172.66,variant_stop=173.95495,variant_target=170.6611633471755",172.66,173.95495,170.6611633471755,0.011583458820809819,0.2895864705200973,0.0154,0.3861,0.14479323526004864,False,False,False,False,False,,,0.011583458820809819,0.2895864705200973,0.0154,0.3861,0.11583458820804879,False,False,False,False,False,,
6632,479478417,SOLUSDT,2026-10-04T15:38:59.258402Z,2026-10-04,True,True,DB_SNAPSHOT_SENSITIVITY,False,"variant_entry=122.12,variant_stop=123.0359,variant_target=120.5343770535819","variant_entry=122.12,variant_stop=123.0359,variant_target=120.5343770535819",122.12,123.0359,120.5343770535819,0.6059613494923101,0.0,0.8079,0.0,-0.39305601048149685,False,False,False,False,False,,,0.6059613494923101,0.0,0.8079,0.0,-0.4258106780216264,False,False,False,False,False,,
9537,498206918,PONSUSDT,2026-10-06T18:41:34.411826Z,2026-10-06,True,True,DB_SNAPSHOT_SENSITIVITY,False,"variant_entry=0.425,variant_stop=0.4281875,variant_target=0.3955396198718922","variant_entry=0.425,variant_stop=0.4281875,variant_target=0.3955396198718922",0.425,0.4281875,0.3955396198718922,5.435294117647061,0.0,7.2471,0.0,-4.588235294117638,True,False,True,False,False,233.4,,5.435294117647061,0.0,7.2471,0.0,-4.588235294117638,True,False,True,False,False,233.4,
5379,517597430,ZROUSDT,2026-10-03T19:31:12.227922Z,2026-10-03,True,True,DB_SNAPSHOT_SENSITIVITY,False,"variant_entry=2.1462,variant_stop=2.1622965,variant_target=1.959359990002855","variant_entry=2.1462,variant_stop=2.1622965,variant_target=1.959359990002855",2.1462,2.1622965,1.959359990002855,5.526046034852289,0.0,7.3681,0.0,-4.841114528002977,False,False,False,False,False,,,5.526046034852289,0.0,7.3681,0.0,-4.841114528002977,False,False,False,False,False,,
6461,518592603,STRKUSDT,2026-10-04T13:53:50.229004Z,2026-10-04,True,True,DB_SNAPSHOT_SENSITIVITY,False,"variant_entry=0.05696,variant_stop=0.0573872,variant_target=0.05219307270228882","variant_entry=0.05696,variant_stop=0.0573872,variant_target=0.05219307270228882",0.05696,0.0573872,0.05219307270228882,2.159410112359542,4.687500000000011,2.8792,6.25,2.1067415730337196,False,True,False,True,False,,31.2,2.159410112359542,4.687500000000011,2.8792,6.25,2.1067415730337196,False,True,False,True,False,,31.2
7732,523207500,ADAUSDT,2026-10-05T10:17:16.747325Z,2026-10-05,True,True,DB_SNAPSHOT_SENSITIVITY,False,"variant_entry=0.2753,variant_stop=0.27736475,variant_target=0.26549941051511045","variant_entry=0.2753,variant_stop=0.27736475,variant_target=0.26549941051511045",0.2753,0.27736475,0.26549941051511045,1.198692335633843,0.07264802034145787,1.5983,0.0969,-1.0170722847802285,False,False,False,False,False,,,1.198692335633843,0.07264802034145787,1.5983,0.0969,-0.9081002542680721,False,False,False,False,False,,
4027,530001843,XRPUSDT,2026-10-02T12:51:29.009514Z,2026-10-02,True,True,DB_SNAPSHOT_SENSITIVITY,False,"variant_entry=1.5565,variant_stop=1.56817375,variant_target=1.5127057118219038","variant_entry=1.5565,variant_stop=1.56817375,variant_target=1.5127057118219038",1.5565,1.56817375,1.5127057118219038,1.7989078059749455,0.0,2.3985,0.0,-1.6190170253774423,True,False,True,False,False,118.5,,1.7989078059749455,0.0,2.3985,0.0,-1.4327015740443294,True,False,True,False,False,118.5,
9397,542267177,SPCXUSDT,2026-10-06T17:11:06.206168Z,2026-10-06,True,True,DB_SNAPSHOT_SENSITIVITY,False,"variant_entry=173.81,variant_stop=175.113575,variant_target=171.1305074262038","variant_entry=173.81,variant_stop=175.113575,variant_target=171.1305074262038",173.81,175.113575,171.1305074262038,0.8169840630573706,0.0,1.0893,0.0,-0.4142454404234502,False,False,False,False,False,,,0.8169840630573706,0.0,1.0893,0.0,-0.4142454404234502,False,False,False,False,False,,
1501,550419300,ASTERUSDT,2026-09-30T15:42:57.150434Z,2026-09-30,True,True,DB_SNAPSHOT_SENSITIVITY,False,"variant_entry=0.7787,variant_stop=0.7845402499999999,variant_target=0.7470263739973373","variant_entry=0.7787,variant_stop=0.7845402499999999,variant_target=0.7470263739973373",0.7787,0.7845402499999999,0.7470263739973373,1.7721844099139497,0.0,2.3629,0.0,-1.6566071657891246,True,False,True,False,False,172.0,,1.7721844099139497,0.0,2.3629,0.0,-1.733658661872346,True,False,True,False,False,172.0,
5221,567455246,SPCXUSDT,2026-10-03T13:15:25.752973Z,2026-10-03,True,True,DB_SNAPSHOT_SENSITIVITY,False,"variant_entry=159.17,variant_stop=160.36377499999998,variant_target=158.30614625168658","variant_entry=159.17,variant_stop=160.36377499999998,variant_target=158.30614625168658",159.17,160.36377499999998,158.30614625168658,0.06282590940503506,0.06282590940505292,0.0838,0.0838,-0.050260727524020915,False,False,False,False,False,,,0.06282590940503506,0.06282590940505292,0.0838,0.0838,-0.050260727524020915,False,False,False,False,False,,
5899,575735960,PUMPFUNUSDT,2026-10-04T05:27:32.208970Z,2026-10-04,True,True,DB_SNAPSHOT_SENSITIVITY,False,"variant_entry=0.00645,variant_stop=0.006498375,variant_target=0.006094156055885243","variant_entry=0.00645,variant_stop=0.006498375,variant_target=0.006094156055885243",0.00645,0.006498375,0.006094156055885243,0.5116279069767449,2.4341085271317833,0.6822,3.2455,0.07751937984495809,False,True,False,True,False,,37.5,0.5116279069767449,2.4341085271317833,0.6822,3.2455,0.18604651162790478,False,True,False,True,False,,37.5
6473,584564504,STRKUSDT,2026-10-04T13:58:50.753434Z,2026-10-04,True,True,DB_SNAPSHOT_SENSITIVITY,False,"variant_entry=0.05668,variant_stop=0.0571051,variant_target=0.05209307270228882","variant_entry=0.05668,variant_stop=0.0571051,variant_target=0.05209307270228882",0.05668,0.0571051,0.05209307270228882,1.6407904022582926,5.20465772759351,2.1877,6.9395,1.3761467889908185,False,True,False,True,False,,26.2,1.6407904022582926,5.20465772759351,2.1877,6.9395,1.3761467889908185,False,True,False,True,False,,26.2
4307,590760510,SANDUSDT,2026-10-02T17:36:59.902921Z,2026-10-02,True,True,DB_SNAPSHOT_SENSITIVITY,False,"variant_entry=0.0655,variant_stop=0.06599125,variant_target=0.05661488719500442","variant_entry=0.0655,variant_stop=0.06599125,variant_target=0.05661488719500442",0.0655,0.06599125,0.05661488719500442,5.3893129770992445,0.0,7.1858,0.0,-4.2595419847328255,False,True,False,True,False,,228.0,10.106870229007635,0.0,13.4758,0.0,-7.862595419847331,False,True,False,True,False,,228.0
3272,590760637,MSTRUSDT,2026-10-02T00:40:10.431641Z,2026-10-02,True,True,DB_SNAPSHOT_SENSITIVITY,False,"variant_entry=161.6,variant_stop=162.81199999999998,variant_target=157.40544239280814","variant_entry=161.6,variant_stop=162.81199999999998,variant_target=157.40544239280814",161.6,162.81199999999998,157.40544239280814,0.8849009900990141,0.0,1.1799,0.0,-0.810643564356437,False,True,False,True,False,,134.8,0.8849009900990141,0.0,1.1799,0.0,-0.8415841584158325,False,True,False,True,False,,134.8
6888,614029014,BTCUSDT,2026-10-04T19:59:38.597288Z,2026-10-04,True,True,DB_SNAPSHOT_SENSITIVITY,False,"variant_entry=85514.8,variant_stop=86156.16100000001,variant_target=84999.44105357146","variant_entry=85514.8,variant_stop=86156.16100000001,variant_target=84999.44105357146",85514.8,86156.16100000001,84999.44105357146,0.19236436266003076,0.3847287253200615,0.2565,0.513,0.31585175899375456,False,True,False,True,False,,120.4,0.19236436266003076,0.3847287253200615,0.2565,0.513,0.3281303353337566,False,True,False,True,False,,120.4
1513,614721171,ASTERUSDT,2026-09-30T15:58:00.036616Z,2026-09-30,True,True,DB_SNAPSHOT_SENSITIVITY,False,"variant_entry=0.7774,variant_stop=0.7832304999999999,variant_target=0.7480263739973372","variant_entry=0.7774,variant_stop=0.7832304999999999,variant_target=0.7480263739973372",0.7774,0.7832304999999999,0.7480263739973372,1.9552354000514522,0.0,2.607,0.0,-1.7751479289940875,True,False,True,False,False,157.0,,1.9552354000514522,0.0,2.607,0.0,-1.7751479289940875,True,False,True,False,False,157.0,
3871,620859650,WLDUSDT,2026-10-02T11:59:25.116201Z,2026-10-02,True,True,DB_SNAPSHOT_SENSITIVITY,False,"variant_entry=0.545,variant_stop=0.5490875000000001,variant_target=0.518990145586058","variant_entry=0.545,variant_stop=0.5490875000000001,variant_target=0.518990145586058",0.545,0.5490875000000001,0.518990145586058,0.678899082568814,4.788990825688075,0.9052,6.3853,4.293577981651372,False,True,False,True,False,,15.6,0.678899082568814,4.788990825688075,0.9052,6.3853,4.293577981651372,False,True,False,True,False,,15.6
8378,631218840,ZROUSDT,2026-10-05T23:14:25.827202Z,2026-10-05,True,True,DB_SNAPSHOT_SENSITIVITY,False,"variant_entry=2.1215,variant_stop=2.13741125,variant_target=2.0131027909200454","variant_entry=2.1215,variant_stop=2.13741125,variant_target=2.0131027909200454",2.1215,2.13741125,2.0131027909200454,0.6881923167570194,3.158142823473944,0.9176,4.2109,1.6592033938251083,False,True,False,True,False,,35.6,0.6881923167570194,3.158142823473944,0.9176,4.2109,1.6592033938251083,False,True,False,True,False,,35.6
6215,633130900,SOLUSDT,2026-10-04T10:23:17.091444Z,2026-10-04,True,True,DB_SNAPSHOT_SENSITIVITY,False,"variant_entry=121.62,variant_stop=122.53215,variant_target=120.42274203121836","variant_entry=121.62,variant_stop=122.53215,variant_target=120.42274203121836",121.62,122.53215,120.42274203121836,0.40289426081237384,0.0,0.5372,0.0,-0.22200296003947562,False,False,False,False,False,,,0.40289426081237384,0.0,0.5372,0.0,-0.22200296003947562,False,False,False,False,False,,
7703,650191005,VIRTUALUSDT,2026-10-05T09:22:21.302320Z,2026-10-05,True,True,DB_SNAPSHOT_SENSITIVITY,False,"variant_entry=0.8849,variant_stop=0.89153675,variant_target=0.84729816297699","variant_entry=0.8849,variant_stop=0.89153675,variant_target=0.84729816297699",0.8849,0.89153675,0.84729816297699,1.9550231664594848,0.0,2.6067,0.0,-1.6160018081139087,False,False,False,False,False,,,1.9550231664594848,0.0,2.6067,0.0,-1.5934003842242064,False,False,False,False,False,,
7606,698146388,ADAUSDT,2026-10-05T07:46:50.352201Z,2026-10-05,True,True,DB_SNAPSHOT_SENSITIVITY,False,"variant_entry=0.2731,variant_stop=0.27514825,variant_target=0.26343773890123595","variant_entry=0.2731,variant_stop=0.27514825,variant_target=0.26343773890123595",0.2731,0.27514825,0.26343773890123595,1.0618820944708947,0.6224826071036175,1.4158,0.83,-1.0252654705236266,False,True,False,True,False,,148.2,1.0618820944708947,0.6224826071036175,1.4158,0.83,-0.5858659831563494,False,True,False,True,False,,148.2
9350,711445776,SPCXUSDT,2026-10-06T16:35:59.920906Z,2026-10-06,True,True,DB_SNAPSHOT_SENSITIVITY,False,"variant_entry=174.18,variant_stop=175.48635000000002,variant_target=170.86516202483241","variant_entry=174.18,variant_stop=175.48635000000002,variant_target=170.86516202483241",174.18,175.48635000000002,170.86516202483241,1.0276725226777015,0.0,1.3702,0.0,-0.4248478585371506,False,False,False,False,False,,,1.0276725226777015,0.0,1.3702,0.0,-0.367435985761864,False,False,False,False,False,,
6374,721718485,SOLUSDT,2026-10-04T12:28:34.373644Z,2026-10-04,True,True,DB_SNAPSHOT_SENSITIVITY,False,"variant_entry=121.8,variant_stop=122.7135,variant_target=120.38046920680836","variant_entry=121.8,variant_stop=122.7135,variant_target=120.38046920680836",121.8,122.7135,120.38046920680836,0.492610837438419,0.0,0.6568,0.0,-0.188834154351399,False,False,False,False,False,,,0.492610837438419,0.0,0.6568,0.0,-0.188834154351399,False,False,False,False,False,,
5248,735072533,SPCXUSDT,2026-10-03T13:55:33.556059Z,2026-10-03,True,True,DB_SNAPSHOT_SENSITIVITY,False,"variant_entry=159.19,variant_stop=160.383925,variant_target=158.27186053740084","variant_entry=159.19,variant_stop=160.383925,variant_target=158.27186053740084",159.19,160.383925,158.27186053740084,0.1319178340348062,0.0,0.1759,0.0,-0.10050882593127496,False,False,False,False,False,,,0.1319178340348062,0.0,0.1759,0.0,-0.10050882593127496,False,False,False,False,False,,
8971,752110022,SPCXUSDT,2026-10-06T09:00:47.917170Z,2026-10-06,True,True,DB_SNAPSHOT_SENSITIVITY,False,"variant_entry=172.91,variant_stop=174.206825,variant_target=171.02393724944946","variant_entry=172.91,variant_stop=174.206825,variant_target=171.02393724944946",172.91,174.206825,171.02393724944946,0.11566711005724865,0.14458388757156904,0.1542,0.1928,-0.028916777514303944,False,False,False,False,False,,,0.11566711005724865,0.14458388757156904,0.1542,0.1928,-0.028916777514303944,False,False,False,False,False,,
6256,753977274,SOLUSDT,2026-10-04T10:58:22.794061Z,2026-10-04,True,True,DB_SNAPSHOT_SENSITIVITY,False,"variant_entry=121.43,variant_stop=122.340725,variant_target=120.2013134597898","variant_entry=121.43,variant_stop=122.340725,variant_target=120.2013134597898",121.43,122.340725,120.2013134597898,0.24705591698922125,0.032940788931888364,0.3294,0.0439,-0.18117433912543282,False,False,False,False,False,,,0.24705591698922125,0.032940788931888364,0.3294,0.0439,-0.18117433912543282,False,False,False,False,False,,
7795,768450503,ADAUSDT,2026-10-05T11:22:27.045990Z,2026-10-05,True,True,DB_SNAPSHOT_SENSITIVITY,False,"variant_entry=0.2755,variant_stop=0.27756625,variant_target=0.26440659545790507","variant_entry=0.2755,variant_stop=0.27756625,variant_target=0.26440659545790507",0.2755,0.27756625,0.26440659545790507,1.5607985480943831,0.0,2.0811,0.0,-1.3793103448275954,False,False,False,False,False,,,1.7785843920145243,0.0,2.3714,0.0,-1.742286751361171,False,False,False,False,False,,
7209,786108694,KLACUSDT,2026-10-04T23:10:36.025861Z,2026-10-04,True,True,DB_SNAPSHOT_SENSITIVITY,False,"variant_entry=207.94,variant_stop=209.49955,variant_target=206.75820484637143","variant_entry=207.94,variant_stop=209.49955,variant_target=206.75820484637143",207.94,209.49955,206.75820484637143,0.5722804655188987,0.9666249879772968,0.763,1.2888,0.5674713859767273,True,True,True,False,False,49.4,59.4,0.5722804655188987,0.9666249879772968,0.763,1.2888,0.6251803404828371,True,True,True,False,False,49.4,59.4
5637,824494610,MONUSDT,2026-10-04T01:32:11.677091Z,2026-10-04,True,True,DB_SNAPSHOT_SENSITIVITY,False,"variant_entry=0.0346,variant_stop=0.0348595,variant_target=0.03297812409294487","variant_entry=0.0346,variant_stop=0.0348595,variant_target=0.03297812409294487",0.0346,0.0348595,0.03297812409294487,1.7052023121387292,0.7225433526011568,2.2736,0.9634,-1.1271676300578077,False,True,False,True,False,,107.8,1.7052023121387292,0.7225433526011568,2.2736,0.9634,-1.1271676300578077,False,True,False,True,False,,107.8
7970,882335704,ADAUSDT,2026-10-05T13:52:54.242638Z,2026-10-05,True,True,DB_SNAPSHOT_SENSITIVITY,False,"variant_entry=0.2762,variant_stop=0.2782715,variant_target=0.2657909640739198","variant_entry=0.2762,variant_stop=0.2782715,variant_target=0.2657909640739198",0.2762,0.2782715,0.2657909640739198,3.0050687907313445,0.0,4.0068,0.0,-2.751629254163648,True,False,True,False,False,97.1,,3.0050687907313445,0.0,4.0068,0.0,-2.751629254163648,True,False,True,False,False,97.1,
689,894172321,SOONUSDT,2026-09-29T21:41:37.216576Z,2026-09-29,True,True,DB_SNAPSHOT_SENSITIVITY,False,"variant_entry=0.4219,variant_stop=0.42506425,variant_target=0.3615178057663027","variant_entry=0.4219,variant_stop=0.42506425,variant_target=0.3615178057663027",0.4219,0.42506425,0.3615178057663027,4.408627636880779,0.0,5.8782,0.0,-4.053093150035555,False,True,False,True,False,,98.4,4.408627636880779,0.0,5.8782,0.0,-4.053093150035555,False,True,False,True,False,,98.4
8359,895507268,ZROUSDT,2026-10-05T22:54:23.895057Z,2026-10-05,True,True,DB_SNAPSHOT_SENSITIVITY,False,"variant_entry=2.1144,variant_stop=2.130258,variant_target=2.0074491624394484","variant_entry=2.1144,variant_stop=2.130258,variant_target=2.0074491624394484",2.1144,2.130258,2.0074491624394484,0.3547105561861446,1.8397654180855272,0.4729,2.453,1.5607264472190865,False,True,False,True,False,,55.6,0.3547105561861446,1.8397654180855272,0.4729,2.453,1.5607264472190865,False,True,False,True,False,,55.6
7720,905713041,ADAUSDT,2026-10-05T10:12:15.859818Z,2026-10-05,True,True,DB_SNAPSHOT_SENSITIVITY,False,"variant_entry=0.2743,variant_stop=0.27635725,variant_target=0.2652422676579676","variant_entry=0.2743,variant_stop=0.27635725,variant_target=0.2652422676579676",0.2743,0.27635725,0.2652422676579676,0.692672256653304,0.43747721472841217,0.9236,0.5833,-0.5833029529711959,False,True,False,True,False,,182.7,0.8384979948960878,0.43747721472841217,1.118,0.5833,-0.8020415603353919,False,True,False,True,False,,182.7
7946,906436872,ADAUSDT,2026-10-05T13:42:51.412750Z,2026-10-05,True,True,DB_SNAPSHOT_SENSITIVITY,False,"variant_entry=0.2768,variant_stop=0.278876,variant_target=0.2651909640739198","variant_entry=0.2768,variant_stop=0.278876,variant_target=0.2651909640739198",0.2768,0.278876,0.2651909640739198,2.854046242774573,0.0,3.8054,0.0,-2.2398843930635777,True,False,True,False,False,107.1,,2.854046242774573,0.0,3.8054,0.0,-2.420520231213867,True,False,True,False,False,107.1,
7667,911488928,ADAUSDT,2026-10-05T08:57:03.213361Z,2026-10-05,True,True,DB_SNAPSHOT_SENSITIVITY,False,"variant_entry=0.273,variant_stop=0.2750475,variant_target=0.2624401452586223","variant_entry=0.273,variant_stop=0.2750475,variant_target=0.2624401452586223",0.273,0.2750475,0.2624401452586223,1.1355311355311526,0.0,1.514,0.0,-0.6959706959707006,False,True,False,True,False,,77.9,1.1355311355311526,0.0,1.514,0.0,-0.4761904761904847,False,True,False,True,False,,77.9
3722,923830045,XRPUSDT,2026-10-02T10:34:00.733241Z,2026-10-02,True,True,DB_SNAPSHOT_SENSITIVITY,False,"variant_entry=1.5469,variant_stop=1.55850175,variant_target=1.5170135581620272","variant_entry=1.5469,variant_stop=1.55850175,variant_target=1.5170135581620272",1.5469,1.55850175,1.5170135581620272,0.7886741224384245,0.25858167948800853,1.0516,0.3448,-0.7046350766048167,False,False,False,False,False,,,0.7886741224384245,0.25858167948800853,1.0516,0.3448,-0.7434223285280137,False,False,False,False,False,,
5835,924166039,USELESSUSDT,2026-10-04T04:37:39.819479Z,2026-10-04,True,True,DB_SNAPSHOT_SENSITIVITY,False,"variant_entry=0.24366,variant_stop=0.24548745,variant_target=0.23322986270290658","variant_entry=0.24366,variant_stop=0.24548745,variant_target=0.23322986270290658",0.24366,0.24548745,0.23322986270290658,1.1696626446687972,0.0,1.5596,0.0,-0.7059016662562585,False,True,False,True,False,,202.3,1.1696626446687972,0.0,1.5596,0.0,-0.6812771895263872,False,True,False,True,False,,202.3
9389,926060936,SPCXUSDT,2026-10-06T17:06:03.953495Z,2026-10-06,True,True,DB_SNAPSHOT_SENSITIVITY,False,"variant_entry=173.88,variant_stop=175.1841,variant_target=171.05765028334665","variant_entry=173.88,variant_stop=175.1841,variant_target=171.05765028334665",173.88,175.1841,171.05765028334665,0.8569128134345578,0.0,1.1426,0.0,-0.5636070853462098,False,False,False,False,False,,,0.8569128134345578,0.0,1.1426,0.0,-0.5636070853462098,False,False,False,False,False,,
6241,937647621,SOLUSDT,2026-10-04T10:48:21.017277Z,2026-10-04,True,True,DB_SNAPSHOT_SENSITIVITY,False,"variant_entry=121.43,variant_stop=122.340725,variant_target=120.2513134597898","variant_entry=121.43,variant_stop=122.340725,variant_target=120.2513134597898",121.43,122.340725,120.2513134597898,0.24705591698922125,0.032940788931888364,0.3294,0.0439,-0.1399983529605548,False,False,False,False,False,,,0.24705591698922125,0.032940788931888364,0.3294,0.0439,-0.1399983529605548,False,False,False,False,False,,
7689,940119127,VIRTUALUSDT,2026-10-05T09:12:18.854768Z,2026-10-05,True,True,DB_SNAPSHOT_SENSITIVITY,False,"variant_entry=0.8849,variant_stop=0.89153675,variant_target=0.8525410201198471","variant_entry=0.8849,variant_stop=0.89153675,variant_target=0.8525410201198471",0.8849,0.89153675,0.8525410201198471,1.9550231664594848,0.0,2.6067,0.0,-1.8985196067352286,False,False,False,False,False,,,1.9550231664594848,0.0,2.6067,0.0,-1.6160018081139087,False,False,False,False,False,,
9307,944029323,SPCXUSDT,2026-10-06T15:50:50.336880Z,2026-10-06,True,True,DB_SNAPSHOT_SENSITIVITY,False,"variant_entry=174.45,variant_stop=175.758375,variant_target=171.21940529097316","variant_entry=174.45,variant_stop=175.758375,variant_target=171.21940529097316",174.45,175.758375,171.21940529097316,0.997420464316412,0.0,1.3299,0.0,-0.4815133276010175,False,False,False,False,False,,,0.997420464316412,0.0,1.3299,0.0,-0.4815133276010175,False,False,False,False,False,,
5226,946421187,SPCXUSDT,2026-10-03T13:25:25.741679Z,2026-10-03,True,True,DB_SNAPSHOT_SENSITIVITY,False,"variant_entry=159.27,variant_stop=160.464525,variant_target=158.37186053740086","variant_entry=159.27,variant_stop=160.464525,variant_target=158.37186053740086",159.27,160.464525,158.37186053740086,0.12557292647706225,0.0,0.1674,0.0,-0.1004583411816391,False,False,False,False,False,,,0.12557292647706225,0.0,0.1674,0.0,-0.1004583411816391,False,False,False,False,False,,
7630,962874854,ADAUSDT,2026-10-05T08:26:56.079381Z,2026-10-05,True,True,DB_SNAPSHOT_SENSITIVITY,False,"variant_entry=0.2748,variant_stop=0.27686099999999997,variant_target=0.26355443097290804","variant_entry=0.2748,variant_stop=0.27686099999999997,variant_target=0.26355443097290804",0.2748,0.27686099999999997,0.26355443097290804,1.6739446870451213,0.0,2.2319,0.0,-1.4556040756914133,False,False,False,False,False,,,1.6739446870451213,0.0,2.2319,0.0,-1.4556040756914133,False,False,False,False,False,,
825,963696186,ICPUSDT,2026-09-30T00:47:06.521331Z,2026-09-30,True,True,DB_SNAPSHOT_SENSITIVITY,False,"variant_entry=3.484,variant_stop=3.51013,variant_target=3.3096322026367972","variant_entry=3.484,variant_stop=3.51013,variant_target=3.3096322026367972",3.484,3.51013,3.3096322026367972,1.1194029850746312,0.6027554535017194,1.4925,0.8037,0.45924225028702687,False,False,False,False,False,,,1.1194029850746312,0.6027554535017194,1.4925,0.8037,0.45924225028702687,False,False,False,False,False,,
5821,969551056,USELESSUSDT,2026-10-04T04:27:39.416077Z,2026-10-04,True,True,DB_SNAPSHOT_SENSITIVITY,False,"variant_entry=0.24366,variant_stop=0.24548745,variant_target=0.23300986270290658","variant_entry=0.24366,variant_stop=0.24548745,variant_target=0.23300986270290658",0.24366,0.24548745,0.23300986270290658,1.124517770664037,0.0,1.4994,0.0,-0.8413362882705394,False,True,False,True,False,,212.3,1.124517770664037,0.0,1.4994,0.0,-0.7838791759008433,False,True,False,True,False,,212.3
9315,971963273,SPCXUSDT,2026-10-06T16:00:52.986285Z,2026-10-06,True,True,DB_SNAPSHOT_SENSITIVITY,False,"variant_entry=174.45,variant_stop=175.758375,variant_target=171.10944773911814","variant_entry=174.45,variant_stop=175.758375,variant_target=171.10944773911814",174.45,175.758375,171.10944773911814,0.997420464316412,0.0,1.3299,0.0,-0.4872456291200885,False,False,False,False,False,,,0.997420464316412,0.0,1.3299,0.0,-0.44711951848667314,False,False,False,False,False,,
9098,989195104,SPCXUSDT,2026-10-06T12:05:54.244740Z,2026-10-06,True,True,DB_SNAPSHOT_SENSITIVITY,False,"variant_entry=172.53,variant_stop=173.823975,variant_target=170.13136986936075","variant_entry=172.53,variant_stop=173.823975,variant_target=170.13136986936075",172.53,173.823975,170.13136986936075,0.7766765200255048,0.01159218686605821,1.0356,0.0155,-0.7650843331594466,False,True,False,True,False,,84.1,0.7766765200255048,0.01159218686605821,1.0356,0.0155,-0.7650843331594466,False,True,False,True,False,,84.1
6510,1007696928,SOLUSDT,2026-10-04T14:13:49.962446Z,2026-10-04,True,True,DB_SNAPSHOT_SENSITIVITY,False,"variant_entry=121.88,variant_stop=122.7941,variant_target=120.51866979079216","variant_entry=121.88,variant_stop=122.7941,variant_target=120.51866979079216",121.88,122.7941,120.51866979079216,0.5989497866754101,0.2051197899573351,0.7986,0.2735,0.09025270758122697,False,False,False,False,False,,,0.5989497866754101,0.2051197899573351,0.7986,0.2735,0.09025270758122697,False,False,False,False,False,,
9332,1032496179,SPCXUSDT,2026-10-06T16:15:54.770200Z,2026-10-06,True,True,DB_SNAPSHOT_SENSITIVITY,False,"variant_entry=174.18,variant_stop=175.48635000000002,variant_target=171.1251620248324","variant_entry=174.18,variant_stop=175.48635000000002,variant_target=171.1251620248324",174.18,175.48635000000002,171.1251620248324,0.5798599150304393,0.0,0.7731,0.0,-0.49374210586750117,False,False,False,False,False,,,0.6487541623607737,0.0,0.865,0.0,-0.6257894132506622,False,False,False,False,False,,
3353,1048347965,MSTRUSDT,2026-10-02T02:20:24.337069Z,2026-10-02,True,True,DB_SNAPSHOT_SENSITIVITY,False,"variant_entry=162.32,variant_stop=163.5374,variant_target=158.5800497580902","variant_entry=162.32,variant_stop=163.5374,variant_target=158.5800497580902",162.32,163.5374,158.5800497580902,0.5482996550024559,0.7577624445539787,0.7311,1.0103,0.2710694923607675,False,True,False,True,False,,39.6,0.5482996550024559,0.7577624445539787,0.7311,1.0103,0.28955150320354783,False,True,False,True,False,,39.6
5724,1055602243,USELESSUSDT,2026-10-04T02:22:22.561085Z,2026-10-04,True,True,DB_SNAPSHOT_SENSITIVITY,False,"variant_entry=0.24527,variant_stop=0.247109525,variant_target=0.23416203850045653","variant_entry=0.24527,variant_stop=0.247109525,variant_target=0.23416203850045653",0.24527,0.247109525,0.23416203850045653,2.3606637583071675,0.0,3.1476,0.0,-1.8917927182288814,False,False,False,False,False,,,2.3606637583071675,0.0,3.1476,0.0,-1.8917927182288814,False,False,False,False,False,,
6261,1055753894,SOLUSDT,2026-10-04T11:03:23.229736Z,2026-10-04,True,True,DB_SNAPSHOT_SENSITIVITY,False,"variant_entry=121.43,variant_stop=122.340725,variant_target=120.12050535007597","variant_entry=121.43,variant_stop=122.340725,variant_target=120.12050535007597",121.43,122.340725,120.12050535007597,0.24705591698922125,0.032940788931888364,0.3294,0.0439,-0.06588157786380013,False,False,False,False,False,,,0.24705591698922125,0.032940788931888364,0.3294,0.0439,-0.06588157786380013,False,False,False,False,False,,
9214,1071175290,AVAXUSDT,2026-10-06T13:41:42.411099Z,2026-10-06,True,True,DB_SNAPSHOT_SENSITIVITY,False,"variant_entry=11.45,variant_stop=11.535874999999999,variant_target=11.14268674921188","variant_entry=11.45,variant_stop=11.535874999999999,variant_target=11.14268674921188",11.45,11.535874999999999,11.14268674921188,0.6288209606986829,0.768558951965074,0.8384,1.0247,0.6899563318777348,False,True,False,True,False,,58.3,0.6288209606986829,0.768558951965074,0.8384,1.0247,0.6899563318777348,False,True,False,True,False,,58.3
8925,1072609953,ORCAUSDT,2026-10-06T08:10:52.791137Z,2026-10-06,True,True,DB_SNAPSHOT_SENSITIVITY,False,"variant_entry=2.515,variant_stop=2.5338625,variant_target=2.2726542258230618","variant_entry=2.515,variant_stop=2.5338625,variant_target=2.2726542258230618",2.515,2.5338625,2.2726542258230618,1.7534791252485187,6.560636182902585,2.338,8.7475,6.516898608349897,False,True,False,True,False,,9.1,1.7534791252485187,6.715705765407548,2.338,8.9543,6.27435387673956,False,True,False,True,False,,9.1
7285,1075168543,XRPUSDT,2026-10-05T00:35:27.650837Z,2026-10-05,True,True,DB_SNAPSHOT_SENSITIVITY,False,"variant_entry=1.5198,variant_stop=1.5311985000000001,variant_target=1.4991590356587372","variant_entry=1.5198,variant_stop=1.5311985000000001,variant_target=1.4991590356587372",1.5198,1.5311985000000001,1.4991590356587372,0.26977233846558707,0.7632583234636172,0.3597,1.0177,0.15133570206605926,True,True,False,True,False,234.5,49.5,0.26977233846558707,0.7632583234636172,0.3597,1.0177,0.190814580865897,True,True,False,True,False,234.5,49.5
4040,1080660051,MSTRUSDT,2026-10-02T12:56:42.413162Z,2026-10-02,True,True,DB_SNAPSHOT_SENSITIVITY,False,"variant_entry=167.1,variant_stop=168.35325,variant_target=162.73894268385257","variant_entry=167.1,variant_stop=168.35325,variant_target=162.73894268385257",167.1,168.35325,162.73894268385257,0.8138839018551678,1.8671454219030548,1.0852,2.4895,-0.2034709754637962,True,True,False,True,False,93.3,33.3,0.8138839018551678,1.8671454219030548,1.0852,2.4895,-0.6941950927588251,True,True,False,True,False,93.3,33.3
716,1087571800,PUMPFUNUSDT,2026-09-29T22:16:26.978840Z,2026-09-29,True,True,DB_SNAPSHOT_SENSITIVITY,False,"variant_entry=0.00585,variant_stop=0.005893875,variant_target=0.005372871429925914","variant_entry=0.00585,variant_stop=0.005893875,variant_target=0.005372871429925914",0.00585,0.005893875,0.005372871429925914,0.5641025641025649,3.0940170940170897,0.7521,4.1254,1.8290598290598197,False,True,False,True,False,,3.6,0.5641025641025649,3.0940170940170897,0.7521,4.1254,1.2820512820512742,False,True,False,True,False,,3.6
5844,1096399209,PUMPFUNUSDT,2026-10-04T04:47:27.373238Z,2026-10-04,True,True,DB_SNAPSHOT_SENSITIVITY,False,"variant_entry=0.006425,variant_stop=0.0064731875,variant_target=0.006044772448974123","variant_entry=0.006425,variant_stop=0.0064731875,variant_target=0.006044772448974123",0.006425,0.0064731875,0.006044772448974123,1.4474708171206256,0.8560311284046613,1.93,1.1414,0.5291828793774346,False,True,False,True,False,,47.5,1.4474708171206256,0.8560311284046613,1.93,1.1414,0.5291828793774346,False,True,False,True,False,,47.5
9005,1097804400,SPCXUSDT,2026-10-06T09:35:54.057663Z,2026-10-06,True,True,DB_SNAPSHOT_SENSITIVITY,False,"variant_entry=173.12,variant_stop=174.4184,variant_target=170.90393724944946","variant_entry=173.12,variant_stop=174.4184,variant_target=170.90393724944946",173.12,174.4184,170.90393724944946,0.1617375231053611,0.1559611829944442,0.2157,0.2079,0.08664510166358923,False,True,False,True,False,,234.1,0.1617375231053611,0.1559611829944442,0.2157,0.2079,0.06931608133087139,False,True,False,True,False,,234.1
854,1120827372,ICPUSDT,2026-09-30T01:17:09.102185Z,2026-09-30,True,True,DB_SNAPSHOT_SENSITIVITY,False,"variant_entry=3.501,variant_stop=3.5272574999999997,variant_target=3.3303013295457022","variant_entry=3.501,variant_stop=3.5272574999999997,variant_target=3.3303013295457022",3.501,3.5272574999999997,3.3303013295457022,2.0565552699228813,0.11425307055127118,2.7421,0.1523,-2.0565552699228813,False,False,False,False,False,,,2.313624678663238,0.11425307055127118,3.0848,0.1523,-2.313624678663238,False,False,False,False,False,,
5830,1125833675,PUMPFUNUSDT,2026-10-04T04:37:24.899643Z,2026-10-04,True,True,DB_SNAPSHOT_SENSITIVITY,False,"variant_entry=0.006425,variant_stop=0.0064731875,variant_target=0.006052772448974123","variant_entry=0.006425,variant_stop=0.0064731875,variant_target=0.006052772448974123",0.006425,0.0064731875,0.006052772448974123,1.4474708171206256,0.8560311284046613,1.93,1.1414,0.40466926070038883,False,True,False,True,False,,57.6,1.4474708171206256,0.8560311284046613,1.93,1.1414,0.48249027237353737,False,True,False,True,False,,57.6
5239,1127954735,SPCXUSDT,2026-10-03T13:40:30.011480Z,2026-10-03,True,True,DB_SNAPSHOT_SENSITIVITY,False,"variant_entry=159.27,variant_stop=160.464525,variant_target=158.31186053740086","variant_entry=159.27,variant_stop=160.464525,variant_target=158.31186053740086",159.27,160.464525,158.31186053740086,0.18208074339173758,0.0,0.2428,0.0,-0.18208074339173758,False,False,False,False,False,,,0.18208074339173758,0.0,0.2428,0.0,-0.18208074339173758,False,False,False,False,False,,
7684,1142805713,ADAUSDT,2026-10-05T09:12:04.824875Z,2026-10-05,True,True,DB_SNAPSHOT_SENSITIVITY,False,"variant_entry=0.2724,variant_stop=0.274443,variant_target=0.26297299183195205","variant_entry=0.2724,variant_stop=0.274443,variant_target=0.26297299183195205",0.2724,0.274443,0.26297299183195205,0.9177679882525707,0.8076358296622744,1.2237,1.0768,0.4405286343612461,False,True,False,True,False,,57.9,0.9177679882525707,0.8076358296622744,1.2237,1.0768,0.7342143906020565,False,True,False,True,False,,57.9
9198,1166057501,AVAXUSDT,2026-10-06T13:36:41.405749Z,2026-10-06,True,True,DB_SNAPSHOT_SENSITIVITY,False,"variant_entry=11.45,variant_stop=11.535874999999999,variant_target=11.13468674921188","variant_entry=11.45,variant_stop=11.535874999999999,variant_target=11.13468674921188",11.45,11.535874999999999,11.13468674921188,0.672489082969432,0.6637554585152883,0.8967,0.885,0.5938864628821082,False,True,False,True,False,,63.3,0.672489082969432,0.6637554585152883,0.8967,0.885,0.5938864628821082,False,True,False,True,False,,63.3
7643,1220550438,VIRTUALUSDT,2026-10-05T08:37:15.485152Z,2026-10-05,True,True,DB_SNAPSHOT_SENSITIVITY,False,"variant_entry=0.8827,variant_stop=0.88932025,variant_target=0.8502551652793815","variant_entry=0.8827,variant_stop=0.88932025,variant_target=0.8502551652793815",0.8827,0.88932025,0.8502551652793815,1.1782032400589186,0.28322193270646273,1.5709,0.3776,-0.3058796873229903,False,False,False,False,False,,,1.1782032400589186,0.28322193270646273,1.5709,0.3776,-0.3058796873229903,False,False,False,False,False,,
7602,1238106766,ADAUSDT,2026-10-05T07:41:47.949283Z,2026-10-05,True,True,DB_SNAPSHOT_SENSITIVITY,False,"variant_entry=0.2727,variant_stop=0.27474525,variant_target=0.2636948817583788","variant_entry=0.2727,variant_stop=0.27474525,variant_target=0.2636948817583788",0.2727,0.27474525,0.2636948817583788,0.4400440044004323,0.7700770077007667,0.5867,1.0268,-0.366703337000367,False,True,False,True,False,,18.2,0.4400440044004323,0.7700770077007667,0.5867,1.0268,-0.366703337000367,False,True,False,True,False,,18.2
2864,1242215375,MONUSDT,2026-10-01T17:59:22.264174Z,2026-10-01,True,True,DB_SNAPSHOT_SENSITIVITY,False,"variant_entry=0.03487,variant_stop=0.035131525,variant_target=0.0318837344871683","variant_entry=0.03487,variant_stop=0.035131525,variant_target=0.0318837344871683",0.03487,0.035131525,0.0318837344871683,2.1508459994264433,0.8029825064525452,2.8678,1.0706,0.0,False,True,False,True,False,,55.6,2.1508459994264433,0.8029825064525452,2.8678,1.0706,0.0,False,True,False,True,False,,55.6
9546,1244416751,PONSUSDT,2026-10-06T18:46:36.285481Z,2026-10-06,True,True,DB_SNAPSHOT_SENSITIVITY,False,"variant_entry=0.425,variant_stop=0.4281875,variant_target=0.39613961987189217","variant_entry=0.425,variant_stop=0.4281875,variant_target=0.39613961987189217",0.425,0.4281875,0.39613961987189217,5.435294117647061,0.0,7.2471,0.0,-4.141176470588237,True,False,True,False,False,218.4,,5.435294117647061,0.0,7.2471,0.0,-4.141176470588237,True,False,True,False,False,218.4,
4062,1245809045,MSTRUSDT,2026-10-02T13:16:47.144600Z,2026-10-02,True,True,DB_SNAPSHOT_SENSITIVITY,False,"variant_entry=166.83,variant_stop=168.08122500000002,variant_target=162.6497321960652","variant_entry=166.83,variant_stop=168.08122500000002,variant_target=162.6497321960652",166.83,168.08122500000002,162.6497321960652,2.1399028951627534,2.0320086315410815,2.8532,2.7093,-1.3846430498111861,True,True,False,True,False,73.2,13.2,2.1399028951627534,2.0320086315410815,2.8532,2.7093,-1.3846430498111861,True,True,False,True,False,73.2,13.2
7915,1246869243,ADAUSDT,2026-10-05T13:32:50.652643Z,2026-10-05,True,True,DB_SNAPSHOT_SENSITIVITY,False,"variant_entry=0.2768,variant_stop=0.278876,variant_target=0.26649096407391976","variant_entry=0.2768,variant_stop=0.278876,variant_target=0.26649096407391976",0.2768,0.278876,0.26649096407391976,2.384393063583813,0.0,3.1792,0.0,-2.203757225433524,True,False,True,False,False,117.2,,2.7817919075144455,0.0,3.7091,0.0,-2.601156069364156,True,False,True,False,False,117.2,
6334,1247320198,SOLUSDT,2026-10-04T11:53:29.490412Z,2026-10-04,True,True,DB_SNAPSHOT_SENSITIVITY,False,"variant_entry=121.47,variant_stop=122.381025,variant_target=120.17050535007597","variant_entry=121.47,variant_stop=122.381025,variant_target=120.17050535007597",121.47,122.381025,120.17050535007597,0.27990450316950966,0.27167201778216704,0.3732,0.3622,-0.1811146785214447,False,False,False,False,False,,,0.27990450316950966,0.27167201778216704,0.3732,0.3622,-0.1811146785214447,False,False,False,False,False,,
1789,1258494648,HYPEUSDT,2026-09-30T22:47:52.462453Z,2026-09-30,True,True,DB_SNAPSHOT_SENSITIVITY,False,"variant_entry=91.57,variant_stop=92.25677499999999,variant_target=88.70099998329297","variant_entry=91.57,variant_stop=92.25677499999999,variant_target=88.70099998329297",91.57,92.25677499999999,88.70099998329297,1.2121873976193072,0.15288850060063403,1.6162,0.2039,-0.6552364311455655,False,False,False,False,False,,,1.2121873976193072,0.15288850060063403,1.6162,0.2039,-0.6443158239598004,False,False,False,False,False,,
4066,1261538945,MSTRUSDT,2026-10-02T13:21:47.529079Z,2026-10-02,True,True,DB_SNAPSHOT_SENSITIVITY,False,"variant_entry=166.83,variant_stop=168.08122500000002,variant_target=162.30544648177948","variant_entry=166.83,variant_stop=168.08122500000002,variant_target=162.30544648177948",166.83,168.08122500000002,162.30544648177948,2.1399028951627534,2.0320086315410815,2.8532,2.7093,-1.024995504405687,True,True,False,True,False,68.2,8.2,2.1399028951627534,2.0320086315410815,2.8532,2.7093,-1.024995504405687,True,True,False,True,False,68.2,8.2
9357,1282428912,SPCXUSDT,2026-10-06T16:41:01.037633Z,2026-10-06,True,True,DB_SNAPSHOT_SENSITIVITY,False,"variant_entry=174.04,variant_stop=175.34529999999998,variant_target=171.1851620248324","variant_entry=174.04,variant_stop=175.34529999999998,variant_target=171.1851620248324",174.04,175.34529999999998,171.1851620248324,0.9480579177200678,0.0,1.2641,0.0,-0.3275109170305638,False,False,False,False,False,,,0.9480579177200678,0.0,1.2641,0.0,-0.3275109170305638,False,False,False,False,False,,
7174,1287082093,KLACUSDT,2026-10-04T22:45:29.504560Z,2026-10-04,True,True,DB_SNAPSHOT_SENSITIVITY,False,"variant_entry=207.97,variant_stop=209.529775,variant_target=206.43729758450291","variant_entry=207.97,variant_stop=209.529775,variant_target=206.43729758450291",207.97,209.529775,206.43729758450291,0.2211857479444189,0.12501803144683893,0.2949,0.1667,-0.004808385824874215,False,True,False,True,False,,84.5,0.2211857479444189,0.12501803144683893,0.2949,0.1667,0.02885031494927262,False,True,False,True,False,,84.5
9365,1297287793,SPCXUSDT,2026-10-06T16:46:02.729769Z,2026-10-06,True,True,DB_SNAPSHOT_SENSITIVITY,False,"variant_entry=174.14,variant_stop=175.44604999999999,variant_target=170.8851620248324","variant_entry=174.14,variant_stop=175.44604999999999,variant_target=170.8851620248324",174.14,175.44604999999999,170.8851620248324,1.004938555185483,0.0,1.3399,0.0,-0.42494544619270747,False,False,False,False,False,,,1.004938555185483,0.0,1.3399,0.0,-0.6431606753186954,False,False,False,False,False,,
8859,1311832511,ORCAUSDT,2026-10-06T06:45:43.540649Z,2026-10-06,True,True,DB_SNAPSHOT_SENSITIVITY,False,"variant_entry=2.5334,variant_stop=2.5524005,variant_target=2.2388983870855506","variant_entry=2.5334,variant_stop=2.5524005,variant_target=2.2388983870855506",2.5334,2.5524005,2.2388983870855506,2.459145811952318,1.417067971895487,3.2789,1.8894,-1.2986500355253694,False,True,False,True,False,,19.3,2.459145811952318,1.417067971895487,3.2789,1.8894,-1.2670719191600142,False,True,False,True,False,,19.3
6393,1314075242,SOLUSDT,2026-10-04T12:48:36.542450Z,2026-10-04,True,True,DB_SNAPSHOT_SENSITIVITY,False,"variant_entry=121.59,variant_stop=122.501925,variant_target=120.29046920680837","variant_entry=121.59,variant_stop=122.501925,variant_target=120.29046920680837",121.59,122.501925,120.29046920680837,0.32075006168270465,0.3289744222386639,0.4277,0.4386,0.2385064561230299,False,False,False,False,False,,,0.32075006168270465,0.3289744222386639,0.4277,0.4386,0.2385064561230299,False,False,False,False,False,,
1536,1320421294,ASTERUSDT,2026-09-30T16:33:02.969699Z,2026-09-30,True,True,DB_SNAPSHOT_SENSITIVITY,False,"variant_entry=0.7746,variant_stop=0.7804095,variant_target=0.7429887763400161","variant_entry=0.7746,variant_stop=0.7804095,variant_target=0.7429887763400161",0.7746,0.7804095,0.7429887763400161,2.246320681642134,0.0,2.9951,0.0,-1.8590240123934894,False,False,False,False,False,,,2.246320681642134,0.0,2.9951,0.0,-1.8590240123934894,False,False,False,False,False,,
8393,1321163253,ZROUSDT,2026-10-05T23:19:26.218706Z,2026-10-05,True,True,DB_SNAPSHOT_SENSITIVITY,False,"variant_entry=2.1215,variant_stop=2.13741125,variant_target=2.012017076634331","variant_entry=2.1215,variant_stop=2.13741125,variant_target=2.012017076634331",2.1215,2.13741125,2.012017076634331,0.6881923167570194,3.158142823473944,0.9176,4.2109,-0.05656375206223483,False,True,False,True,False,,30.6,0.6881923167570194,3.158142823473944,0.9176,4.2109,-0.05656375206223483,False,True,False,True,False,,30.6
9024,1334513595,AVAXUSDT,2026-10-06T09:40:56.965957Z,2026-10-06,True,True,DB_SNAPSHOT_SENSITIVITY,False,"variant_entry=11.393,variant_stop=11.478447500000001,variant_target=11.057139557185863","variant_entry=11.393,variant_stop=11.478447500000001,variant_target=11.057139557185863",11.393,11.478447500000001,11.057139557185863,1.0796102870183544,0.0,1.4395,0.0,-0.4300886509260183,False,True,False,True,False,,114.1,1.0796102870183544,0.0,1.4395,0.0,-0.6846309137189606,False,True,False,True,False,,114.1
5906,1354485283,PUMPFUNUSDT,2026-10-04T05:32:32.798989Z,2026-10-04,True,True,DB_SNAPSHOT_SENSITIVITY,False,"variant_entry=0.006468,variant_stop=0.00651651,variant_target=0.006104584627313814","variant_entry=0.006468,variant_stop=0.00651651,variant_target=0.006104584627313814",0.006468,0.00651651,0.006104584627313814,0.7884972170686431,2.1490414347557243,1.0513,2.8654,0.5720470006184382,False,True,False,True,False,,32.5,0.7884972170686431,2.1490414347557243,1.0513,2.8654,0.6648113790971012,False,True,False,True,False,,32.5
5982,1357903352,PUMPFUNUSDT,2026-10-04T06:57:47.534243Z,2026-10-04,True,True,DB_SNAPSHOT_SENSITIVITY,False,"variant_entry=0.006546,variant_stop=0.006595095,variant_target=0.006106093880622197","variant_entry=0.006546,variant_stop=0.006595095,variant_target=0.006106093880622197",0.006546,0.006595095,0.006106093880622197,2.9025358997861304,0.0,3.87,0.0,-1.894286587228842,False,False,False,False,False,,,2.9025358997861304,0.0,3.87,0.0,-1.894286587228842,False,False,False,False,False,,
4052,1358699538,XRPUSDT,2026-10-02T13:11:31.757888Z,2026-10-02,True,True,DB_SNAPSHOT_SENSITIVITY,False,"variant_entry=1.5468,variant_stop=1.558401,variant_target=1.5136981590213572","variant_entry=1.5468,variant_stop=1.558401,variant_target=1.5136981590213572",1.5468,1.558401,1.5136981590213572,1.4028963020429308,0.20687871735195837,1.8705,0.2758,-1.2477372640289548,True,False,True,False,False,98.5,,1.4028963020429308,0.20687871735195837,1.8705,0.2758,-1.1960175846909724,True,False,True,False,False,98.5,
6483,1359358584,SOLUSDT,2026-10-04T14:03:47.976749Z,2026-10-04,True,True,DB_SNAPSHOT_SENSITIVITY,False,"variant_entry=121.88,variant_stop=122.7941,variant_target=120.60724121936359","variant_entry=121.88,variant_stop=122.7941,variant_target=120.60724121936359",121.88,122.7941,120.60724121936359,0.5989497866754101,0.2051197899573351,0.7986,0.2735,-0.04922874958976229,False,False,False,False,False,,,0.5989497866754101,0.2051197899573351,0.7986,0.2735,-0.04922874958976229,False,False,False,False,False,,
7984,1380007334,ADAUSDT,2026-10-05T14:17:58.930906Z,2026-10-05,True,True,DB_SNAPSHOT_SENSITIVITY,False,"variant_entry=0.2758,variant_stop=0.27786849999999996,variant_target=0.266920181053923","variant_entry=0.2758,variant_stop=0.27786849999999996,variant_target=0.266920181053923",0.2758,0.27786849999999996,0.266920181053923,2.9731689630166733,0.0,3.9642,0.0,-2.6105873821609804,True,False,True,False,False,72.0,,2.9731689630166733,0.0,3.9642,0.0,-2.6105873821609804,True,False,True,False,False,72.0,
5123,1390497437,SPCXUSDT,2026-10-03T10:19:57.879553Z,2026-10-03,True,True,DB_SNAPSHOT_SENSITIVITY,False,"variant_entry=159.1,variant_stop=160.29325,variant_target=158.07190405082224","variant_entry=159.1,variant_stop=160.29325,variant_target=158.07190405082224",159.1,160.29325,158.07190405082224,0.05656819610308197,0.03142677561282927,0.0754,0.0419,-0.012570710245117417,False,False,False,False,False,,,0.05656819610308197,0.03142677561282927,0.0754,0.0419,-0.012570710245117417,False,False,False,False,False,,
7227,1393039628,KLACUSDT,2026-10-04T23:20:39.561835Z,2026-10-04,True,True,DB_SNAPSHOT_SENSITIVITY,False,"variant_entry=207.94,variant_stop=209.49955,variant_target=206.72820484637143","variant_entry=207.94,variant_stop=209.49955,variant_target=206.72820484637143",207.94,209.49955,206.72820484637143,0.5722804655188987,0.9666249879772968,0.763,1.2888,0.8944887948446733,False,True,False,True,False,,49.3,0.5722804655188987,0.9666249879772968,0.763,1.2888,0.8944887948446733,False,True,False,True,False,,49.3
6348,1396511861,SOLUSDT,2026-10-04T12:13:32.765065Z,2026-10-04,True,True,DB_SNAPSHOT_SENSITIVITY,False,"variant_entry=121.8,variant_stop=122.7135,variant_target=120.54046920680837","variant_entry=121.8,variant_stop=122.7135,variant_target=120.54046920680837",121.8,122.7135,120.54046920680837,0.492610837438419,0.0,0.6568,0.0,-0.2709359605911316,False,False,False,False,False,,,0.492610837438419,0.0,0.6568,0.0,-0.2709359605911316,False,False,False,False,False,,
8884,1411223613,ORCAUSDT,2026-10-06T07:40:46.773043Z,2026-10-06,True,True,DB_SNAPSHOT_SENSITIVITY,False,"variant_entry=2.5251,variant_stop=2.5440382500000003,variant_target=2.2795342208386895","variant_entry=2.5251,variant_stop=2.5440382500000003,variant_target=2.2795342208386895",2.5251,2.5440382500000003,2.2795342208386895,3.1602708803611774,1.0851055403746421,4.2137,1.4468,-0.8831333412538112,False,True,False,True,False,,39.2,3.1602708803611774,1.0851055403746421,4.2137,1.4468,-0.6811611421329977,False,True,False,True,False,,39.2
7900,1414827455,ADAUSDT,2026-10-05T13:22:47.780937Z,2026-10-05,True,True,DB_SNAPSHOT_SENSITIVITY,False,"variant_entry=0.2765,variant_stop=0.27857375,variant_target=0.2669338212167769","variant_entry=0.2765,variant_stop=0.27857375,variant_target=0.2669338212167769",0.2765,0.27857375,0.2669338212167769,1.3381555153707183,0.10849909584085603,1.7842,0.1447,-1.301989150090433,True,False,True,False,False,127.2,,1.3381555153707183,0.10849909584085603,1.7842,0.1447,-1.301989150090433,True,False,True,False,False,127.2,
7032,1416593028,XRPUSDT,2026-10-04T21:44:58.912604Z,2026-10-04,True,True,DB_SNAPSHOT_SENSITIVITY,False,"variant_entry=1.513,variant_stop=1.5243475,variant_target=1.497423939995729","variant_entry=1.513,variant_stop=1.5243475,variant_target=1.497423939995729",1.513,1.5243475,1.497423939995729,0.5089226701916602,0.7204230006609473,0.6786,0.9606,0.37673496364838327,False,True,False,True,False,,100.0,0.5089226701916602,0.7204230006609473,0.6786,0.9606,0.37673496364838327,False,True,False,True,False,,100.0
6624,1431787155,SOLUSDT,2026-10-04T15:33:58.970841Z,2026-10-04,True,True,DB_SNAPSHOT_SENSITIVITY,False,"variant_entry=122.12,variant_stop=123.0359,variant_target=120.5343770535819","variant_entry=122.12,variant_stop=123.0359,variant_target=120.5343770535819",122.12,123.0359,120.5343770535819,0.6059613494923101,0.0,0.8079,0.0,-0.3848673435964616,False,False,False,False,False,,,0.6059613494923101,0.0,0.8079,0.0,-0.3848673435964616,False,False,False,False,False,,
3687,1434359385,XRPUSDT,2026-10-02T10:08:59.784469Z,2026-10-02,True,True,DB_SNAPSHOT_SENSITIVITY,False,"variant_entry=1.5438,variant_stop=1.5553785,variant_target=1.5151564153048842","variant_entry=1.5438,variant_stop=1.5553785,variant_target=1.5151564153048842",1.5438,1.5553785,1.5151564153048842,0.5635445005829869,0.4599041326596634,0.7514,0.6132,-0.01943256898561776,False,True,False,True,False,,141.0,0.5635445005829869,0.4599041326596634,0.7514,0.6132,-0.01943256898561776,False,True,False,True,False,,141.0
8894,1457776182,ORCAUSDT,2026-10-06T07:55:46.474496Z,2026-10-06,True,True,DB_SNAPSHOT_SENSITIVITY,False,"variant_entry=2.525,variant_stop=2.5439374999999997,variant_target=2.2819199351244035","variant_entry=2.525,variant_stop=2.5439374999999997,variant_target=2.2819199351244035",2.525,2.5439374999999997,2.2819199351244035,3.1564356435643517,2.52673267326733,4.2086,3.369,1.5287128712871363,False,True,False,True,False,,24.2,3.1564356435643517,2.52673267326733,4.2086,3.369,1.5287128712871363,False,True,False,True,False,,24.2
6317,1461129668,SOLUSDT,2026-10-04T11:43:30.393624Z,2026-10-04,True,True,DB_SNAPSHOT_SENSITIVITY,False,"variant_entry=121.47,variant_stop=122.381025,variant_target=120.10050535007596","variant_entry=121.47,variant_stop=122.381025,variant_target=120.10050535007596",121.47,122.381025,120.10050535007596,0.27990450316950966,0.27167201778216704,0.3732,0.3622,-0.0164649707746736,False,False,False,False,False,,,0.27990450316950966,0.27167201778216704,0.3732,0.3622,-0.0164649707746736,False,False,False,False,False,,
6252,1463570730,SOLUSDT,2026-10-04T10:53:22.373336Z,2026-10-04,True,True,DB_SNAPSHOT_SENSITIVITY,False,"variant_entry=121.43,variant_stop=122.340725,variant_target=120.2713134597898","variant_entry=121.43,variant_stop=122.340725,variant_target=120.2713134597898",121.43,122.340725,120.2713134597898,0.24705591698922125,0.032940788931888364,0.3294,0.0439,-0.2223503252902991,False,False,False,False,False,,,0.24705591698922125,0.032940788931888364,0.3294,0.0439,-0.2223503252902991,False,False,False,False,False,,
5826,1471655252,USELESSUSDT,2026-10-04T04:32:39.947633Z,2026-10-04,True,True,DB_SNAPSHOT_SENSITIVITY,False,"variant_entry=0.24366,variant_stop=0.24548745,variant_target=0.23298986270290659","variant_entry=0.24366,variant_stop=0.24548745,variant_target=0.23298986270290659",0.24366,0.24548745,0.23298986270290659,1.1368300090289727,0.0,1.5158,0.0,-1.046540261019452,False,True,False,True,False,,207.3,1.1368300090289727,0.0,1.5158,0.0,-1.1163096117540838,False,True,False,True,False,,207.3
1476,1472280370,ASTERUSDT,2026-09-30T15:12:53.944532Z,2026-09-30,True,True,DB_SNAPSHOT_SENSITIVITY,False,"variant_entry=0.7766,variant_stop=0.7824245,variant_target=0.7493835168544801","variant_entry=0.7766,variant_stop=0.7824245,variant_target=0.7493835168544801",0.7766,0.7824245,0.7493835168544801,1.1717744012361573,0.2704094772083429,1.5624,0.3605,-0.3347926860674653,True,False,True,False,False,202.1,,1.1717744012361573,0.2704094772083429,1.5624,0.3605,-0.3347926860674653,True,False,True,False,False,202.1,
8963,1487355669,SPCXUSDT,2026-10-06T08:55:48.035847Z,2026-10-06,True,True,DB_SNAPSHOT_SENSITIVITY,False,"variant_entry=172.91,variant_stop=174.206825,variant_target=170.79116334717548","variant_entry=172.91,variant_stop=174.206825,variant_target=170.79116334717548",172.91,174.206825,170.79116334717548,0.11566711005724865,0.14458388757156904,0.1542,0.1928,0.06361691053149826,False,False,False,False,False,,,0.11566711005724865,0.14458388757156904,0.1542,0.1928,0.04626684402290932,False,False,False,False,False,,
9194,1487819467,SPCXUSDT,2026-10-06T13:36:39.091270Z,2026-10-06,True,True,DB_SNAPSHOT_SENSITIVITY,False,"variant_entry=174.67,variant_stop=175.98002499999998,variant_target=171.3069861020122","variant_entry=174.67,variant_stop=175.98002499999998,variant_target=171.3069861020122",174.67,175.98002499999998,171.3069861020122,0.561057995076424,0.9503635426804977,0.7481,1.2672,0.35495505810958067,False,True,False,True,False,,8.3,0.561057995076424,0.9503635426804977,0.7481,1.2672,0.35495505810958067,False,True,False,True,False,,8.3
3841,1495916507,WLDUSDT,2026-10-02T11:44:22.472142Z,2026-10-02,True,True,DB_SNAPSHOT_SENSITIVITY,False,"variant_entry=0.545,variant_stop=0.5490875000000001,variant_target=0.5212901455860581","variant_entry=0.545,variant_stop=0.5490875000000001,variant_target=0.5212901455860581",0.545,0.5490875000000001,0.5212901455860581,0.9908256880734075,2.9724770642201817,1.3211,3.9633,2.0366972477064214,False,True,False,True,False,,30.6,0.9908256880734075,2.9724770642201817,1.3211,3.9633,1.8348623853211024,False,True,False,True,False,,30.6
1209,1505442013,QNTUSDT,2026-09-30T10:53:03.364843Z,2026-09-30,True,True,DB_SNAPSHOT_SENSITIVITY,False,"variant_entry=298.47,variant_stop=300.708525,variant_target=260.7064449960306","variant_entry=298.47,variant_stop=300.708525,variant_target=260.7064449960306",298.47,300.708525,260.7064449960306,1.2262538948638138,9.77317653365496,1.635,13.0309,4.335444098234327,False,True,False,True,False,,11.9,1.2262538948638138,9.77317653365496,1.635,13.0309,4.335444098234327,False,True,False,True,False,,11.9
4278,1510840013,SANDUSDT,2026-10-02T17:21:57.160312Z,2026-10-02,True,True,DB_SNAPSHOT_SENSITIVITY,False,"variant_entry=0.0655,variant_stop=0.06599125,variant_target=0.05732345862357585","variant_entry=0.0655,variant_stop=0.06599125,variant_target=0.05732345862357585",0.0655,0.06599125,0.05732345862357585,5.3893129770992445,0.0,7.1858,0.0,-4.167938931297704,False,False,False,False,False,,,5.3893129770992445,0.0,7.1858,0.0,-4.152671755725191,False,False,False,False,False,,
9239,1523066988,AVAXUSDT,2026-10-06T14:11:47.480647Z,2026-10-06,True,True,DB_SNAPSHOT_SENSITIVITY,False,"variant_entry=11.439,variant_stop=11.5247925,variant_target=11.164617294552851","variant_entry=11.439,variant_stop=11.5247925,variant_target=11.164617294552851",11.439,11.5247925,11.164617294552851,0.20980854969840815,1.6435003059708069,0.2797,2.1913,1.040300725587899,False,True,False,True,False,,23.2,0.20980854969840815,1.6435003059708069,0.2797,2.1913,1.0228166797796931,False,True,False,True,False,,23.2
3859,1529676284,WLDUSDT,2026-10-02T11:54:24.649531Z,2026-10-02,True,True,DB_SNAPSHOT_SENSITIVITY,False,"variant_entry=0.545,variant_stop=0.5490875000000001,variant_target=0.519190145586058","variant_entry=0.545,variant_stop=0.5490875000000001,variant_target=0.519190145586058",0.545,0.5490875000000001,0.519190145586058,0.9908256880734075,4.458715596330273,1.3211,5.945,4.091743119266052,False,True,False,True,False,,20.6,0.9908256880734075,4.458715596330273,1.3211,5.945,4.091743119266052,False,True,False,True,False,,20.6
2830,1531465044,MONUSDT,2026-10-01T17:39:20.734627Z,2026-10-01,True,True,DB_SNAPSHOT_SENSITIVITY,False,"variant_entry=0.03486,variant_stop=0.035121450000000005,variant_target=0.03208516305859687","variant_entry=0.03486,variant_stop=0.035121450000000005,variant_target=0.03208516305859687",0.03486,0.035121450000000005,0.03208516305859687,2.4670109007458394,0.2868617326448535,3.2893,0.3825,0.14343086632241678,False,True,False,True,False,,75.7,2.4670109007458394,0.2868617326448535,3.2893,0.3825,0.17211703958691207,False,True,False,True,False,,75.7
5234,1531654094,SPCXUSDT,2026-10-03T13:35:29.345095Z,2026-10-03,True,True,DB_SNAPSHOT_SENSITIVITY,False,"variant_entry=159.27,variant_stop=160.464525,variant_target=158.32186053740085","variant_entry=159.27,variant_stop=160.464525,variant_target=158.32186053740085",159.27,160.464525,158.32186053740085,0.18208074339173758,0.0,0.2428,0.0,-0.17580209706787286,False,False,False,False,False,,,0.18208074339173758,0.0,0.2428,0.0,-0.17580209706787286,False,False,False,False,False,,
2998,1536118540,MONUSDT,2026-10-01T20:09:37.709697Z,2026-10-01,True,True,DB_SNAPSHOT_SENSITIVITY,False,"variant_entry=0.03524,variant_stop=0.0355043,variant_target=0.03237843097342542","variant_entry=0.03524,variant_stop=0.0355043,variant_target=0.03237843097342542",0.03524,0.0355043,0.03237843097342542,4.795686719636768,0.0,6.3942,0.0,-3.461975028376841,False,False,False,False,False,,,4.795686719636768,0.0,6.3942,0.0,-3.461975028376841,False,False,False,False,False,,
4033,1536253663,MSTRUSDT,2026-10-02T12:51:42.027906Z,2026-10-02,True,True,DB_SNAPSHOT_SENSITIVITY,False,"variant_entry=168.28,variant_stop=169.5421,variant_target=162.08894268385257","variant_entry=168.28,variant_stop=169.5421,variant_target=162.08894268385257",168.28,169.5421,162.08894268385257,1.509389113382453,1.1528405039220333,2.0125,1.5371,-1.0280484906108804,True,True,False,True,False,98.3,38.3,1.509389113382453,1.1528405039220333,2.0125,1.5371,-0.9329688614214364,True,True,False,True,False,98.3,38.3
755,1551826584,SOONUSDT,2026-09-29T23:26:49.365292Z,2026-09-29,True,True,DB_SNAPSHOT_SENSITIVITY,False,"variant_entry=0.4344,variant_stop=0.437658,variant_target=0.37132045512278516","variant_entry=0.4344,variant_stop=0.437658,variant_target=0.37132045512278516",0.4344,0.437658,0.37132045512278516,6.468692449355435,0.0,8.6249,0.0,-3.084714548802952,False,False,False,False,False,,,6.468692449355435,0.0,8.6249,0.0,-3.084714548802952,False,False,False,False,False,,
9563,1564349599,PONSUSDT,2026-10-06T18:56:38.737753Z,2026-10-06,True,True,DB_SNAPSHOT_SENSITIVITY,False,"variant_entry=0.4202,variant_stop=0.4233515,variant_target=0.39643961987189213","variant_entry=0.4202,variant_stop=0.4233515,variant_target=0.39643961987189213",0.4202,0.4233515,0.39643961987189213,4.355069014754888,0.0,5.8068,0.0,-3.1889576392194243,True,False,True,False,False,208.4,,4.355069014754888,0.0,5.8068,0.0,-3.1889576392194243,True,False,True,False,False,208.4,
4055,1578223594,MSTRUSDT,2026-10-02T13:11:45.667535Z,2026-10-02,True,True,DB_SNAPSHOT_SENSITIVITY,False,"variant_entry=166.83,variant_stop=168.08122500000002,variant_target=162.6897321960652","variant_entry=166.83,variant_stop=168.08122500000002,variant_target=162.6897321960652",166.83,168.08122500000002,162.6897321960652,1.5344961937301458,2.0320086315410815,2.046,2.7093,-1.5225079422166399,True,True,False,True,False,78.2,18.2,1.5524785710004214,2.0320086315410815,2.07,2.7093,-1.510519690703117,True,True,False,True,False,78.2,18.2
7170,1582881812,KLACUSDT,2026-10-04T22:35:25.687016Z,2026-10-04,True,True,DB_SNAPSHOT_SENSITIVITY,False,"variant_entry=208.03,variant_stop=209.590225,variant_target=206.4872975845029","variant_entry=208.03,variant_stop=209.590225,variant_target=206.4872975845029",208.03,209.590225,206.4872975845029,0.24996394750757592,0.09613997981059877,0.3333,0.1282,-0.03845599192424771,False,True,False,True,False,,94.6,0.24996394750757592,0.09613997981059877,0.3333,0.1282,-0.033648992933708204,False,True,False,True,False,,94.6
8879,1591235531,ORCAUSDT,2026-10-06T07:25:44.830032Z,2026-10-06,True,True,DB_SNAPSHOT_SENSITIVITY,False,"variant_entry=2.5693,variant_stop=2.58856975,variant_target=2.294348506552975","variant_entry=2.5693,variant_stop=2.58856975,variant_target=2.294348506552975",2.5693,2.58856975,2.294348506552975,4.826217257618811,0.0,6.435,0.0,-2.0900634414042765,False,True,False,True,False,,79.3,4.826217257618811,0.0,6.435,0.0,-2.545440392324771,False,True,False,True,False,,79.3
1530,1594417951,ASTERUSDT,2026-09-30T16:23:02.113189Z,2026-09-30,True,True,DB_SNAPSHOT_SENSITIVITY,False,"variant_entry=0.7746,variant_stop=0.7804095,variant_target=0.7473173477685875","variant_entry=0.7746,variant_stop=0.7804095,variant_target=0.7473173477685875",0.7746,0.7804095,0.7473173477685875,2.246320681642134,0.0,2.9951,0.0,-1.7686547895688014,True,False,True,False,False,132.0,,2.246320681642134,0.0,2.9951,0.0,-1.7686547895688014,True,False,True,False,False,132.0,
3246,1606339295,MSTRUSDT,2026-10-02T00:20:12.093137Z,2026-10-02,True,True,DB_SNAPSHOT_SENSITIVITY,False,"variant_entry=161.93,variant_stop=163.144475,variant_target=158.07544239280816","variant_entry=161.93,variant_stop=163.144475,variant_target=158.07544239280816",161.93,163.144475,158.07544239280816,1.0251343172975955,0.0,1.3668,0.0,-1.0251343172975955,False,True,False,True,False,,159.8,1.0868893966528868,0.0,1.4492,0.0,-0.7904650157475459,False,True,False,True,False,,159.8
6525,1606753004,STRKUSDT,2026-10-04T14:18:52.874554Z,2026-10-04,True,True,DB_SNAPSHOT_SENSITIVITY,False,"variant_entry=0.0565,variant_stop=0.05692375,variant_target=0.05256713890098509","variant_entry=0.0565,variant_stop=0.05692375,variant_target=0.05256713890098509",0.0565,0.05692375,0.05256713890098509,1.0973451327433672,5.539823008849559,1.4631,7.3864,2.2123893805309756,False,True,False,True,False,,6.1,1.0973451327433672,5.539823008849559,1.4631,7.3864,2.2123893805309756,False,True,False,True,False,,6.1
7006,1612379477,XRPUSDT,2026-10-04T21:29:54.741194Z,2026-10-04,True,True,DB_SNAPSHOT_SENSITIVITY,False,"variant_entry=1.5129,variant_stop=1.5242467499999999,variant_target=1.4975382257100147","variant_entry=1.5129,variant_stop=1.5242467499999999,variant_target=1.4975382257100147",1.5129,1.5242467499999999,1.4975382257100147,0.5023464868794917,0.7270804415361307,0.6698,0.9694,0.1652455548945845,False,True,False,True,False,,115.1,0.5023464868794917,0.7270804415361307,0.6698,0.9694,0.1652455548945845,False,True,False,True,False,,115.1
5647,1613931491,MONUSDT,2026-10-04T01:37:12.928611Z,2026-10-04,True,True,DB_SNAPSHOT_SENSITIVITY,False,"variant_entry=0.03456,variant_stop=0.0348192,variant_target=0.03293812409294487","variant_entry=0.03456,variant_stop=0.0348192,variant_target=0.03293812409294487",0.03456,0.0348192,0.03293812409294487,1.5914351851851904,0.8391203703703662,2.1219,1.1188,-0.9259259259259283,False,True,False,True,False,,12.8,1.5914351851851904,0.8391203703703662,2.1219,1.1188,-0.9259259259259283,False,True,False,True,False,,12.8
7889,1650106028,ADAUSDT,2026-10-05T13:12:46.784096Z,2026-10-05,True,True,DB_SNAPSHOT_SENSITIVITY,False,"variant_entry=0.2753,variant_stop=0.27736475,variant_target=0.2661052497882055","variant_entry=0.2753,variant_stop=0.27736475,variant_target=0.2661052497882055",0.2753,0.27736475,0.2661052497882055,0.9081002542680721,0.5448601525608433,1.2108,0.7265,0.036324010170718846,True,False,True,False,False,137.2,,0.9081002542680721,0.5448601525608433,1.2108,0.7265,0.036324010170718846,True,False,True,False,False,137.2,
5115,1650714246,SPCXUSDT,2026-10-03T10:14:56.468359Z,2026-10-03,True,True,DB_SNAPSHOT_SENSITIVITY,False,"variant_entry=159.1,variant_stop=160.29325,variant_target=158.09190405082222","variant_entry=159.1,variant_stop=160.29325,variant_target=158.09190405082222",159.1,160.29325,158.09190405082222,0.05656819610308197,0.03142677561282927,0.0754,0.0419,-0.012570710245117417,False,False,False,False,False,,,0.05656819610308197,0.03142677561282927,0.0754,0.0419,-0.012570710245117417,False,False,False,False,False,,
11024,1678989738,AVAXUSDT,2026-10-07T00:12:26.921025Z,2026-10-07,True,True,DB_SNAPSHOT_SENSITIVITY,False,"variant_entry=11.645,variant_stop=11.7323375,variant_target=11.370299371810919","variant_entry=11.645,variant_stop=11.7323375,variant_target=11.370299371810919",11.645,11.7323375,11.370299371810919,0.987548303993132,0.07728638900816094,1.3167,0.103,-0.5324173465006388,True,False,True,False,False,102.6,,0.987548303993132,0.07728638900816094,1.3167,0.103,-0.618291112065257,True,False,True,False,False,102.6,
1533,1681174902,ASTERUSDT,2026-09-30T16:28:04.264537Z,2026-09-30,True,True,DB_SNAPSHOT_SENSITIVITY,False,"variant_entry=0.7746,variant_stop=0.7804095,variant_target=0.7463887763400162","variant_entry=0.7746,variant_stop=0.7804095,variant_target=0.7463887763400162",0.7746,0.7804095,0.7463887763400162,2.246320681642134,0.0,2.9951,0.0,-1.5879163439194395,True,False,True,False,False,126.9,,2.246320681642134,0.0,2.9951,0.0,-1.5879163439194395,True,False,True,False,False,126.9,
799,1681199643,SOONUSDT,2026-09-30T00:11:55.528112Z,2026-09-30,True,True,DB_SNAPSHOT_SENSITIVITY,False,"variant_entry=0.4197,variant_stop=0.42284775,variant_target=0.3718475656083699","variant_entry=0.4197,variant_stop=0.42284775,variant_target=0.3718475656083699",0.4197,0.42284775,0.3718475656083699,4.622349297116995,3.3357159876101874,6.1631,4.4476,0.6909697402906738,False,True,False,True,False,,13.1,4.622349297116995,3.3357159876101874,6.1631,4.4476,0.40505122706694763,False,True,False,True,False,,13.1
3804,1706734405,XRPUSDT,2026-10-02T11:19:08.295771Z,2026-10-02,True,True,DB_SNAPSHOT_SENSITIVITY,False,"variant_entry=1.544,variant_stop=1.55558,variant_target=1.5132105475311652","variant_entry=1.544,variant_stop=1.55558,variant_target=1.5132105475311652",1.544,1.55558,1.5132105475311652,1.1334196891191755,0.0,1.5112,0.0,-0.4080310880828998,True,True,False,True,False,210.9,70.9,1.1334196891191755,0.0,1.5112,0.0,-0.4080310880828998,True,True,False,True,False,210.9,70.9
1168,1711470164,SOONUSDT,2026-09-30T09:58:03.519331Z,2026-09-30,True,True,DB_SNAPSHOT_SENSITIVITY,False,"variant_entry=0.4588,variant_stop=0.462241,variant_target=0.3985748021382991","variant_entry=0.4588,variant_stop=0.462241,variant_target=0.3985748021382991",0.4588,0.462241,0.3985748021382991,2.484742807323445,2.375762859633832,3.313,3.1677,-1.7218831734960687,False,True,False,True,False,,16.9,2.484742807323445,2.375762859633832,3.313,3.1677,-1.7218831734960687,False,True,False,True,False,,16.9
5094,1711879082,SPCXUSDT,2026-10-03T10:04:54.904845Z,2026-10-03,True,True,DB_SNAPSHOT_SENSITIVITY,False,"variant_entry=159.06,variant_stop=160.25295,variant_target=158.04761833653652","variant_entry=159.06,variant_stop=160.25295,variant_target=158.04761833653652",159.06,160.25295,158.04761833653652,0.03143467873759045,0.05658242172765209,0.0419,0.0754,0.0,False,False,False,False,False,,,0.03143467873759045,0.05658242172765209,0.0419,0.0754,0.0,False,False,False,False,False,,
1486,1712190355,ASTERUSDT,2026-09-30T15:27:55.540391Z,2026-09-30,True,True,DB_SNAPSHOT_SENSITIVITY,False,"variant_entry=0.7766,variant_stop=0.7824245,variant_target=0.7433263739973373","variant_entry=0.7766,variant_stop=0.7824245,variant_target=0.7433263739973373",0.7766,0.7824245,0.7433263739973373,1.120267834148845,0.2704094772083429,1.4937,0.3605,-0.7983517898532041,False,False,False,False,False,,,1.120267834148845,0.2704094772083429,1.4937,0.3605,-0.7983517898532041,False,False,False,False,False,,
5997,1740108876,PUMPFUNUSDT,2026-10-04T07:07:46.812724Z,2026-10-04,True,True,DB_SNAPSHOT_SENSITIVITY,False,"variant_entry=0.006488,variant_stop=0.00653666,variant_target=0.006120127985724188","variant_entry=0.006488,variant_stop=0.00653666,variant_target=0.006120127985724188",0.006488,0.00653666,0.006120127985724188,2.0345252774352676,0.0,2.7127,0.0,-1.1251541307028383,False,False,False,False,False,,,2.0345252774352676,0.0,2.7127,0.0,-1.1868064118372352,False,False,False,False,False,,
4325,1741161815,SPCXUSDT,2026-10-02T17:57:18.884515Z,2026-10-02,True,True,DB_SNAPSHOT_SENSITIVITY,False,"variant_entry=158.76,variant_stop=159.95069999999998,variant_target=155.9907865215645","variant_entry=158.76,variant_stop=159.95069999999998,variant_target=155.9907865215645",158.76,159.95069999999998,155.9907865215645,0.3653313177122601,0.5102040816326545,0.4871,0.6803,0.00629881582263752,False,True,False,True,False,,107.7,0.3653313177122601,0.5102040816326545,0.4871,0.6803,0.03779289493575351,False,True,False,True,False,,107.7
2025,1745225334,SNDKUSDT,2026-10-01T03:28:41.730379Z,2026-10-01,True,True,DB_SNAPSHOT_SENSITIVITY,False,"variant_entry=1759.97,variant_stop=1773.169775,variant_target=1730.6235182177759","variant_entry=1759.97,variant_stop=1773.169775,variant_target=1730.6235182177759",1759.97,1773.169775,1730.6235182177759,0.35114234901731645,1.0142218333266992,0.4682,1.3523,0.5329636300618693,False,True,False,True,False,,26.3,0.35114234901731645,1.0142218333266992,0.4682,1.3523,0.5329636300618693,False,True,False,True,False,,26.3
8967,1763638356,AVAXUSDT,2026-10-06T08:55:49.845684Z,2026-10-06,True,True,DB_SNAPSHOT_SENSITIVITY,False,"variant_entry=11.406,variant_stop=11.491545,variant_target=11.091073368898508","variant_entry=11.406,variant_stop=11.491545,variant_target=11.091073368898508",11.406,11.491545,11.091073368898508,1.56934946519376,0.0,2.0925,0.0,-1.0783798001052174,False,True,False,True,False,,159.2,1.56934946519376,0.0,2.0925,0.0,-1.0696124846571968,False,True,False,True,False,,159.2
1808,1777920539,HYPEUSDT,2026-09-30T23:07:53.951521Z,2026-09-30,True,True,DB_SNAPSHOT_SENSITIVITY,False,"variant_entry=91.71,variant_stop=92.397825,variant_target=88.64450005433984","variant_entry=91.71,variant_stop=92.397825,variant_target=88.64450005433984",91.71,92.397825,88.64450005433984,1.362992040126486,0.0,1.8173,0.0,-1.2212408679533207,False,False,False,False,False,,,1.362992040126486,0.0,1.8173,0.0,-1.2212408679533207,False,False,False,False,False,,
2853,1797345501,MONUSDT,2026-10-01T17:54:22.908926Z,2026-10-01,True,True,DB_SNAPSHOT_SENSITIVITY,False,"variant_entry=0.03487,variant_stop=0.035131525,variant_target=0.0322837344871683","variant_entry=0.03487,variant_stop=0.035131525,variant_target=0.0322837344871683",0.03487,0.035131525,0.0322837344871683,2.4949813593346595,0.37281330656726447,3.3266,0.4971,0.28677946659020037,False,True,False,True,False,,60.6,2.4949813593346595,0.37281330656726447,3.3266,0.4971,0.28677946659020037,False,True,False,True,False,,60.6
5735,1803343638,USELESSUSDT,2026-10-04T02:37:22.135363Z,2026-10-04,True,True,DB_SNAPSHOT_SENSITIVITY,False,"variant_entry=0.24439,variant_stop=0.246222925,variant_target=0.23235203850045652","variant_entry=0.24439,variant_stop=0.246222925,variant_target=0.23235203850045652",0.24439,0.246222925,0.23235203850045652,2.0090838414010386,0.0,2.6788,0.0,-1.3093825442939597,False,False,False,False,False,,,2.0090838414010386,0.0,2.6788,0.0,-1.3093825442939597,False,False,False,False,False,,
768,1815619796,SOONUSDT,2026-09-29T23:41:51.165651Z,2026-09-29,True,True,DB_SNAPSHOT_SENSITIVITY,False,"variant_entry=0.4344,variant_stop=0.437658,variant_target=0.37182045512278517","variant_entry=0.4344,variant_stop=0.437658,variant_target=0.37182045512278517",0.4344,0.437658,0.37182045512278517,6.468692449355435,0.0,8.6249,0.0,-2.9235727440147303,False,False,False,False,False,,,6.468692449355435,0.0,8.6249,0.0,-2.9235727440147303,False,False,False,False,False,,
760,1831451106,SOONUSDT,2026-09-29T23:31:50.635935Z,2026-09-29,True,True,DB_SNAPSHOT_SENSITIVITY,False,"variant_entry=0.4344,variant_stop=0.437658,variant_target=0.36982045512278516","variant_entry=0.4344,variant_stop=0.437658,variant_target=0.36982045512278516",0.4344,0.437658,0.36982045512278516,6.468692449355435,0.0,8.6249,0.0,-2.4861878453038746,False,False,False,False,False,,,6.468692449355435,0.0,8.6249,0.0,-2.4861878453038746,False,False,False,False,False,,
4146,1846189978,MSTRUSDT,2026-10-02T14:06:53.785792Z,2026-10-02,True,True,DB_SNAPSHOT_SENSITIVITY,False,"variant_entry=169.59,variant_stop=170.861925,variant_target=162.25801655699087","variant_entry=169.59,variant_stop=170.861925,variant_target=162.25801655699087",169.59,170.861925,162.25801655699087,5.672504275016218,0.0,7.5633,0.0,-5.371778996403098,True,False,True,False,False,23.1,,5.672504275016218,0.0,7.5633,0.0,-5.371778996403098,True,False,True,False,False,23.1,
9062,1846926908,SPCXUSDT,2026-10-06T11:06:09.847742Z,2026-10-06,True,True,DB_SNAPSHOT_SENSITIVITY,False,"variant_entry=173.48,variant_stop=174.78109999999998,variant_target=171.13905784627926","variant_entry=173.48,variant_stop=174.78109999999998,variant_target=171.13905784627926",173.48,174.78109999999998,171.13905784627926,1.1989854738298273,0.005764353239577661,1.5986,0.0077,-0.8531242794558392,True,True,True,False,False,123.8,148.8,1.1989854738298273,0.005764353239577661,1.5986,0.0077,-0.824302513258,True,True,True,False,False,123.8,148.8
6384,1847750403,SOLUSDT,2026-10-04T12:38:36.531165Z,2026-10-04,True,True,DB_SNAPSHOT_SENSITIVITY,False,"variant_entry=121.6,variant_stop=122.512,variant_target=120.39046920680836","variant_entry=121.6,variant_stop=122.512,variant_target=120.39046920680836",121.6,122.512,120.39046920680836,0.3289473684210456,0.32072368421052677,0.4386,0.4276,0.08223684210527019,False,False,False,False,False,,,0.3289473684210456,0.32072368421052677,0.4386,0.4276,0.07401315789473965,False,False,False,False,False,,
3662,1851648584,XRPUSDT,2026-10-02T09:43:54.883825Z,2026-10-02,True,True,DB_SNAPSHOT_SENSITIVITY,False,"variant_entry=1.5395,variant_stop=1.5510462500000002,variant_target=1.510342074068341","variant_entry=1.5395,variant_stop=1.5510462500000002,variant_target=1.510342074068341",1.5395,1.5510462500000002,1.510342074068341,0.2858070802208627,0.7405001623903771,0.3811,0.9873,0.3832413121143239,False,True,False,True,False,,166.1,0.2858070802208627,0.7405001623903771,0.3811,0.9873,0.3832413121143239,False,True,False,True,False,,166.1
7180,1914654570,KLACUSDT,2026-10-04T22:50:30.575004Z,2026-10-04,True,True,DB_SNAPSHOT_SENSITIVITY,False,"variant_entry=207.97,variant_stop=209.529775,variant_target=206.39729758450292","variant_entry=207.97,variant_stop=209.529775,variant_target=206.39729758450292",207.97,209.529775,206.39729758450292,0.18271866134538417,0.12501803144683893,0.2436,0.1667,0.02885031494927262,False,True,False,True,False,,79.5,0.18271866134538417,0.12501803144683893,0.2436,0.1667,0.04327547242390894,False,True,False,True,False,,79.5
5607,1921857311,MONUSDT,2026-10-04T01:02:07.804013Z,2026-10-04,True,True,DB_SNAPSHOT_SENSITIVITY,False,"variant_entry=0.03445,variant_stop=0.034708375,variant_target=0.03293383837865916","variant_entry=0.03445,variant_stop=0.034708375,variant_target=0.03293383837865916",0.03445,0.034708375,0.03293383837865916,0.8998548621190268,1.1611030478954936,1.1998,1.5481,-0.29027576197388344,False,True,False,True,False,,42.9,0.8998548621190268,1.1611030478954936,1.1998,1.5481,-0.2031930333817144,False,True,False,True,False,,42.9
889,1923323646,ICPUSDT,2026-09-30T02:07:12.482978Z,2026-09-30,True,True,DB_SNAPSHOT_SENSITIVITY,False,"variant_entry=3.505,variant_stop=3.5312875,variant_target=3.326014498047218","variant_entry=3.505,variant_stop=3.5312875,variant_target=3.326014498047218",3.505,3.5312875,3.326014498047218,4.764621968616257,0.0,6.3528,0.0,-4.022824536376605,False,False,False,False,False,,,4.764621968616257,0.0,6.3528,0.0,-4.022824536376605,False,False,False,False,False,,
8863,1939832770,ORCAUSDT,2026-10-06T06:50:42.379953Z,2026-10-06,True,True,DB_SNAPSHOT_SENSITIVITY,False,"variant_entry=2.5334,variant_stop=2.5524005,variant_target=2.2682983870855504","variant_entry=2.5334,variant_stop=2.5524005,variant_target=2.2682983870855504",2.5334,2.5524005,2.2682983870855504,2.459145811952318,1.417067971895487,3.2789,1.8894,-1.2789137127970311,False,True,False,True,False,,14.3,2.459145811952318,1.417067971895487,3.2789,1.8894,-1.4131207073498087,False,True,False,True,False,,14.3
9320,1940755761,SPCXUSDT,2026-10-06T16:05:53.431440Z,2026-10-06,True,True,DB_SNAPSHOT_SENSITIVITY,False,"variant_entry=174.36,variant_stop=175.66770000000002,variant_target=171.25087631054672","variant_entry=174.36,variant_stop=175.66770000000002,variant_target=171.25087631054672",174.36,175.66770000000002,171.25087631054672,0.8602890571231934,0.0,1.1471,0.0,-0.40146822665750004,False,False,False,False,False,,,0.8602890571231934,0.0,1.1471,0.0,-0.3613214039917549,False,False,False,False,False,,
1472,1953949638,ASTERUSDT,2026-09-30T15:07:53.568085Z,2026-09-30,True,True,DB_SNAPSHOT_SENSITIVITY,False,"variant_entry=0.775,variant_stop=0.7808125,variant_target=0.7493120882830515","variant_entry=0.775,variant_stop=0.7808125,variant_target=0.7493120882830515",0.775,0.7808125,0.7493120882830515,0.967741935483879,0.4774193548387,1.2903,0.6366,-0.47741935483871445,True,False,True,False,False,207.1,,0.967741935483879,0.4774193548387,1.2903,0.6366,-0.47741935483871445,True,False,True,False,False,207.1,
3654,1963049761,XRPUSDT,2026-10-02T09:38:54.116966Z,2026-10-02,True,True,DB_SNAPSHOT_SENSITIVITY,False,"variant_entry=1.5404,variant_stop=1.551953,variant_target=1.5110420740683412","variant_entry=1.5404,variant_stop=1.551953,variant_target=1.5110420740683412",1.5404,1.551953,1.5110420740683412,0.344066476239943,0.6816411321734585,0.4588,0.9089,0.6426902103349792,False,True,False,True,False,,171.1,0.344066476239943,0.6816411321734585,0.4588,0.9089,0.6426902103349792,False,True,False,True,False,,171.1
6987,1968172570,XRPUSDT,2026-10-04T21:24:53.142184Z,2026-10-04,True,True,DB_SNAPSHOT_SENSITIVITY,False,"variant_entry=1.5129,variant_stop=1.5242467499999999,variant_target=1.4974382257100147","variant_entry=1.5129,variant_stop=1.5242467499999999,variant_target=1.4974382257100147",1.5129,1.5242467499999999,1.4974382257100147,0.5023464868794917,0.7270804415361307,0.6698,0.9694,0.4626875537048132,False,True,False,True,False,,120.1,0.5023464868794917,0.7270804415361307,0.6698,0.9694,0.4626875537048132,False,True,False,True,False,,120.1
7191,1974369294,KLACUSDT,2026-10-04T22:55:31.789067Z,2026-10-04,True,True,DB_SNAPSHOT_SENSITIVITY,False,"variant_entry=207.74,variant_stop=209.29805000000002,variant_target=206.3772975845029","variant_entry=207.74,variant_stop=209.29805000000002,variant_target=206.3772975845029",207.74,209.29805000000002,206.3772975845029,0.024068547222495122,0.2358717627803893,0.0321,0.3145,0.15403870222393046,False,True,False,True,False,,74.5,0.024068547222495122,0.2503128911138836,0.0321,0.3338,0.23105805333589574,False,True,False,True,False,,74.5
6542,2001060710,SOLUSDT,2026-10-04T14:38:53.546350Z,2026-10-04,True,True,DB_SNAPSHOT_SENSITIVITY,False,"variant_entry=121.7,variant_stop=122.61275,variant_target=120.32438407650645","variant_entry=121.7,variant_stop=122.61275,variant_target=120.32438407650645",121.7,122.61275,120.32438407650645,0.3533278553820927,0.35332785538208106,0.4711,0.4711,-0.02465078060805352,False,False,False,False,False,,,0.3533278553820927,0.35332785538208106,0.4711,0.4711,-0.008216926869355066,False,False,False,False,False,,
2020,2005942101,SNDKUSDT,2026-10-01T03:23:43.833301Z,2026-10-01,True,True,DB_SNAPSHOT_SENSITIVITY,False,"variant_entry=1759.97,variant_stop=1773.169775,variant_target=1731.513518217776","variant_entry=1759.97,variant_stop=1773.169775,variant_target=1731.513518217776",1759.97,1773.169775,1731.513518217776,0.35114234901731645,1.0142218333266992,0.4682,1.3523,0.44489394705591156,False,True,False,True,False,,31.3,0.35114234901731645,1.0142218333266992,0.4682,1.3523,0.44489394705591156,False,True,False,True,False,,31.3
4043,2022746378,XRPUSDT,2026-10-02T13:06:30.362936Z,2026-10-02,True,True,DB_SNAPSHOT_SENSITIVITY,False,"variant_entry=1.5468,variant_stop=1.558401,variant_target=1.5155981590213572","variant_entry=1.5468,variant_stop=1.558401,variant_target=1.5155981590213572",1.5468,1.558401,1.5155981590213572,1.4028963020429308,0.20687871735195837,1.8705,0.2758,-1.2348073441944594,True,False,True,False,False,103.5,,1.4028963020429308,0.20687871735195837,1.8705,0.2758,-1.2154124644427158,True,False,True,False,False,103.5,
859,2024893440,ICPUSDT,2026-09-30T01:22:10.392871Z,2026-09-30,True,True,DB_SNAPSHOT_SENSITIVITY,False,"variant_entry=3.501,variant_stop=3.5272574999999997,variant_target=3.3193013295457026","variant_entry=3.501,variant_stop=3.5272574999999997,variant_target=3.3193013295457026",3.501,3.5272574999999997,3.3193013295457026,2.313624678663238,0.11425307055127118,3.0848,0.1523,-2.199371608111967,False,False,False,False,False,,,3.656098257640665,0.11425307055127118,4.8748,0.1523,-2.999143101970865,False,False,False,False,False,,
6880,2057927105,BTCUSDT,2026-10-04T19:54:37.852277Z,2026-10-04,True,True,DB_SNAPSHOT_SENSITIVITY,False,"variant_entry=85554.5,variant_stop=86196.15875,variant_target=85003.84105357146","variant_entry=85554.5,variant_stop=86196.15875,variant_target=85003.84105357146",85554.5,86196.15875,85003.84105357146,0.23867826940721656,0.3381470290867259,0.3182,0.4509,0.26334091134890963,False,True,False,True,False,,125.4,0.23867826940721656,0.3381470290867259,0.3182,0.4509,0.26334091134890963,False,True,False,True,False,,125.4
7069,2084027533,XRPUSDT,2026-10-04T22:00:02.125606Z,2026-10-04,True,True,DB_SNAPSHOT_SENSITIVITY,False,"variant_entry=1.5126,variant_stop=1.5239445,variant_target=1.495223939995729","variant_entry=1.5126,variant_stop=1.5239445,variant_target=1.495223939995729",1.5126,1.5239445,1.495223939995729,0.0,0.7470580457490472,0.0,0.9961,0.40327912204151756,False,True,False,True,False,,85.0,0.0,0.7470580457490472,0.0,0.9961,0.4363347877826366,False,True,False,True,False,,85.0
7699,2090633940,VIRTUALUSDT,2026-10-05T09:17:21.968281Z,2026-10-05,True,True,DB_SNAPSHOT_SENSITIVITY,False,"variant_entry=0.8849,variant_stop=0.89153675,variant_target=0.8477267344055615","variant_entry=0.8849,variant_stop=0.89153675,variant_target=0.8477267344055615",0.8849,0.89153675,0.8477267344055615,1.9550231664594848,0.0,2.6067,0.0,-1.4577918408859782,False,False,False,False,False,,,1.9550231664594848,0.0,2.6067,0.0,-1.4916939767205322,False,False,False,False,False,,
8874,2095863864,ORCAUSDT,2026-10-06T07:20:44.656127Z,2026-10-06,True,True,DB_SNAPSHOT_SENSITIVITY,False,"variant_entry=2.5693,variant_stop=2.58856975,variant_target=2.2860199351244033","variant_entry=2.5693,variant_stop=2.58856975,variant_target=2.2860199351244033",2.5693,2.58856975,2.2860199351244033,4.826217257618811,0.0,6.435,0.0,-1.6736075974000757,False,True,False,True,False,,84.3,4.826217257618811,0.0,6.435,0.0,-1.2649359747791302,False,True,False,True,False,,84.3
6912,2099696986,BTCUSDT,2026-10-04T20:29:43.395499Z,2026-10-04,True,True,DB_SNAPSHOT_SENSITIVITY,False,"variant_entry=85456.0,variant_stop=86096.92,variant_target=85057.2095652465","variant_entry=85456.0,variant_stop=86096.92,variant_target=85057.2095652465",85456.0,86096.92,85057.2095652465,0.06260531735630032,0.6856159895150653,0.0835,0.9142,0.3923656618610781,False,True,False,True,False,,90.3,0.06260531735630032,0.6856159895150653,0.0835,0.9142,0.3923656618610781,False,True,False,True,False,,90.3
6401,2102304436,SOLUSDT,2026-10-04T12:53:36.636210Z,2026-10-04,True,True,DB_SNAPSHOT_SENSITIVITY,False,"variant_entry=121.59,variant_stop=122.501925,variant_target=120.23046920680837","variant_entry=121.59,variant_stop=122.501925,variant_target=120.23046920680837",121.59,122.501925,120.23046920680837,0.32075006168270465,0.3289744222386639,0.4277,0.4386,0.10691668722756431,False,False,False,False,False,,,0.32075006168270465,0.3289744222386639,0.4277,0.4386,0.10691668722756431,False,False,False,False,False,,
8899,2104649308,ORCAUSDT,2026-10-06T08:00:48.710514Z,2026-10-06,True,True,DB_SNAPSHOT_SENSITIVITY,False,"variant_entry=2.5121,variant_stop=2.53094075,variant_target=2.29782565439449","variant_entry=2.5121,variant_stop=2.53094075,variant_target=2.29782565439449",2.5121,2.53094075,2.29782565439449,2.6591298117113245,3.8215039210222375,3.5455,5.0953,3.4552764619242766,False,True,False,True,False,,19.2,2.6591298117113245,3.8215039210222375,3.5455,5.0953,3.4552764619242766,False,True,False,True,False,,19.2
5369,2105365249,ZROUSDT,2026-10-03T19:21:10.356728Z,2026-10-03,True,True,DB_SNAPSHOT_SENSITIVITY,False,"variant_entry=2.1462,variant_stop=2.1622965,variant_target=1.966459990002855","variant_entry=2.1462,variant_stop=2.1622965,variant_target=1.966459990002855",2.1462,2.1622965,1.966459990002855,5.526046034852289,0.0,7.3681,0.0,-4.659398005777658,False,False,False,False,False,,,5.526046034852289,0.0,7.3681,0.0,-4.659398005777658,False,False,False,False,False,,
3751,2106918343,XRPUSDT,2026-10-02T10:59:04.800786Z,2026-10-02,True,True,DB_SNAPSHOT_SENSITIVITY,False,"variant_entry=1.5509,variant_stop=1.56253175,variant_target=1.5126421295905985","variant_entry=1.5509,variant_stop=1.56253175,variant_target=1.5126421295905985",1.5509,1.56253175,1.5126421295905985,1.3024695338190726,0.0,1.7366,0.0,-1.2186472370881372,True,False,True,False,False,230.9,,1.3024695338190726,0.0,1.7366,0.0,-1.2186472370881372,True,False,True,False,False,230.9,
6496,2129935053,SOLUSDT,2026-10-04T14:08:50.293329Z,2026-10-04,True,True,DB_SNAPSHOT_SENSITIVITY,False,"variant_entry=121.88,variant_stop=122.7941,variant_target=120.59866979079216","variant_entry=121.88,variant_stop=122.7941,variant_target=120.59866979079216",121.88,122.7941,120.59866979079216,0.5989497866754101,0.2051197899573351,0.7986,0.2735,-0.13948145717098925,False,False,False,False,False,,,0.5989497866754101,0.2051197899573351,0.7986,0.2735,-0.13948145717098925,False,False,False,False,False,,
6469,2133302898,SOLUSDT,2026-10-04T13:58:47.545929Z,2026-10-04,True,True,DB_SNAPSHOT_SENSITIVITY,False,"variant_entry=121.99,variant_stop=122.90492499999999,variant_target=120.54472134576723","variant_entry=121.99,variant_stop=122.90492499999999,variant_target=120.54472134576723",121.99,122.90492499999999,120.54472134576723,0.6885810312320594,0.0,0.9181,0.0,-0.11476350520534517,False,False,False,False,False,,,0.6885810312320594,0.0,0.9181,0.0,-0.11476350520534517,False,False,False,False,False,,
