bybit	linear	ADAUSDT	5	2026-10-05 07:40:00	2026-10-05 07:45:00	0.2725	0.2731	0.2717	0.2727	2949883.0	803742.7134	t	validated	bybit_api
bybit	linear	ADAUSDT	5	2026-10-05 07:45:00	2026-10-05 07:50:00	0.2727	0.273	0.2721	0.2724	1233917.0	336294.6028	t	validated	bybit_api
bybit	linear	ADAUSDT	5	2026-10-05 07:50:00	2026-10-05 07:55:00	0.2724	0.273	0.2723	0.2725	1464032.0	399133.1287	t	validated	bybit_api
bybit	linear	ADAUSDT	5	2026-10-05 07:55:00	2026-10-05 08:00:00	0.2725	0.2736	0.2723	0.2729	1413315.0	385842.0669	t	validated	bybit_api
bybit	linear	ADAUSDT	5	2026-10-05 08:00:00	2026-10-05 08:05:00	0.2729	0.2748	0.2722	0.274	3253711.0	890714.9177	t	validated	bybit_api
bybit	linear	ADAUSDT	5	2026-10-05 08:05:00	2026-10-05 08:10:00	0.274	0.2748	0.2731	0.2737	2536948.0	695103.2636	t	validated	bybit_api
bybit	linear	ADAUSDT	5	2026-10-05 08:10:00	2026-10-05 08:15:00	0.2737	0.2737	0.2728	0.2728	738568.0	201779.5825	t	validated	bybit_api
bybit	linear	ADAUSDT	5	2026-10-05 08:15:00	2026-10-05 08:20:00	0.2728	0.2736	0.2726	0.2731	1717254.0	468933.5605	t	validated	bybit_api
bybit	linear	ADAUSDT	5	2026-10-05 08:20:00	2026-10-05 08:25:00	0.2731	0.2733	0.2723	0.2723	1404387.0	382951.2771	t	validated	bybit_api
bybit	linear	ADAUSDT	5	2026-10-05 08:25:00	2026-10-05 08:30:00	0.2723	0.2727	0.2717	0.2723	1798004.0	489422.9286	t	validated	bybit_api
bybit	linear	ADAUSDT	5	2026-10-05 08:30:00	2026-10-05 08:35:00	0.2723	0.2731	0.2718	0.2723	2855611.0	778757.0306	t	validated	bybit_api
bybit	linear	ADAUSDT	5	2026-10-05 08:35:00	2026-10-05 08:40:00	0.2723	0.273	0.2723	0.2725	1740768.0	474612.7436	t	validated	bybit_api
bybit	linear	ADAUSDT	5	2026-10-05 08:40:00	2026-10-05 08:45:00	0.2725	0.2727	0.2715	0.2717	2561103.0	696504.226	t	validated	bybit_api
bybit	linear	ADAUSDT	5	2026-10-05 08:45:00	2026-10-05 08:50:00	0.2717	0.2718	0.2702	0.2715	3897303.0	1056202.8263	t	validated	bybit_api
bybit	linear	ADAUSDT	5	2026-10-05 08:50:00	2026-10-05 08:55:00	0.2715	0.2724	0.271	0.2715	2225744.0	605087.8699	t	validated	bybit_api
bybit	linear	ADAUSDT	5	2026-10-05 08:55:00	2026-10-05 09:00:00	0.2715	0.2718	0.2707	0.2708	1527744.0	414250.3744	t	validated	bybit_api
bybit	linear	ADAUSDT	5	2026-10-05 09:00:00	2026-10-05 09:05:00	0.2708	0.2714	0.2708	0.2708	1054743.0	285830.5841	t	validated	bybit_api
bybit	linear	ADAUSDT	5	2026-10-05 09:05:00	2026-10-05 09:10:00	0.2708	0.2715	0.2708	0.2714	912829.0	247459.6726	t	validated	bybit_api
bybit	linear	ADAUSDT	5	2026-10-05 09:10:00	2026-10-05 09:15:00	0.2714	0.2714	0.2708	0.2709	1310927.0	355396.7925	t	validated	bybit_api
bybit	linear	ADAUSDT	5	2026-10-05 09:15:00	2026-10-05 09:20:00	0.2709	0.2713	0.2706	0.2713	1023653.0	277311.3124	t	validated	bybit_api
bybit	linear	ADAUSDT	5	2026-10-05 09:20:00	2026-10-05 09:25:00	0.2713	0.2723	0.2713	0.2718	1011691.0	275036.6963	t	validated	bybit_api
bybit	linear	ADAUSDT	5	2026-10-05 09:25:00	2026-10-05 09:30:00	0.2718	0.2718	0.2708	0.2708	463124.0	125555.8541	t	validated	bybit_api
bybit	linear	ADAUSDT	5	2026-10-05 09:30:00	2026-10-05 09:35:00	0.2708	0.2712	0.2699	0.2702	1104431.0	298847.2515	t	validated	bybit_api
bybit	linear	ADAUSDT	5	2026-10-05 09:35:00	2026-10-05 09:40:00	0.2702	0.2715	0.2702	0.2712	927913.0	251435.2599	t	validated	bybit_api
bybit	linear	ADAUSDT	5	2026-10-05 09:40:00	2026-10-05 09:45:00	0.2712	0.2714	0.2702	0.2704	1069762.0	289440.3262	t	validated	bybit_api
bybit	linear	ADAUSDT	5	2026-10-05 09:45:00	2026-10-05 09:50:00	0.2704	0.271	0.2702	0.2709	1142546.0	309178.6013	t	validated	bybit_api
bybit	linear	ADAUSDT	5	2026-10-05 09:50:00	2026-10-05 09:55:00	0.2709	0.2714	0.2706	0.2711	1987669.0	538442.4729	t	validated	bybit_api
bybit	linear	ADAUSDT	5	2026-10-05 09:55:00	2026-10-05 10:00:00	0.2711	0.2718	0.2708	0.2717	711833.0	193128.3734	t	validated	bybit_api
bybit	linear	ADAUSDT	5	2026-10-05 10:00:00	2026-10-05 10:05:00	0.2717	0.2737	0.2715	0.2731	4468227.0	1218825.7822	t	validated	bybit_api
bybit	linear	ADAUSDT	5	2026-10-05 10:05:00	2026-10-05 10:10:00	0.2731	0.2743	0.2729	0.2737	3459917.0	946737.4065	t	validated	bybit_api
bybit	linear	ADAUSDT	5	2026-10-05 10:10:00	2026-10-05 10:15:00	0.2737	0.2746	0.2734	0.2744	2598937.0	711634.0702	t	validated	bybit_api
bybit	linear	ADAUSDT	5	2026-10-05 10:15:00	2026-10-05 10:20:00	0.2744	0.2753	0.2736	0.2743	4222636.0	1159113.8119	t	validated	bybit_api
bybit	linear	ADAUSDT	5	2026-10-05 10:20:00	2026-10-05 10:25:00	0.2743	0.2743	0.2729	0.2737	3103961.0	848289.1044	t	validated	bybit_api
bybit	linear	ADAUSDT	5	2026-10-05 10:25:00	2026-10-05 10:30:00	0.2737	0.2738	0.2724	0.2725	1838213.0	501778.7702	t	validated	bybit_api
bybit	linear	ADAUSDT	5	2026-10-05 10:30:00	2026-10-05 10:35:00	0.2725	0.2735	0.2724	0.2733	1524495.0	415972.9611	t	validated	bybit_api
bybit	linear	ADAUSDT	5	2026-10-05 10:35:00	2026-10-05 10:40:00	0.2733	0.2739	0.2728	0.2728	1335473.0	364991.141	t	validated	bybit_api
bybit	linear	ADAUSDT	5	2026-10-05 10:40:00	2026-10-05 10:45:00	0.2728	0.2732	0.2727	0.2729	464529.0	126781.8095	t	validated	bybit_api
bybit	linear	ADAUSDT	5	2026-10-05 10:45:00	2026-10-05 10:50:00	0.2729	0.275	0.2727	0.2749	2198289.0	603242.1404	t	validated	bybit_api
bybit	linear	ADAUSDT	5	2026-10-05 10:50:00	2026-10-05 10:55:00	0.2749	0.275	0.2742	0.2744	827916.0	227253.1936	t	validated	bybit_api
bybit	linear	ADAUSDT	5	2026-10-05 10:55:00	2026-10-05 11:00:00	0.2744	0.2751	0.274	0.2749	1759394.0	483236.7248	t	validated	bybit_api
bybit	linear	ADAUSDT	5	2026-10-05 11:00:00	2026-10-05 11:05:00	0.2749	0.2755	0.2737	0.2737	3333893.0	915652.3401	t	validated	bybit_api
bybit	linear	ADAUSDT	5	2026-10-05 11:05:00	2026-10-05 11:10:00	0.2737	0.2741	0.2731	0.2732	683030.0	186823.0835	t	validated	bybit_api
bybit	linear	ADAUSDT	5	2026-10-05 11:10:00	2026-10-05 11:15:00	0.2732	0.2735	0.272	0.2721	1508523.0	411468.1761	t	validated	bybit_api
bybit	linear	ADAUSDT	5	2026-10-05 11:15:00	2026-10-05 11:20:00	0.2721	0.2728	0.272	0.2728	1675648.0	456356.6767	t	validated	bybit_api
bybit	linear	ADAUSDT	5	2026-10-05 11:20:00	2026-10-05 11:25:00	0.2728	0.2731	0.2725	0.273	405625.0	110626.8147	t	validated	bybit_api
bybit	linear	ADAUSDT	5	2026-10-05 11:25:00	2026-10-05 11:30:00	0.273	0.274	0.2727	0.2736	2069097.0	565645.6215	t	validated	bybit_api
bybit	linear	ADAUSDT	5	2026-10-05 11:30:00	2026-10-05 11:35:00	0.2736	0.274	0.273	0.2733	1471669.0	402213.0296	t	validated	bybit_api
bybit	linear	ADAUSDT	5	2026-10-05 11:35:00	2026-10-05 11:40:00	0.2733	0.2735	0.2722	0.2723	1048307.0	285943.2184	t	validated	bybit_api
bybit	linear	ADAUSDT	5	2026-10-05 11:40:00	2026-10-05 11:45:00	0.2723	0.2727	0.2714	0.2718	2549962.0	693220.5612	t	validated	bybit_api
bybit	linear	ADAUSDT	5	2026-10-05 11:45:00	2026-10-05 11:50:00	0.2718	0.2728	0.2716	0.2725	890521.0	242408.8235	t	validated	bybit_api
bybit	linear	ADAUSDT	5	2026-10-05 11:50:00	2026-10-05 11:55:00	0.2725	0.2725	0.2714	0.2716	883094.0	240071.7162	t	validated	bybit_api
bybit	linear	ADAUSDT	5	2026-10-05 11:55:00	2026-10-05 12:00:00	0.2716	0.2728	0.2716	0.2722	455060.0	123943.0541	t	validated	bybit_api
bybit	linear	ADAUSDT	5	2026-10-05 12:00:00	2026-10-05 12:05:00	0.2722	0.2731	0.2715	0.2729	892599.0	243181.9504	t	validated	bybit_api
bybit	linear	ADAUSDT	5	2026-10-05 12:05:00	2026-10-05 12:10:00	0.2729	0.2736	0.2721	0.2723	1681971.0	459553.4619	t	validated	bybit_api
bybit	linear	ADAUSDT	5	2026-10-05 12:10:00	2026-10-05 12:15:00	0.2723	0.2724	0.2719	0.2719	290440.0	79027.6448	t	validated	bybit_api
bybit	linear	ADAUSDT	5	2026-10-05 12:15:00	2026-10-05 12:20:00	0.2719	0.2721	0.2712	0.2716	1755444.0	476863.8501	t	validated	bybit_api
bybit	linear	ADAUSDT	5	2026-10-05 12:20:00	2026-10-05 12:25:00	0.2716	0.2719	0.2706	0.2707	1487472.0	403422.2313	t	validated	bybit_api
bybit	linear	ADAUSDT	5	2026-10-05 12:25:00	2026-10-05 12:30:00	0.2707	0.272	0.2707	0.2717	1499070.0	406771.7823	t	validated	bybit_api
bybit	linear	ADAUSDT	5	2026-10-05 12:30:00	2026-10-05 12:35:00	0.2717	0.2731	0.2715	0.2722	3947169.0	1075517.0313	t	validated	bybit_api
bybit	linear	ADAUSDT	5	2026-10-05 12:35:00	2026-10-05 12:40:00	0.2722	0.2731	0.2711	0.2715	1652419.0	449628.1023	t	validated	bybit_api
bybit	linear	ADAUSDT	5	2026-10-05 12:40:00	2026-10-05 12:45:00	0.2715	0.272	0.2711	0.2711	1732476.0	470608.2411	t	validated	bybit_api
bybit	linear	ADAUSDT	5	2026-10-05 12:45:00	2026-10-05 12:50:00	0.2711	0.2716	0.2709	0.2713	1249972.0	339060.7767	t	validated	bybit_api
bybit	linear	ADAUSDT	5	2026-10-05 12:50:00	2026-10-05 12:55:00	0.2713	0.2724	0.2713	0.272	607936.0	165352.8842	t	validated	bybit_api
bybit	linear	ADAUSDT	5	2026-10-05 12:55:00	2026-10-05 13:00:00	0.272	0.2723	0.2715	0.2719	491195.0	133580.4454	t	validated	bybit_api
bybit	linear	ADAUSDT	5	2026-10-05 13:00:00	2026-10-05 13:05:00	0.2719	0.2741	0.2719	0.2737	3802352.0	1038920.5563	t	validated	bybit_api
bybit	linear	ADAUSDT	5	2026-10-05 13:05:00	2026-10-05 13:10:00	0.2737	0.275	0.2735	0.2748	4048799.0	1110734.6449	t	validated	bybit_api
bybit	linear	ADAUSDT	5	2026-10-05 13:10:00	2026-10-05 13:15:00	0.2748	0.2753	0.2742	0.2748	2445036.0	671621.9955	t	validated	bybit_api
bybit	linear	ADAUSDT	5	2026-10-05 13:15:00	2026-10-05 13:20:00	0.2748	0.2764	0.2742	0.2758	5791952.0	1596601.7312	t	validated	bybit_api
bybit	linear	ADAUSDT	5	2026-10-05 13:20:00	2026-10-05 13:25:00	0.2758	0.2765	0.2749	0.2752	2854661.0	786356.5045	t	validated	bybit_api
bybit	linear	ADAUSDT	5	2026-10-05 13:25:00	2026-10-05 13:30:00	0.2752	0.2768	0.2749	0.276	4293884.0	1185457.9915	t	validated	bybit_api
bybit	linear	ADAUSDT	5	2026-10-05 13:30:00	2026-10-05 13:35:00	0.276	0.2762	0.2736	0.2742	7283675.0	2000503.6938	t	validated	bybit_api
bybit	linear	ADAUSDT	5	2026-10-05 13:35:00	2026-10-05 13:40:00	0.2742	0.2751	0.274	0.2741	1252143.0	343648.1053	t	validated	bybit_api
bybit	linear	ADAUSDT	5	2026-10-05 13:40:00	2026-10-05 13:45:00	0.2741	0.2745	0.2733	0.2738	1504142.0	411669.5308	t	validated	bybit_api
bybit	linear	ADAUSDT	5	2026-10-05 13:45:00	2026-10-05 13:50:00	0.2738	0.2754	0.2728	0.2746	3491140.0	957453.3601	t	validated	bybit_api
bybit	linear	ADAUSDT	5	2026-10-05 13:50:00	2026-10-05 13:55:00	0.2746	0.2749	0.2736	0.2737	1277006.0	350231.4164	t	validated	bybit_api
bybit	linear	ADAUSDT	5	2026-10-05 13:55:00	2026-10-05 14:00:00	0.2737	0.2745	0.2734	0.2742	781503.0	214215.1308	t	validated	bybit_api
bybit	linear	ADAUSDT	5	2026-10-05 14:00:00	2026-10-05 14:05:00	0.2742	0.2744	0.2732	0.2733	1568002.0	429255.6748	t	validated	bybit_api
bybit	linear	ADAUSDT	5	2026-10-05 14:05:00	2026-10-05 14:10:00	0.2733	0.2754	0.2732	0.2748	2113112.0	579888.5717	t	validated	bybit_api
bybit	linear	ADAUSDT	5	2026-10-05 14:10:00	2026-10-05 14:15:00	0.2748	0.2756	0.2745	0.2754	814615.0	224136.7385	t	validated	bybit_api
bybit	linear	ADAUSDT	5	2026-10-05 14:15:00	2026-10-05 14:20:00	0.2754	0.2758	0.2738	0.2742	2095367.0	575587.5931	t	validated	bybit_api
bybit	linear	ADAUSDT	5	2026-10-05 14:20:00	2026-10-05 14:25:00	0.2742	0.2743	0.2728	0.2729	1817625.0	496754.69	t	validated	bybit_api
bybit	linear	ADAUSDT	5	2026-10-05 14:25:00	2026-10-05 14:30:00	0.2729	0.2731	0.2716	0.2718	2797229.0	761744.675	t	validated	bybit_api
bybit	linear	ADAUSDT	5	2026-10-05 14:30:00	2026-10-05 14:35:00	0.2718	0.2719	0.2691	0.2696	13109581.0	3545625.3484	t	validated	bybit_api
bybit	linear	ADAUSDT	5	2026-10-05 14:35:00	2026-10-05 14:40:00	0.2696	0.2714	0.2693	0.2699	4551650.0	1230729.2656	t	validated	bybit_api
bybit	linear	ADAUSDT	5	2026-10-05 14:40:00	2026-10-05 14:45:00	0.2699	0.2707	0.2689	0.2701	1782385.0	480846.4232	t	validated	bybit_api
bybit	linear	ADAUSDT	5	2026-10-05 14:45:00	2026-10-05 14:50:00	0.2701	0.2702	0.2679	0.2692	7179099.0	1930601.9079	t	validated	bybit_api
bybit	linear	ADAUSDT	5	2026-10-05 14:50:00	2026-10-05 14:55:00	0.2692	0.2696	0.2683	0.2686	2834709.0	762907.8256	t	validated	bybit_api
bybit	linear	ADAUSDT	5	2026-10-05 14:55:00	2026-10-05 15:00:00	0.2686	0.2688	0.2676	0.2683	1550582.0	415764.7092	t	validated	bybit_api
bybit	linear	ADAUSDT	5	2026-10-05 15:00:00	2026-10-05 15:05:00	0.2683	0.2696	0.2678	0.2695	2270306.0	610031.5163	t	validated	bybit_api
bybit	linear	ADAUSDT	5	2026-10-05 15:05:00	2026-10-05 15:10:00	0.2695	0.2695	0.2685	0.2688	1321227.0	355471.9559	t	validated	bybit_api
bybit	linear	ADAUSDT	5	2026-10-05 15:10:00	2026-10-05 15:15:00	0.2688	0.2691	0.2682	0.2682	773447.0	207827.7816	t	validated	bybit_api
bybit	linear	ADAUSDT	5	2026-10-05 15:15:00	2026-10-05 15:20:00	0.2682	0.2689	0.2679	0.2686	911128.0	244596.3281	t	validated	bybit_api
bybit	linear	ADAUSDT	5	2026-10-05 15:20:00	2026-10-05 15:25:00	0.2686	0.2689	0.268	0.2687	1337730.0	359153.7376	t	validated	bybit_api
bybit	linear	ADAUSDT	5	2026-10-05 15:25:00	2026-10-05 15:30:00	0.2687	0.269	0.2673	0.2677	2820324.0	754885.1869	t	validated	bybit_api
bybit	linear	ADAUSDT	5	2026-10-05 15:30:00	2026-10-05 15:35:00	0.2677	0.2678	0.2647	0.2649	9902614.0	2633007.6238	t	validated	bybit_api
bybit	linear	ADAUSDT	5	2026-10-05 15:35:00	2026-10-05 15:40:00	0.2649	0.2671	0.2648	0.2665	5464325.0	1453532.6653	t	validated	bybit_api
bybit	linear	ADAUSDT	5	2026-10-05 15:40:00	2026-10-05 15:45:00	0.2665	0.2666	0.2652	0.2652	2150471.0	571622.8249	t	validated	bybit_api
bybit	linear	ADAUSDT	5	2026-10-05 15:45:00	2026-10-05 15:50:00	0.2652	0.2655	0.2629	0.263	8343288.0	2202190.0286	t	validated	bybit_api
bybit	linear	ADAUSDT	5	2026-10-05 15:50:00	2026-10-05 15:55:00	0.263	0.264	0.2626	0.264	3075872.0	809785.3644	t	validated	bybit_api
bybit	linear	ADAUSDT	5	2026-10-05 15:55:00	2026-10-05 16:00:00	0.264	0.264	0.2634	0.2638	1028649.0	271251.5353	t	validated	bybit_api
bybit	linear	ADAUSDT	5	2026-10-05 16:00:00	2026-10-05 16:05:00	0.2638	0.2641	0.262	0.2627	5357993.0	1407203.248	t	validated	bybit_api
bybit	linear	ADAUSDT	5	2026-10-05 16:05:00	2026-10-05 16:10:00	0.2627	0.2648	0.2624	0.2647	3831074.0	1010241.0141	t	validated	bybit_api
bybit	linear	ADAUSDT	5	2026-10-05 16:10:00	2026-10-05 16:15:00	0.2647	0.2647	0.2636	0.2636	805774.0	212766.8232	t	validated	bybit_api
bybit	linear	ADAUSDT	5	2026-10-05 16:15:00	2026-10-05 16:20:00	0.2636	0.2637	0.2625	0.2626	1439737.0	378534.9116	t	validated	bybit_api
bybit	linear	ADAUSDT	5	2026-10-05 16:20:00	2026-10-05 16:25:00	0.2626	0.263	0.2616	0.2627	3370688.0	884074.9479	t	validated	bybit_api
bybit	linear	ADAUSDT	5	2026-10-05 16:25:00	2026-10-05 16:30:00	0.2627	0.2632	0.2617	0.2618	2711224.0	712126.5243	t	validated	bybit_api
bybit	linear	ADAUSDT	5	2026-10-05 16:30:00	2026-10-05 16:35:00	0.2618	0.2636	0.2617	0.2635	5374976.0	1413400.2248	t	validated	bybit_api
bybit	linear	ADAUSDT	5	2026-10-05 16:35:00	2026-10-05 16:40:00	0.2635	0.2644	0.2634	0.2643	1496292.0	394936.804	t	validated	bybit_api
bybit	linear	ADAUSDT	5	2026-10-05 16:40:00	2026-10-05 16:45:00	0.2643	0.2644	0.2632	0.2637	1692653.0	446289.9594	t	validated	bybit_api
bybit	linear	ADAUSDT	5	2026-10-05 16:45:00	2026-10-05 16:50:00	0.2637	0.2643	0.2636	0.2642	1024274.0	270486.1466	t	validated	bybit_api
bybit	linear	ADAUSDT	5	2026-10-05 16:50:00	2026-10-05 16:55:00	0.2642	0.2652	0.264	0.265	1871984.0	495511.3771	t	validated	bybit_api
bybit	linear	ADAUSDT	5	2026-10-05 16:55:00	2026-10-05 17:00:00	0.265	0.265	0.2646	0.2648	637515.0	168785.5077	t	validated	bybit_api
bybit	linear	ADAUSDT	5	2026-10-05 17:00:00	2026-10-05 17:05:00	0.2648	0.2652	0.2641	0.2642	1529602.0	404853.2276	t	validated	bybit_api
bybit	linear	ADAUSDT	5	2026-10-05 17:05:00	2026-10-05 17:10:00	0.2642	0.2648	0.2639	0.2641	732411.0	193501.5294	t	validated	bybit_api
bybit	linear	ADAUSDT	5	2026-10-05 17:10:00	2026-10-05 17:15:00	0.2641	0.2647	0.2641	0.2645	478709.0	126614.0169	t	validated	bybit_api
bybit	linear	ADAUSDT	5	2026-10-05 17:15:00	2026-10-05 17:20:00	0.2645	0.2652	0.2645	0.2649	827814.0	219335.1456	t	validated	bybit_api
bybit	linear	ADAUSDT	5	2026-10-05 17:20:00	2026-10-05 17:25:00	0.2649	0.265	0.2645	0.2647	910714.0	241065.2036	t	validated	bybit_api
bybit	linear	ADAUSDT	5	2026-10-05 17:25:00	2026-10-05 17:30:00	0.2647	0.2652	0.2647	0.265	494952.0	131159.5533	t	validated	bybit_api
bybit	linear	ADAUSDT	5	2026-10-05 17:30:00	2026-10-05 17:35:00	0.265	0.265	0.2637	0.264	1590383.0	420215.6225	t	validated	bybit_api
bybit	linear	ADAUSDT	5	2026-10-05 17:35:00	2026-10-05 17:40:00	0.264	0.2643	0.2636	0.2639	1571920.0	414952.6962	t	validated	bybit_api
bybit	linear	ADAUSDT	5	2026-10-05 17:40:00	2026-10-05 17:45:00	0.2639	0.2643	0.2638	0.2641	812528.0	214601.1322	t	validated	bybit_api
bybit	linear	ADAUSDT	5	2026-10-05 17:45:00	2026-10-05 17:50:00	0.2641	0.2649	0.2641	0.2644	1069380.0	282882.3388	t	validated	bybit_api
bybit	linear	ADAUSDT	5	2026-10-05 17:50:00	2026-10-05 17:55:00	0.2644	0.2647	0.264	0.2645	404374.0	106912.2871	t	validated	bybit_api
bybit	linear	ADAUSDT	5	2026-10-05 17:55:00	2026-10-05 18:00:00	0.2645	0.2646	0.2641	0.2643	610163.0	161316.4372	t	validated	bybit_api
bybit	linear	ADAUSDT	5	2026-10-05 18:00:00	2026-10-05 18:05:00	0.2643	0.2654	0.2641	0.2651	2006676.0	531785.7533	t	validated	bybit_api
bybit	linear	ADAUSDT	5	2026-10-05 18:05:00	2026-10-05 18:10:00	0.2651	0.2651	0.2645	0.2648	639741.0	169356.9522	t	validated	bybit_api
bybit	linear	ADAUSDT	5	2026-10-05 18:10:00	2026-10-05 18:15:00	0.2648	0.2648	0.2644	0.2646	277692.0	73455.3684	t	validated	bybit_api
bybit	linear	ADAUSDT	5	2026-10-05 18:15:00	2026-10-05 18:20:00	0.2646	0.2653	0.2645	0.2651	663529.0	175794.5588	t	validated	bybit_api
bybit	linear	AEROUSDT	5	2026-10-04 14:50:00	2026-10-04 14:55:00	0.8617	0.8697	0.8617	0.8672	78498.0	68018.0642	t	validated	bybit_api
bybit	linear	AEROUSDT	5	2026-10-04 14:55:00	2026-10-04 15:00:00	0.8672	0.8675	0.8643	0.8667	84108.0	72809.0473	t	validated	bybit_api
bybit	linear	AEROUSDT	5	2026-10-04 15:00:00	2026-10-04 15:05:00	0.8667	0.8693	0.8649	0.866	26554.0	23011.2371	t	validated	bybit_api
bybit	linear	AEROUSDT	5	2026-10-04 15:05:00	2026-10-04 15:10:00	0.866	0.866	0.8609	0.8629	30711.0	26497.9382	t	validated	bybit_api
bybit	linear	AEROUSDT	5	2026-10-04 15:10:00	2026-10-04 15:15:00	0.8629	0.8651	0.8618	0.8646	14437.0	12463.649	t	validated	bybit_api
bybit	linear	AEROUSDT	5	2026-10-04 15:15:00	2026-10-04 15:20:00	0.8646	0.8675	0.8646	0.8654	28079.0	24314.429	t	validated	bybit_api
bybit	linear	AEROUSDT	5	2026-10-04 15:20:00	2026-10-04 15:25:00	0.8654	0.8661	0.8615	0.8616	38862.0	33586.0572	t	validated	bybit_api
bybit	linear	AEROUSDT	5	2026-10-04 15:25:00	2026-10-04 15:30:00	0.8616	0.8617	0.8599	0.8606	22173.0	19087.6079	t	validated	bybit_api
bybit	linear	AEROUSDT	5	2026-10-04 15:30:00	2026-10-04 15:35:00	0.8606	0.8617	0.8579	0.8582	52589.0	45213.6278	t	validated	bybit_api
bybit	linear	AEROUSDT	5	2026-10-04 15:35:00	2026-10-04 15:40:00	0.8582	0.8585	0.8571	0.8576	15368.0	13181.1672	t	validated	bybit_api
bybit	linear	AEROUSDT	5	2026-10-04 15:40:00	2026-10-04 15:45:00	0.8576	0.8588	0.8576	0.8581	20379.0	17493.6619	t	validated	bybit_api
bybit	linear	AEROUSDT	5	2026-10-04 15:45:00	2026-10-04 15:50:00	0.8581	0.8587	0.8574	0.8585	19924.0	17097.9877	t	validated	bybit_api
bybit	linear	AEROUSDT	5	2026-10-04 15:50:00	2026-10-04 15:55:00	0.8585	0.8585	0.8569	0.8569	12127.0	10405.7577	t	validated	bybit_api
bybit	linear	AEROUSDT	5	2026-10-04 15:55:00	2026-10-04 16:00:00	0.8569	0.8576	0.8557	0.8561	14465.0	12398.1868	t	validated	bybit_api
bybit	linear	AEROUSDT	5	2026-10-04 16:00:00	2026-10-04 16:05:00	0.8561	0.8605	0.8557	0.8594	114724.0	98446.5976	t	validated	bybit_api
bybit	linear	AEROUSDT	5	2026-10-04 16:05:00	2026-10-04 16:10:00	0.8594	0.8663	0.8589	0.8641	139647.0	120499.5567	t	validated	bybit_api
bybit	linear	AEROUSDT	5	2026-10-04 16:10:00	2026-10-04 16:15:00	0.8641	0.8673	0.8632	0.8671	42379.0	36662.442	t	validated	bybit_api
bybit	linear	AEROUSDT	5	2026-10-04 16:15:00	2026-10-04 16:20:00	0.8671	0.873	0.8667	0.872	93439.0	81323.3399	t	validated	bybit_api
bybit	linear	AEROUSDT	5	2026-10-04 16:20:00	2026-10-04 16:25:00	0.872	0.8731	0.8698	0.8706	66962.0	58319.4828	t	validated	bybit_api
bybit	linear	AEROUSDT	5	2026-10-04 16:25:00	2026-10-04 16:30:00	0.8706	0.8706	0.8647	0.8668	63439.0	54949.1214	t	validated	bybit_api
bybit	linear	AEROUSDT	5	2026-10-04 16:30:00	2026-10-04 16:35:00	0.8668	0.8676	0.8654	0.8667	16306.0	14130.2125	t	validated	bybit_api
bybit	linear	AEROUSDT	5	2026-10-04 16:35:00	2026-10-04 16:40:00	0.8667	0.8667	0.8629	0.863	23061.0	19939.4194	t	validated	bybit_api
bybit	linear	AEROUSDT	5	2026-10-04 16:40:00	2026-10-04 16:45:00	0.863	0.8673	0.863	0.8673	18106.0	15664.8005	t	validated	bybit_api
bybit	linear	AEROUSDT	5	2026-10-04 16:45:00	2026-10-04 16:50:00	0.8673	0.8685	0.8668	0.8685	7551.0	6549.3474	t	validated	bybit_api
bybit	linear	AEROUSDT	5	2026-10-04 16:50:00	2026-10-04 16:55:00	0.8685	0.8688	0.8653	0.8653	17537.0	15215.982	t	validated	bybit_api
bybit	linear	AEROUSDT	5	2026-10-04 16:55:00	2026-10-04 17:00:00	0.8653	0.8695	0.8651	0.8673	18437.0	16003.4849	t	validated	bybit_api
bybit	linear	AEROUSDT	5	2026-10-04 17:00:00	2026-10-04 17:05:00	0.8673	0.8699	0.8671	0.8697	41362.0	35916.1729	t	validated	bybit_api
bybit	linear	AEROUSDT	5	2026-10-04 17:05:00	2026-10-04 17:10:00	0.8697	0.8709	0.8686	0.8705	31209.0	27134.1164	t	validated	bybit_api
bybit	linear	AEROUSDT	5	2026-10-04 17:10:00	2026-10-04 17:15:00	0.8705	0.8714	0.869	0.8695	16044.0	13964.243	t	validated	bybit_api
bybit	linear	AEROUSDT	5	2026-10-04 17:15:00	2026-10-04 17:20:00	0.8695	0.8697	0.8666	0.8689	43878.0	38100.4685	t	validated	bybit_api
bybit	linear	AEROUSDT	5	2026-10-04 17:20:00	2026-10-04 17:25:00	0.8689	0.8697	0.8673	0.8688	29197.0	25355.3771	t	validated	bybit_api
bybit	linear	AEROUSDT	5	2026-10-04 17:25:00	2026-10-04 17:30:00	0.8688	0.8697	0.8673	0.8689	12832.0	11144.4944	t	validated	bybit_api
bybit	linear	AEROUSDT	5	2026-10-04 17:30:00	2026-10-04 17:35:00	0.8689	0.8689	0.8614	0.8624	36417.0	31442.8801	t	validated	bybit_api
bybit	linear	AEROUSDT	5	2026-10-04 17:35:00	2026-10-04 17:40:00	0.8624	0.8626	0.86	0.8612	29144.0	25102.8275	t	validated	bybit_api
bybit	linear	AEROUSDT	5	2026-10-04 17:40:00	2026-10-04 17:45:00	0.8612	0.8612	0.8594	0.8611	21538.0	18523.8291	t	validated	bybit_api
bybit	linear	AEROUSDT	5	2026-10-04 17:45:00	2026-10-04 17:50:00	0.8611	0.8613	0.8593	0.8596	18231.0	15679.3401	t	validated	bybit_api
bybit	linear	AEROUSDT	5	2026-10-04 17:50:00	2026-10-04 17:55:00	0.8596	0.8598	0.8584	0.8585	12649.0	10867.348	t	validated	bybit_api
bybit	linear	AEROUSDT	5	2026-10-04 17:55:00	2026-10-04 18:00:00	0.8585	0.859	0.8578	0.8578	10965.0	9410.4441	t	validated	bybit_api
bybit	linear	AEROUSDT	5	2026-10-04 18:00:00	2026-10-04 18:05:00	0.8578	0.8591	0.8578	0.8581	12634.0	10844.1193	t	validated	bybit_api
bybit	linear	AEROUSDT	5	2026-10-04 18:05:00	2026-10-04 18:10:00	0.8581	0.8614	0.8581	0.8612	13207.0	11359.3708	t	validated	bybit_api
bybit	linear	AEROUSDT	5	2026-10-04 18:10:00	2026-10-04 18:15:00	0.8612	0.8623	0.8604	0.8619	19039.0	16400.2463	t	validated	bybit_api
bybit	linear	AEROUSDT	5	2026-10-04 18:15:00	2026-10-04 18:20:00	0.8619	0.8636	0.8605	0.8636	18602.0	16025.7457	t	validated	bybit_api
bybit	linear	AEROUSDT	5	2026-10-04 18:20:00	2026-10-04 18:25:00	0.8636	0.8636	0.8614	0.8622	11336.0	9774.6745	t	validated	bybit_api
bybit	linear	ASTERUSDT	5	2026-09-30 15:10:00	2026-09-30 15:15:00	0.7752	0.7766	0.7707	0.7714	135029.0	104495.8728	t	validated	bybit_api
bybit	linear	ASTERUSDT	5	2026-09-30 15:15:00	2026-09-30 15:20:00	0.7714	0.7741	0.7692	0.7699	200593.0	154660.7329	t	validated	bybit_api
bybit	linear	ASTERUSDT	5	2026-09-30 15:20:00	2026-09-30 15:25:00	0.7699	0.7752	0.7687	0.7707	338480.0	261735.0015	t	validated	bybit_api
bybit	linear	ASTERUSDT	5	2026-09-30 15:25:00	2026-09-30 15:30:00	0.7707	0.7716	0.7675	0.7716	239216.0	183899.0481	t	validated	bybit_api
bybit	linear	ASTERUSDT	5	2026-09-30 15:30:00	2026-09-30 15:35:00	0.7716	0.7787	0.7716	0.777	123248.0	95717.7593	t	validated	bybit_api
bybit	linear	ASTERUSDT	5	2026-09-30 15:35:00	2026-09-30 15:40:00	0.777	0.7774	0.7739	0.774	107641.0	83469.2165	t	validated	bybit_api
bybit	linear	ASTERUSDT	5	2026-09-30 15:40:00	2026-09-30 15:45:00	0.774	0.7744	0.7679	0.7683	97654.0	75188.9354	t	validated	bybit_api
bybit	linear	ASTERUSDT	5	2026-09-30 15:45:00	2026-09-30 15:50:00	0.7683	0.7746	0.768	0.7745	76327.0	58869.8669	t	validated	bybit_api
bybit	linear	ASTERUSDT	5	2026-09-30 15:50:00	2026-09-30 15:55:00	0.7745	0.7756	0.7737	0.7742	54574.0	42282.4181	t	validated	bybit_api
bybit	linear	ASTERUSDT	5	2026-09-30 15:55:00	2026-09-30 16:00:00	0.7742	0.7748	0.7722	0.7729	41191.0	31865.312	t	validated	bybit_api
bybit	linear	ASTERUSDT	5	2026-09-30 16:00:00	2026-09-30 16:05:00	0.7729	0.7744	0.7716	0.7731	122985.0	95032.3454	t	validated	bybit_api
bybit	linear	ASTERUSDT	5	2026-09-30 16:05:00	2026-09-30 16:10:00	0.7731	0.7731	0.771	0.7713	61191.0	47250.4947	t	validated	bybit_api
bybit	linear	ASTERUSDT	5	2026-09-30 16:10:00	2026-09-30 16:15:00	0.7713	0.7746	0.7706	0.774	161437.0	124861.083	t	validated	bybit_api
bybit	linear	ASTERUSDT	5	2026-09-30 16:15:00	2026-09-30 16:20:00	0.774	0.774	0.7702	0.773	78705.0	60785.7258	t	validated	bybit_api
bybit	linear	ASTERUSDT	5	2026-09-30 16:20:00	2026-09-30 16:25:00	0.773	0.7737	0.7709	0.772	104758.0	80863.1463	t	validated	bybit_api
bybit	linear	ASTERUSDT	5	2026-09-30 16:25:00	2026-09-30 16:30:00	0.772	0.7724	0.7694	0.7704	112772.0	86952.9442	t	validated	bybit_api
bybit	linear	ASTERUSDT	5	2026-09-30 16:30:00	2026-09-30 16:35:00	0.7704	0.7704	0.7665	0.7685	150230.0	115402.6855	t	validated	bybit_api
bybit	linear	ASTERUSDT	5	2026-09-30 16:35:00	2026-09-30 16:40:00	0.7685	0.7685	0.7663	0.7664	86872.0	66671.9427	t	validated	bybit_api
bybit	linear	ASTERUSDT	5	2026-09-30 16:40:00	2026-09-30 16:45:00	0.7664	0.7675	0.7649	0.7652	193932.0	148538.2466	t	validated	bybit_api
bybit	linear	ASTERUSDT	5	2026-09-30 16:45:00	2026-09-30 16:50:00	0.7652	0.7659	0.7622	0.7637	232066.0	177245.7177	t	validated	bybit_api
bybit	linear	ASTERUSDT	5	2026-09-30 16:50:00	2026-09-30 16:55:00	0.7637	0.7657	0.763	0.7645	133167.0	101751.4358	t	validated	bybit_api
bybit	linear	ASTERUSDT	5	2026-09-30 16:55:00	2026-09-30 17:00:00	0.7645	0.7646	0.7625	0.7636	65150.0	49750.4699	t	validated	bybit_api
bybit	linear	ASTERUSDT	5	2026-09-30 17:00:00	2026-09-30 17:05:00	0.7636	0.7651	0.7625	0.7631	50120.0	38283.3802	t	validated	bybit_api
bybit	linear	ASTERUSDT	5	2026-09-30 17:05:00	2026-09-30 17:10:00	0.7631	0.7658	0.761	0.7644	127507.0	97302.626	t	validated	bybit_api
bybit	linear	ASTERUSDT	5	2026-09-30 17:10:00	2026-09-30 17:15:00	0.7644	0.7656	0.7636	0.7648	42996.0	32873.2942	t	validated	bybit_api
bybit	linear	ASTERUSDT	5	2026-09-30 17:15:00	2026-09-30 17:20:00	0.7648	0.7648	0.7572	0.7578	619020.0	470358.3948	t	validated	bybit_api
bybit	linear	ASTERUSDT	5	2026-09-30 17:20:00	2026-09-30 17:25:00	0.7578	0.7614	0.7574	0.7609	90199.0	68544.1856	t	validated	bybit_api
bybit	linear	ASTERUSDT	5	2026-09-30 17:25:00	2026-09-30 17:30:00	0.7609	0.7623	0.7589	0.7623	85326.0	64908.8082	t	validated	bybit_api
bybit	linear	ASTERUSDT	5	2026-09-30 17:30:00	2026-09-30 17:35:00	0.7623	0.7624	0.7601	0.7602	45334.0	34526.1767	t	validated	bybit_api
bybit	linear	ASTERUSDT	5	2026-09-30 17:35:00	2026-09-30 17:40:00	0.7602	0.7604	0.7566	0.7591	173444.0	131500.4627	t	validated	bybit_api
bybit	linear	ASTERUSDT	5	2026-09-30 17:40:00	2026-09-30 17:45:00	0.7591	0.7611	0.7584	0.7594	31700.0	24076.7471	t	validated	bybit_api
bybit	linear	ASTERUSDT	5	2026-09-30 17:45:00	2026-09-30 17:50:00	0.7594	0.7625	0.7577	0.7578	376159.0	286025.5968	t	validated	bybit_api
bybit	linear	ASTERUSDT	5	2026-09-30 17:50:00	2026-09-30 17:55:00	0.7578	0.759	0.7512	0.7519	538472.0	405872.6427	t	validated	bybit_api
bybit	linear	ASTERUSDT	5	2026-09-30 17:55:00	2026-09-30 18:00:00	0.7519	0.7544	0.7508	0.7542	1274899.0	958918.3983	t	validated	bybit_api
bybit	linear	ASTERUSDT	5	2026-09-30 18:00:00	2026-09-30 18:05:00	0.7542	0.7552	0.751	0.7545	323262.0	243340.5035	t	validated	bybit_api
bybit	linear	ASTERUSDT	5	2026-09-30 18:05:00	2026-09-30 18:10:00	0.7545	0.7559	0.7516	0.7557	94415.0	71113.4945	t	validated	bybit_api
bybit	linear	ASTERUSDT	5	2026-09-30 18:10:00	2026-09-30 18:15:00	0.7557	0.7571	0.7546	0.7546	80517.0	60872.8534	t	validated	bybit_api
bybit	linear	ASTERUSDT	5	2026-09-30 18:15:00	2026-09-30 18:20:00	0.7546	0.757	0.7545	0.7569	46227.0	34932.6169	t	validated	bybit_api
bybit	linear	ASTERUSDT	5	2026-09-30 18:20:00	2026-09-30 18:25:00	0.7569	0.757	0.7551	0.7551	45253.0	34223.6058	t	validated	bybit_api
bybit	linear	ASTERUSDT	5	2026-09-30 18:25:00	2026-09-30 18:30:00	0.7551	0.7552	0.7521	0.7529	74210.0	55867.9823	t	validated	bybit_api
bybit	linear	ASTERUSDT	5	2026-09-30 18:30:00	2026-09-30 18:35:00	0.7529	0.7546	0.7515	0.7525	52321.0	39434.5094	t	validated	bybit_api
bybit	linear	ASTERUSDT	5	2026-09-30 18:35:00	2026-09-30 18:40:00	0.7525	0.7526	0.7461	0.7466	557906.0	417775.285	t	validated	bybit_api
bybit	linear	ASTERUSDT	5	2026-09-30 18:40:00	2026-09-30 18:45:00	0.7466	0.7494	0.7466	0.7489	112152.0	83913.303	t	validated	bybit_api
bybit	linear	ASTERUSDT	5	2026-09-30 18:45:00	2026-09-30 18:50:00	0.7489	0.7492	0.7473	0.7487	87057.0	65134.3752	t	validated	bybit_api
bybit	linear	ASTERUSDT	5	2026-09-30 18:50:00	2026-09-30 18:55:00	0.7487	0.7504	0.7486	0.7493	33103.0	24809.1665	t	validated	bybit_api
bybit	linear	ASTERUSDT	5	2026-09-30 18:55:00	2026-09-30 19:00:00	0.7493	0.7509	0.7489	0.7509	23561.0	17668.599	t	validated	bybit_api
bybit	linear	ASTERUSDT	5	2026-09-30 19:00:00	2026-09-30 19:05:00	0.7509	0.7517	0.7502	0.7509	65723.0	49352.8455	t	validated	bybit_api
bybit	linear	ASTERUSDT	5	2026-09-30 19:05:00	2026-09-30 19:10:00	0.7509	0.7519	0.7503	0.7511	64385.0	48356.3799	t	validated	bybit_api
bybit	linear	ASTERUSDT	5	2026-09-30 19:10:00	2026-09-30 19:15:00	0.7511	0.7521	0.7497	0.7519	108004.0	81099.325	t	validated	bybit_api
bybit	linear	ASTERUSDT	5	2026-09-30 19:15:00	2026-09-30 19:20:00	0.7519	0.7519	0.7483	0.7501	46958.0	35204.2055	t	validated	bybit_api
bybit	linear	ASTERUSDT	5	2026-09-30 19:20:00	2026-09-30 19:25:00	0.7501	0.753	0.7501	0.7526	57410.0	43168.2083	t	validated	bybit_api
bybit	linear	ASTERUSDT	5	2026-09-30 19:25:00	2026-09-30 19:30:00	0.7526	0.7554	0.7525	0.7548	104285.0	78658.4827	t	validated	bybit_api
bybit	linear	ASTERUSDT	5	2026-09-30 19:30:00	2026-09-30 19:35:00	0.7548	0.7571	0.7546	0.7569	72193.0	54579.8476	t	validated	bybit_api
bybit	linear	ASTERUSDT	5	2026-09-30 19:35:00	2026-09-30 19:40:00	0.7569	0.7592	0.7555	0.7575	81421.0	61683.692	t	validated	bybit_api
bybit	linear	ASTERUSDT	5	2026-09-30 19:40:00	2026-09-30 19:45:00	0.7575	0.7575	0.7546	0.755	30658.0	23160.5329	t	validated	bybit_api
bybit	linear	ASTERUSDT	5	2026-09-30 19:45:00	2026-09-30 19:50:00	0.755	0.7551	0.7524	0.754	92148.0	69446.4364	t	validated	bybit_api
bybit	linear	ASTERUSDT	5	2026-09-30 19:50:00	2026-09-30 19:55:00	0.754	0.7549	0.7503	0.7536	99876.0	75164.7768	t	validated	bybit_api
bybit	linear	ASTERUSDT	5	2026-09-30 19:55:00	2026-09-30 20:00:00	0.7536	0.7565	0.7525	0.7562	114633.0	86506.9565	t	validated	bybit_api
bybit	linear	ASTERUSDT	5	2026-09-30 20:00:00	2026-09-30 20:05:00	0.7562	0.7579	0.755	0.7567	33955.0	25686.1899	t	validated	bybit_api
bybit	linear	ASTERUSDT	5	2026-09-30 20:05:00	2026-09-30 20:10:00	0.7567	0.7583	0.7566	0.7567	100710.0	76330.4156	t	validated	bybit_api
bybit	linear	ASTERUSDT	5	2026-09-30 20:10:00	2026-09-30 20:15:00	0.7567	0.7588	0.7554	0.7583	149856.0	113519.7427	t	validated	bybit_api
bybit	linear	ASTERUSDT	5	2026-09-30 20:15:00	2026-09-30 20:20:00	0.7583	0.7596	0.7574	0.7588	104789.0	79445.4113	t	validated	bybit_api
bybit	linear	ASTERUSDT	5	2026-09-30 20:20:00	2026-09-30 20:25:00	0.7588	0.7648	0.7588	0.7637	172156.0	131251.969	t	validated	bybit_api
bybit	linear	ASTERUSDT	5	2026-09-30 20:25:00	2026-09-30 20:30:00	0.7637	0.7657	0.7634	0.7636	142630.0	109061.8881	t	validated	bybit_api
bybit	linear	ASTERUSDT	5	2026-09-30 20:30:00	2026-09-30 20:35:00	0.7636	0.7639	0.7611	0.7627	81486.0	62151.0931	t	validated	bybit_api
bybit	linear	AVAXUSDT	5	2026-10-06 09:00:00	2026-10-06 09:05:00	11.312	11.322	11.3	11.306	19588.4	221603.7667	t	validated	bybit_api
bybit	linear	AVAXUSDT	5	2026-10-06 09:05:00	2026-10-06 09:10:00	11.306	11.316	11.282	11.282	29249.2	330556.3913	t	validated	bybit_api
bybit	linear	AVAXUSDT	5	2026-10-06 09:10:00	2026-10-06 09:15:00	11.282	11.336	11.282	11.333	11944.5	135021.9118	t	validated	bybit_api
bybit	linear	AVAXUSDT	5	2026-10-06 09:15:00	2026-10-06 09:20:00	11.333	11.384	11.333	11.377	21903.0	248810.4753	t	validated	bybit_api
bybit	linear	AVAXUSDT	5	2026-10-06 09:20:00	2026-10-06 09:25:00	11.377	11.393	11.335	11.345	17921.9	203806.4976	t	validated	bybit_api
bybit	linear	AVAXUSDT	5	2026-10-06 09:25:00	2026-10-06 09:30:00	11.345	11.348	11.227	11.263	47430.4	534847.4219	t	validated	bybit_api
bybit	linear	AVAXUSDT	5	2026-10-06 09:30:00	2026-10-06 09:35:00	11.263	11.289	11.256	11.272	11405.2	128616.1639	t	validated	bybit_api
bybit	linear	AVAXUSDT	5	2026-10-06 09:35:00	2026-10-06 09:40:00	11.272	11.309	11.263	11.301	8810.2	99397.5568	t	validated	bybit_api
bybit	linear	AVAXUSDT	5	2026-10-06 09:40:00	2026-10-06 09:45:00	11.301	11.323	11.294	11.314	10767.4	121738.2854	t	validated	bybit_api
bybit	linear	AVAXUSDT	5	2026-10-06 09:45:00	2026-10-06 09:50:00	11.314	11.315	11.289	11.289	4473.2	50556.9214	t	validated	bybit_api
bybit	linear	AVAXUSDT	5	2026-10-06 09:50:00	2026-10-06 09:55:00	11.289	11.312	11.276	11.279	4797.8	54185.0858	t	validated	bybit_api
bybit	linear	AVAXUSDT	5	2026-10-06 09:55:00	2026-10-06 10:00:00	11.279	11.305	11.27	11.284	7365.2	83141.4672	t	validated	bybit_api
bybit	linear	AVAXUSDT	5	2026-10-06 10:00:00	2026-10-06 10:05:00	11.284	11.31	11.277	11.293	3008.7	33995.5284	t	validated	bybit_api
bybit	linear	AVAXUSDT	5	2026-10-06 10:05:00	2026-10-06 10:10:00	11.293	11.306	11.293	11.295	4994.9	56433.714	t	validated	bybit_api
bybit	linear	AVAXUSDT	5	2026-10-06 10:10:00	2026-10-06 10:15:00	11.295	11.359	11.294	11.352	22706.3	257517.0538	t	validated	bybit_api
bybit	linear	AVAXUSDT	5	2026-10-06 10:15:00	2026-10-06 10:20:00	11.352	11.362	11.338	11.342	8001.2	90808.1339	t	validated	bybit_api
bybit	linear	AVAXUSDT	5	2026-10-06 10:20:00	2026-10-06 10:25:00	11.342	11.355	11.336	11.345	5675.0	64395.4824	t	validated	bybit_api
bybit	linear	AVAXUSDT	5	2026-10-06 10:25:00	2026-10-06 10:30:00	11.345	11.359	11.329	11.359	8785.9	99645.273	t	validated	bybit_api
bybit	linear	AVAXUSDT	5	2026-10-06 10:30:00	2026-10-06 10:35:00	11.359	11.382	11.357	11.367	30427.8	345979.9735	t	validated	bybit_api
bybit	linear	AVAXUSDT	5	2026-10-06 10:35:00	2026-10-06 10:40:00	11.367	11.367	11.334	11.344	16610.6	188391.1372	t	validated	bybit_api
bybit	linear	AVAXUSDT	5	2026-10-06 10:40:00	2026-10-06 10:45:00	11.344	11.353	11.315	11.315	10291.4	116648.7205	t	validated	bybit_api
bybit	linear	AVAXUSDT	5	2026-10-06 10:45:00	2026-10-06 10:50:00	11.315	11.315	11.282	11.308	25236.8	285158.472	t	validated	bybit_api
bybit	linear	AVAXUSDT	5	2026-10-06 10:50:00	2026-10-06 10:55:00	11.308	11.328	11.291	11.316	10370.7	117292.4926	t	validated	bybit_api
bybit	linear	AVAXUSDT	5	2026-10-06 10:55:00	2026-10-06 11:00:00	11.316	11.328	11.309	11.322	3948.8	44682.4215	t	validated	bybit_api
bybit	linear	AVAXUSDT	5	2026-10-06 11:00:00	2026-10-06 11:05:00	11.322	11.349	11.322	11.339	12748.9	144526.5104	t	validated	bybit_api
bybit	linear	AVAXUSDT	5	2026-10-06 11:05:00	2026-10-06 11:10:00	11.339	11.347	11.323	11.33	7439.9	84342.4101	t	validated	bybit_api
bybit	linear	AVAXUSDT	5	2026-10-06 11:10:00	2026-10-06 11:15:00	11.33	11.37	11.329	11.365	9315.3	105740.5862	t	validated	bybit_api
bybit	linear	AVAXUSDT	5	2026-10-06 11:15:00	2026-10-06 11:20:00	11.365	11.38	11.354	11.365	13258.7	150707.4062	t	validated	bybit_api
bybit	linear	AVAXUSDT	5	2026-10-06 11:20:00	2026-10-06 11:25:00	11.365	11.38	11.365	11.378	4359.1	49574.4433	t	validated	bybit_api
bybit	linear	AVAXUSDT	5	2026-10-06 11:25:00	2026-10-06 11:30:00	11.378	11.393	11.36	11.382	24275.4	276212.4826	t	validated	bybit_api
bybit	linear	AVAXUSDT	5	2026-10-06 11:30:00	2026-10-06 11:35:00	11.382	11.417	11.377	11.416	37251.4	424611.0115	t	validated	bybit_api
bybit	linear	AVAXUSDT	5	2026-10-06 11:35:00	2026-10-06 11:40:00	11.416	11.502	11.387	11.454	155217.9	1776900.567	t	validated	bybit_api
bybit	linear	AVAXUSDT	5	2026-10-06 11:40:00	2026-10-06 11:45:00	11.454	11.467	11.432	11.467	21106.8	241640.7367	t	validated	bybit_api
bybit	linear	AVAXUSDT	5	2026-10-06 11:45:00	2026-10-06 11:50:00	11.467	11.487	11.453	11.476	15151.1	173791.4447	t	validated	bybit_api
bybit	linear	AVAXUSDT	5	2026-10-06 11:50:00	2026-10-06 11:55:00	11.476	11.479	11.421	11.424	10992.1	125850.2409	t	validated	bybit_api
bybit	linear	AVAXUSDT	5	2026-10-06 11:55:00	2026-10-06 12:00:00	11.424	11.441	11.42	11.431	4164.1	47592.7585	t	validated	bybit_api
bybit	linear	AVAXUSDT	5	2026-10-06 12:00:00	2026-10-06 12:05:00	11.431	11.537	11.431	11.531	59554.8	684198.7609	t	validated	bybit_api
bybit	linear	AVAXUSDT	5	2026-10-06 12:05:00	2026-10-06 12:10:00	11.531	11.694	11.514	11.649	185583.4	2156231.402	t	validated	bybit_api
bybit	linear	AVAXUSDT	5	2026-10-06 12:10:00	2026-10-06 12:15:00	11.649	11.685	11.648	11.662	32545.0	379660.2943	t	validated	bybit_api
bybit	linear	AVAXUSDT	5	2026-10-06 12:15:00	2026-10-06 12:20:00	11.662	11.676	11.528	11.535	53928.0	625979.7283	t	validated	bybit_api
bybit	linear	AVAXUSDT	5	2026-10-06 12:20:00	2026-10-06 12:25:00	11.535	11.589	11.527	11.574	22814.2	263682.1364	t	validated	bybit_api
bybit	linear	AVAXUSDT	5	2026-10-06 12:25:00	2026-10-06 12:30:00	11.574	11.574	11.53	11.539	29728.9	343482.3419	t	validated	bybit_api
bybit	linear	AVAXUSDT	5	2026-10-06 12:30:00	2026-10-06 12:35:00	11.539	11.561	11.525	11.538	17651.3	203747.2107	t	validated	bybit_api
bybit	linear	AVAXUSDT	5	2026-10-06 12:35:00	2026-10-06 12:40:00	11.538	11.546	11.493	11.511	24684.3	284036.2581	t	validated	bybit_api
bybit	linear	AVAXUSDT	5	2026-10-06 12:40:00	2026-10-06 12:45:00	11.511	11.516	11.478	11.491	13178.5	151451.2218	t	validated	bybit_api
bybit	linear	AVAXUSDT	5	2026-10-06 12:45:00	2026-10-06 12:50:00	11.491	11.491	11.463	11.479	8931.6	102493.2086	t	validated	bybit_api
bybit	linear	AVAXUSDT	5	2026-10-06 12:50:00	2026-10-06 12:55:00	11.479	11.532	11.478	11.52	9857.6	113483.4067	t	validated	bybit_api
bybit	linear	AVAXUSDT	5	2026-10-06 12:55:00	2026-10-06 13:00:00	11.52	11.526	11.503	11.514	17340.7	199674.0999	t	validated	bybit_api
bybit	linear	AVAXUSDT	5	2026-10-06 13:00:00	2026-10-06 13:05:00	11.514	11.514	11.436	11.449	14644.9	167923.9592	t	validated	bybit_api
bybit	linear	AVAXUSDT	5	2026-10-06 13:05:00	2026-10-06 13:10:00	11.449	11.46	11.412	11.415	14971.0	171137.0299	t	validated	bybit_api
bybit	linear	AVAXUSDT	5	2026-10-06 13:10:00	2026-10-06 13:15:00	11.415	11.442	11.406	11.421	18164.4	207497.6128	t	validated	bybit_api
bybit	linear	AVAXUSDT	5	2026-10-06 13:15:00	2026-10-06 13:20:00	11.421	11.436	11.406	11.425	17231.5	196783.9334	t	validated	bybit_api
bybit	linear	AVAXUSDT	5	2026-10-06 13:20:00	2026-10-06 13:25:00	11.425	11.436	11.409	11.416	9064.4	103518.1042	t	validated	bybit_api
bybit	linear	AVAXUSDT	5	2026-10-06 13:25:00	2026-10-06 13:30:00	11.416	11.419	11.383	11.393	20031.6	228336.6075	t	validated	bybit_api
bybit	linear	AVAXUSDT	5	2026-10-06 13:30:00	2026-10-06 13:35:00	11.393	11.45	11.378	11.437	32754.9	373822.2148	t	validated	bybit_api
bybit	linear	AVAXUSDT	5	2026-10-06 13:35:00	2026-10-06 13:40:00	11.437	11.441	11.391	11.42	10492.5	119800.8871	t	validated	bybit_api
bybit	linear	AVAXUSDT	5	2026-10-06 13:40:00	2026-10-06 13:45:00	11.42	11.42	11.373	11.392	9256.7	105454.4173	t	validated	bybit_api
bybit	linear	AVAXUSDT	5	2026-10-06 13:45:00	2026-10-06 13:50:00	11.392	11.406	11.381	11.388	14344.4	163342.8296	t	validated	bybit_api
bybit	linear	AVAXUSDT	5	2026-10-06 13:50:00	2026-10-06 13:55:00	11.388	11.408	11.385	11.405	5791.3	65994.5595	t	validated	bybit_api
bybit	linear	AVAXUSDT	5	2026-10-06 13:55:00	2026-10-06 14:00:00	11.405	11.439	11.399	11.419	20898.4	238827.0938	t	validated	bybit_api
bybit	linear	AVAXUSDT	5	2026-10-06 14:00:00	2026-10-06 14:05:00	11.419	11.436	11.393	11.399	16617.2	189625.1091	t	validated	bybit_api
bybit	linear	AVAXUSDT	5	2026-10-06 14:05:00	2026-10-06 14:10:00	11.399	11.438	11.378	11.424	36266.1	413439.3197	t	validated	bybit_api
bybit	linear	AVAXUSDT	5	2026-10-06 14:10:00	2026-10-06 14:15:00	11.424	11.493	11.409	11.492	14234.9	162942.2387	t	validated	bybit_api
bybit	linear	AVAXUSDT	5	2026-10-06 14:15:00	2026-10-06 14:20:00	11.492	11.5	11.428	11.486	45266.3	519616.1598	t	validated	bybit_api
bybit	linear	AVAXUSDT	5	2026-10-06 14:20:00	2026-10-06 14:25:00	11.486	11.486	11.416	11.431	17894.6	204758.9855	t	validated	bybit_api
bybit	linear	AVAXUSDT	5	2026-10-06 14:25:00	2026-10-06 14:30:00	11.431	11.456	11.415	11.428	16228.0	185615.4025	t	validated	bybit_api
bybit	linear	AVAXUSDT	5	2026-10-06 14:30:00	2026-10-06 14:35:00	11.428	11.487	11.427	11.472	6664.0	76377.874	t	validated	bybit_api
bybit	linear	AVAXUSDT	5	2026-10-06 14:35:00	2026-10-06 14:40:00	11.472	11.526	11.468	11.518	20614.0	237205.5605	t	validated	bybit_api
bybit	linear	AVAXUSDT	5	2026-10-06 14:40:00	2026-10-06 14:45:00	11.518	11.538	11.5	11.529	17649.6	203353.6163	t	validated	bybit_api
bybit	linear	AVAXUSDT	5	2026-10-06 14:45:00	2026-10-06 14:50:00	11.529	11.543	11.512	11.515	20087.0	231560.6997	t	validated	bybit_api
bybit	linear	AVAXUSDT	5	2026-10-06 14:50:00	2026-10-06 14:55:00	11.515	11.586	11.511	11.573	37285.8	431042.1261	t	validated	bybit_api
bybit	linear	AVAXUSDT	5	2026-10-06 14:55:00	2026-10-06 15:00:00	11.573	11.6	11.565	11.592	40992.5	474980.5541	t	validated	bybit_api
bybit	linear	AVAXUSDT	5	2026-10-06 15:00:00	2026-10-06 15:05:00	11.592	11.627	11.578	11.587	38362.3	445311.6531	t	validated	bybit_api
bybit	linear	AVAXUSDT	5	2026-10-06 15:05:00	2026-10-06 15:10:00	11.587	11.611	11.559	11.566	15507.6	179621.4466	t	validated	bybit_api
bybit	linear	AVAXUSDT	5	2026-10-06 15:10:00	2026-10-06 15:15:00	11.566	11.584	11.547	11.556	25960.7	300051.5113	t	validated	bybit_api
bybit	linear	AVAXUSDT	5	2026-10-06 15:15:00	2026-10-06 15:20:00	11.556	11.592	11.556	11.582	15575.3	180303.0915	t	validated	bybit_api
bybit	linear	AVAXUSDT	5	2026-10-06 15:20:00	2026-10-06 15:25:00	11.582	11.593	11.541	11.561	22096.0	255480.3188	t	validated	bybit_api
bybit	linear	AVAXUSDT	5	2026-10-06 15:25:00	2026-10-06 15:30:00	11.561	11.574	11.526	11.543	23264.1	268535.8356	t	validated	bybit_api
bybit	linear	AVAXUSDT	5	2026-10-06 15:30:00	2026-10-06 15:35:00	11.543	11.572	11.53	11.565	18075.2	208879.0171	t	validated	bybit_api
bybit	linear	AVAXUSDT	5	2026-10-06 15:35:00	2026-10-06 15:40:00	11.565	11.566	11.528	11.548	15529.8	179366.3711	t	validated	bybit_api
bybit	linear	AVAXUSDT	5	2026-10-06 15:40:00	2026-10-06 15:45:00	11.548	11.581	11.536	11.57	19552.3	226018.7325	t	validated	bybit_api
bybit	linear	AVAXUSDT	5	2026-10-06 15:45:00	2026-10-06 15:50:00	11.57	11.576	11.551	11.559	10582.2	122380.8135	t	validated	bybit_api
bybit	linear	AVAXUSDT	5	2026-10-06 15:50:00	2026-10-06 15:55:00	11.559	11.564	11.518	11.542	28942.3	334153.9107	t	validated	bybit_api
bybit	linear	AVAXUSDT	5	2026-10-06 15:55:00	2026-10-06 16:00:00	11.542	11.556	11.477	11.506	83450.1	960199.1466	t	validated	bybit_api
bybit	linear	AVAXUSDT	5	2026-10-06 16:00:00	2026-10-06 16:05:00	11.506	11.53	11.451	11.47	72273.5	830681.0604	t	validated	bybit_api
bybit	linear	AVAXUSDT	5	2026-10-06 16:05:00	2026-10-06 16:10:00	11.47	11.502	11.45	11.465	50845.3	583020.8018	t	validated	bybit_api
bybit	linear	AVAXUSDT	5	2026-10-06 16:10:00	2026-10-06 16:15:00	11.465	11.482	11.444	11.463	43235.3	495292.7052	t	validated	bybit_api
bybit	linear	AVAXUSDT	5	2026-10-06 16:15:00	2026-10-06 16:20:00	11.463	11.476	11.422	11.453	15239.9	174478.7448	t	validated	bybit_api
bybit	linear	AVAXUSDT	5	2026-10-06 16:20:00	2026-10-06 16:25:00	11.453	11.454	11.416	11.435	9370.6	107107.3879	t	validated	bybit_api
bybit	linear	AVAXUSDT	5	2026-10-06 16:25:00	2026-10-06 16:30:00	11.435	11.462	11.423	11.432	15725.8	179996.5557	t	validated	bybit_api
bybit	linear	AVAXUSDT	5	2026-10-06 16:30:00	2026-10-06 16:35:00	11.432	11.47	11.428	11.429	24646.1	282093.2423	t	validated	bybit_api
bybit	linear	AVAXUSDT	5	2026-10-06 16:35:00	2026-10-06 16:40:00	11.429	11.429	11.388	11.418	24843.8	283445.4645	t	validated	bybit_api
bybit	linear	AVAXUSDT	5	2026-10-06 16:40:00	2026-10-06 16:45:00	11.418	11.466	11.415	11.461	19760.4	226153.204	t	validated	bybit_api
bybit	linear	AVAXUSDT	5	2026-10-06 16:45:00	2026-10-06 16:50:00	11.461	11.486	11.45	11.457	18570.2	213034.5307	t	validated	bybit_api
bybit	linear	AVAXUSDT	5	2026-10-06 16:50:00	2026-10-06 16:55:00	11.457	11.485	11.436	11.459	18878.6	216478.8528	t	validated	bybit_api
bybit	linear	AVAXUSDT	5	2026-10-06 16:55:00	2026-10-06 17:00:00	11.459	11.48	11.423	11.423	41035.8	470483.1204	t	validated	bybit_api
bybit	linear	AVAXUSDT	5	2026-10-06 17:00:00	2026-10-06 17:05:00	11.423	11.448	11.42	11.437	10772.1	123170.5659	t	validated	bybit_api
bybit	linear	AVAXUSDT	5	2026-10-06 17:05:00	2026-10-06 17:10:00	11.437	11.495	11.437	11.491	10632.4	121947.2994	t	validated	bybit_api
bybit	linear	AVAXUSDT	5	2026-10-06 17:10:00	2026-10-06 17:15:00	11.491	11.498	11.436	11.438	11118.7	127476.5921	t	validated	bybit_api
bybit	linear	AVAXUSDT	5	2026-10-06 17:15:00	2026-10-06 17:20:00	11.438	11.482	11.428	11.459	50755.7	581203.2674	t	validated	bybit_api
bybit	linear	AVAXUSDT	5	2026-10-06 17:20:00	2026-10-06 17:25:00	11.459	11.477	11.431	11.474	27938.4	319923.3928	t	validated	bybit_api
bybit	linear	AVAXUSDT	5	2026-10-06 17:25:00	2026-10-06 17:30:00	11.474	11.508	11.466	11.483	24747.9	284426.3888	t	validated	bybit_api
bybit	linear	AVAXUSDT	5	2026-10-06 17:30:00	2026-10-06 17:35:00	11.483	11.483	11.437	11.46	25079.3	287199.4272	t	validated	bybit_api
bybit	linear	AVAXUSDT	5	2026-10-06 17:35:00	2026-10-06 17:40:00	11.46	11.519	11.448	11.501	21172.8	243459.0195	t	validated	bybit_api
bybit	linear	AVAXUSDT	5	2026-10-06 17:40:00	2026-10-06 17:45:00	11.501	11.501	11.468	11.499	6905.7	79339.3192	t	validated	bybit_api
bybit	linear	AVAXUSDT	5	2026-10-06 17:45:00	2026-10-06 17:50:00	11.499	11.521	11.485	11.509	14814.7	170438.4597	t	validated	bybit_api
bybit	linear	AVAXUSDT	5	2026-10-06 17:50:00	2026-10-06 17:55:00	11.509	11.542	11.506	11.536	15805.7	182154.9482	t	validated	bybit_api
bybit	linear	AVAXUSDT	5	2026-10-06 17:55:00	2026-10-06 18:00:00	11.536	11.539	11.509	11.51	3874.8	44641.608	t	validated	bybit_api
bybit	linear	AVAXUSDT	5	2026-10-06 18:00:00	2026-10-06 18:05:00	11.51	11.534	11.507	11.52	7961.4	91742.458	t	validated	bybit_api
bybit	linear	AVAXUSDT	5	2026-10-06 18:05:00	2026-10-06 18:10:00	11.52	11.52	11.49	11.49	5786.2	66585.8071	t	validated	bybit_api
bybit	linear	AVAXUSDT	5	2026-10-06 18:10:00	2026-10-06 18:15:00	11.49	11.5	11.447	11.451	23984.7	275085.271	t	validated	bybit_api
bybit	linear	AVAXUSDT	5	2026-10-07 00:10:00	2026-10-07 00:15:00	11.63	11.645	11.601	11.605	16820.6	195566.9919	t	validated	bybit_api
bybit	linear	AVAXUSDT	5	2026-10-07 00:15:00	2026-10-07 00:20:00	11.605	11.605	11.561	11.581	32784.8	379555.2377	t	validated	bybit_api
bybit	linear	AVAXUSDT	5	2026-10-07 00:20:00	2026-10-07 00:25:00	11.581	11.581	11.55	11.569	18009.3	208289.1391	t	validated	bybit_api
bybit	linear	AVAXUSDT	5	2026-10-07 00:25:00	2026-10-07 00:30:00	11.569	11.571	11.535	11.537	19218.3	221950.3141	t	validated	bybit_api
bybit	linear	AVAXUSDT	5	2026-10-07 00:30:00	2026-10-07 00:35:00	11.537	11.571	11.53	11.556	26938.4	311075.9645	t	validated	bybit_api
bybit	linear	AVAXUSDT	5	2026-10-07 00:35:00	2026-10-07 00:40:00	11.556	11.613	11.551	11.605	17021.7	197293.3482	t	validated	bybit_api
bybit	linear	AVAXUSDT	5	2026-10-07 00:40:00	2026-10-07 00:45:00	11.605	11.609	11.583	11.601	19447.3	225581.4895	t	validated	bybit_api
bybit	linear	AVAXUSDT	5	2026-10-07 00:45:00	2026-10-07 00:50:00	11.601	11.654	11.595	11.642	38394.0	446279.1826	t	validated	bybit_api
bybit	linear	AVAXUSDT	5	2026-10-07 00:50:00	2026-10-07 00:55:00	11.642	11.644	11.607	11.614	12636.8	146904.6392	t	validated	bybit_api
bybit	linear	AVAXUSDT	5	2026-10-07 00:55:00	2026-10-07 01:00:00	11.614	11.628	11.589	11.6	17502.1	203073.348	t	validated	bybit_api
bybit	linear	AVAXUSDT	5	2026-10-07 01:00:00	2026-10-07 01:05:00	11.6	11.609	11.575	11.594	11744.5	136105.0592	t	validated	bybit_api
bybit	linear	AVAXUSDT	5	2026-10-07 01:05:00	2026-10-07 01:10:00	11.594	11.629	11.578	11.613	13352.6	154925.4895	t	validated	bybit_api
bybit	linear	AVAXUSDT	5	2026-10-07 01:10:00	2026-10-07 01:15:00	11.613	11.614	11.57	11.573	10060.8	116537.3281	t	validated	bybit_api
bybit	linear	AVAXUSDT	5	2026-10-07 01:15:00	2026-10-07 01:20:00	11.573	11.573	11.52	11.523	18381.6	212289.1289	t	validated	bybit_api
bybit	linear	AVAXUSDT	5	2026-10-07 01:20:00	2026-10-07 01:25:00	11.523	11.55	11.517	11.532	14081.7	162382.8343	t	validated	bybit_api
bybit	linear	AVAXUSDT	5	2026-10-07 01:25:00	2026-10-07 01:30:00	11.532	11.538	11.508	11.528	15637.1	180143.2325	t	validated	bybit_api
bybit	linear	AVAXUSDT	5	2026-10-07 01:30:00	2026-10-07 01:35:00	11.528	11.566	11.52	11.533	30669.5	354300.3618	t	validated	bybit_api
bybit	linear	AVAXUSDT	5	2026-10-07 01:35:00	2026-10-07 01:40:00	11.533	11.579	11.504	11.565	42749.7	493083.5954	t	validated	bybit_api
bybit	linear	AVAXUSDT	5	2026-10-07 01:40:00	2026-10-07 01:45:00	11.565	11.579	11.545	11.562	11314.7	130842.089	t	validated	bybit_api
bybit	linear	AVAXUSDT	5	2026-10-07 01:45:00	2026-10-07 01:50:00	11.562	11.596	11.558	11.565	16395.4	189786.164	t	validated	bybit_api
bybit	linear	AVAXUSDT	5	2026-10-07 01:50:00	2026-10-07 01:55:00	11.565	11.565	11.483	11.5	39345.6	452970.8342	t	validated	bybit_api
bybit	linear	AVAXUSDT	5	2026-10-07 01:55:00	2026-10-07 02:00:00	11.5	11.516	11.307	11.334	160542.6	1830721.5894	t	validated	bybit_api
bybit	linear	AVAXUSDT	5	2026-10-07 02:00:00	2026-10-07 02:05:00	11.334	11.35	10.934	11.105	970730.3	10834196.2763	t	validated	bybit_api
bybit	linear	AVAXUSDT	5	2026-10-07 02:05:00	2026-10-07 02:10:00	11.105	11.196	10.982	11.152	248464.8	2751884.3295	t	validated	bybit_api
bybit	linear	AVAXUSDT	5	2026-10-07 02:10:00	2026-10-07 02:15:00	11.152	11.207	11.083	11.09	69949.2	779892.868	t	validated	bybit_api
bybit	linear	AVAXUSDT	5	2026-10-07 02:15:00	2026-10-07 02:20:00	11.09	11.185	11.073	11.18	49584.0	551812.8931	t	validated	bybit_api
bybit	linear	AVAXUSDT	5	2026-10-07 02:20:00	2026-10-07 02:25:00	11.18	11.189	11.064	11.083	29146.8	323909.0221	t	validated	bybit_api
bybit	linear	AVAXUSDT	5	2026-10-07 02:25:00	2026-10-07 02:30:00	11.083	11.102	11.052	11.085	42932.1	475366.7779	t	validated	bybit_api
bybit	linear	AVAXUSDT	5	2026-10-07 02:30:00	2026-10-07 02:35:00	11.085	11.108	11.057	11.078	26742.1	296410.8682	t	validated	bybit_api
bybit	linear	AVAXUSDT	5	2026-10-07 02:35:00	2026-10-07 02:40:00	11.078	11.095	11.027	11.039	33416.2	369593.2932	t	validated	bybit_api
bybit	linear	AVAXUSDT	5	2026-10-07 02:40:00	2026-10-07 02:45:00	11.039	11.039	11.004	11.01	21332.0	235001.3171	t	validated	bybit_api
bybit	linear	AVAXUSDT	5	2026-10-07 02:45:00	2026-10-07 02:50:00	11.01	11.044	11.003	11.02	18958.4	208924.7646	t	validated	bybit_api
bybit	linear	AVAXUSDT	5	2026-10-07 02:50:00	2026-10-07 02:55:00	11.02	11.026	10.979	10.998	21493.3	236464.3779	t	validated	bybit_api
bybit	linear	AVAXUSDT	5	2026-10-07 02:55:00	2026-10-07 03:00:00	10.998	11.004	10.982	10.989	13767.8	151352.4463	t	validated	bybit_api
bybit	linear	AVAXUSDT	5	2026-10-07 03:00:00	2026-10-07 03:05:00	10.989	11.023	10.963	10.992	25881.6	284485.6886	t	validated	bybit_api
bybit	linear	AVAXUSDT	5	2026-10-07 03:05:00	2026-10-07 03:10:00	10.992	11.007	10.982	10.992	18394.3	202241.3474	t	validated	bybit_api
bybit	linear	AVAXUSDT	5	2026-10-07 03:10:00	2026-10-07 03:15:00	10.992	10.992	10.924	10.946	51118.9	559545.1027	t	validated	bybit_api
bybit	linear	AVAXUSDT	5	2026-10-07 03:15:00	2026-10-07 03:20:00	10.946	10.995	10.932	10.977	26247.0	287690.0646	t	validated	bybit_api
bybit	linear	AVAXUSDT	5	2026-10-07 03:20:00	2026-10-07 03:25:00	10.977	10.98	10.936	10.964	20927.3	229225.494	t	validated	bybit_api
bybit	linear	AVAXUSDT	5	2026-10-07 03:25:00	2026-10-07 03:30:00	10.964	10.99	10.963	10.981	12606.0	138354.943	t	validated	bybit_api
bybit	linear	AVAXUSDT	5	2026-10-07 03:30:00	2026-10-07 03:35:00	10.981	11.01	10.961	11.008	18260.1	200606.96	t	validated	bybit_api
bybit	linear	AVAXUSDT	5	2026-10-07 03:35:00	2026-10-07 03:40:00	11.008	11.022	10.988	11.02	23243.9	255750.5533	t	validated	bybit_api
bybit	linear	AVAXUSDT	5	2026-10-07 03:40:00	2026-10-07 03:45:00	11.02	11.042	11.0	11.011	20786.5	229099.897	t	validated	bybit_api
bybit	linear	AVAXUSDT	5	2026-10-07 03:45:00	2026-10-07 03:50:00	11.011	11.063	11.005	11.056	19498.5	215074.2016	t	validated	bybit_api
bybit	linear	AVAXUSDT	5	2026-10-07 03:50:00	2026-10-07 03:55:00	11.056	11.057	11.014	11.03	30200.7	333175.6514	t	validated	bybit_api
bybit	linear	AVAXUSDT	5	2026-10-07 03:55:00	2026-10-07 04:00:00	11.03	11.048	11.009	11.019	11636.1	128396.127	t	validated	bybit_api
bybit	linear	AVAXUSDT	5	2026-10-07 04:00:00	2026-10-07 04:05:00	11.019	11.038	10.991	11.034	25037.0	275763.4579	t	validated	bybit_api
bybit	linear	AVAXUSDT	5	2026-10-07 04:05:00	2026-10-07 04:10:00	11.034	11.046	11.011	11.041	15845.9	174721.1914	t	validated	bybit_api
bybit	linear	AVAXUSDT	5	2026-10-07 04:10:00	2026-10-07 04:15:00	11.041	11.078	11.025	11.07	22410.2	247694.6186	t	validated	bybit_api
bybit	linear	BTCUSDT	5	2026-10-02 13:40:00	2026-10-02 13:45:00	87061.1	87096.9	86800.0	86867.9	588.284	51139080.4923	t	validated	bybit_api
bybit	linear	BTCUSDT	5	2026-10-02 13:45:00	2026-10-02 13:50:00	86867.9	86981.4	86678.3	86818.9	358.914	31167706.4841	t	validated	bybit_api
bybit	linear	BTCUSDT	5	2026-10-02 13:50:00	2026-10-02 13:55:00	86818.9	86843.5	86628.6	86640.0	452.918	39266060.1815	t	validated	bybit_api
bybit	linear	BTCUSDT	5	2026-10-02 13:55:00	2026-10-02 14:00:00	86640.0	86717.3	86423.3	86537.0	569.602	49295900.6636	t	validated	bybit_api
bybit	linear	BTCUSDT	5	2026-10-02 14:00:00	2026-10-02 14:05:00	86537.0	86798.0	86470.0	86796.2	448.236	38837211.5983	t	validated	bybit_api
bybit	linear	BTCUSDT	5	2026-10-02 14:05:00	2026-10-02 14:10:00	86796.2	86812.2	86438.6	86512.1	394.493	34166245.5326	t	validated	bybit_api
bybit	linear	BTCUSDT	5	2026-10-02 14:10:00	2026-10-02 14:15:00	86512.1	86535.9	86262.3	86317.3	760.656	65689030.6548	t	validated	bybit_api
bybit	linear	BTCUSDT	5	2026-10-02 14:15:00	2026-10-02 14:20:00	86317.3	86532.2	86188.4	86502.4	517.477	44685738.0524	t	validated	bybit_api
bybit	linear	BTCUSDT	5	2026-10-02 14:20:00	2026-10-02 14:25:00	86502.4	86630.1	86468.8	86489.7	297.918	25782610.6694	t	validated	bybit_api
bybit	linear	BTCUSDT	5	2026-10-02 14:25:00	2026-10-02 14:30:00	86489.7	86505.8	86046.5	86053.9	930.826	80222769.2688	t	validated	bybit_api
bybit	linear	BTCUSDT	5	2026-10-02 14:30:00	2026-10-02 14:35:00	86053.9	86148.5	85633.1	85780.9	1674.394	143804398.658	t	validated	bybit_api
bybit	linear	BTCUSDT	5	2026-10-02 14:35:00	2026-10-02 14:40:00	85780.9	85958.0	85742.9	85958.0	951.478	81706637.0189	t	validated	bybit_api
bybit	linear	BTCUSDT	5	2026-10-02 14:40:00	2026-10-02 14:45:00	85958.0	86018.0	85846.0	85926.9	410.653	35295162.9756	t	validated	bybit_api
bybit	linear	BTCUSDT	5	2026-10-02 14:45:00	2026-10-02 14:50:00	85926.9	86030.5	85848.0	85974.3	386.837	33248148.0341	t	validated	bybit_api
bybit	linear	BTCUSDT	5	2026-10-02 14:50:00	2026-10-02 14:55:00	85974.3	85974.3	85466.2	85493.2	1164.132	99745585.5843	t	validated	bybit_api
bybit	linear	BTCUSDT	5	2026-10-02 14:55:00	2026-10-02 15:00:00	85493.2	85712.3	85324.6	85654.8	1238.172	105938108.8778	t	validated	bybit_api
bybit	linear	BTCUSDT	5	2026-10-02 15:00:00	2026-10-02 15:05:00	85654.8	85721.9	85501.5	85537.2	403.063	34510415.2856	t	validated	bybit_api
bybit	linear	BTCUSDT	5	2026-10-02 15:05:00	2026-10-02 15:10:00	85537.2	85561.6	85306.6	85485.7	1779.898	152042150.6726	t	validated	bybit_api
bybit	linear	BTCUSDT	5	2026-10-02 15:10:00	2026-10-02 15:15:00	85485.7	85600.0	85442.1	85600.0	527.292	45094114.6774	t	validated	bybit_api
bybit	linear	BTCUSDT	5	2026-10-02 15:15:00	2026-10-02 15:20:00	85600.0	85664.9	85410.6	85501.2	366.066	31309573.494	t	validated	bybit_api
bybit	linear	BTCUSDT	5	2026-10-02 15:20:00	2026-10-02 15:25:00	85501.2	85541.3	85285.0	85337.5	394.053	33649000.5872	t	validated	bybit_api
bybit	linear	BTCUSDT	5	2026-10-02 15:25:00	2026-10-02 15:30:00	85337.5	85518.3	85237.6	85438.0	738.513	63042774.7677	t	validated	bybit_api
bybit	linear	BTCUSDT	5	2026-10-02 15:30:00	2026-10-02 15:35:00	85438.0	85509.9	85369.3	85388.5	414.228	35394984.3516	t	validated	bybit_api
bybit	linear	BTCUSDT	5	2026-10-02 15:35:00	2026-10-02 15:40:00	85388.5	85491.1	85349.3	85385.6	211.9	18098626.5022	t	validated	bybit_api
bybit	linear	BTCUSDT	5	2026-10-02 15:40:00	2026-10-02 15:45:00	85385.6	85418.6	85273.0	85306.1	291.451	24870435.04	t	validated	bybit_api
bybit	linear	BTCUSDT	5	2026-10-02 15:45:00	2026-10-02 15:50:00	85306.1	85407.7	85250.0	85355.7	297.033	25339835.8501	t	validated	bybit_api
bybit	linear	BTCUSDT	5	2026-10-02 15:50:00	2026-10-02 15:55:00	85355.7	85407.7	85178.1	85206.7	394.852	33678157.7888	t	validated	bybit_api
bybit	linear	BTCUSDT	5	2026-10-02 15:55:00	2026-10-02 16:00:00	85206.7	85293.0	85096.5	85291.2	580.782	49471095.6711	t	validated	bybit_api
bybit	linear	BTCUSDT	5	2026-10-02 16:00:00	2026-10-02 16:05:00	85291.2	85479.8	85260.2	85441.0	913.079	77987131.5314	t	validated	bybit_api
bybit	linear	BTCUSDT	5	2026-10-02 16:05:00	2026-10-02 16:10:00	85441.0	85464.0	85193.0	85253.2	334.647	28546081.4207	t	validated	bybit_api
bybit	linear	BTCUSDT	5	2026-10-02 16:10:00	2026-10-02 16:15:00	85253.2	85274.8	85090.1	85179.6	306.863	26130760.6144	t	validated	bybit_api
bybit	linear	BTCUSDT	5	2026-10-02 16:15:00	2026-10-02 16:20:00	85179.6	85303.0	85159.7	85275.8	204.27	17412580.261	t	validated	bybit_api
bybit	linear	BTCUSDT	5	2026-10-02 16:20:00	2026-10-02 16:25:00	85275.8	85282.1	85073.1	85126.6	167.08	14229962.7678	t	validated	bybit_api
bybit	linear	BTCUSDT	5	2026-10-02 16:25:00	2026-10-02 16:30:00	85126.6	85205.6	85108.2	85140.6	146.569	12479842.1692	t	validated	bybit_api
bybit	linear	BTCUSDT	5	2026-10-02 16:30:00	2026-10-02 16:35:00	85140.6	85204.6	85096.3	85154.1	383.878	32682874.6246	t	validated	bybit_api
bybit	linear	BTCUSDT	5	2026-10-02 16:35:00	2026-10-02 16:40:00	85154.1	85196.3	85064.7	85074.7	252.396	21485199.839	t	validated	bybit_api
bybit	linear	BTCUSDT	5	2026-10-02 16:40:00	2026-10-02 16:45:00	85074.7	85160.0	84957.0	85160.0	595.125	50608718.5806	t	validated	bybit_api
bybit	linear	BTCUSDT	5	2026-10-02 16:45:00	2026-10-02 16:50:00	85160.0	85279.8	85159.9	85231.4	390.57	33287311.9749	t	validated	bybit_api
bybit	linear	BTCUSDT	5	2026-10-02 16:50:00	2026-10-02 16:55:00	85231.4	85267.6	85111.7	85122.4	140.94	12003698.4165	t	validated	bybit_api
bybit	linear	BTCUSDT	5	2026-10-02 16:55:00	2026-10-02 17:00:00	85122.4	85168.5	85041.5	85124.5	188.89	16075064.3927	t	validated	bybit_api
bybit	linear	BTCUSDT	5	2026-10-02 17:00:00	2026-10-02 17:05:00	85124.5	85240.1	85100.1	85147.2	412.466	35141496.2543	t	validated	bybit_api
bybit	linear	BTCUSDT	5	2026-10-02 17:05:00	2026-10-02 17:10:00	85147.2	85193.6	85062.5	85075.0	179.907	15313072.2669	t	validated	bybit_api
bybit	linear	BTCUSDT	5	2026-10-02 17:10:00	2026-10-02 17:15:00	85075.0	85081.6	84857.7	84878.2	858.768	72967877.1089	t	validated	bybit_api
bybit	linear	BTCUSDT	5	2026-10-02 17:15:00	2026-10-02 17:20:00	84878.2	84924.0	84656.5	84913.8	1178.085	99888957.7489	t	validated	bybit_api
bybit	linear	BTCUSDT	5	2026-10-02 17:20:00	2026-10-02 17:25:00	84913.8	84952.1	84627.6	84705.2	783.403	66420372.1182	t	validated	bybit_api
bybit	linear	BTCUSDT	5	2026-10-02 17:25:00	2026-10-02 17:30:00	84705.2	84710.8	84572.4	84585.0	1101.09	93200141.2044	t	validated	bybit_api
bybit	linear	BTCUSDT	5	2026-10-02 17:30:00	2026-10-02 17:35:00	84585.0	84763.9	84567.0	84748.2	402.059	34039793.2067	t	validated	bybit_api
bybit	linear	BTCUSDT	5	2026-10-02 17:35:00	2026-10-02 17:40:00	84748.2	84748.2	84482.7	84536.5	547.486	46309080.3418	t	validated	bybit_api
bybit	linear	BTCUSDT	5	2026-10-02 17:40:00	2026-10-02 17:45:00	84536.5	84611.2	84479.0	84584.3	439.198	37132780.0758	t	validated	bybit_api
bybit	linear	BTCUSDT	5	2026-10-02 17:45:00	2026-10-02 17:50:00	84584.3	84732.4	84550.0	84729.2	374.156	31676412.3836	t	validated	bybit_api
bybit	linear	BTCUSDT	5	2026-10-04 18:35:00	2026-10-04 18:40:00	85284.0	85296.6	85276.7	85284.6	24.459	2086036.2269	t	validated	bybit_api
bybit	linear	BTCUSDT	5	2026-10-04 18:40:00	2026-10-04 18:45:00	85284.6	85318.9	85284.6	85317.2	32.414	2765258.7049	t	validated	bybit_api
bybit	linear	BTCUSDT	5	2026-10-04 18:45:00	2026-10-04 18:50:00	85317.2	85320.1	85291.4	85308.7	16.106	1374096.3563	t	validated	bybit_api
bybit	linear	BTCUSDT	5	2026-10-04 18:50:00	2026-10-04 18:55:00	85308.7	85318.0	85308.6	85317.9	6.044	515627.2073	t	validated	bybit_api
bybit	linear	BTCUSDT	5	2026-10-04 18:55:00	2026-10-04 19:00:00	85317.9	85332.4	85289.6	85298.9	24.941	2127899.9972	t	validated	bybit_api
bybit	linear	BTCUSDT	5	2026-10-04 19:00:00	2026-10-04 19:05:00	85298.9	85361.9	85298.9	85349.2	47.135	4021744.354	t	validated	bybit_api
bybit	linear	BTCUSDT	5	2026-10-04 19:05:00	2026-10-04 19:10:00	85349.2	85379.8	85334.8	85350.0	80.644	6883285.9279	t	validated	bybit_api
bybit	linear	BTCUSDT	5	2026-10-04 19:10:00	2026-10-04 19:15:00	85350.0	85352.5	85348.6	85348.7	5.479	467628.8987	t	validated	bybit_api
bybit	linear	BTCUSDT	5	2026-10-04 19:15:00	2026-10-04 19:20:00	85348.7	85361.5	85348.7	85358.5	29.298	2500776.7527	t	validated	bybit_api
bybit	linear	BTCUSDT	5	2026-10-04 19:20:00	2026-10-04 19:25:00	85358.5	85363.0	85347.3	85362.9	23.271	1986283.4423	t	validated	bybit_api
bybit	linear	BTCUSDT	5	2026-10-04 19:25:00	2026-10-04 19:30:00	85362.9	85449.7	85358.6	85430.0	72.429	6186393.1434	t	validated	bybit_api
bybit	linear	BTCUSDT	5	2026-10-04 19:30:00	2026-10-04 19:35:00	85430.0	85554.5	85430.0	85509.0	402.619	34421787.7152	t	validated	bybit_api
bybit	linear	BTCUSDT	5	2026-10-04 19:35:00	2026-10-04 19:40:00	85509.0	85514.8	85431.8	85445.7	51.998	4444039.4338	t	validated	bybit_api
bybit	linear	BTCUSDT	5	2026-10-04 19:40:00	2026-10-04 19:45:00	85445.7	85445.8	85355.2	85400.0	183.905	15703128.7395	t	validated	bybit_api
bybit	linear	BTCUSDT	5	2026-10-04 19:45:00	2026-10-04 19:50:00	85400.0	85418.0	85380.3	85417.9	35.396	3022627.8691	t	validated	bybit_api
bybit	linear	BTCUSDT	5	2026-10-04 19:50:00	2026-10-04 19:55:00	85417.9	85420.8	85379.2	85389.7	77.492	6617790.7514	t	validated	bybit_api
bybit	linear	BTCUSDT	5	2026-10-04 19:55:00	2026-10-04 20:00:00	85389.7	85399.0	85385.1	85385.1	19.118	1632509.8489	t	validated	bybit_api
bybit	linear	BTCUSDT	5	2026-10-04 20:00:00	2026-10-04 20:05:00	85385.1	85407.8	85354.1	85372.2	100.612	8590095.2161	t	validated	bybit_api
bybit	linear	BTCUSDT	5	2026-10-04 20:05:00	2026-10-04 20:10:00	85372.2	85372.2	85350.3	85350.3	29.915	2553415.6619	t	validated	bybit_api
bybit	linear	BTCUSDT	5	2026-10-04 20:10:00	2026-10-04 20:15:00	85350.3	85412.7	85350.3	85407.5	75.717	6464894.9347	t	validated	bybit_api
bybit	linear	BTCUSDT	5	2026-10-04 20:15:00	2026-10-04 20:20:00	85407.5	85455.5	85407.5	85450.4	97.82	8356409.4969	t	validated	bybit_api
bybit	linear	BTCUSDT	5	2026-10-04 20:20:00	2026-10-04 20:25:00	85450.4	85456.0	85428.8	85430.8	12.888	1101199.1481	t	validated	bybit_api
bybit	linear	BTCUSDT	5	2026-10-04 20:25:00	2026-10-04 20:30:00	85430.8	85434.8	85402.2	85434.8	45.881	3919175.9922	t	validated	bybit_api
bybit	linear	BTCUSDT	5	2026-10-04 20:30:00	2026-10-04 20:35:00	85434.8	85535.8	85402.5	85535.8	141.707	12111079.3924	t	validated	bybit_api
bybit	linear	BTCUSDT	5	2026-10-04 20:35:00	2026-10-04 20:40:00	85535.8	85630.0	85526.8	85563.2	424.585	36337607.2176	t	validated	bybit_api
bybit	linear	BTCUSDT	5	2026-10-04 20:40:00	2026-10-04 20:45:00	85563.2	85744.8	85560.2	85721.7	258.727	22166784.6016	t	validated	bybit_api
bybit	linear	BTCUSDT	5	2026-10-04 20:45:00	2026-10-04 20:50:00	85721.7	85843.8	85668.7	85784.9	476.244	40847597.5222	t	validated	bybit_api
bybit	linear	BTCUSDT	5	2026-10-04 20:50:00	2026-10-04 20:55:00	85784.9	85838.1	85731.3	85779.8	127.286	10919346.3641	t	validated	bybit_api
bybit	linear	BTCUSDT	5	2026-10-04 20:55:00	2026-10-04 21:00:00	85779.8	85826.0	85769.3	85795.4	101.362	8695999.5088	t	validated	bybit_api
bybit	linear	BTCUSDT	5	2026-10-04 21:00:00	2026-10-04 21:05:00	85795.4	85864.0	85742.4	85791.9	183.716	15765284.0628	t	validated	bybit_api
bybit	linear	BTCUSDT	5	2026-10-04 21:05:00	2026-10-04 21:10:00	85791.9	85866.2	85788.6	85839.0	79.217	6799122.2457	t	validated	bybit_api
bybit	linear	BTCUSDT	5	2026-10-04 21:10:00	2026-10-04 21:15:00	85839.0	86041.9	85839.0	85990.2	822.361	70699623.9765	t	validated	bybit_api
bybit	linear	BTCUSDT	5	2026-10-04 21:15:00	2026-10-04 21:20:00	85990.2	86036.9	85930.8	85961.1	192.378	16541297.1006	t	validated	bybit_api
bybit	linear	BTCUSDT	5	2026-10-04 21:20:00	2026-10-04 21:25:00	85961.1	85964.2	85744.6	85833.0	386.931	33202289.4299	t	validated	bybit_api
bybit	linear	BTCUSDT	5	2026-10-04 21:25:00	2026-10-04 21:30:00	85833.0	85868.4	85768.2	85791.3	116.114	9965599.1861	t	validated	bybit_api
bybit	linear	BTCUSDT	5	2026-10-04 21:30:00	2026-10-04 21:35:00	85791.3	85863.5	85784.9	85859.1	140.181	12030417.5439	t	validated	bybit_api
bybit	linear	BTCUSDT	5	2026-10-04 21:35:00	2026-10-04 21:40:00	85859.1	85962.3	85853.3	85934.0	156.159	13417015.764	t	validated	bybit_api
bybit	linear	BTCUSDT	5	2026-10-04 21:40:00	2026-10-04 21:45:00	85934.0	85974.3	85924.0	85949.6	132.852	11418334.3432	t	validated	bybit_api
bybit	linear	BTCUSDT	5	2026-10-04 21:45:00	2026-10-04 21:50:00	85949.6	86034.1	85891.8	85930.4	141.711	12184427.8432	t	validated	bybit_api
bybit	linear	BTCUSDT	5	2026-10-04 21:50:00	2026-10-04 21:55:00	85930.4	85935.0	85825.1	85825.1	124.897	10729573.1094	t	validated	bybit_api
bybit	linear	BTCUSDT	5	2026-10-04 21:55:00	2026-10-04 22:00:00	85825.1	85905.3	85767.7	85826.4	127.226	10920034.9649	t	validated	bybit_api
bybit	linear	BTCUSDT	5	2026-10-04 22:00:00	2026-10-04 22:05:00	85826.4	86249.4	85826.4	86160.0	1169.537	100712879.4816	t	validated	bybit_api
bybit	linear	BTCUSDT	5	2026-10-04 22:05:00	2026-10-04 22:10:00	86160.0	86297.7	86007.6	86195.6	472.354	40711632.375	t	validated	bybit_api
bybit	linear	BTCUSDT	5	2026-10-04 22:10:00	2026-10-04 22:15:00	86195.6	86316.7	86140.7	86302.7	274.322	23661208.9544	t	validated	bybit_api
bybit	linear	BTCUSDT	5	2026-10-04 22:15:00	2026-10-04 22:20:00	86302.7	86676.6	86260.7	86586.7	1541.277	133341116.9827	t	validated	bybit_api
bybit	linear	BTCUSDT	5	2026-10-04 22:20:00	2026-10-04 22:25:00	86586.7	86647.8	86431.0	86453.3	418.129	36185823.7185	t	validated	bybit_api
bybit	linear	BTCUSDT	5	2026-10-04 22:25:00	2026-10-04 22:30:00	86453.3	86482.2	86194.9	86210.0	570.935	49286561.1581	t	validated	bybit_api
bybit	linear	BTCUSDT	5	2026-10-04 22:30:00	2026-10-04 22:35:00	86210.0	86386.7	86184.7	86349.7	335.473	28945278.2964	t	validated	bybit_api
bybit	linear	BTCUSDT	5	2026-10-04 22:35:00	2026-10-04 22:40:00	86349.7	86464.4	86280.0	86283.0	292.792	25294827.4257	t	validated	bybit_api
bybit	linear	BTCUSDT	5	2026-10-04 22:40:00	2026-10-04 22:45:00	86283.0	86443.3	86266.7	86335.0	135.723	11724808.2595	t	validated	bybit_api
bybit	linear	BTCUSDT	5	2026-10-04 22:45:00	2026-10-04 22:50:00	86335.0	86350.0	86276.6	86286.2	99.848	8618351.3438	t	validated	bybit_api
bybit	linear	BTCUSDT	5	2026-10-04 22:50:00	2026-10-04 22:55:00	86286.2	86421.5	86260.0	86402.7	117.875	10177211.2691	t	validated	bybit_api
bybit	linear	BTCUSDT	5	2026-10-04 22:55:00	2026-10-04 23:00:00	86402.7	86430.4	86355.8	86400.0	105.748	9136127.2087	t	validated	bybit_api
bybit	linear	BTCUSDT	5	2026-10-04 23:00:00	2026-10-04 23:05:00	86400.0	86456.0	86354.9	86453.0	133.888	11568886.7073	t	validated	bybit_api
bybit	linear	BTCUSDT	5	2026-10-04 23:05:00	2026-10-04 23:10:00	86453.0	86490.2	86415.4	86451.2	104.243	9013020.0621	t	validated	bybit_api
bybit	linear	BTCUSDT	5	2026-10-04 23:10:00	2026-10-04 23:15:00	86451.2	86611.8	86451.2	86543.6	385.771	33383220.1539	t	validated	bybit_api
bybit	linear	BTCUSDT	5	2026-10-04 23:15:00	2026-10-04 23:20:00	86543.6	86662.1	86486.2	86564.4	384.703	33314271.8503	t	validated	bybit_api
bybit	linear	BTCUSDT	5	2026-10-04 23:20:00	2026-10-04 23:25:00	86564.4	86640.4	86550.0	86564.1	333.238	28854877.9074	t	validated	bybit_api
bybit	linear	BTCUSDT	5	2026-10-04 23:25:00	2026-10-04 23:30:00	86564.1	86773.9	86564.1	86645.4	405.829	35189798.2724	t	validated	bybit_api
bybit	linear	BTCUSDT	5	2026-10-04 23:30:00	2026-10-04 23:35:00	86645.4	86686.5	86515.4	86515.4	145.787	12624468.3875	t	validated	bybit_api
bybit	linear	BTCUSDT	5	2026-10-04 23:35:00	2026-10-04 23:40:00	86515.4	86515.5	86385.0	86425.0	256.458	22168962.3688	t	validated	bybit_api
bybit	linear	BTCUSDT	5	2026-10-04 23:40:00	2026-10-04 23:45:00	86425.0	86499.0	86391.5	86498.9	108.214	9354283.9561	t	validated	bybit_api
bybit	linear	BTCUSDT	5	2026-10-04 23:45:00	2026-10-04 23:50:00	86498.9	86515.2	86425.6	86498.7	112.34	9714617.2081	t	validated	bybit_api
bybit	linear	BTCUSDT	5	2026-10-04 23:50:00	2026-10-04 23:55:00	86498.7	86523.0	86358.2	86436.7	146.518	12662816.9604	t	validated	bybit_api
bybit	linear	BTCUSDT	5	2026-10-04 23:55:00	2026-10-05 00:00:00	86436.7	86503.1	86423.3	86486.7	135.355	11702517.1929	t	validated	bybit_api
bybit	linear	BTCUSDT	5	2026-10-05 00:00:00	2026-10-05 00:05:00	86486.7	86486.7	86284.9	86415.5	374.465	32334277.3474	t	validated	bybit_api
bybit	linear	BTCUSDT	5	2026-10-05 00:05:00	2026-10-05 00:10:00	86415.5	86481.8	86355.0	86355.0	175.148	15136768.3135	t	validated	bybit_api
bybit	linear	BTCUSDT	5	2026-10-05 00:10:00	2026-10-05 00:15:00	86355.0	86477.4	86282.4	86327.4	122.497	10580404.5888	t	validated	bybit_api
bybit	linear	BTCUSDT	5	2026-10-05 00:15:00	2026-10-05 00:20:00	86327.4	86457.7	86315.7	86457.7	75.649	6536871.2138	t	validated	bybit_api
bybit	linear	BTCUSDT	5	2026-10-05 00:20:00	2026-10-05 00:25:00	86457.7	86459.3	86310.0	86325.5	96.412	8328756.2553	t	validated	bybit_api
bybit	linear	BTCUSDT	5	2026-10-05 00:25:00	2026-10-05 00:30:00	86325.5	86325.5	86227.9	86239.9	178.805	15424972.2248	t	validated	bybit_api
bybit	linear	DOGEUSDT	5	2026-10-05 02:45:00	2026-10-05 02:50:00	0.09646	0.09655	0.09627	0.09627	1128700.0	108814.17251	t	validated	bybit_api
bybit	linear	DOGEUSDT	5	2026-10-05 02:50:00	2026-10-05 02:55:00	0.09627	0.09634	0.09623	0.09633	1366956.0	131618.04572	t	validated	bybit_api
bybit	linear	DOGEUSDT	5	2026-10-05 02:55:00	2026-10-05 03:00:00	0.09633	0.09633	0.09617	0.09619	468786.0	45119.24745	t	validated	bybit_api
bybit	linear	DOGEUSDT	5	2026-10-05 03:00:00	2026-10-05 03:05:00	0.09619	0.09622	0.0961	0.09612	976747.0	93926.02567	t	validated	bybit_api
bybit	linear	DOGEUSDT	5	2026-10-05 03:05:00	2026-10-05 03:10:00	0.09612	0.09613	0.09606	0.09608	758628.0	72896.27802	t	validated	bybit_api
bybit	linear	DOGEUSDT	5	2026-10-05 03:10:00	2026-10-05 03:15:00	0.09608	0.09624	0.09606	0.09621	3243363.0	311822.72269	t	validated	bybit_api
bybit	linear	DOGEUSDT	5	2026-10-05 03:15:00	2026-10-05 03:20:00	0.09621	0.09622	0.096	0.096	4895667.0	470530.09105	t	validated	bybit_api
bybit	linear	DOGEUSDT	5	2026-10-05 03:20:00	2026-10-05 03:25:00	0.096	0.09617	0.09567	0.09616	15113888.0	1448925.5023	t	validated	bybit_api
bybit	linear	DOGEUSDT	5	2026-10-05 03:25:00	2026-10-05 03:30:00	0.09616	0.09629	0.09612	0.09625	3345401.0	321836.3082	t	validated	bybit_api
bybit	linear	DOGEUSDT	5	2026-10-05 03:30:00	2026-10-05 03:35:00	0.09625	0.09642	0.0962	0.09633	3084325.0	297076.32972	t	validated	bybit_api
bybit	linear	DOGEUSDT	5	2026-10-05 03:35:00	2026-10-05 03:40:00	0.09633	0.09641	0.0961	0.09638	3774126.0	363491.31283	t	validated	bybit_api
bybit	linear	DOGEUSDT	5	2026-10-05 03:40:00	2026-10-05 03:45:00	0.09638	0.09642	0.09618	0.0962	1232432.0	118672.49459	t	validated	bybit_api
bybit	linear	DOGEUSDT	5	2026-10-05 03:45:00	2026-10-05 03:50:00	0.0962	0.09622	0.0961	0.09612	954484.0	91776.87387	t	validated	bybit_api
bybit	linear	DOGEUSDT	5	2026-10-05 03:50:00	2026-10-05 03:55:00	0.09612	0.09613	0.09586	0.09602	2376282.0	228034.18512	t	validated	bybit_api
bybit	linear	DOGEUSDT	5	2026-10-05 03:55:00	2026-10-05 04:00:00	0.09602	0.09607	0.0957	0.09583	3381898.0	324183.98377	t	validated	bybit_api
bybit	linear	DOGEUSDT	5	2026-10-05 04:00:00	2026-10-05 04:05:00	0.09583	0.09595	0.09572	0.09573	1881821.0	180295.94879	t	validated	bybit_api
bybit	linear	DOGEUSDT	5	2026-10-05 04:05:00	2026-10-05 04:10:00	0.09573	0.0959	0.09561	0.09576	3345736.0	320318.39616	t	validated	bybit_api
bybit	linear	DOGEUSDT	5	2026-10-05 04:10:00	2026-10-05 04:15:00	0.09576	0.09578	0.09564	0.09573	2732714.0	261587.36353	t	validated	bybit_api
bybit	linear	DOGEUSDT	5	2026-10-05 04:15:00	2026-10-05 04:20:00	0.09573	0.09575	0.09538	0.09547	5112122.0	488303.2171	t	validated	bybit_api
bybit	linear	DOGEUSDT	5	2026-10-05 04:20:00	2026-10-05 04:25:00	0.09547	0.09572	0.09531	0.09571	9845232.0	940213.97924	t	validated	bybit_api
bybit	linear	DOGEUSDT	5	2026-10-05 04:25:00	2026-10-05 04:30:00	0.09571	0.09585	0.09545	0.09549	4663553.0	445847.6395	t	validated	bybit_api
bybit	linear	DOGEUSDT	5	2026-10-05 04:30:00	2026-10-05 04:35:00	0.09549	0.09552	0.09469	0.09487	24417583.0	2320387.73419	t	validated	bybit_api
bybit	linear	DOGEUSDT	5	2026-10-05 04:35:00	2026-10-05 04:40:00	0.09487	0.09497	0.09471	0.09485	7253125.0	687992.56961	t	validated	bybit_api
bybit	linear	DOGEUSDT	5	2026-10-05 04:40:00	2026-10-05 04:45:00	0.09485	0.09517	0.09484	0.09515	2085106.0	198116.84938	t	validated	bybit_api
bybit	linear	DOGEUSDT	5	2026-10-05 04:45:00	2026-10-05 04:50:00	0.09515	0.09541	0.09513	0.09531	1885278.0	179545.86598	t	validated	bybit_api
bybit	linear	DOGEUSDT	5	2026-10-05 04:50:00	2026-10-05 04:55:00	0.09531	0.09531	0.09494	0.09504	6193559.0	588785.51033	t	validated	bybit_api
bybit	linear	DOGEUSDT	5	2026-10-05 04:55:00	2026-10-05 05:00:00	0.09504	0.09523	0.09504	0.09516	1019102.0	96954.9833	t	validated	bybit_api
bybit	linear	DOGEUSDT	5	2026-10-05 05:00:00	2026-10-05 05:05:00	0.09516	0.09523	0.09508	0.09519	931711.0	88666.44402	t	validated	bybit_api
bybit	linear	DOGEUSDT	5	2026-10-05 05:05:00	2026-10-05 05:10:00	0.09519	0.09538	0.09519	0.09531	1858322.0	177111.04127	t	validated	bybit_api
bybit	linear	DOGEUSDT	5	2026-10-05 05:10:00	2026-10-05 05:15:00	0.09531	0.09531	0.09515	0.09515	786609.0	74904.30184	t	validated	bybit_api
bybit	linear	DOGEUSDT	5	2026-10-05 05:15:00	2026-10-05 05:20:00	0.09515	0.09517	0.09495	0.09508	5476821.0	520460.17004	t	validated	bybit_api
bybit	linear	DOGEUSDT	5	2026-10-05 05:20:00	2026-10-05 05:25:00	0.09508	0.0951	0.09491	0.09501	3780164.0	359062.62042	t	validated	bybit_api
bybit	linear	DOGEUSDT	5	2026-10-05 05:25:00	2026-10-05 05:30:00	0.09501	0.09511	0.09496	0.09505	581670.0	55285.26454	t	validated	bybit_api
bybit	linear	DOGEUSDT	5	2026-10-05 05:30:00	2026-10-05 05:35:00	0.09505	0.0951	0.09483	0.0951	3731378.0	354209.6821	t	validated	bybit_api
bybit	linear	DOGEUSDT	5	2026-10-05 05:35:00	2026-10-05 05:40:00	0.0951	0.09537	0.09506	0.09529	2436814.0	232120.10248	t	validated	bybit_api
bybit	linear	DOGEUSDT	5	2026-10-05 05:40:00	2026-10-05 05:45:00	0.09529	0.09529	0.09516	0.09525	873701.0	83195.80681	t	validated	bybit_api
bybit	linear	DOGEUSDT	5	2026-10-05 05:45:00	2026-10-05 05:50:00	0.09525	0.09526	0.09516	0.09524	692656.0	65943.68932	t	validated	bybit_api
bybit	linear	DOGEUSDT	5	2026-10-05 05:50:00	2026-10-05 05:55:00	0.09524	0.09529	0.09516	0.09519	1557255.0	148328.96488	t	validated	bybit_api
bybit	linear	DOGEUSDT	5	2026-10-05 05:55:00	2026-10-05 06:00:00	0.09519	0.09526	0.09517	0.09524	603034.0	57424.33414	t	validated	bybit_api
bybit	linear	DOGEUSDT	5	2026-10-05 06:00:00	2026-10-05 06:05:00	0.09524	0.09572	0.09524	0.09565	3480069.0	332554.94879	t	validated	bybit_api
bybit	linear	DOGEUSDT	5	2026-10-05 06:05:00	2026-10-05 06:10:00	0.09565	0.09566	0.09554	0.0956	1340231.0	128093.38811	t	validated	bybit_api
bybit	linear	DOGEUSDT	5	2026-10-05 06:10:00	2026-10-05 06:15:00	0.0956	0.0957	0.0956	0.09569	1033989.0	98893.56452	t	validated	bybit_api
bybit	linear	DOGEUSDT	5	2026-10-05 06:15:00	2026-10-05 06:20:00	0.09569	0.09589	0.09569	0.09582	4370927.0	418793.15927	t	validated	bybit_api
bybit	linear	DOGEUSDT	5	2026-10-05 06:20:00	2026-10-05 06:25:00	0.09582	0.09585	0.09568	0.09582	2380346.0	228014.9893	t	validated	bybit_api
bybit	linear	ETHUSDT	5	2026-10-04 08:40:00	2026-10-04 08:45:00	2697.99	2698.68	2697.64	2697.82	632.02	1705344.1989	t	validated	bybit_api
bybit	linear	ETHUSDT	5	2026-10-04 08:45:00	2026-10-04 08:50:00	2697.82	2699.0	2697.81	2698.99	410.55	1107843.9477	t	validated	bybit_api
bybit	linear	ETHUSDT	5	2026-10-04 08:50:00	2026-10-04 08:55:00	2698.99	2699.71	2698.1	2698.55	956.97	2582445.9001	t	validated	bybit_api
bybit	linear	ETHUSDT	5	2026-10-04 08:55:00	2026-10-04 09:00:00	2698.55	2699.5	2698.55	2699.49	596.83	1610887.4673	t	validated	bybit_api
bybit	linear	ETHUSDT	5	2026-10-04 09:00:00	2026-10-04 09:05:00	2699.49	2699.58	2697.16	2697.16	628.59	1696109.5362	t	validated	bybit_api
bybit	linear	ETHUSDT	5	2026-10-04 09:05:00	2026-10-04 09:10:00	2697.16	2698.15	2696.53	2698.05	938.36	2531142.1469	t	validated	bybit_api
bybit	linear	ETHUSDT	5	2026-10-04 09:10:00	2026-10-04 09:15:00	2698.05	2698.46	2697.47	2697.73	526.17	1419682.7931	t	validated	bybit_api
bybit	linear	ETHUSDT	5	2026-10-04 09:15:00	2026-10-04 09:20:00	2697.73	2698.97	2697.73	2698.91	534.17	1441382.9477	t	validated	bybit_api
bybit	linear	ETHUSDT	5	2026-10-04 09:20:00	2026-10-04 09:25:00	2698.91	2701.8	2698.84	2701.22	1694.86	4576833.4481	t	validated	bybit_api
bybit	linear	ETHUSDT	5	2026-10-04 09:25:00	2026-10-04 09:30:00	2701.22	2702.7	2701.1	2701.64	1482.15	4004506.01	t	validated	bybit_api
bybit	linear	ETHUSDT	5	2026-10-04 09:30:00	2026-10-04 09:35:00	2701.64	2702.55	2700.18	2700.34	566.47	1530297.7962	t	validated	bybit_api
bybit	linear	ETHUSDT	5	2026-10-04 09:35:00	2026-10-04 09:40:00	2700.34	2700.46	2699.35	2700.3	537.72	1451751.7491	t	validated	bybit_api
bybit	linear	ETHUSDT	5	2026-10-04 09:40:00	2026-10-04 09:45:00	2700.3	2703.31	2700.3	2702.22	892.08	2410662.4952	t	validated	bybit_api
bybit	linear	ETHUSDT	5	2026-10-04 09:45:00	2026-10-04 09:50:00	2702.22	2705.39	2702.22	2703.25	3592.65	9714650.906	t	validated	bybit_api
bybit	linear	ETHUSDT	5	2026-10-04 09:50:00	2026-10-04 09:55:00	2703.25	2703.25	2701.42	2701.44	515.81	1393703.4237	t	validated	bybit_api
bybit	linear	ETHUSDT	5	2026-10-04 09:55:00	2026-10-04 10:00:00	2701.44	2701.9	2700.04	2700.36	465.9	1258539.1119	t	validated	bybit_api
bybit	linear	ETHUSDT	5	2026-10-04 10:00:00	2026-10-04 10:05:00	2700.36	2701.63	2700.36	2701.52	540.43	1459684.9063	t	validated	bybit_api
bybit	linear	ETHUSDT	5	2026-10-04 10:05:00	2026-10-04 10:10:00	2701.52	2702.31	2701.16	2701.16	580.31	1567808.4307	t	validated	bybit_api
bybit	linear	ETHUSDT	5	2026-10-04 10:10:00	2026-10-04 10:15:00	2701.16	2702.23	2700.09	2702.23	572.06	1545167.9412	t	validated	bybit_api
bybit	linear	ETHUSDT	5	2026-10-04 10:15:00	2026-10-04 10:20:00	2702.23	2706.16	2702.23	2705.33	3516.78	9510960.4555	t	validated	bybit_api
bybit	linear	ETHUSDT	5	2026-10-04 10:20:00	2026-10-04 10:25:00	2705.33	2706.25	2703.85	2704.38	2179.01	5893757.8188	t	validated	bybit_api
bybit	linear	ETHUSDT	5	2026-10-04 10:25:00	2026-10-04 10:30:00	2704.38	2705.81	2703.52	2703.75	3286.69	8890366.7087	t	validated	bybit_api
bybit	linear	ETHUSDT	5	2026-10-04 10:30:00	2026-10-04 10:35:00	2703.75	2704.41	2702.03	2702.03	1267.48	3426607.5737	t	validated	bybit_api
bybit	linear	ETHUSDT	5	2026-10-04 10:35:00	2026-10-04 10:40:00	2702.03	2702.7	2700.46	2700.75	2024.93	5470269.7166	t	validated	bybit_api
bybit	linear	ETHUSDT	5	2026-10-04 10:40:00	2026-10-04 10:45:00	2700.75	2702.27	2700.4	2702.15	1634.91	4416222.7902	t	validated	bybit_api
bybit	linear	ETHUSDT	5	2026-10-04 10:45:00	2026-10-04 10:50:00	2702.15	2702.61	2701.3	2702.26	350.02	945806.3016	t	validated	bybit_api
bybit	linear	ETHUSDT	5	2026-10-04 10:50:00	2026-10-04 10:55:00	2702.26	2702.5	2702.26	2702.47	243.31	657531.1128	t	validated	bybit_api
bybit	linear	ETHUSDT	5	2026-10-04 10:55:00	2026-10-04 11:00:00	2702.47	2702.77	2700.08	2700.33	627.23	1694493.7656	t	validated	bybit_api
bybit	linear	ETHUSDT	5	2026-10-04 11:00:00	2026-10-04 11:05:00	2700.33	2700.53	2698.97	2699.24	1008.94	2723860.3612	t	validated	bybit_api
bybit	linear	ETHUSDT	5	2026-10-04 11:05:00	2026-10-04 11:10:00	2699.24	2700.92	2699.24	2700.73	599.79	1619747.9865	t	validated	bybit_api
bybit	linear	ETHUSDT	5	2026-10-04 11:10:00	2026-10-04 11:15:00	2700.73	2701.47	2700.1	2700.11	181.29	489643.3392	t	validated	bybit_api
bybit	linear	ETHUSDT	5	2026-10-04 11:15:00	2026-10-04 11:20:00	2700.11	2701.47	2700.11	2701.15	658.36	1778366.521	t	validated	bybit_api
bybit	linear	ETHUSDT	5	2026-10-04 11:20:00	2026-10-04 11:25:00	2701.15	2702.1	2701.14	2702.0	594.14	1605037.1333	t	validated	bybit_api
bybit	linear	ETHUSDT	5	2026-10-04 11:25:00	2026-10-04 11:30:00	2702.0	2703.34	2701.99	2702.99	1027.29	2776398.4491	t	validated	bybit_api
bybit	linear	ETHUSDT	5	2026-10-04 11:30:00	2026-10-04 11:35:00	2702.99	2703.41	2700.95	2700.95	694.86	1877682.5586	t	validated	bybit_api
bybit	linear	ETHUSDT	5	2026-10-04 11:35:00	2026-10-04 11:40:00	2700.95	2701.08	2699.46	2699.71	1041.1	2811115.6402	t	validated	bybit_api
bybit	linear	ETHUSDT	5	2026-10-04 11:40:00	2026-10-04 11:45:00	2699.71	2699.93	2699.2	2699.41	1126.42	3040875.038	t	validated	bybit_api
bybit	linear	ETHUSDT	5	2026-10-04 11:45:00	2026-10-04 11:50:00	2699.41	2699.84	2699.35	2699.42	397.58	1073292.486	t	validated	bybit_api
bybit	linear	ETHUSDT	5	2026-10-04 11:50:00	2026-10-04 11:55:00	2699.42	2699.96	2699.16	2699.16	960.34	2592464.3398	t	validated	bybit_api
bybit	linear	ETHUSDT	5	2026-10-04 11:55:00	2026-10-04 12:00:00	2699.16	2699.43	2698.2	2698.86	874.13	2359093.8677	t	validated	bybit_api
bybit	linear	ETHUSDT	5	2026-10-04 12:00:00	2026-10-04 12:05:00	2698.86	2700.35	2698.8	2699.5	1801.36	4862894.9922	t	validated	bybit_api
bybit	linear	HBARUSDT	5	2026-10-05 03:40:00	2026-10-05 03:45:00	0.10435	0.10442	0.10415	0.10423	529778.0	55205.30782	t	validated	bybit_api
bybit	linear	HBARUSDT	5	2026-10-05 03:45:00	2026-10-05 03:50:00	0.10423	0.10448	0.10423	0.10431	341617.0	35649.40901	t	validated	bybit_api
bybit	linear	HBARUSDT	5	2026-10-05 03:50:00	2026-10-05 03:55:00	0.10431	0.10432	0.10403	0.10409	627185.0	65324.32783	t	validated	bybit_api
bybit	linear	HBARUSDT	5	2026-10-05 03:55:00	2026-10-05 04:00:00	0.10409	0.10421	0.10386	0.10404	530688.0	55206.85957	t	validated	bybit_api
bybit	linear	HBARUSDT	5	2026-10-05 04:00:00	2026-10-05 04:05:00	0.10404	0.10421	0.10387	0.10393	364868.0	37953.00904	t	validated	bybit_api
bybit	linear	HBARUSDT	5	2026-10-05 04:05:00	2026-10-05 04:10:00	0.10393	0.10395	0.10355	0.10381	677183.0	70293.9922	t	validated	bybit_api
bybit	linear	HBARUSDT	5	2026-10-05 04:10:00	2026-10-05 04:15:00	0.10381	0.10389	0.10364	0.1038	378663.0	39286.15092	t	validated	bybit_api
bybit	linear	HBARUSDT	5	2026-10-05 04:15:00	2026-10-05 04:20:00	0.1038	0.1038	0.10325	0.10335	583330.0	60359.40813	t	validated	bybit_api
bybit	linear	HBARUSDT	5	2026-10-05 04:20:00	2026-10-05 04:25:00	0.10335	0.1037	0.1033	0.10369	936257.0	96845.83574	t	validated	bybit_api
bybit	linear	HBARUSDT	5	2026-10-05 04:25:00	2026-10-05 04:30:00	0.10369	0.10381	0.1033	0.10332	795297.0	82349.95016	t	validated	bybit_api
bybit	linear	HBARUSDT	5	2026-10-05 04:30:00	2026-10-05 04:35:00	0.10332	0.10343	0.10252	0.10287	3729550.0	383739.44021	t	validated	bybit_api
bybit	linear	HBARUSDT	5	2026-10-05 04:35:00	2026-10-05 04:40:00	0.10287	0.10287	0.10246	0.10264	891349.0	91447.10438	t	validated	bybit_api
bybit	linear	HBARUSDT	5	2026-10-05 04:40:00	2026-10-05 04:45:00	0.10264	0.10309	0.10263	0.10309	476591.0	49019.54297	t	validated	bybit_api
bybit	linear	HBARUSDT	5	2026-10-05 04:45:00	2026-10-05 04:50:00	0.10309	0.10324	0.103	0.1031	380952.0	39278.41378	t	validated	bybit_api
bybit	linear	HBARUSDT	5	2026-10-05 04:50:00	2026-10-05 04:55:00	0.1031	0.1031	0.10273	0.10279	3042969.0	312998.94987	t	validated	bybit_api
bybit	linear	HBARUSDT	5	2026-10-05 04:55:00	2026-10-05 05:00:00	0.10279	0.10313	0.10279	0.10295	496395.0	51128.08682	t	validated	bybit_api
bybit	linear	HBARUSDT	5	2026-10-05 05:00:00	2026-10-05 05:05:00	0.10295	0.10332	0.10291	0.1033	576646.0	59472.06158	t	validated	bybit_api
bybit	linear	HBARUSDT	5	2026-10-05 05:05:00	2026-10-05 05:10:00	0.1033	0.10345	0.10328	0.10335	1473247.0	152273.8397	t	validated	bybit_api
bybit	linear	HBARUSDT	5	2026-10-05 05:10:00	2026-10-05 05:15:00	0.10335	0.10335	0.10316	0.10322	534273.0	55157.30619	t	validated	bybit_api
bybit	linear	HBARUSDT	5	2026-10-05 05:15:00	2026-10-05 05:20:00	0.10322	0.10329	0.10307	0.10316	656281.0	67744.08331	t	validated	bybit_api
bybit	linear	HBARUSDT	5	2026-10-05 05:20:00	2026-10-05 05:25:00	0.10316	0.10318	0.10307	0.10312	433114.0	44659.96736	t	validated	bybit_api
bybit	linear	HBARUSDT	5	2026-10-05 05:25:00	2026-10-05 05:30:00	0.10312	0.10319	0.10306	0.10307	193856.0	19991.98957	t	validated	bybit_api
bybit	linear	HBARUSDT	5	2026-10-05 05:30:00	2026-10-05 05:35:00	0.10307	0.10312	0.10285	0.10312	1049938.0	108090.11406	t	validated	bybit_api
bybit	linear	HBARUSDT	5	2026-10-05 05:35:00	2026-10-05 05:40:00	0.10312	0.10335	0.10302	0.10327	614395.0	63405.23657	t	validated	bybit_api
bybit	linear	HBARUSDT	5	2026-10-05 05:40:00	2026-10-05 05:45:00	0.10327	0.10331	0.10301	0.1033	325198.0	33544.78823	t	validated	bybit_api
bybit	linear	HBARUSDT	5	2026-10-05 05:45:00	2026-10-05 05:50:00	0.1033	0.1033	0.10308	0.10322	162578.0	16767.87592	t	validated	bybit_api
bybit	linear	HBARUSDT	5	2026-10-05 05:50:00	2026-10-05 05:55:00	0.10322	0.10339	0.10317	0.10321	312211.0	32249.07713	t	validated	bybit_api
bybit	linear	HBARUSDT	5	2026-10-05 05:55:00	2026-10-05 06:00:00	0.10321	0.10335	0.1032	0.10335	199548.0	20602.434	t	validated	bybit_api
bybit	linear	HBARUSDT	5	2026-10-05 06:00:00	2026-10-05 06:05:00	0.10335	0.10377	0.10333	0.10373	992142.0	102759.94528	t	validated	bybit_api
bybit	linear	HBARUSDT	5	2026-10-05 06:05:00	2026-10-05 06:10:00	0.10373	0.10374	0.10335	0.10339	214730.0	22230.63974	t	validated	bybit_api
bybit	linear	HBARUSDT	5	2026-10-05 06:10:00	2026-10-05 06:15:00	0.10339	0.10351	0.10327	0.10346	456730.0	47208.92191	t	validated	bybit_api
bybit	linear	HBARUSDT	5	2026-10-05 06:15:00	2026-10-05 06:20:00	0.10346	0.10367	0.10346	0.10352	229061.0	23729.30028	t	validated	bybit_api
bybit	linear	HBARUSDT	5	2026-10-05 06:20:00	2026-10-05 06:25:00	0.10352	0.10353	0.10306	0.1033	607414.0	62713.71088	t	validated	bybit_api
bybit	linear	HBARUSDT	5	2026-10-05 06:25:00	2026-10-05 06:30:00	0.1033	0.10331	0.10303	0.10303	96091.0	9915.63759	t	validated	bybit_api
bybit	linear	HBARUSDT	5	2026-10-05 06:30:00	2026-10-05 06:35:00	0.10303	0.10319	0.10288	0.10301	386270.0	39783.98578	t	validated	bybit_api
bybit	linear	HBARUSDT	5	2026-10-05 06:35:00	2026-10-05 06:40:00	0.10301	0.10312	0.10288	0.10305	251277.0	25879.76277	t	validated	bybit_api
bybit	linear	HBARUSDT	5	2026-10-05 06:40:00	2026-10-05 06:45:00	0.10305	0.1032	0.10296	0.10298	93066.0	9594.57937	t	validated	bybit_api
bybit	linear	HBARUSDT	5	2026-10-05 06:45:00	2026-10-05 06:50:00	0.10298	0.10344	0.10298	0.10322	997650.0	103036.33863	t	validated	bybit_api
bybit	linear	HBARUSDT	5	2026-10-05 06:50:00	2026-10-05 06:55:00	0.10322	0.10364	0.1031	0.10347	241694.0	24983.7673	t	validated	bybit_api
bybit	linear	HBARUSDT	5	2026-10-05 06:55:00	2026-10-05 07:00:00	0.10347	0.10357	0.10346	0.10353	156436.0	16191.05594	t	validated	bybit_api
bybit	linear	HBARUSDT	5	2026-10-05 07:00:00	2026-10-05 07:05:00	0.10353	0.10372	0.10337	0.10371	814059.0	84331.96971	t	validated	bybit_api
bybit	linear	HBARUSDT	5	2026-10-05 07:05:00	2026-10-05 07:10:00	0.10371	0.10406	0.10365	0.10401	906097.0	94046.46139	t	validated	bybit_api
bybit	linear	HBARUSDT	5	2026-10-05 07:10:00	2026-10-05 07:15:00	0.10401	0.10407	0.10386	0.10392	1319548.0	137194.3257	t	validated	bybit_api
bybit	linear	HBARUSDT	5	2026-10-05 07:15:00	2026-10-05 07:20:00	0.10392	0.10393	0.10374	0.10378	690663.0	71685.24192	t	validated	bybit_api
bybit	linear	HBARUSDT	5	2026-10-05 07:20:00	2026-10-05 07:25:00	0.10378	0.10393	0.10376	0.1038	266167.0	27631.61544	t	validated	bybit_api
bybit	linear	HBARUSDT	5	2026-10-05 07:25:00	2026-10-05 07:30:00	0.1038	0.10419	0.1038	0.10415	1099384.0	114415.06232	t	validated	bybit_api
bybit	linear	HBARUSDT	5	2026-10-05 07:30:00	2026-10-05 07:35:00	0.10415	0.10419	0.10404	0.10411	842403.0	87703.98801	t	validated	bybit_api
bybit	linear	HBARUSDT	5	2026-10-05 07:35:00	2026-10-05 07:40:00	0.10411	0.10416	0.10398	0.10416	471716.0	49083.10891	t	validated	bybit_api
bybit	linear	HBARUSDT	5	2026-10-05 07:40:00	2026-10-05 07:45:00	0.10416	0.10432	0.10412	0.10424	386955.0	40322.56677	t	validated	bybit_api
bybit	linear	HYPEUSDT	5	2026-09-30 22:50:00	2026-09-30 22:55:00	91.48	91.52	91.17	91.19	7351.82	671227.4403	t	validated	bybit_api
bybit	linear	HYPEUSDT	5	2026-09-30 22:55:00	2026-09-30 23:00:00	91.19	91.45	91.19	91.35	4036.91	368714.3478	t	validated	bybit_api
bybit	linear	HYPEUSDT	5	2026-09-30 23:00:00	2026-09-30 23:05:00	91.35	91.71	91.29	91.56	11799.45	1080423.2743	t	validated	bybit_api
bybit	linear	HYPEUSDT	5	2026-09-30 23:05:00	2026-09-30 23:10:00	91.56	91.62	91.07	91.24	10615.74	969488.8528	t	validated	bybit_api
bybit	linear	HYPEUSDT	5	2026-09-30 23:10:00	2026-09-30 23:15:00	91.24	91.25	90.91	90.95	11132.74	1013644.6246	t	validated	bybit_api
bybit	linear	HYPEUSDT	5	2026-09-30 23:15:00	2026-09-30 23:20:00	90.95	91.31	90.85	91.17	10698.84	973812.5917	t	validated	bybit_api
bybit	linear	HYPEUSDT	5	2026-09-30 23:20:00	2026-09-30 23:25:00	91.17	91.42	91.14	91.18	10445.31	953016.7259	t	validated	bybit_api
bybit	linear	HYPEUSDT	5	2026-09-30 23:25:00	2026-09-30 23:30:00	91.18	91.19	90.46	90.55	18358.55	1667216.7203	t	validated	bybit_api
bybit	linear	HYPEUSDT	5	2026-09-30 23:30:00	2026-09-30 23:35:00	90.55	90.75	90.48	90.73	8116.57	735387.2631	t	validated	bybit_api
bybit	linear	HYPEUSDT	5	2026-09-30 23:35:00	2026-09-30 23:40:00	90.73	90.89	90.6	90.65	16447.77	1492257.6649	t	validated	bybit_api
bybit	linear	HYPEUSDT	5	2026-09-30 23:40:00	2026-09-30 23:45:00	90.65	90.82	90.63	90.81	8090.16	733925.0974	t	validated	bybit_api
bybit	linear	HYPEUSDT	5	2026-09-30 23:45:00	2026-09-30 23:50:00	90.81	90.98	90.78	90.98	7638.07	694303.1281	t	validated	bybit_api
bybit	linear	HYPEUSDT	5	2026-09-30 23:50:00	2026-09-30 23:55:00	90.98	91.12	90.91	91.11	19955.9	1816269.3432	t	validated	bybit_api
bybit	linear	HYPEUSDT	5	2026-09-30 23:55:00	2026-10-01 00:00:00	91.11	91.11	90.86	90.95	5815.32	529171.1456	t	validated	bybit_api
bybit	linear	HYPEUSDT	5	2026-10-01 00:00:00	2026-10-01 00:05:00	90.95	91.13	90.82	90.9	24896.32	2265334.1452	t	validated	bybit_api
bybit	linear	HYPEUSDT	5	2026-10-01 00:05:00	2026-10-01 00:10:00	90.9	90.9	90.57	90.59	17267.56	1566481.8406	t	validated	bybit_api
bybit	linear	HYPEUSDT	5	2026-10-01 00:10:00	2026-10-01 00:15:00	90.59	90.62	90.31	90.35	15610.37	1411895.4795	t	validated	bybit_api
bybit	linear	HYPEUSDT	5	2026-10-01 00:15:00	2026-10-01 00:20:00	90.35	90.37	89.97	90.24	25343.72	2284110.8743	t	validated	bybit_api
bybit	linear	HYPEUSDT	5	2026-10-01 00:20:00	2026-10-01 00:25:00	90.24	90.66	90.24	90.56	18270.05	1654676.3116	t	validated	bybit_api
bybit	linear	HYPEUSDT	5	2026-10-01 00:25:00	2026-10-01 00:30:00	90.56	90.59	90.24	90.24	7449.43	674085.5566	t	validated	bybit_api
bybit	linear	HYPEUSDT	5	2026-10-01 00:30:00	2026-10-01 00:35:00	90.24	90.4	90.05	90.06	12729.11	1148245.1358	t	validated	bybit_api
bybit	linear	HYPEUSDT	5	2026-10-01 00:35:00	2026-10-01 00:40:00	90.06	90.24	90.0	90.21	4242.71	382295.0103	t	validated	bybit_api
bybit	linear	HYPEUSDT	5	2026-10-01 00:40:00	2026-10-01 00:45:00	90.21	90.27	90.03	90.21	5701.71	513861.8963	t	validated	bybit_api
bybit	linear	HYPEUSDT	5	2026-10-01 00:45:00	2026-10-01 00:50:00	90.21	90.34	90.07	90.09	5574.83	502786.0666	t	validated	bybit_api
bybit	linear	HYPEUSDT	5	2026-10-01 00:50:00	2026-10-01 00:55:00	90.09	90.1	89.81	89.87	8771.93	788735.5578	t	validated	bybit_api
bybit	linear	HYPEUSDT	5	2026-10-01 00:55:00	2026-10-01 01:00:00	89.87	89.92	89.78	89.84	9346.87	839636.1124	t	validated	bybit_api
bybit	linear	HYPEUSDT	5	2026-10-01 01:00:00	2026-10-01 01:05:00	89.84	89.93	89.79	89.82	8691.06	780984.616	t	validated	bybit_api
bybit	linear	HYPEUSDT	5	2026-10-01 01:05:00	2026-10-01 01:10:00	89.82	90.11	89.82	90.11	5788.59	520952.2963	t	validated	bybit_api
bybit	linear	HYPEUSDT	5	2026-10-01 01:10:00	2026-10-01 01:15:00	90.11	90.11	89.86	89.86	6404.96	576181.8407	t	validated	bybit_api
bybit	linear	HYPEUSDT	5	2026-10-01 01:15:00	2026-10-01 01:20:00	89.86	90.2	89.76	90.1	9008.55	810522.6553	t	validated	bybit_api
bybit	linear	HYPEUSDT	5	2026-10-01 01:20:00	2026-10-01 01:25:00	90.1	90.14	89.89	89.89	3208.3	288846.6636	t	validated	bybit_api
bybit	linear	HYPEUSDT	5	2026-10-01 01:25:00	2026-10-01 01:30:00	89.89	90.01	89.82	89.82	3398.96	305717.4421	t	validated	bybit_api
bybit	linear	HYPEUSDT	5	2026-10-01 01:30:00	2026-10-01 01:35:00	89.82	90.05	89.73	89.87	6614.93	594242.055	t	validated	bybit_api
bybit	linear	HYPEUSDT	5	2026-10-01 01:35:00	2026-10-01 01:40:00	89.87	89.92	89.65	89.78	6060.54	544047.6537	t	validated	bybit_api
bybit	linear	HYPEUSDT	5	2026-10-01 01:40:00	2026-10-01 01:45:00	89.78	89.83	89.64	89.72	4565.67	409650.3788	t	validated	bybit_api
bybit	linear	HYPEUSDT	5	2026-10-01 01:45:00	2026-10-01 01:50:00	89.72	89.73	89.43	89.44	8860.74	793392.8042	t	validated	bybit_api
bybit	linear	HYPEUSDT	5	2026-10-01 01:50:00	2026-10-01 01:55:00	89.44	89.79	89.43	89.59	10453.26	936727.302	t	validated	bybit_api
bybit	linear	HYPEUSDT	5	2026-10-01 01:55:00	2026-10-01 02:00:00	89.59	89.76	89.53	89.53	5396.61	483811.4079	t	validated	bybit_api
bybit	linear	HYPEUSDT	5	2026-10-01 02:00:00	2026-10-01 02:05:00	89.53	89.65	89.41	89.56	4053.52	362881.2547	t	validated	bybit_api
bybit	linear	HYPEUSDT	5	2026-10-01 02:05:00	2026-10-01 02:10:00	89.56	89.77	89.46	89.73	9882.05	885980.1096	t	validated	bybit_api
bybit	linear	HYPEUSDT	5	2026-10-01 02:10:00	2026-10-01 02:15:00	89.73	89.75	89.54	89.55	1601.71	143626.5419	t	validated	bybit_api
bybit	linear	HYPEUSDT	5	2026-10-01 02:15:00	2026-10-01 02:20:00	89.55	89.55	89.08	89.14	16132.16	1439734.7337	t	validated	bybit_api
bybit	linear	HYPEUSDT	5	2026-10-01 02:20:00	2026-10-01 02:25:00	89.14	89.24	88.97	89.05	12093.38	1077307.7201	t	validated	bybit_api
bybit	linear	HYPEUSDT	5	2026-10-01 02:25:00	2026-10-01 02:30:00	89.05	89.15	89.01	89.13	5103.7	454630.141	t	validated	bybit_api
bybit	linear	HYPEUSDT	5	2026-10-01 02:30:00	2026-10-01 02:35:00	89.13	89.47	89.13	89.45	13827.16	1235255.1529	t	validated	bybit_api
bybit	linear	HYPEUSDT	5	2026-10-01 02:35:00	2026-10-01 02:40:00	89.45	89.53	89.16	89.16	3311.56	295706.4177	t	validated	bybit_api
bybit	linear	HYPEUSDT	5	2026-10-01 02:40:00	2026-10-01 02:45:00	89.16	89.19	89.11	89.13	2352.29	209672.9277	t	validated	bybit_api
bybit	linear	HYPEUSDT	5	2026-10-01 02:45:00	2026-10-01 02:50:00	89.13	89.13	88.95	88.98	7147.12	636183.0664	t	validated	bybit_api
bybit	linear	HYPEUSDT	5	2026-10-01 02:50:00	2026-10-01 02:55:00	88.98	89.12	88.93	89.11	7056.3	628009.4743	t	validated	bybit_api
bybit	linear	HYPEUSDT	5	2026-10-01 02:55:00	2026-10-01 03:00:00	89.11	89.57	89.07	89.47	6482.26	579044.7108	t	validated	bybit_api
bybit	linear	HYPEUSDT	5	2026-10-01 03:00:00	2026-10-01 03:05:00	89.47	89.65	89.36	89.36	5787.82	518267.5857	t	validated	bybit_api
bybit	linear	HYPEUSDT	5	2026-10-01 03:05:00	2026-10-01 03:10:00	89.36	89.41	89.23	89.37	7692.95	687049.7384	t	validated	bybit_api
bybit	linear	HYPEUSDT	5	2026-10-04 06:25:00	2026-10-04 06:30:00	89.86	89.98	89.78	89.98	1622.55	145801.2304	t	validated	bybit_api
bybit	linear	HYPEUSDT	5	2026-10-04 06:30:00	2026-10-04 06:35:00	89.98	90.03	89.89	89.89	2358.93	212238.1462	t	validated	bybit_api
bybit	linear	HYPEUSDT	5	2026-10-04 06:35:00	2026-10-04 06:40:00	89.89	89.91	89.78	89.81	1363.31	122514.4755	t	validated	bybit_api
bybit	linear	HYPEUSDT	5	2026-10-04 06:40:00	2026-10-04 06:45:00	89.81	89.85	89.8	89.85	671.72	60330.7269	t	validated	bybit_api
bybit	linear	HYPEUSDT	5	2026-10-04 06:45:00	2026-10-04 06:50:00	89.85	89.85	89.74	89.79	2571.93	230880.8334	t	validated	bybit_api
bybit	linear	HYPEUSDT	5	2026-10-04 06:50:00	2026-10-04 06:55:00	89.79	89.95	89.79	89.95	810.41	72825.8401	t	validated	bybit_api
bybit	linear	HYPEUSDT	5	2026-10-04 06:55:00	2026-10-04 07:00:00	89.95	89.95	89.76	89.76	1201.9	107969.5555	t	validated	bybit_api
bybit	linear	HYPEUSDT	5	2026-10-04 07:00:00	2026-10-04 07:05:00	89.76	89.76	89.7	89.71	1061.83	95275.704	t	validated	bybit_api
bybit	linear	HYPEUSDT	5	2026-10-04 07:05:00	2026-10-04 07:10:00	89.71	89.74	89.67	89.72	1942.69	174284.5512	t	validated	bybit_api
bybit	linear	HYPEUSDT	5	2026-10-04 07:10:00	2026-10-04 07:15:00	89.72	89.73	89.58	89.63	5311.67	476024.392	t	validated	bybit_api
bybit	linear	HYPEUSDT	5	2026-10-04 07:15:00	2026-10-04 07:20:00	89.63	89.68	89.61	89.68	1281.78	114891.893	t	validated	bybit_api
bybit	linear	HYPEUSDT	5	2026-10-04 07:20:00	2026-10-04 07:25:00	89.68	89.75	89.68	89.72	1007.2	90364.9155	t	validated	bybit_api
bybit	linear	HYPEUSDT	5	2026-10-04 07:25:00	2026-10-04 07:30:00	89.72	89.76	89.68	89.68	1711.07	153532.4188	t	validated	bybit_api
bybit	linear	HYPEUSDT	5	2026-10-04 07:30:00	2026-10-04 07:35:00	89.68	89.8	89.68	89.69	4366.04	391853.5288	t	validated	bybit_api
bybit	linear	HYPEUSDT	5	2026-10-04 07:35:00	2026-10-04 07:40:00	89.69	89.78	89.65	89.77	6279.03	563258.9992	t	validated	bybit_api
bybit	linear	HYPEUSDT	5	2026-10-04 07:40:00	2026-10-04 07:45:00	89.77	89.91	89.72	89.87	3778.13	339444.4722	t	validated	bybit_api
bybit	linear	HYPEUSDT	5	2026-10-04 07:45:00	2026-10-04 07:50:00	89.87	89.91	89.8	89.86	1325.1	119074.2478	t	validated	bybit_api
bybit	linear	HYPEUSDT	5	2026-10-04 07:50:00	2026-10-04 07:55:00	89.86	89.88	89.79	89.83	1969.25	176890.1765	t	validated	bybit_api
bybit	linear	HYPEUSDT	5	2026-10-04 07:55:00	2026-10-04 08:00:00	89.83	90.04	89.82	90.03	5116.96	460053.0752	t	validated	bybit_api
bybit	linear	HYPEUSDT	5	2026-10-04 08:00:00	2026-10-04 08:05:00	90.03	90.18	89.93	90.18	5374.77	483957.8553	t	validated	bybit_api
bybit	linear	HYPEUSDT	5	2026-10-04 08:05:00	2026-10-04 08:10:00	90.18	90.28	90.15	90.24	10360.46	934863.3262	t	validated	bybit_api
bybit	linear	HYPEUSDT	5	2026-10-04 08:10:00	2026-10-04 08:15:00	90.24	90.48	90.24	90.37	10613.06	958852.6996	t	validated	bybit_api
bybit	linear	HYPEUSDT	5	2026-10-04 08:15:00	2026-10-04 08:20:00	90.37	90.57	90.31	90.54	13052.56	1181013.1641	t	validated	bybit_api
bybit	linear	HYPEUSDT	5	2026-10-04 08:20:00	2026-10-04 08:25:00	90.54	90.58	90.43	90.45	6025.0	545350.9237	t	validated	bybit_api
bybit	linear	HYPEUSDT	5	2026-10-04 08:25:00	2026-10-04 08:30:00	90.45	90.49	90.43	90.47	1507.8	136400.2294	t	validated	bybit_api
bybit	linear	HYPEUSDT	5	2026-10-04 08:30:00	2026-10-04 08:35:00	90.47	90.66	90.41	90.62	6983.37	632527.9424	t	validated	bybit_api
bybit	linear	HYPEUSDT	5	2026-10-04 08:35:00	2026-10-04 08:40:00	90.62	90.73	90.54	90.59	9408.55	852877.8149	t	validated	bybit_api
bybit	linear	HYPEUSDT	5	2026-10-04 08:40:00	2026-10-04 08:45:00	90.59	90.65	90.55	90.61	4021.72	364404.6969	t	validated	bybit_api
bybit	linear	HYPEUSDT	5	2026-10-04 08:45:00	2026-10-04 08:50:00	90.61	90.72	90.55	90.58	3923.78	355580.6499	t	validated	bybit_api
bybit	linear	HYPEUSDT	5	2026-10-04 08:50:00	2026-10-04 08:55:00	90.58	90.58	90.46	90.46	2792.98	252801.1998	t	validated	bybit_api
bybit	linear	HYPEUSDT	5	2026-10-04 08:55:00	2026-10-04 09:00:00	90.46	90.48	90.35	90.37	5121.83	463026.6155	t	validated	bybit_api
bybit	linear	HYPEUSDT	5	2026-10-04 09:00:00	2026-10-04 09:05:00	90.37	90.4	90.26	90.28	5217.91	471432.7882	t	validated	bybit_api
bybit	linear	HYPEUSDT	5	2026-10-04 09:05:00	2026-10-04 09:10:00	90.28	90.29	90.19	90.2	3635.46	328039.4508	t	validated	bybit_api
bybit	linear	HYPEUSDT	5	2026-10-04 09:10:00	2026-10-04 09:15:00	90.2	90.34	90.19	90.29	1872.97	169018.5881	t	validated	bybit_api
bybit	linear	HYPEUSDT	5	2026-10-04 09:15:00	2026-10-04 09:20:00	90.29	90.35	90.22	90.22	3198.08	288759.3214	t	validated	bybit_api
bybit	linear	HYPEUSDT	5	2026-10-04 09:20:00	2026-10-04 09:25:00	90.22	90.51	90.22	90.43	2778.42	251219.0772	t	validated	bybit_api
bybit	linear	HYPEUSDT	5	2026-10-04 09:25:00	2026-10-04 09:30:00	90.43	90.54	90.39	90.39	2694.68	243814.2217	t	validated	bybit_api
bybit	linear	HYPEUSDT	5	2026-10-04 09:30:00	2026-10-04 09:35:00	90.39	90.41	90.26	90.33	5047.79	456156.9096	t	validated	bybit_api
bybit	linear	HYPEUSDT	5	2026-10-04 09:35:00	2026-10-04 09:40:00	90.33	90.33	90.11	90.13	3766.87	339826.2017	t	validated	bybit_api
bybit	linear	HYPEUSDT	5	2026-10-04 09:40:00	2026-10-04 09:45:00	90.13	90.23	90.12	90.14	7477.05	674146.6385	t	validated	bybit_api
bybit	linear	HYPEUSDT	5	2026-10-04 09:45:00	2026-10-04 09:50:00	90.14	90.5	90.14	90.44	3515.83	317795.7094	t	validated	bybit_api
bybit	linear	HYPEUSDT	5	2026-10-04 11:20:00	2026-10-04 11:25:00	90.55	90.61	90.43	90.44	1378.36	124749.03	t	validated	bybit_api
bybit	linear	HYPEUSDT	5	2026-10-04 11:25:00	2026-10-04 11:30:00	90.44	90.45	90.29	90.31	1482.93	133993.1843	t	validated	bybit_api
bybit	linear	HYPEUSDT	5	2026-10-04 11:30:00	2026-10-04 11:35:00	90.31	90.41	90.29	90.29	2440.33	220514.9254	t	validated	bybit_api
bybit	linear	HYPEUSDT	5	2026-10-04 11:35:00	2026-10-04 11:40:00	90.29	90.35	90.28	90.29	2356.31	212799.4043	t	validated	bybit_api
bybit	linear	HYPEUSDT	5	2026-10-04 11:40:00	2026-10-04 11:45:00	90.29	90.32	90.24	90.25	1324.88	119620.6999	t	validated	bybit_api
bybit	linear	HYPEUSDT	5	2026-10-04 11:45:00	2026-10-04 11:50:00	90.25	90.35	90.24	90.25	2594.57	234306.8446	t	validated	bybit_api
bybit	linear	HYPEUSDT	5	2026-10-04 11:50:00	2026-10-04 11:55:00	90.25	90.27	90.18	90.2	3145.47	283816.4022	t	validated	bybit_api
bybit	linear	HYPEUSDT	5	2026-10-04 11:55:00	2026-10-04 12:00:00	90.2	90.25	90.2	90.24	2538.16	229025.1459	t	validated	bybit_api
bybit	linear	HYPEUSDT	5	2026-10-04 12:00:00	2026-10-04 12:05:00	90.24	90.28	90.17	90.22	3784.44	341428.3676	t	validated	bybit_api
bybit	linear	HYPEUSDT	5	2026-10-04 12:05:00	2026-10-04 12:10:00	90.22	90.32	90.22	90.24	1124.66	101539.6394	t	validated	bybit_api
bybit	linear	HYPEUSDT	5	2026-10-04 12:10:00	2026-10-04 12:15:00	90.24	90.43	90.24	90.29	1802.52	162813.5239	t	validated	bybit_api
bybit	linear	HYPEUSDT	5	2026-10-04 12:15:00	2026-10-04 12:20:00	90.29	90.41	90.21	90.41	3471.9	313640.9299	t	validated	bybit_api
bybit	linear	HYPEUSDT	5	2026-10-04 12:20:00	2026-10-04 12:25:00	90.41	90.49	90.34	90.4	3147.0	284562.8875	t	validated	bybit_api
bybit	linear	HYPEUSDT	5	2026-10-04 12:25:00	2026-10-04 12:30:00	90.4	90.44	90.36	90.37	949.75	85853.1407	t	validated	bybit_api
bybit	linear	HYPEUSDT	5	2026-10-04 12:30:00	2026-10-04 12:35:00	90.37	90.37	90.22	90.25	852.97	77021.4166	t	validated	bybit_api
bybit	linear	HYPEUSDT	5	2026-10-04 12:35:00	2026-10-04 12:40:00	90.25	90.3	90.23	90.23	2291.53	206824.8329	t	validated	bybit_api
bybit	linear	HYPEUSDT	5	2026-10-04 12:40:00	2026-10-04 12:45:00	90.23	90.39	90.22	90.24	5734.62	517878.9717	t	validated	bybit_api
bybit	linear	HYPEUSDT	5	2026-10-04 12:45:00	2026-10-04 12:50:00	90.24	90.24	90.07	90.13	8057.6	726279.4425	t	validated	bybit_api
bybit	linear	HYPEUSDT	5	2026-10-04 12:50:00	2026-10-04 12:55:00	90.13	90.17	90.04	90.08	5109.21	460454.36	t	validated	bybit_api
bybit	linear	HYPEUSDT	5	2026-10-04 12:55:00	2026-10-04 13:00:00	90.08	90.13	90.06	90.08	5581.98	502873.336	t	validated	bybit_api
bybit	linear	HYPEUSDT	5	2026-10-04 13:00:00	2026-10-04 13:05:00	90.08	90.21	90.07	90.15	2632.25	237284.8156	t	validated	bybit_api
bybit	linear	HYPEUSDT	5	2026-10-04 13:05:00	2026-10-04 13:10:00	90.15	90.29	90.15	90.2	1502.28	135557.6531	t	validated	bybit_api
bybit	linear	HYPEUSDT	5	2026-10-04 13:10:00	2026-10-04 13:15:00	90.2	90.28	90.19	90.28	994.17	89692.9645	t	validated	bybit_api
bybit	linear	HYPEUSDT	5	2026-10-04 13:15:00	2026-10-04 13:20:00	90.28	90.33	90.17	90.17	990.66	89445.9265	t	validated	bybit_api
bybit	linear	HYPEUSDT	5	2026-10-04 13:20:00	2026-10-04 13:25:00	90.17	90.18	90.14	90.16	380.5	34307.8093	t	validated	bybit_api
bybit	linear	HYPEUSDT	5	2026-10-04 13:25:00	2026-10-04 13:30:00	90.16	90.19	90.13	90.13	945.73	85263.8015	t	validated	bybit_api
bybit	linear	HYPEUSDT	5	2026-10-04 13:30:00	2026-10-04 13:35:00	90.13	90.14	90.1	90.1	648.48	58439.7679	t	validated	bybit_api
bybit	linear	HYPEUSDT	5	2026-10-04 13:35:00	2026-10-04 13:40:00	90.1	90.13	89.91	90.05	14077.29	1267381.783	t	validated	bybit_api
bybit	linear	HYPEUSDT	5	2026-10-04 13:40:00	2026-10-04 13:45:00	90.05	90.06	89.96	89.98	4488.34	404039.1738	t	validated	bybit_api
bybit	linear	HYPEUSDT	5	2026-10-04 13:45:00	2026-10-04 13:50:00	89.98	90.1	89.98	90.09	1294.17	116540.2135	t	validated	bybit_api
bybit	linear	HYPEUSDT	5	2026-10-04 13:50:00	2026-10-04 13:55:00	90.09	90.16	90.01	90.05	2213.93	199433.7134	t	validated	bybit_api
bybit	linear	HYPEUSDT	5	2026-10-04 13:55:00	2026-10-04 14:00:00	90.05	90.1	90.05	90.1	1220.04	109914.6981	t	validated	bybit_api
bybit	linear	HYPEUSDT	5	2026-10-04 14:00:00	2026-10-04 14:05:00	90.1	90.11	89.97	89.98	3419.06	307945.9984	t	validated	bybit_api
bybit	linear	HYPEUSDT	5	2026-10-04 14:05:00	2026-10-04 14:10:00	89.98	90.03	89.93	89.94	5779.6	519970.6757	t	validated	bybit_api
bybit	linear	HYPEUSDT	5	2026-10-04 14:10:00	2026-10-04 14:15:00	89.94	89.99	89.9	89.92	2803.43	252158.9319	t	validated	bybit_api
bybit	linear	HYPEUSDT	5	2026-10-04 14:15:00	2026-10-04 14:20:00	89.92	89.95	89.82	89.84	6469.33	581522.2914	t	validated	bybit_api
bybit	linear	HYPEUSDT	5	2026-10-04 14:20:00	2026-10-04 14:25:00	89.84	89.9	89.78	89.81	4232.43	380299.4778	t	validated	bybit_api
bybit	linear	HYPEUSDT	5	2026-10-04 14:25:00	2026-10-04 14:30:00	89.81	89.86	89.79	89.85	2590.81	232742.4713	t	validated	bybit_api
bybit	linear	ICPUSDT	5	2026-09-30 00:45:00	2026-09-30 00:50:00	3.471	3.472	3.447	3.452	8586.0	29692.4911	t	validated	bybit_api
bybit	linear	ICPUSDT	5	2026-09-30 00:50:00	2026-09-30 00:55:00	3.452	3.456	3.445	3.449	20603.7	71082.3617	t	validated	bybit_api
bybit	linear	ICPUSDT	5	2026-09-30 00:55:00	2026-09-30 01:00:00	3.449	3.462	3.446	3.46	11214.7	38756.5241	t	validated	bybit_api
bybit	linear	ICPUSDT	5	2026-09-30 01:00:00	2026-09-30 01:05:00	3.46	3.488	3.456	3.484	39171.0	136236.2578	t	validated	bybit_api
bybit	linear	ICPUSDT	5	2026-09-30 01:05:00	2026-09-30 01:10:00	3.484	3.499	3.48	3.493	26653.9	92981.393	t	validated	bybit_api
bybit	linear	ICPUSDT	5	2026-09-30 01:10:00	2026-09-30 01:15:00	3.493	3.501	3.482	3.487	49474.8	172849.4398	t	validated	bybit_api
bybit	linear	ICPUSDT	5	2026-09-30 01:15:00	2026-09-30 01:20:00	3.487	3.49	3.475	3.478	9500.5	33097.2116	t	validated	bybit_api
bybit	linear	ICPUSDT	5	2026-09-30 01:20:00	2026-09-30 01:25:00	3.478	3.486	3.468	3.479	24195.4	84150.7206	t	validated	bybit_api
bybit	linear	ICPUSDT	5	2026-09-30 01:25:00	2026-09-30 01:30:00	3.479	3.483	3.464	3.468	19716.6	68452.9026	t	validated	bybit_api
bybit	linear	ICPUSDT	5	2026-09-30 01:30:00	2026-09-30 01:35:00	3.468	3.477	3.451	3.453	13746.1	47577.9483	t	validated	bybit_api
bybit	linear	ICPUSDT	5	2026-09-30 01:35:00	2026-09-30 01:40:00	3.453	3.465	3.452	3.462	9278.8	32090.8115	t	validated	bybit_api
bybit	linear	ICPUSDT	5	2026-09-30 01:40:00	2026-09-30 01:45:00	3.462	3.496	3.46	3.495	43251.8	150513.7861	t	validated	bybit_api
bybit	linear	ICPUSDT	5	2026-09-30 01:45:00	2026-09-30 01:50:00	3.495	3.505	3.486	3.5	34345.1	119991.7949	t	validated	bybit_api
bybit	linear	ICPUSDT	5	2026-09-30 01:50:00	2026-09-30 01:55:00	3.5	3.503	3.481	3.481	8732.8	30507.0476	t	validated	bybit_api
bybit	linear	ICPUSDT	5	2026-09-30 01:55:00	2026-09-30 02:00:00	3.481	3.487	3.474	3.48	8145.3	28350.308	t	validated	bybit_api
bybit	linear	ICPUSDT	5	2026-09-30 02:00:00	2026-09-30 02:05:00	3.48	3.495	3.468	3.472	18098.1	63035.9959	t	validated	bybit_api
bybit	linear	ICPUSDT	5	2026-09-30 02:05:00	2026-09-30 02:10:00	3.472	3.474	3.458	3.462	8418.6	29203.946	t	validated	bybit_api
bybit	linear	ICPUSDT	5	2026-09-30 02:10:00	2026-09-30 02:15:00	3.462	3.464	3.443	3.445	12554.4	43363.0844	t	validated	bybit_api
bybit	linear	ICPUSDT	5	2026-09-30 02:15:00	2026-09-30 02:20:00	3.445	3.447	3.42	3.42	27115.7	93033.2404	t	validated	bybit_api
bybit	linear	ICPUSDT	5	2026-09-30 02:20:00	2026-09-30 02:25:00	3.42	3.433	3.373	3.396	203635.6	692086.5265	t	validated	bybit_api
bybit	linear	ICPUSDT	5	2026-09-30 02:25:00	2026-09-30 02:30:00	3.396	3.399	3.338	3.352	375411.4	1262703.9383	t	validated	bybit_api
bybit	linear	ICPUSDT	5	2026-09-30 02:30:00	2026-09-30 02:35:00	3.352	3.374	3.351	3.371	45164.9	151759.646	t	validated	bybit_api
bybit	linear	ICPUSDT	5	2026-09-30 02:35:00	2026-09-30 02:40:00	3.371	3.385	3.367	3.385	33839.2	114155.0025	t	validated	bybit_api
bybit	linear	ICPUSDT	5	2026-09-30 02:40:00	2026-09-30 02:45:00	3.385	3.396	3.385	3.39	25318.8	85839.2896	t	validated	bybit_api
bybit	linear	ICPUSDT	5	2026-09-30 02:45:00	2026-09-30 02:50:00	3.39	3.394	3.376	3.384	29757.9	100763.7646	t	validated	bybit_api
bybit	linear	ICPUSDT	5	2026-09-30 02:50:00	2026-09-30 02:55:00	3.384	3.393	3.384	3.389	12811.2	43421.7123	t	validated	bybit_api
bybit	linear	ICPUSDT	5	2026-09-30 02:55:00	2026-09-30 03:00:00	3.389	3.392	3.356	3.365	32261.5	108771.1589	t	validated	bybit_api
bybit	linear	ICPUSDT	5	2026-09-30 03:00:00	2026-09-30 03:05:00	3.365	3.375	3.353	3.359	29894.2	100485.5788	t	validated	bybit_api
bybit	linear	ICPUSDT	5	2026-09-30 03:05:00	2026-09-30 03:10:00	3.359	3.37	3.357	3.364	21518.0	72336.1723	t	validated	bybit_api
bybit	linear	ICPUSDT	5	2026-09-30 03:10:00	2026-09-30 03:15:00	3.364	3.371	3.358	3.369	13896.7	46776.8933	t	validated	bybit_api
bybit	linear	ICPUSDT	5	2026-09-30 03:15:00	2026-09-30 03:20:00	3.369	3.375	3.355	3.36	20733.3	69732.1466	t	validated	bybit_api
bybit	linear	ICPUSDT	5	2026-09-30 03:20:00	2026-09-30 03:25:00	3.36	3.372	3.359	3.363	23493.7	79019.7757	t	validated	bybit_api
bybit	linear	ICPUSDT	5	2026-09-30 03:25:00	2026-09-30 03:30:00	3.363	3.365	3.349	3.349	27498.1	92306.2814	t	validated	bybit_api
bybit	linear	ICPUSDT	5	2026-09-30 03:30:00	2026-09-30 03:35:00	3.349	3.351	3.338	3.348	38153.8	127687.6231	t	validated	bybit_api
bybit	linear	ICPUSDT	5	2026-09-30 03:35:00	2026-09-30 03:40:00	3.348	3.363	3.343	3.36	19581.6	65658.1033	t	validated	bybit_api
bybit	linear	ICPUSDT	5	2026-09-30 03:40:00	2026-09-30 03:45:00	3.36	3.361	3.353	3.353	12084.9	40568.2877	t	validated	bybit_api
bybit	linear	ICPUSDT	5	2026-09-30 03:45:00	2026-09-30 03:50:00	3.353	3.361	3.351	3.356	6698.2	22476.639	t	validated	bybit_api
bybit	linear	ICPUSDT	5	2026-09-30 03:50:00	2026-09-30 03:55:00	3.356	3.361	3.35	3.359	12561.5	42178.0921	t	validated	bybit_api
bybit	linear	ICPUSDT	5	2026-09-30 03:55:00	2026-09-30 04:00:00	3.359	3.361	3.352	3.357	6941.7	23297.3444	t	validated	bybit_api
bybit	linear	ICPUSDT	5	2026-09-30 04:00:00	2026-09-30 04:05:00	3.357	3.383	3.354	3.381	21947.8	73978.2201	t	validated	bybit_api
bybit	linear	ICPUSDT	5	2026-09-30 04:05:00	2026-09-30 04:10:00	3.381	3.392	3.379	3.385	7927.6	26846.871	t	validated	bybit_api
bybit	linear	ICPUSDT	5	2026-09-30 04:10:00	2026-09-30 04:15:00	3.385	3.4	3.383	3.399	6105.5	20697.2756	t	validated	bybit_api
bybit	linear	ICPUSDT	5	2026-09-30 04:15:00	2026-09-30 04:20:00	3.399	3.41	3.399	3.405	23320.8	79440.6938	t	validated	bybit_api
bybit	linear	ICPUSDT	5	2026-09-30 04:20:00	2026-09-30 04:25:00	3.405	3.414	3.405	3.41	14806.0	50479.0319	t	validated	bybit_api
bybit	linear	ICPUSDT	5	2026-09-30 04:25:00	2026-09-30 04:30:00	3.41	3.421	3.403	3.404	18234.8	62216.3355	t	validated	bybit_api
bybit	linear	ICPUSDT	5	2026-09-30 04:30:00	2026-09-30 04:35:00	3.404	3.41	3.401	3.402	10986.0	37420.2674	t	validated	bybit_api
bybit	linear	ICPUSDT	5	2026-09-30 04:35:00	2026-09-30 04:40:00	3.402	3.411	3.4	3.404	6492.0	22101.4687	t	validated	bybit_api
bybit	linear	ICPUSDT	5	2026-09-30 04:40:00	2026-09-30 04:45:00	3.404	3.426	3.403	3.421	25836.8	88331.5773	t	validated	bybit_api
bybit	linear	ICPUSDT	5	2026-09-30 04:45:00	2026-09-30 04:50:00	3.421	3.428	3.417	3.418	6591.1	22573.3057	t	validated	bybit_api
bybit	linear	ICPUSDT	5	2026-09-30 04:50:00	2026-09-30 04:55:00	3.418	3.424	3.412	3.42	16329.8	55789.0805	t	validated	bybit_api
bybit	linear	ICPUSDT	5	2026-09-30 04:55:00	2026-09-30 05:00:00	3.42	3.421	3.411	3.416	15646.9	53458.9357	t	validated	bybit_api
bybit	linear	ICPUSDT	5	2026-09-30 05:00:00	2026-09-30 05:05:00	3.416	3.443	3.416	3.437	18967.6	65068.1674	t	validated	bybit_api
bybit	linear	ICPUSDT	5	2026-09-30 05:05:00	2026-09-30 05:10:00	3.437	3.438	3.424	3.429	8115.0	27846.1489	t	validated	bybit_api
bybit	linear	ICPUSDT	5	2026-09-30 05:10:00	2026-09-30 05:15:00	3.429	3.451	3.422	3.443	22453.2	77285.5534	t	validated	bybit_api
bybit	linear	ICPUSDT	5	2026-09-30 05:15:00	2026-09-30 05:20:00	3.443	3.464	3.436	3.462	22085.7	76239.8729	t	validated	bybit_api
bybit	linear	ICPUSDT	5	2026-09-30 05:20:00	2026-09-30 05:25:00	3.462	3.465	3.451	3.465	6273.0	21696.5441	t	validated	bybit_api
bybit	linear	ICPUSDT	5	2026-09-30 05:25:00	2026-09-30 05:30:00	3.465	3.467	3.447	3.46	14011.7	48439.6802	t	validated	bybit_api
bybit	linear	ICPUSDT	5	2026-09-30 05:30:00	2026-09-30 05:35:00	3.46	3.475	3.459	3.461	16419.3	56911.3326	t	validated	bybit_api
bybit	linear	ICPUSDT	5	2026-09-30 05:35:00	2026-09-30 05:40:00	3.461	3.478	3.459	3.478	16579.9	57488.8324	t	validated	bybit_api
bybit	linear	ICPUSDT	5	2026-09-30 05:40:00	2026-09-30 05:45:00	3.478	3.482	3.464	3.464	14803.6	51444.8404	t	validated	bybit_api
bybit	linear	ICPUSDT	5	2026-09-30 05:45:00	2026-09-30 05:50:00	3.464	3.468	3.443	3.443	11005.0	37999.0079	t	validated	bybit_api
bybit	linear	ICPUSDT	5	2026-09-30 05:50:00	2026-09-30 05:55:00	3.443	3.455	3.441	3.441	16488.1	56848.5	t	validated	bybit_api
bybit	linear	ICPUSDT	5	2026-09-30 05:55:00	2026-09-30 06:00:00	3.441	3.451	3.437	3.446	7094.6	24419.5275	t	validated	bybit_api
bybit	linear	ICPUSDT	5	2026-09-30 06:00:00	2026-09-30 06:05:00	3.446	3.456	3.438	3.449	6316.1	21767.3502	t	validated	bybit_api
bybit	linear	ICPUSDT	5	2026-09-30 06:05:00	2026-09-30 06:10:00	3.449	3.45	3.432	3.435	10986.3	37781.3943	t	validated	bybit_api
bybit	linear	KLACUSDT	5	2026-10-04 22:40:00	2026-10-04 22:45:00	207.72	207.74	207.61	207.65	0.84	174.4507	t	validated	bybit_api
bybit	linear	KLACUSDT	5	2026-10-04 22:45:00	2026-10-04 22:50:00	207.65	207.65	207.61	207.61	0.18	37.3698	t	validated	bybit_api
bybit	linear	KLACUSDT	5	2026-10-04 22:50:00	2026-10-04 22:55:00	207.61	207.61	207.51	207.59	0.4	83.0156	t	validated	bybit_api
bybit	linear	KLACUSDT	5	2026-10-04 22:55:00	2026-10-04 23:00:00	207.59	207.85	207.59	207.73	28.19	5854.5823	t	validated	bybit_api
bybit	linear	KLACUSDT	5	2026-10-04 23:00:00	2026-10-04 23:05:00	207.73	207.9	207.69	207.78	0.89	184.9577	t	validated	bybit_api
bybit	linear	KLACUSDT	5	2026-10-04 23:05:00	2026-10-04 23:10:00	207.78	207.94	207.78	207.92	0.85	176.7304	t	validated	bybit_api
bybit	linear	KLACUSDT	5	2026-10-04 23:10:00	2026-10-04 23:15:00	207.92	207.92	207.92	207.92	0.0	0.0	t	validated	bybit_api
bybit	linear	KLACUSDT	5	2026-10-04 23:15:00	2026-10-04 23:20:00	207.92	207.92	207.73	207.89	0.46	95.5889	t	validated	bybit_api
bybit	linear	KLACUSDT	5	2026-10-04 23:20:00	2026-10-04 23:25:00	207.89	208.23	207.89	208.23	6.1	1269.9301	t	validated	bybit_api
bybit	linear	KLACUSDT	5	2026-10-04 23:25:00	2026-10-04 23:30:00	208.23	208.23	208.05	208.1	0.9	187.2845	t	validated	bybit_api
bybit	linear	KLACUSDT	5	2026-10-04 23:30:00	2026-10-04 23:35:00	208.1	208.1	207.95	207.95	0.39	81.1005	t	validated	bybit_api
bybit	linear	KLACUSDT	5	2026-10-04 23:35:00	2026-10-04 23:40:00	207.95	207.96	207.95	207.96	0.1	20.796	t	validated	bybit_api
bybit	linear	KLACUSDT	5	2026-10-04 23:40:00	2026-10-04 23:45:00	207.96	207.96	207.96	207.96	0.0	0.0	t	validated	bybit_api
bybit	linear	KLACUSDT	5	2026-10-04 23:45:00	2026-10-04 23:50:00	207.96	208.08	207.96	208.03	0.32	66.5746	t	validated	bybit_api
bybit	linear	KLACUSDT	5	2026-10-04 23:50:00	2026-10-04 23:55:00	208.03	208.06	208.03	208.06	0.24	49.9344	t	validated	bybit_api
bybit	linear	KLACUSDT	5	2026-10-04 23:55:00	2026-10-05 00:00:00	208.06	208.26	208.06	208.22	29.74	6193.6484	t	validated	bybit_api
bybit	linear	KLACUSDT	5	2026-10-05 00:00:00	2026-10-05 00:05:00	208.22	208.9	206.75	208.4	61.55	12799.8593	t	validated	bybit_api
bybit	linear	KLACUSDT	5	2026-10-05 00:05:00	2026-10-05 00:10:00	208.4	208.9	208.35	208.9	10.42	2173.6236	t	validated	bybit_api
bybit	linear	KLACUSDT	5	2026-10-05 00:10:00	2026-10-05 00:15:00	208.9	209.95	208.9	209.24	18.0	3771.7399	t	validated	bybit_api
bybit	linear	KLACUSDT	5	2026-10-05 00:15:00	2026-10-05 00:20:00	209.24	209.82	209.15	209.35	15.73	3294.1673	t	validated	bybit_api
bybit	linear	KLACUSDT	5	2026-10-05 00:20:00	2026-10-05 00:25:00	209.35	209.8	209.35	209.8	0.97	203.3055	t	validated	bybit_api
bybit	linear	KLACUSDT	5	2026-10-05 00:25:00	2026-10-05 00:30:00	209.8	209.8	209.13	209.21	1.35	282.6775	t	validated	bybit_api
bybit	linear	KLACUSDT	5	2026-10-05 00:30:00	2026-10-05 00:35:00	209.21	209.21	208.75	208.97	3.51	733.8588	t	validated	bybit_api
bybit	linear	KLACUSDT	5	2026-10-05 00:35:00	2026-10-05 00:40:00	208.97	209.2	208.97	209.1	22.42	4688.8027	t	validated	bybit_api
bybit	linear	KLACUSDT	5	2026-10-05 00:40:00	2026-10-05 00:45:00	209.1	209.32	209.1	209.32	0.57	119.3124	t	validated	bybit_api
bybit	linear	KLACUSDT	5	2026-10-05 00:45:00	2026-10-05 00:50:00	209.32	209.74	209.32	209.62	2.68	561.9692	t	validated	bybit_api
bybit	linear	KLACUSDT	5	2026-10-05 00:50:00	2026-10-05 00:55:00	209.62	209.76	209.4	209.76	1.23	257.9201	t	validated	bybit_api
bybit	linear	KLACUSDT	5	2026-10-05 00:55:00	2026-10-05 01:00:00	209.76	210.05	209.76	209.9	12.17	2554.6398	t	validated	bybit_api
bybit	linear	KLACUSDT	5	2026-10-05 01:00:00	2026-10-05 01:05:00	209.9	210.59	209.9	210.59	105.13	22085.9941	t	validated	bybit_api
bybit	linear	KLACUSDT	5	2026-10-05 01:05:00	2026-10-05 01:10:00	210.59	210.65	210.21	210.21	10.5	2208.9679	t	validated	bybit_api
bybit	linear	KLACUSDT	5	2026-10-05 01:10:00	2026-10-05 01:15:00	210.21	210.7	210.21	210.7	0.22	46.3039	t	validated	bybit_api
bybit	linear	KLACUSDT	5	2026-10-05 01:15:00	2026-10-05 01:20:00	210.7	210.7	210.38	210.58	0.86	181.0862	t	validated	bybit_api
bybit	linear	KLACUSDT	5	2026-10-05 01:20:00	2026-10-05 01:25:00	210.58	210.58	210.1	210.39	6.02	1266.3736	t	validated	bybit_api
bybit	linear	KLACUSDT	5	2026-10-05 01:25:00	2026-10-05 01:30:00	210.39	210.78	210.39	210.65	1.97	415.0908	t	validated	bybit_api
bybit	linear	KLACUSDT	5	2026-10-05 01:30:00	2026-10-05 01:35:00	210.65	210.74	210.43	210.62	1.29	271.7054	t	validated	bybit_api
bybit	linear	KLACUSDT	5	2026-10-05 01:35:00	2026-10-05 01:40:00	210.62	210.88	210.51	210.77	2.43	512.0182	t	validated	bybit_api
bybit	linear	KLACUSDT	5	2026-10-05 01:40:00	2026-10-05 01:45:00	210.77	211.22	210.77	210.96	4.6	971.0537	t	validated	bybit_api
bybit	linear	KLACUSDT	5	2026-10-05 01:45:00	2026-10-05 01:50:00	210.96	211.23	210.96	211.07	3.11	656.626	t	validated	bybit_api
bybit	linear	KLACUSDT	5	2026-10-05 01:50:00	2026-10-05 01:55:00	211.07	211.16	209.25	210.47	3478.14	733455.6322	t	validated	bybit_api
bybit	linear	KLACUSDT	5	2026-10-05 01:55:00	2026-10-05 02:00:00	210.47	210.92	210.24	210.74	3276.08	689218.2235	t	validated	bybit_api
bybit	linear	KLACUSDT	5	2026-10-05 02:00:00	2026-10-05 02:05:00	210.74	210.86	210.48	210.59	47.3	9970.3357	t	validated	bybit_api
bybit	linear	KLACUSDT	5	2026-10-05 02:05:00	2026-10-05 02:10:00	210.59	210.91	210.52	210.61	26.92	5671.4865	t	validated	bybit_api
bybit	linear	KLACUSDT	5	2026-10-05 02:10:00	2026-10-05 02:15:00	210.61	210.67	210.56	210.64	1.2	252.75	t	validated	bybit_api
bybit	linear	KLACUSDT	5	2026-10-05 02:15:00	2026-10-05 02:20:00	210.64	210.74	210.58	210.58	5.61	1181.5402	t	validated	bybit_api
bybit	linear	KLACUSDT	5	2026-10-05 02:20:00	2026-10-05 02:25:00	210.58	210.63	210.41	210.44	2.46	517.7795	t	validated	bybit_api
bybit	linear	KLACUSDT	5	2026-10-05 02:25:00	2026-10-05 02:30:00	210.44	210.63	210.23	210.23	6451.12	1357527.0247	t	validated	bybit_api
bybit	linear	KLACUSDT	5	2026-10-05 02:30:00	2026-10-05 02:35:00	210.23	210.42	210.17	210.17	4833.45	1016354.5425	t	validated	bybit_api
bybit	linear	KLACUSDT	5	2026-10-05 02:35:00	2026-10-05 02:40:00	210.17	210.17	209.91	210.0	4.16	873.5492	t	validated	bybit_api
bybit	linear	KLACUSDT	5	2026-10-05 02:40:00	2026-10-05 02:45:00	210.0	210.24	209.87	209.87	1627.34	341903.3382	t	validated	bybit_api
bybit	linear	KLACUSDT	5	2026-10-05 02:45:00	2026-10-05 02:50:00	209.87	209.96	209.57	209.57	18.72	3926.6302	t	validated	bybit_api
bybit	linear	KLACUSDT	5	2026-10-05 02:50:00	2026-10-05 02:55:00	209.57	209.94	209.33	209.69	3233.49	677364.5521	t	validated	bybit_api
bybit	linear	KLACUSDT	5	2026-10-05 02:55:00	2026-10-05 03:00:00	209.69	209.72	208.75	208.76	32.17	6722.1363	t	validated	bybit_api
bybit	linear	KLACUSDT	5	2026-10-05 03:00:00	2026-10-05 03:05:00	208.76	209.24	208.76	208.96	9.52	1990.386	t	validated	bybit_api
bybit	linear	KLACUSDT	5	2026-10-05 03:05:00	2026-10-05 03:10:00	208.96	208.97	208.4	208.89	24.19	5052.0775	t	validated	bybit_api
bybit	linear	KLACUSDT	5	2026-10-05 03:10:00	2026-10-05 03:15:00	208.89	209.22	208.72	208.85	12.73	2660.2119	t	validated	bybit_api
bybit	linear	KLACUSDT	5	2026-10-05 03:15:00	2026-10-05 03:20:00	208.85	209.4	208.71	209.35	4.71	984.5256	t	validated	bybit_api
bybit	linear	KLACUSDT	5	2026-10-05 03:20:00	2026-10-05 03:25:00	209.35	209.41	209.23	209.31	4.04	845.6095	t	validated	bybit_api
bybit	linear	KLACUSDT	5	2026-10-05 03:25:00	2026-10-05 03:30:00	209.31	209.6	209.31	209.6	4.52	946.5802	t	validated	bybit_api
bybit	linear	KLACUSDT	5	2026-10-05 03:30:00	2026-10-05 03:35:00	209.6	209.6	209.52	209.57	2.09	438.0021	t	validated	bybit_api
bybit	linear	KLACUSDT	5	2026-10-05 03:35:00	2026-10-05 03:40:00	209.57	209.62	209.17	209.24	40.49	8483.4494	t	validated	bybit_api
bybit	linear	KLACUSDT	5	2026-10-05 03:40:00	2026-10-05 03:45:00	209.24	209.35	209.24	209.29	2.05	429.0902	t	validated	bybit_api
bybit	linear	KLACUSDT	5	2026-10-05 03:45:00	2026-10-05 03:50:00	209.29	209.29	209.24	209.24	0.31	64.8741	t	validated	bybit_api
bybit	linear	KLACUSDT	5	2026-10-05 03:50:00	2026-10-05 03:55:00	209.24	209.24	209.09	209.21	0.92	192.4021	t	validated	bybit_api
bybit	linear	KLACUSDT	5	2026-10-05 03:55:00	2026-10-05 04:00:00	209.21	209.21	208.68	208.68	1.21	252.8456	t	validated	bybit_api
bybit	linear	MONUSDT	5	2026-10-01 17:40:00	2026-10-01 17:45:00	0.03434	0.03453	0.03425	0.03452	2510993.0	86267.65276	t	validated	bybit_api
bybit	linear	MONUSDT	5	2026-10-01 17:45:00	2026-10-01 17:50:00	0.03452	0.03487	0.03445	0.03474	2934656.0	101788.520724	t	validated	bybit_api
bybit	linear	MONUSDT	5	2026-10-01 17:50:00	2026-10-01 17:55:00	0.03474	0.03487	0.0343	0.03435	5387495.0	186458.15724	t	validated	bybit_api
bybit	linear	MONUSDT	5	2026-10-01 17:55:00	2026-10-01 18:00:00	0.03435	0.03454	0.034	0.03425	7883327.0	270572.80278	t	validated	bybit_api
bybit	linear	MONUSDT	5	2026-10-01 18:00:00	2026-10-01 18:05:00	0.03425	0.03451	0.03421	0.03431	3860630.0	132473.64207	t	validated	bybit_api
bybit	linear	MONUSDT	5	2026-10-01 18:05:00	2026-10-01 18:10:00	0.03431	0.03456	0.03412	0.03439	5484003.0	188282.74093	t	validated	bybit_api
bybit	linear	MONUSDT	5	2026-10-01 18:10:00	2026-10-01 18:15:00	0.03439	0.03471	0.03426	0.03444	4894018.0	168899.98035	t	validated	bybit_api
bybit	linear	MONUSDT	5	2026-10-01 18:15:00	2026-10-01 18:20:00	0.03444	0.0348	0.03441	0.03468	5893870.0	204036.42965	t	validated	bybit_api
bybit	linear	MONUSDT	5	2026-10-01 18:20:00	2026-10-01 18:25:00	0.03468	0.03483	0.03463	0.03481	2025223.0	70306.99293	t	validated	bybit_api
bybit	linear	MONUSDT	5	2026-10-01 18:25:00	2026-10-01 18:30:00	0.03481	0.034937	0.03469	0.0348	3773420.0	131401.233795	t	validated	bybit_api
bybit	linear	MONUSDT	5	2026-10-01 18:30:00	2026-10-01 18:35:00	0.0348	0.03481	0.03453	0.0347	12365095.0	428248.61202	t	validated	bybit_api
bybit	linear	MONUSDT	5	2026-10-01 18:35:00	2026-10-01 18:40:00	0.0347	0.03496	0.03464	0.03492	6237788.0	217078.566271	t	validated	bybit_api
bybit	linear	MONUSDT	5	2026-10-01 18:40:00	2026-10-01 18:45:00	0.03492	0.03492	0.03458	0.03477	5412141.0	187977.62301	t	validated	bybit_api
bybit	linear	MONUSDT	5	2026-10-01 18:45:00	2026-10-01 18:50:00	0.03477	0.035	0.03475	0.03482	8188312.0	285898.593591	t	validated	bybit_api
bybit	linear	MONUSDT	5	2026-10-01 18:50:00	2026-10-01 18:55:00	0.03482	0.035	0.03482	0.03497	6027735.0	210376.67503	t	validated	bybit_api
bybit	linear	MONUSDT	5	2026-10-01 18:55:00	2026-10-01 19:00:00	0.03497	0.03515	0.03482	0.03487	7300057.0	255391.888159	t	validated	bybit_api
bybit	linear	MONUSDT	5	2026-10-01 19:00:00	2026-10-01 19:05:00	0.03487	0.03498	0.03468	0.03492	4034508.0	140553.82405	t	validated	bybit_api
bybit	linear	MONUSDT	5	2026-10-01 19:05:00	2026-10-01 19:10:00	0.03492	0.03492	0.03473	0.0349	1793023.0	62436.83904	t	validated	bybit_api
bybit	linear	MONUSDT	5	2026-10-01 19:10:00	2026-10-01 19:15:00	0.0349	0.0349	0.03459	0.0347	2049971.0	71156.22232	t	validated	bybit_api
bybit	linear	MONUSDT	5	2026-10-01 19:15:00	2026-10-01 19:20:00	0.0347	0.03477	0.03454	0.03465	3513012.0	121669.09068	t	validated	bybit_api
bybit	linear	MONUSDT	5	2026-10-01 19:20:00	2026-10-01 19:25:00	0.03465	0.03487	0.03453	0.03486	2714869.0	94051.85275	t	validated	bybit_api
bybit	linear	MONUSDT	5	2026-10-01 19:25:00	2026-10-01 19:30:00	0.03486	0.03502	0.03474	0.03481	5438770.0	189699.67542	t	validated	bybit_api
bybit	linear	MONUSDT	5	2026-10-01 19:30:00	2026-10-01 19:35:00	0.03481	0.03514	0.03472	0.03508	5912492.0	206834.81137	t	validated	bybit_api
bybit	linear	MONUSDT	5	2026-10-01 19:35:00	2026-10-01 19:40:00	0.03508	0.03514	0.03484	0.03492	3209144.0	112319.19604	t	validated	bybit_api
bybit	linear	MONUSDT	5	2026-10-01 19:40:00	2026-10-01 19:45:00	0.03492	0.03511	0.03479	0.03507	2812143.0	98273.92147	t	validated	bybit_api
bybit	linear	MONUSDT	5	2026-10-01 19:45:00	2026-10-01 19:50:00	0.03507	0.03512	0.03486	0.03498	2220330.0	77689.61778	t	validated	bybit_api
bybit	linear	MONUSDT	5	2026-10-01 19:50:00	2026-10-01 19:55:00	0.03498	0.03524	0.03488	0.03492	7943816.0	278904.249077	t	validated	bybit_api
bybit	linear	MONUSDT	5	2026-10-01 19:55:00	2026-10-01 20:00:00	0.03492	0.03494	0.03473	0.03487	2110870.0	73510.34152	t	validated	bybit_api
bybit	linear	MONUSDT	5	2026-10-01 20:00:00	2026-10-01 20:05:00	0.03487	0.03505	0.03463	0.03469	3222489.0	112187.28856	t	validated	bybit_api
bybit	linear	MONUSDT	5	2026-10-01 20:05:00	2026-10-01 20:10:00	0.03469	0.03475	0.03442	0.03448	4166295.0	144037.54691	t	validated	bybit_api
bybit	linear	MONUSDT	5	2026-10-01 20:10:00	2026-10-01 20:15:00	0.03448	0.03453	0.03432	0.03447	4343554.0	149534.47654	t	validated	bybit_api
bybit	linear	MONUSDT	5	2026-10-01 20:15:00	2026-10-01 20:20:00	0.03447	0.03454	0.03431	0.03436	2797562.0	96308.36839	t	validated	bybit_api
bybit	linear	MONUSDT	5	2026-10-01 20:20:00	2026-10-01 20:25:00	0.03436	0.0345	0.03417	0.0343	3044382.0	104580.73704	t	validated	bybit_api
bybit	linear	MONUSDT	5	2026-10-01 20:25:00	2026-10-01 20:30:00	0.0343	0.03439	0.03411	0.03435	2983701.0	102182.86853	t	validated	bybit_api
bybit	linear	MONUSDT	5	2026-10-01 20:30:00	2026-10-01 20:35:00	0.03435	0.03452	0.03431	0.03435	1799994.0	61911.34137	t	validated	bybit_api
bybit	linear	MONUSDT	5	2026-10-01 20:35:00	2026-10-01 20:40:00	0.03435	0.03435	0.03372	0.0338	11198491.0	381114.6678	t	validated	bybit_api
bybit	linear	MONUSDT	5	2026-10-01 20:40:00	2026-10-01 20:45:00	0.0338	0.03385	0.03355	0.03366	10447922.0	352116.91032	t	validated	bybit_api
bybit	linear	MONUSDT	5	2026-10-01 20:45:00	2026-10-01 20:50:00	0.03366	0.03394	0.0336	0.03382	3720794.0	125564.50222	t	validated	bybit_api
bybit	linear	MONUSDT	5	2026-10-01 20:50:00	2026-10-01 20:55:00	0.03382	0.0339	0.03355	0.03365	4540283.0	153017.94359	t	validated	bybit_api
bybit	linear	MONUSDT	5	2026-10-01 20:55:00	2026-10-01 21:00:00	0.03365	0.0338	0.03365	0.0338	2050604.0	69207.20565	t	validated	bybit_api
bybit	linear	MONUSDT	5	2026-10-01 21:00:00	2026-10-01 21:05:00	0.0338	0.03401	0.03378	0.03392	1915149.0	64957.49464	t	validated	bybit_api
bybit	linear	MONUSDT	5	2026-10-01 21:05:00	2026-10-01 21:10:00	0.03392	0.0341	0.03388	0.03402	875889.0	29794.22309	t	validated	bybit_api
bybit	linear	MONUSDT	5	2026-10-01 21:10:00	2026-10-01 21:15:00	0.03402	0.03402	0.03381	0.03387	1438982.0	48779.10275	t	validated	bybit_api
bybit	linear	MONUSDT	5	2026-10-01 21:15:00	2026-10-01 21:20:00	0.03387	0.03405	0.03381	0.03402	788998.0	26784.67963	t	validated	bybit_api
bybit	linear	MONUSDT	5	2026-10-01 21:20:00	2026-10-01 21:25:00	0.03402	0.03405	0.03392	0.034	1809031.0	61476.67993	t	validated	bybit_api
bybit	linear	MONUSDT	5	2026-10-01 21:25:00	2026-10-01 21:30:00	0.034	0.03401	0.03386	0.03388	339590.0	11527.48647	t	validated	bybit_api
bybit	linear	MONUSDT	5	2026-10-01 21:30:00	2026-10-01 21:35:00	0.03388	0.03388	0.03359	0.03363	2856798.0	96314.63199	t	validated	bybit_api
bybit	linear	MONUSDT	5	2026-10-01 21:35:00	2026-10-01 21:40:00	0.03363	0.0338	0.03322	0.03336	4004837.0	133693.27302	t	validated	bybit_api
bybit	linear	MONUSDT	5	2026-10-01 21:40:00	2026-10-01 21:45:00	0.03336	0.0335	0.03324	0.03346	1618316.0	54023.14632	t	validated	bybit_api
bybit	linear	MONUSDT	5	2026-10-01 21:45:00	2026-10-01 21:50:00	0.03346	0.03365	0.03341	0.03362	2336777.0	78271.06526	t	validated	bybit_api
bybit	linear	MONUSDT	5	2026-10-01 21:50:00	2026-10-01 21:55:00	0.03362	0.03365	0.03347	0.03362	989701.0	33205.48167	t	validated	bybit_api
bybit	linear	MONUSDT	5	2026-10-01 21:55:00	2026-10-01 22:00:00	0.03362	0.03363	0.03348	0.03357	1317355.0	44213.18324	t	validated	bybit_api
bybit	linear	MONUSDT	5	2026-10-01 22:00:00	2026-10-01 22:05:00	0.03357	0.03382	0.03356	0.03372	2286636.0	77169.54004	t	validated	bybit_api
bybit	linear	MONUSDT	5	2026-10-01 22:05:00	2026-10-01 22:10:00	0.03372	0.03382	0.03354	0.03361	1240879.0	41826.80287	t	validated	bybit_api
bybit	linear	MONUSDT	5	2026-10-01 22:10:00	2026-10-01 22:15:00	0.03361	0.03372	0.03344	0.03354	2161028.0	72558.13335	t	validated	bybit_api
bybit	linear	MONUSDT	5	2026-10-01 22:15:00	2026-10-01 22:20:00	0.03354	0.03361	0.03349	0.03354	1272011.0	42682.54591	t	validated	bybit_api
bybit	linear	MONUSDT	5	2026-10-01 22:20:00	2026-10-01 22:25:00	0.03354	0.03362	0.03343	0.03347	1566835.0	52534.19765	t	validated	bybit_api
bybit	linear	MONUSDT	5	2026-10-01 22:25:00	2026-10-01 22:30:00	0.03347	0.03349	0.0333	0.03333	2043829.0	68310.18811	t	validated	bybit_api
bybit	linear	MONUSDT	5	2026-10-01 22:30:00	2026-10-01 22:35:00	0.03333	0.03339	0.03313	0.03333	2156167.0	71728.07702	t	validated	bybit_api
bybit	linear	MONUSDT	5	2026-10-01 22:35:00	2026-10-01 22:40:00	0.03333	0.03349	0.03333	0.03337	572905.0	19149.60626	t	validated	bybit_api
bybit	linear	MONUSDT	5	2026-10-01 22:40:00	2026-10-01 22:45:00	0.03337	0.03348	0.03333	0.03334	2315597.0	77360.89075	t	validated	bybit_api
bybit	linear	MONUSDT	5	2026-10-01 22:45:00	2026-10-01 22:50:00	0.03334	0.03336	0.03319	0.03325	4462705.0	148384.84735	t	validated	bybit_api
bybit	linear	MONUSDT	5	2026-10-01 22:50:00	2026-10-01 22:55:00	0.03325	0.03341	0.03322	0.0334	1891509.0	62963.44344	t	validated	bybit_api
bybit	linear	MONUSDT	5	2026-10-01 22:55:00	2026-10-01 23:00:00	0.0334	0.03343	0.03326	0.0334	1727533.0	57591.721	t	validated	bybit_api
bybit	linear	MONUSDT	5	2026-10-01 23:00:00	2026-10-01 23:05:00	0.0334	0.03361	0.03334	0.03356	4181031.0	140068.63908	t	validated	bybit_api
bybit	linear	MONUSDT	5	2026-10-01 23:05:00	2026-10-01 23:10:00	0.03356	0.03359	0.03346	0.03352	1281150.0	42967.65191	t	validated	bybit_api
bybit	linear	MONUSDT	5	2026-10-01 23:10:00	2026-10-01 23:15:00	0.03352	0.03364	0.03346	0.0336	881320.0	29597.55344	t	validated	bybit_api
bybit	linear	MONUSDT	5	2026-10-01 23:15:00	2026-10-01 23:20:00	0.0336	0.03374	0.03358	0.03374	1210691.0	40785.14541	t	validated	bybit_api
bybit	linear	MONUSDT	5	2026-10-01 23:20:00	2026-10-01 23:25:00	0.03374	0.03374	0.03363	0.03367	976566.0	32873.6783	t	validated	bybit_api
bybit	linear	MONUSDT	5	2026-10-01 23:25:00	2026-10-01 23:30:00	0.03367	0.03371	0.03357	0.0336	1368156.0	46053.14856	t	validated	bybit_api
bybit	linear	MONUSDT	5	2026-10-01 23:30:00	2026-10-01 23:35:00	0.0336	0.03367	0.03353	0.03361	1032509.0	34692.179	t	validated	bybit_api
bybit	linear	MONUSDT	5	2026-10-01 23:35:00	2026-10-01 23:40:00	0.03361	0.03376	0.03359	0.0337	2194543.0	73893.66288	t	validated	bybit_api
bybit	linear	MONUSDT	5	2026-10-01 23:40:00	2026-10-01 23:45:00	0.0337	0.03386	0.03365	0.03372	1723703.0	58255.47156	t	validated	bybit_api
bybit	linear	MONUSDT	5	2026-10-01 23:45:00	2026-10-01 23:50:00	0.03372	0.03373	0.03352	0.03361	3033993.0	102031.7721	t	validated	bybit_api
bybit	linear	MONUSDT	5	2026-10-01 23:50:00	2026-10-01 23:55:00	0.03361	0.03381	0.03359	0.03372	2023358.0	68251.83991	t	validated	bybit_api
bybit	linear	MONUSDT	5	2026-10-01 23:55:00	2026-10-02 00:00:00	0.03372	0.03374	0.03362	0.03365	1443786.0	48643.21385	t	validated	bybit_api
bybit	linear	MONUSDT	5	2026-10-02 00:00:00	2026-10-02 00:05:00	0.03365	0.0337	0.03338	0.03344	3516707.0	117903.56799	t	validated	bybit_api
bybit	linear	MONUSDT	5	2026-10-02 00:05:00	2026-10-02 00:10:00	0.03344	0.03358	0.03327	0.03333	1728921.0	57798.67626	t	validated	bybit_api
bybit	linear	MONUSDT	5	2026-10-02 00:10:00	2026-10-02 00:15:00	0.03333	0.03352	0.0333	0.03348	1845622.0	61657.35259	t	validated	bybit_api
bybit	linear	MONUSDT	5	2026-10-02 00:15:00	2026-10-02 00:20:00	0.03348	0.03363	0.0334	0.0336	2086809.0	69924.63734	t	validated	bybit_api
bybit	linear	MONUSDT	5	2026-10-04 01:05:00	2026-10-04 01:10:00	0.03434	0.0345	0.0343	0.03449	2262671.0	77787.69542	t	validated	bybit_api
bybit	linear	MONUSDT	5	2026-10-04 01:10:00	2026-10-04 01:15:00	0.03449	0.0346	0.03434	0.03439	4225557.0	145651.46791	t	validated	bybit_api
bybit	linear	MONUSDT	5	2026-10-04 01:15:00	2026-10-04 01:20:00	0.03439	0.03439	0.03423	0.03435	2137072.0	73352.54203	t	validated	bybit_api
bybit	linear	MONUSDT	5	2026-10-04 01:20:00	2026-10-04 01:25:00	0.03435	0.03442	0.03426	0.03433	670017.0	23013.8956	t	validated	bybit_api
bybit	linear	MONUSDT	5	2026-10-04 01:25:00	2026-10-04 01:30:00	0.03433	0.03456	0.0343	0.0345	1400143.0	48237.72793	t	validated	bybit_api
bybit	linear	MONUSDT	5	2026-10-04 01:30:00	2026-10-04 01:35:00	0.0345	0.0345	0.03436	0.03443	1085750.0	37374.23863	t	validated	bybit_api
bybit	linear	MONUSDT	5	2026-10-04 01:35:00	2026-10-04 01:40:00	0.03443	0.0345	0.03414	0.03423	3434912.0	117952.95924	t	validated	bybit_api
bybit	linear	MONUSDT	5	2026-10-04 01:40:00	2026-10-04 01:45:00	0.03423	0.03449	0.03421	0.03449	1995556.0	68618.79207	t	validated	bybit_api
bybit	linear	MONUSDT	5	2026-10-04 01:45:00	2026-10-04 01:50:00	0.03449	0.03478	0.03441	0.03474	3247438.0	112267.70274	t	validated	bybit_api
bybit	linear	MONUSDT	5	2026-10-04 01:50:00	2026-10-04 01:55:00	0.03474	0.03485	0.0346	0.03482	2166731.0	75203.75834	t	validated	bybit_api
bybit	linear	MONUSDT	5	2026-10-04 01:55:00	2026-10-04 02:00:00	0.03482	0.03482	0.03469	0.03472	1500689.0	52159.91718	t	validated	bybit_api
bybit	linear	MONUSDT	5	2026-10-04 02:00:00	2026-10-04 02:05:00	0.03472	0.03476	0.03435	0.03438	4152523.0	143184.03661	t	validated	bybit_api
bybit	linear	MONUSDT	5	2026-10-04 02:05:00	2026-10-04 02:10:00	0.03438	0.03445	0.0342	0.03425	1456965.0	50030.13549	t	validated	bybit_api
bybit	linear	MONUSDT	5	2026-10-04 02:10:00	2026-10-04 02:15:00	0.03425	0.03446	0.03421	0.03437	1557464.0	53513.03758	t	validated	bybit_api
bybit	linear	MONUSDT	5	2026-10-04 02:15:00	2026-10-04 02:20:00	0.03437	0.03437	0.03404	0.03405	3268175.0	111677.77147	t	validated	bybit_api
bybit	linear	MONUSDT	5	2026-10-04 02:20:00	2026-10-04 02:25:00	0.03405	0.0342	0.03401	0.03411	2605840.0	88801.39232	t	validated	bybit_api
bybit	linear	MONUSDT	5	2026-10-04 02:25:00	2026-10-04 02:30:00	0.03411	0.03413	0.03406	0.03411	744043.0	25367.74325	t	validated	bybit_api
bybit	linear	MONUSDT	5	2026-10-04 02:30:00	2026-10-04 02:35:00	0.03411	0.03423	0.03407	0.03421	1144877.0	39074.14859	t	validated	bybit_api
bybit	linear	MONUSDT	5	2026-10-04 02:35:00	2026-10-04 02:40:00	0.03421	0.03434	0.03421	0.03424	1365391.0	46791.81217	t	validated	bybit_api
bybit	linear	MONUSDT	5	2026-10-04 02:40:00	2026-10-04 02:45:00	0.03424	0.03434	0.03421	0.03432	407642.0	13967.32202	t	validated	bybit_api
bybit	linear	MONUSDT	5	2026-10-04 02:45:00	2026-10-04 02:50:00	0.03432	0.03434	0.03414	0.03416	685025.0	23438.5268	t	validated	bybit_api
bybit	linear	MONUSDT	5	2026-10-04 02:50:00	2026-10-04 02:55:00	0.03416	0.03428	0.03415	0.03426	598404.0	20469.84268	t	validated	bybit_api
bybit	linear	MONUSDT	5	2026-10-04 02:55:00	2026-10-04 03:00:00	0.03426	0.03436	0.03424	0.03435	636636.0	21830.32857	t	validated	bybit_api
bybit	linear	MONUSDT	5	2026-10-04 03:00:00	2026-10-04 03:05:00	0.03435	0.03437	0.03427	0.03429	493687.0	16943.79458	t	validated	bybit_api
bybit	linear	MONUSDT	5	2026-10-04 03:05:00	2026-10-04 03:10:00	0.03429	0.03432	0.03424	0.03429	454587.0	15585.28433	t	validated	bybit_api
bybit	linear	MONUSDT	5	2026-10-04 03:10:00	2026-10-04 03:15:00	0.03429	0.03443	0.0342	0.03433	818490.0	28081.36221	t	validated	bybit_api
bybit	linear	MONUSDT	5	2026-10-04 03:15:00	2026-10-04 03:20:00	0.03433	0.03438	0.03428	0.03438	843605.0	28962.49944	t	validated	bybit_api
bybit	linear	MONUSDT	5	2026-10-04 03:20:00	2026-10-04 03:25:00	0.03438	0.03504	0.03438	0.03483	2917326.0	101655.58299	t	validated	bybit_api
bybit	linear	MONUSDT	5	2026-10-04 03:25:00	2026-10-04 03:30:00	0.03483	0.03516	0.0348	0.03506	2709390.0	94793.79487	t	validated	bybit_api
bybit	linear	MONUSDT	5	2026-10-04 03:30:00	2026-10-04 03:35:00	0.03506	0.03515	0.03493	0.03493	1644214.0	57622.39268	t	validated	bybit_api
bybit	linear	MONUSDT	5	2026-10-04 03:35:00	2026-10-04 03:40:00	0.03493	0.03503	0.03482	0.03496	1597499.0	55751.66854	t	validated	bybit_api
bybit	linear	MONUSDT	5	2026-10-04 03:40:00	2026-10-04 03:45:00	0.03496	0.03498	0.03483	0.03491	880740.0	30745.55196	t	validated	bybit_api
bybit	linear	MONUSDT	5	2026-10-04 03:45:00	2026-10-04 03:50:00	0.03491	0.03501	0.03486	0.03498	1107403.0	38683.73068	t	validated	bybit_api
bybit	linear	MONUSDT	5	2026-10-04 03:50:00	2026-10-04 03:55:00	0.03498	0.03509	0.03485	0.03492	1486422.0	51968.56876	t	validated	bybit_api
bybit	linear	MONUSDT	5	2026-10-04 03:55:00	2026-10-04 04:00:00	0.03492	0.03517	0.03485	0.03499	1311713.0	45870.00303	t	validated	bybit_api
bybit	linear	MONUSDT	5	2026-10-04 04:00:00	2026-10-04 04:05:00	0.03499	0.03508	0.0348	0.03489	904617.0	31634.13554	t	validated	bybit_api
bybit	linear	MONUSDT	5	2026-10-04 04:05:00	2026-10-04 04:10:00	0.03489	0.03503	0.03483	0.03499	1939550.0	67681.73901	t	validated	bybit_api
bybit	linear	MONUSDT	5	2026-10-04 04:10:00	2026-10-04 04:15:00	0.03499	0.03513	0.03492	0.03508	864495.0	30268.11597	t	validated	bybit_api
bybit	linear	MONUSDT	5	2026-10-04 04:15:00	2026-10-04 04:20:00	0.03508	0.03533	0.03506	0.03522	2075236.0	73044.09846	t	validated	bybit_api
bybit	linear	MONUSDT	5	2026-10-04 04:20:00	2026-10-04 04:25:00	0.03522	0.03533	0.03516	0.03527	1320779.0	46571.54047	t	validated	bybit_api
bybit	linear	MONUSDT	5	2026-10-04 04:25:00	2026-10-04 04:30:00	0.03527	0.03538	0.03521	0.03535	1519703.0	53617.73071	t	validated	bybit_api
bybit	linear	MONUSDT	5	2026-10-04 04:30:00	2026-10-04 04:35:00	0.03535	0.03546	0.0352	0.03521	1727681.0	61107.12748	t	validated	bybit_api
bybit	linear	MONUSDT	5	2026-10-04 04:35:00	2026-10-04 04:40:00	0.03521	0.03525	0.0351	0.0352	1197748.0	42142.33192	t	validated	bybit_api
bybit	linear	MONUSDT	5	2026-10-04 04:40:00	2026-10-04 04:45:00	0.0352	0.03524	0.03484	0.03485	1989490.0	69775.88957	t	validated	bybit_api
bybit	linear	MONUSDT	5	2026-10-04 04:45:00	2026-10-04 04:50:00	0.03485	0.03496	0.03474	0.03478	3342126.0	116508.88419	t	validated	bybit_api
bybit	linear	MONUSDT	5	2026-10-04 04:50:00	2026-10-04 04:55:00	0.03478	0.03485	0.03459	0.03476	4427347.0	153651.29719	t	validated	bybit_api
bybit	linear	MONUSDT	5	2026-10-04 04:55:00	2026-10-04 05:00:00	0.03476	0.03485	0.03472	0.03475	733826.0	25523.93182	t	validated	bybit_api
bybit	linear	MONUSDT	5	2026-10-04 05:00:00	2026-10-04 05:05:00	0.03475	0.035	0.03475	0.03495	2202668.0	76878.6836	t	validated	bybit_api
bybit	linear	MONUSDT	5	2026-10-04 05:05:00	2026-10-04 05:10:00	0.03495	0.03509	0.03482	0.03482	2290621.0	80136.91297	t	validated	bybit_api
bybit	linear	MONUSDT	5	2026-10-04 05:10:00	2026-10-04 05:15:00	0.03482	0.03541	0.03476	0.03512	14427122.0	506687.54767	t	validated	bybit_api
bybit	linear	MONUSDT	5	2026-10-04 05:15:00	2026-10-04 05:20:00	0.03512	0.03521	0.03505	0.03514	2329184.0	81844.48147	t	validated	bybit_api
bybit	linear	MONUSDT	5	2026-10-04 05:20:00	2026-10-04 05:25:00	0.03514	0.03523	0.03501	0.03503	1861793.0	65433.06594	t	validated	bybit_api
bybit	linear	MONUSDT	5	2026-10-04 05:25:00	2026-10-04 05:30:00	0.03503	0.0351	0.03489	0.03491	2242244.0	78437.03377	t	validated	bybit_api
bybit	linear	MONUSDT	5	2026-10-04 05:30:00	2026-10-04 05:35:00	0.03491	0.0351	0.03477	0.03499	2324578.0	81181.04148	t	validated	bybit_api
bybit	linear	MONUSDT	5	2026-10-04 05:35:00	2026-10-04 05:40:00	0.03499	0.035	0.03478	0.03478	779351.0	27210.6533	t	validated	bybit_api
bybit	linear	MSTRUSDT	5	2026-10-02 00:20:00	2026-10-02 00:25:00	161.58	161.6	161.32	161.47	238.27	38474.1507	t	validated	bybit_api
bybit	linear	MSTRUSDT	5	2026-10-02 00:25:00	2026-10-02 00:30:00	161.47	161.48	161.13	161.16	68.72	11081.5605	t	validated	bybit_api
bybit	linear	MSTRUSDT	5	2026-10-02 00:30:00	2026-10-02 00:35:00	161.16	161.19	160.97	161.05	108.63	17499.8349	t	validated	bybit_api
bybit	linear	MSTRUSDT	5	2026-10-02 00:35:00	2026-10-02 00:40:00	161.05	161.19	160.91	160.91	383.81	61810.5316	t	validated	bybit_api
bybit	linear	MSTRUSDT	5	2026-10-02 00:40:00	2026-10-02 00:45:00	160.91	161.36	160.91	161.17	895.47	144300.4069	t	validated	bybit_api
bybit	linear	MSTRUSDT	5	2026-10-02 00:45:00	2026-10-02 00:50:00	161.17	161.26	160.91	161.12	189.55	30544.5973	t	validated	bybit_api
bybit	linear	MSTRUSDT	5	2026-10-02 00:50:00	2026-10-02 00:55:00	161.12	161.25	161.09	161.16	99.44	16026.6807	t	validated	bybit_api
bybit	linear	MSTRUSDT	5	2026-10-02 00:55:00	2026-10-02 01:00:00	161.16	161.18	160.92	161.09	879.25	141541.917	t	validated	bybit_api
bybit	linear	MSTRUSDT	5	2026-10-02 01:00:00	2026-10-02 01:05:00	161.09	161.12	160.75	160.77	197.65	31789.7301	t	validated	bybit_api
bybit	linear	MSTRUSDT	5	2026-10-02 01:05:00	2026-10-02 01:10:00	160.77	160.87	160.66	160.7	104.09	16732.7084	t	validated	bybit_api
bybit	linear	MSTRUSDT	5	2026-10-02 01:10:00	2026-10-02 01:15:00	160.7	160.72	160.5	160.63	247.67	39773.2978	t	validated	bybit_api
bybit	linear	MSTRUSDT	5	2026-10-02 01:15:00	2026-10-02 01:20:00	160.63	160.79	160.6	160.64	339.26	54520.4219	t	validated	bybit_api
bybit	linear	MSTRUSDT	5	2026-10-02 01:20:00	2026-10-02 01:25:00	160.64	160.66	160.17	160.65	161.5	25910.7203	t	validated	bybit_api
bybit	linear	MSTRUSDT	5	2026-10-02 01:25:00	2026-10-02 01:30:00	160.65	160.68	160.34	160.44	95.81	15381.3669	t	validated	bybit_api
bybit	linear	MSTRUSDT	5	2026-10-02 01:30:00	2026-10-02 01:35:00	160.44	160.54	160.23	160.24	212.25	34041.9865	t	validated	bybit_api
bybit	linear	MSTRUSDT	5	2026-10-02 01:35:00	2026-10-02 01:40:00	160.24	160.4	160.2	160.35	57.27	9181.4796	t	validated	bybit_api
bybit	linear	MSTRUSDT	5	2026-10-02 01:40:00	2026-10-02 01:45:00	160.35	160.35	160.21	160.24	64.95	10410.1567	t	validated	bybit_api
bybit	linear	MSTRUSDT	5	2026-10-02 01:45:00	2026-10-02 01:50:00	160.24	160.6	160.24	160.47	91.97	14755.5243	t	validated	bybit_api
bybit	linear	MSTRUSDT	5	2026-10-02 01:50:00	2026-10-02 01:55:00	160.47	161.53	160.47	161.15	390.15	62882.1459	t	validated	bybit_api
bybit	linear	MSTRUSDT	5	2026-10-02 01:55:00	2026-10-02 02:00:00	161.15	161.61	161.1	161.59	455.77	73611.636	t	validated	bybit_api
bybit	linear	MSTRUSDT	5	2026-10-02 02:00:00	2026-10-02 02:05:00	161.59	161.98	161.5	161.98	798.78	129060.1085	t	validated	bybit_api
bybit	linear	MSTRUSDT	5	2026-10-02 02:05:00	2026-10-02 02:10:00	161.98	162.27	161.97	162.23	4405.57	714172.5396	t	validated	bybit_api
bybit	linear	MSTRUSDT	5	2026-10-02 02:10:00	2026-10-02 02:15:00	162.23	162.32	162.02	162.06	4086.37	662746.7466	t	validated	bybit_api
bybit	linear	MSTRUSDT	5	2026-10-02 02:15:00	2026-10-02 02:20:00	162.06	162.06	161.92	161.93	2005.02	324694.9616	t	validated	bybit_api
bybit	linear	MSTRUSDT	5	2026-10-02 02:20:00	2026-10-02 02:25:00	161.93	161.95	161.68	161.7	2735.66	442692.5785	t	validated	bybit_api
bybit	linear	MSTRUSDT	5	2026-10-02 02:25:00	2026-10-02 02:30:00	161.7	161.77	161.68	161.69	1059.28	171277.9278	t	validated	bybit_api
bybit	linear	MSTRUSDT	5	2026-10-02 02:30:00	2026-10-02 02:35:00	161.69	161.78	161.43	161.61	3771.8	609538.0672	t	validated	bybit_api
bybit	linear	MSTRUSDT	5	2026-10-02 02:35:00	2026-10-02 02:40:00	161.61	161.68	161.51	161.56	74.59	12054.383	t	validated	bybit_api
bybit	linear	MSTRUSDT	5	2026-10-02 02:40:00	2026-10-02 02:45:00	161.56	162.03	161.5	162.03	550.01	88926.123	t	validated	bybit_api
bybit	linear	MSTRUSDT	5	2026-10-02 02:45:00	2026-10-02 02:50:00	162.03	162.34	162.03	162.34	354.95	57568.7033	t	validated	bybit_api
bybit	linear	MSTRUSDT	5	2026-10-02 02:50:00	2026-10-02 02:55:00	162.34	162.37	162.12	162.28	1490.33	241804.2426	t	validated	bybit_api
bybit	linear	MSTRUSDT	5	2026-10-02 02:55:00	2026-10-02 03:00:00	162.28	162.91	162.28	162.9	769.5	125149.262	t	validated	bybit_api
bybit	linear	MSTRUSDT	5	2026-10-02 03:00:00	2026-10-02 03:05:00	162.9	163.55	162.79	163.21	1365.3	222866.4161	t	validated	bybit_api
bybit	linear	MSTRUSDT	5	2026-10-02 03:05:00	2026-10-02 03:10:00	163.21	163.42	162.56	162.61	570.8	93083.4778	t	validated	bybit_api
bybit	linear	MSTRUSDT	5	2026-10-02 03:10:00	2026-10-02 03:15:00	162.61	163.16	162.61	162.94	508.48	82839.8079	t	validated	bybit_api
bybit	linear	MSTRUSDT	5	2026-10-02 03:15:00	2026-10-02 03:20:00	162.94	163.17	162.79	162.86	315.73	51464.3955	t	validated	bybit_api
bybit	linear	MSTRUSDT	5	2026-10-02 03:20:00	2026-10-02 03:25:00	162.86	162.97	162.67	162.79	305.24	49693.3042	t	validated	bybit_api
bybit	linear	MSTRUSDT	5	2026-10-02 03:25:00	2026-10-02 03:30:00	162.79	163.03	162.7	163.0	65.2	10622.9419	t	validated	bybit_api
bybit	linear	MSTRUSDT	5	2026-10-02 03:30:00	2026-10-02 03:35:00	163.0	163.85	162.93	163.5	16095.98	2631156.4502	t	validated	bybit_api
bybit	linear	MSTRUSDT	5	2026-10-02 03:35:00	2026-10-02 03:40:00	163.5	163.64	162.99	163.5	947.54	154794.335	t	validated	bybit_api
bybit	linear	MSTRUSDT	5	2026-10-02 03:40:00	2026-10-02 03:45:00	163.5	163.72	163.29	163.3	416.23	68036.2164	t	validated	bybit_api
bybit	linear	MSTRUSDT	5	2026-10-02 03:45:00	2026-10-02 03:50:00	163.3	163.5	163.19	163.19	165.22	26983.0545	t	validated	bybit_api
bybit	linear	MSTRUSDT	5	2026-10-02 03:50:00	2026-10-02 03:55:00	163.19	163.69	163.08	163.57	221.13	36121.0007	t	validated	bybit_api
bybit	linear	MSTRUSDT	5	2026-10-02 03:55:00	2026-10-02 04:00:00	163.57	163.79	163.5	163.58	291.42	47703.332	t	validated	bybit_api
bybit	linear	MSTRUSDT	5	2026-10-02 04:00:00	2026-10-02 04:05:00	163.58	164.11	163.58	164.06	391.56	64199.6324	t	validated	bybit_api
bybit	linear	MSTRUSDT	5	2026-10-02 04:05:00	2026-10-02 04:10:00	164.06	164.06	163.7	163.91	606.23	99315.739	t	validated	bybit_api
bybit	linear	MSTRUSDT	5	2026-10-02 04:10:00	2026-10-02 04:15:00	163.91	163.94	163.6	163.64	119.46	19566.5718	t	validated	bybit_api
bybit	linear	MSTRUSDT	5	2026-10-02 04:15:00	2026-10-02 04:20:00	163.64	164.7	163.64	164.46	849.43	139600.1417	t	validated	bybit_api
bybit	linear	MSTRUSDT	5	2026-10-02 04:20:00	2026-10-02 04:25:00	164.46	165.97	164.42	165.82	21732.79	3588288.8721	t	validated	bybit_api
bybit	linear	MSTRUSDT	5	2026-10-02 04:25:00	2026-10-02 04:30:00	165.82	167.01	165.63	166.96	1762.58	293071.3143	t	validated	bybit_api
bybit	linear	MSTRUSDT	5	2026-10-02 04:30:00	2026-10-02 04:35:00	166.96	167.2	165.89	165.93	943.57	157205.7436	t	validated	bybit_api
bybit	linear	MSTRUSDT	5	2026-10-02 04:35:00	2026-10-02 04:40:00	165.93	165.98	165.4	165.92	1575.03	260753.7307	t	validated	bybit_api
bybit	linear	MSTRUSDT	5	2026-10-02 04:40:00	2026-10-02 04:45:00	165.92	166.2	165.67	165.8	594.69	98644.516	t	validated	bybit_api
bybit	linear	MSTRUSDT	5	2026-10-02 04:45:00	2026-10-02 04:50:00	165.8	166.28	165.46	166.15	469.04	77849.4323	t	validated	bybit_api
bybit	linear	MSTRUSDT	5	2026-10-02 04:50:00	2026-10-02 04:55:00	166.15	166.35	165.88	165.9	517.25	85906.8631	t	validated	bybit_api
bybit	linear	MSTRUSDT	5	2026-10-02 04:55:00	2026-10-02 05:00:00	165.9	166.26	165.89	166.21	568.82	94459.6283	t	validated	bybit_api
bybit	linear	MSTRUSDT	5	2026-10-02 05:00:00	2026-10-02 05:05:00	166.21	166.21	165.86	165.98	241.56	40102.5076	t	validated	bybit_api
bybit	linear	MSTRUSDT	5	2026-10-02 05:05:00	2026-10-02 05:10:00	165.98	166.47	165.9	166.2	757.41	125781.7128	t	validated	bybit_api
bybit	linear	MSTRUSDT	5	2026-10-02 05:10:00	2026-10-02 05:15:00	166.2	166.33	165.9	165.99	496.52	82479.9097	t	validated	bybit_api
bybit	linear	MSTRUSDT	5	2026-10-02 05:15:00	2026-10-02 05:20:00	165.99	166.14	165.53	165.68	164.99	27347.5301	t	validated	bybit_api
bybit	linear	MSTRUSDT	5	2026-10-02 05:20:00	2026-10-02 05:25:00	165.68	165.75	165.46	165.52	134.9	22346.8058	t	validated	bybit_api
bybit	linear	MSTRUSDT	5	2026-10-02 05:25:00	2026-10-02 05:30:00	165.52	165.52	165.01	165.16	394.71	65200.8345	t	validated	bybit_api
bybit	linear	MSTRUSDT	5	2026-10-02 05:30:00	2026-10-02 05:35:00	165.16	165.24	164.89	165.02	366.94	60552.2714	t	validated	bybit_api
bybit	linear	MSTRUSDT	5	2026-10-02 05:35:00	2026-10-02 05:40:00	165.02	165.02	163.43	163.5	1475.34	241837.7884	t	validated	bybit_api
bybit	linear	MSTRUSDT	5	2026-10-02 05:40:00	2026-10-02 05:45:00	163.5	164.37	163.37	164.25	191.86	31479.9316	t	validated	bybit_api
bybit	linear	MSTRUSDT	5	2026-10-02 05:45:00	2026-10-02 05:50:00	164.25	164.38	163.81	163.91	129.73	21278.5997	t	validated	bybit_api
bybit	linear	MSTRUSDT	5	2026-10-02 05:50:00	2026-10-02 05:55:00	163.91	164.16	163.68	163.7	190.81	31279.5944	t	validated	bybit_api
bybit	linear	MSTRUSDT	5	2026-10-02 05:55:00	2026-10-02 06:00:00	163.7	164.01	163.7	163.89	301.85	49468.2125	t	validated	bybit_api
bybit	linear	MSTRUSDT	5	2026-10-02 06:00:00	2026-10-02 06:05:00	163.89	164.31	163.76	164.15	406.29	66672.246	t	validated	bybit_api
bybit	linear	MSTRUSDT	5	2026-10-02 06:05:00	2026-10-02 06:10:00	164.15	164.22	163.69	163.8	331.06	54298.0405	t	validated	bybit_api
bybit	linear	MSTRUSDT	5	2026-10-02 06:10:00	2026-10-02 06:15:00	163.8	164.32	163.73	163.82	127.22	20865.5979	t	validated	bybit_api
bybit	linear	MSTRUSDT	5	2026-10-02 06:15:00	2026-10-02 06:20:00	163.82	164.31	163.82	163.98	94.46	15497.5877	t	validated	bybit_api
bybit	linear	MSTRUSDT	5	2026-10-02 06:20:00	2026-10-02 06:25:00	163.98	164.46	163.95	164.27	288.21	47310.6051	t	validated	bybit_api
bybit	linear	MSTRUSDT	5	2026-10-02 06:25:00	2026-10-02 06:30:00	164.27	164.68	164.22	164.64	257.5	42345.7587	t	validated	bybit_api
bybit	linear	MSTRUSDT	5	2026-10-02 06:30:00	2026-10-02 06:35:00	164.64	164.94	164.4	164.91	410.02	67530.0284	t	validated	bybit_api
bybit	linear	MSTRUSDT	5	2026-10-02 12:35:00	2026-10-02 12:40:00	166.61	167.1	166.27	166.27	640.48	106719.7187	t	validated	bybit_api
bybit	linear	MSTRUSDT	5	2026-10-02 12:40:00	2026-10-02 12:45:00	166.27	166.33	164.35	164.96	2533.28	418390.7787	t	validated	bybit_api
bybit	linear	MSTRUSDT	5	2026-10-02 12:45:00	2026-10-02 12:50:00	164.96	166.11	164.91	165.96	1391.85	230495.9317	t	validated	bybit_api
bybit	linear	MSTRUSDT	5	2026-10-02 12:50:00	2026-10-02 12:55:00	165.96	166.66	165.84	166.66	689.49	114692.6955	t	validated	bybit_api
bybit	linear	MSTRUSDT	5	2026-10-02 12:55:00	2026-10-02 13:00:00	166.66	166.8	166.18	166.2	383.02	63751.38	t	validated	bybit_api
bybit	linear	MSTRUSDT	5	2026-10-02 13:00:00	2026-10-02 13:05:00	166.2	166.8	165.89	166.71	723.36	120507.7209	t	validated	bybit_api
bybit	linear	MSTRUSDT	5	2026-10-02 13:05:00	2026-10-02 13:10:00	166.71	166.83	166.37	166.5	433.52	72229.3973	t	validated	bybit_api
bybit	linear	MSTRUSDT	5	2026-10-02 13:10:00	2026-10-02 13:15:00	166.5	166.59	166.32	166.41	285.5	47521.4623	t	validated	bybit_api
bybit	linear	MSTRUSDT	5	2026-10-02 13:15:00	2026-10-02 13:20:00	166.41	166.46	165.86	166.05	278.59	46299.4204	t	validated	bybit_api
bybit	linear	MSTRUSDT	5	2026-10-02 13:20:00	2026-10-02 13:25:00	166.05	166.18	165.74	165.84	258.27	42852.5173	t	validated	bybit_api
bybit	linear	MSTRUSDT	5	2026-10-02 13:25:00	2026-10-02 13:30:00	165.84	166.16	165.84	166.01	848.44	140875.2821	t	validated	bybit_api
bybit	linear	MSTRUSDT	5	2026-10-02 13:30:00	2026-10-02 13:35:00	166.01	170.22	165.76	169.41	31878.63	5376442.5339	t	validated	bybit_api
bybit	linear	MSTRUSDT	5	2026-10-02 13:35:00	2026-10-02 13:40:00	169.41	169.89	168.51	169.49	3448.05	583588.7912	t	validated	bybit_api
bybit	linear	MSTRUSDT	5	2026-10-02 13:40:00	2026-10-02 13:45:00	169.49	169.91	168.44	169.16	2710.25	458233.042	t	validated	bybit_api
bybit	linear	MSTRUSDT	5	2026-10-02 13:45:00	2026-10-02 13:50:00	169.16	169.59	167.52	167.91	6107.85	1027946.172	t	validated	bybit_api
bybit	linear	MSTRUSDT	5	2026-10-02 13:50:00	2026-10-02 13:55:00	167.91	168.21	166.24	166.71	3456.15	577432.2662	t	validated	bybit_api
bybit	linear	MSTRUSDT	5	2026-10-02 13:55:00	2026-10-02 14:00:00	166.71	167.6	165.85	165.94	3095.56	516290.5422	t	validated	bybit_api
bybit	linear	MSTRUSDT	5	2026-10-02 14:00:00	2026-10-02 14:05:00	165.94	166.74	165.26	166.66	2056.76	341796.3567	t	validated	bybit_api
bybit	linear	MSTRUSDT	5	2026-10-02 14:05:00	2026-10-02 14:10:00	166.66	166.92	165.7	166.01	1354.41	225233.5498	t	validated	bybit_api
bybit	linear	MSTRUSDT	5	2026-10-02 14:10:00	2026-10-02 14:15:00	166.01	166.01	164.24	164.31	3539.98	584038.3606	t	validated	bybit_api
bybit	linear	MSTRUSDT	5	2026-10-02 14:15:00	2026-10-02 14:20:00	164.31	164.65	163.26	164.52	2132.87	349474.9568	t	validated	bybit_api
bybit	linear	MSTRUSDT	5	2026-10-02 14:20:00	2026-10-02 14:25:00	164.52	165.3	164.19	165.12	1443.06	237962.4316	t	validated	bybit_api
bybit	linear	MSTRUSDT	5	2026-10-02 14:25:00	2026-10-02 14:30:00	165.12	165.16	163.11	163.16	1709.4	280494.208	t	validated	bybit_api
bybit	linear	MSTRUSDT	5	2026-10-02 14:30:00	2026-10-02 14:35:00	163.16	163.17	161.19	161.43	17735.19	2879048.4332	t	validated	bybit_api
bybit	linear	MSTRUSDT	5	2026-10-02 14:35:00	2026-10-02 14:40:00	161.43	162.82	161.32	162.82	2800.34	453638.3782	t	validated	bybit_api
bybit	linear	MSTRUSDT	5	2026-10-02 14:40:00	2026-10-02 14:45:00	162.82	163.27	162.41	162.53	1943.77	316420.4609	t	validated	bybit_api
bybit	linear	MSTRUSDT	5	2026-10-02 14:45:00	2026-10-02 14:50:00	162.53	163.09	162.34	162.83	921.63	149858.0679	t	validated	bybit_api
bybit	linear	MSTRUSDT	5	2026-10-02 14:50:00	2026-10-02 14:55:00	162.83	162.87	161.05	161.15	1828.43	296250.5243	t	validated	bybit_api
bybit	linear	MSTRUSDT	5	2026-10-02 14:55:00	2026-10-02 15:00:00	161.15	161.69	160.86	161.05	1096.7	176838.8242	t	validated	bybit_api
bybit	linear	MSTRUSDT	5	2026-10-02 15:00:00	2026-10-02 15:05:00	161.05	161.42	160.6	160.93	6412.4	1034017.8752	t	validated	bybit_api
bybit	linear	MSTRUSDT	5	2026-10-02 15:05:00	2026-10-02 15:10:00	160.93	161.14	159.97	160.48	4301.85	691815.6355	t	validated	bybit_api
bybit	linear	MSTRUSDT	5	2026-10-02 15:10:00	2026-10-02 15:15:00	160.48	160.91	160.09	160.89	1002.61	160912.9512	t	validated	bybit_api
bybit	linear	MSTRUSDT	5	2026-10-02 15:15:00	2026-10-02 15:20:00	160.89	161.24	160.2	160.72	828.21	133080.3635	t	validated	bybit_api
bybit	linear	MSTRUSDT	5	2026-10-02 15:20:00	2026-10-02 15:25:00	160.72	160.85	160.02	160.07	649.4	104189.0748	t	validated	bybit_api
bybit	linear	MSTRUSDT	5	2026-10-02 15:25:00	2026-10-02 15:30:00	160.07	161.03	160.01	160.88	574.48	92289.4422	t	validated	bybit_api
bybit	linear	MSTRUSDT	5	2026-10-02 15:30:00	2026-10-02 15:35:00	160.88	160.97	160.49	160.56	469.62	75501.0102	t	validated	bybit_api
bybit	linear	MSTRUSDT	5	2026-10-02 15:35:00	2026-10-02 15:40:00	160.56	160.68	159.93	160.12	909.33	145725.0233	t	validated	bybit_api
bybit	linear	MSTRUSDT	5	2026-10-02 15:40:00	2026-10-02 15:45:00	160.12	160.28	159.71	159.87	1339.44	214299.2225	t	validated	bybit_api
bybit	linear	MSTRUSDT	5	2026-10-02 15:45:00	2026-10-02 15:50:00	159.87	160.11	159.4	160.01	2427.56	388101.0237	t	validated	bybit_api
bybit	linear	MSTRUSDT	5	2026-10-02 15:50:00	2026-10-02 15:55:00	160.01	160.19	159.55	159.73	590.79	94500.6885	t	validated	bybit_api
bybit	linear	MSTRUSDT	5	2026-10-02 15:55:00	2026-10-02 16:00:00	159.73	160.05	159.3	160.05	542.72	86646.5789	t	validated	bybit_api
bybit	linear	MSTRUSDT	5	2026-10-02 16:00:00	2026-10-02 16:05:00	160.05	160.46	159.71	159.98	2753.78	441086.1225	t	validated	bybit_api
bybit	linear	MSTRUSDT	5	2026-10-02 16:05:00	2026-10-02 16:10:00	159.98	160.07	159.57	159.78	346.98	55440.7424	t	validated	bybit_api
bybit	linear	MSTRUSDT	5	2026-10-02 16:10:00	2026-10-02 16:15:00	159.78	159.96	159.15	159.25	531.55	84692.7186	t	validated	bybit_api
bybit	linear	MSTRUSDT	5	2026-10-02 16:15:00	2026-10-02 16:20:00	159.25	159.87	159.25	159.83	3226.08	515046.0698	t	validated	bybit_api
bybit	linear	MSTRUSDT	5	2026-10-02 16:20:00	2026-10-02 16:25:00	159.83	160.11	159.69	159.81	3299.31	527560.2154	t	validated	bybit_api
bybit	linear	MSTRUSDT	5	2026-10-02 16:25:00	2026-10-02 16:30:00	159.81	160.3	159.48	159.64	323.36	51689.7248	t	validated	bybit_api
bybit	linear	MSTRUSDT	5	2026-10-02 16:30:00	2026-10-02 16:35:00	159.64	159.95	159.47	159.5	332.19	53054.5994	t	validated	bybit_api
bybit	linear	MSTRUSDT	5	2026-10-02 16:35:00	2026-10-02 16:40:00	159.5	159.92	159.5	159.57	108.55	17335.6797	t	validated	bybit_api
bybit	linear	MSTRUSDT	5	2026-10-02 16:40:00	2026-10-02 16:45:00	159.57	159.63	159.13	159.62	294.28	46899.6913	t	validated	bybit_api
bybit	linear	MSTRUSDT	5	2026-10-02 16:45:00	2026-10-02 16:50:00	159.62	159.68	159.17	159.34	159.9	25493.2003	t	validated	bybit_api
bybit	linear	MSTRUSDT	5	2026-10-02 16:50:00	2026-10-02 16:55:00	159.34	159.43	159.07	159.2	163.4	26014.5006	t	validated	bybit_api
bybit	linear	MSTRUSDT	5	2026-10-02 16:55:00	2026-10-02 17:00:00	159.2	159.53	159.05	159.37	149.9	23870.2925	t	validated	bybit_api
bybit	linear	MSTRUSDT	5	2026-10-02 17:00:00	2026-10-02 17:05:00	159.37	159.62	159.15	159.16	110.25	17578.864	t	validated	bybit_api
bybit	linear	MSTRUSDT	5	2026-10-02 17:05:00	2026-10-02 17:10:00	159.16	159.48	159.07	159.28	106.15	16904.8474	t	validated	bybit_api
bybit	linear	MSTRUSDT	5	2026-10-02 17:10:00	2026-10-02 17:15:00	159.28	159.31	158.4	158.65	792.9	126033.4904	t	validated	bybit_api
bybit	linear	MSTRUSDT	5	2026-10-02 17:15:00	2026-10-02 17:20:00	158.65	158.65	157.9	158.24	2830.46	447592.9207	t	validated	bybit_api
bybit	linear	MSTRUSDT	5	2026-10-02 17:20:00	2026-10-02 17:25:00	158.24	158.31	157.45	157.52	835.16	131799.4489	t	validated	bybit_api
bybit	linear	MSTRUSDT	5	2026-10-02 17:25:00	2026-10-02 17:30:00	157.52	157.67	157.33	157.39	1123.81	176984.134	t	validated	bybit_api
bybit	linear	MSTRUSDT	5	2026-10-02 17:30:00	2026-10-02 17:35:00	157.39	157.96	157.34	157.75	3066.19	483347.2855	t	validated	bybit_api
bybit	linear	MSTRUSDT	5	2026-10-02 17:35:00	2026-10-02 17:40:00	157.75	157.8	157.41	157.48	684.02	107840.9137	t	validated	bybit_api
bybit	linear	MSTRUSDT	5	2026-10-02 17:40:00	2026-10-02 17:45:00	157.48	157.6	157.18	157.52	499.52	78602.0708	t	validated	bybit_api
bybit	linear	MSTRUSDT	5	2026-10-02 17:45:00	2026-10-02 17:50:00	157.52	157.64	157.27	157.64	271.28	42725.2685	t	validated	bybit_api
bybit	linear	MSTRUSDT	5	2026-10-02 17:50:00	2026-10-02 17:55:00	157.64	157.81	157.32	157.49	555.05	87472.0704	t	validated	bybit_api
bybit	linear	MSTRUSDT	5	2026-10-02 17:55:00	2026-10-02 18:00:00	157.49	157.69	157.45	157.68	413.58	65170.7542	t	validated	bybit_api
bybit	linear	MSTRUSDT	5	2026-10-02 18:00:00	2026-10-02 18:05:00	157.68	157.88	157.45	157.63	365.66	57658.1024	t	validated	bybit_api
bybit	linear	MSTRUSDT	5	2026-10-02 18:05:00	2026-10-02 18:10:00	157.63	157.77	157.51	157.6	310.18	48900.5857	t	validated	bybit_api
bybit	linear	NEARUSDT	5	2026-10-05 19:30:00	2026-10-05 19:35:00	5.18	5.197	5.171	5.193	200226.3	1038317.2219	t	validated	bybit_api
bybit	linear	NEARUSDT	5	2026-10-05 19:35:00	2026-10-05 19:40:00	5.193	5.21	5.181	5.189	198834.5	1032852.1754	t	validated	bybit_api
bybit	linear	NEARUSDT	5	2026-10-05 19:40:00	2026-10-05 19:45:00	5.189	5.193	5.17	5.178	121416.6	628869.7405	t	validated	bybit_api
bybit	linear	NEARUSDT	5	2026-10-05 19:45:00	2026-10-05 19:50:00	5.178	5.178	5.162	5.162	71741.0	370815.4394	t	validated	bybit_api
bybit	linear	NEARUSDT	5	2026-10-05 19:50:00	2026-10-05 19:55:00	5.162	5.17	5.152	5.159	124489.3	642201.8871	t	validated	bybit_api
bybit	linear	NEARUSDT	5	2026-10-05 19:55:00	2026-10-05 20:00:00	5.159	5.194	5.153	5.19	135929.9	702639.2593	t	validated	bybit_api
bybit	linear	NEARUSDT	5	2026-10-05 20:00:00	2026-10-05 20:05:00	5.19	5.215	5.186	5.203	358013.2	1862935.9886	t	validated	bybit_api
bybit	linear	NEARUSDT	5	2026-10-05 20:05:00	2026-10-05 20:10:00	5.203	5.224	5.201	5.217	172227.3	897940.7113	t	validated	bybit_api
bybit	linear	NEARUSDT	5	2026-10-05 20:10:00	2026-10-05 20:15:00	5.217	5.233	5.201	5.211	123295.2	643510.1176	t	validated	bybit_api
bybit	linear	NEARUSDT	5	2026-10-05 20:15:00	2026-10-05 20:20:00	5.211	5.245	5.203	5.221	173168.3	904581.8946	t	validated	bybit_api
bybit	linear	NEARUSDT	5	2026-10-05 20:20:00	2026-10-05 20:25:00	5.221	5.222	5.201	5.203	107595.6	560342.3491	t	validated	bybit_api
bybit	linear	NEARUSDT	5	2026-10-05 20:25:00	2026-10-05 20:30:00	5.203	5.205	5.177	5.185	351757.8	1824820.8201	t	validated	bybit_api
bybit	linear	NEARUSDT	5	2026-10-05 20:30:00	2026-10-05 20:35:00	5.185	5.204	5.183	5.203	111967.1	581483.5637	t	validated	bybit_api
bybit	linear	NEARUSDT	5	2026-10-05 20:35:00	2026-10-05 20:40:00	5.203	5.227	5.202	5.212	100875.2	526015.8641	t	validated	bybit_api
bybit	linear	NEARUSDT	5	2026-10-05 20:40:00	2026-10-05 20:45:00	5.212	5.228	5.2	5.226	74192.6	386636.3381	t	validated	bybit_api
bybit	linear	NEARUSDT	5	2026-10-05 20:45:00	2026-10-05 20:50:00	5.226	5.249	5.226	5.241	165097.1	865083.3196	t	validated	bybit_api
bybit	linear	NEARUSDT	5	2026-10-05 20:50:00	2026-10-05 20:55:00	5.241	5.248	5.221	5.23	146456.9	766505.4338	t	validated	bybit_api
bybit	linear	NEARUSDT	5	2026-10-05 20:55:00	2026-10-05 21:00:00	5.23	5.26	5.221	5.254	186789.9	979494.7667	t	validated	bybit_api
bybit	linear	NEARUSDT	5	2026-10-05 21:00:00	2026-10-05 21:05:00	5.254	5.274	5.24	5.272	228133.9	1198366.4194	t	validated	bybit_api
bybit	linear	NEARUSDT	5	2026-10-05 21:05:00	2026-10-05 21:10:00	5.272	5.292	5.272	5.274	269709.3	1424358.3693	t	validated	bybit_api
bybit	linear	NEARUSDT	5	2026-10-05 21:10:00	2026-10-05 21:15:00	5.274	5.275	5.238	5.238	213327.4	1121672.3626	t	validated	bybit_api
bybit	linear	NEARUSDT	5	2026-10-05 21:15:00	2026-10-05 21:20:00	5.238	5.247	5.229	5.234	61044.9	319752.019	t	validated	bybit_api
bybit	linear	NEARUSDT	5	2026-10-05 21:20:00	2026-10-05 21:25:00	5.234	5.262	5.232	5.26	51968.6	272858.3165	t	validated	bybit_api
bybit	linear	NEARUSDT	5	2026-10-05 21:25:00	2026-10-05 21:30:00	5.26	5.296	5.255	5.289	259516.6	1369565.7677	t	validated	bybit_api
bybit	linear	NEARUSDT	5	2026-10-05 21:30:00	2026-10-05 21:35:00	5.289	5.3	5.278	5.296	167841.9	888313.3744	t	validated	bybit_api
bybit	linear	NEARUSDT	5	2026-10-05 21:35:00	2026-10-05 21:40:00	5.296	5.297	5.246	5.287	252424.4	1330597.27	t	validated	bybit_api
bybit	linear	NEARUSDT	5	2026-10-05 21:40:00	2026-10-05 21:45:00	5.287	5.289	5.271	5.279	103838.1	548516.6238	t	validated	bybit_api
bybit	linear	NEARUSDT	5	2026-10-05 21:45:00	2026-10-05 21:50:00	5.279	5.284	5.243	5.269	312059.5	1641749.39	t	validated	bybit_api
bybit	linear	NEARUSDT	5	2026-10-05 21:50:00	2026-10-05 21:55:00	5.269	5.275	5.248	5.269	55061.0	289774.1838	t	validated	bybit_api
bybit	linear	NEARUSDT	5	2026-10-05 21:55:00	2026-10-05 22:00:00	5.269	5.27	5.246	5.255	177271.6	931262.8253	t	validated	bybit_api
bybit	linear	NEARUSDT	5	2026-10-05 22:00:00	2026-10-05 22:05:00	5.255	5.282	5.249	5.279	136272.8	717670.3448	t	validated	bybit_api
bybit	linear	NEARUSDT	5	2026-10-05 22:05:00	2026-10-05 22:10:00	5.279	5.283	5.252	5.258	60661.1	319624.4914	t	validated	bybit_api
bybit	linear	NEARUSDT	5	2026-10-05 22:10:00	2026-10-05 22:15:00	5.258	5.267	5.255	5.257	72395.4	380896.5426	t	validated	bybit_api
bybit	linear	NEARUSDT	5	2026-10-05 22:15:00	2026-10-05 22:20:00	5.257	5.262	5.243	5.26	219077.6	1151414.4423	t	validated	bybit_api
bybit	linear	NEARUSDT	5	2026-10-05 22:20:00	2026-10-05 22:25:00	5.26	5.271	5.256	5.264	73962.2	389339.6065	t	validated	bybit_api
bybit	linear	NEARUSDT	5	2026-10-05 22:25:00	2026-10-05 22:30:00	5.264	5.278	5.255	5.266	98271.9	517653.1989	t	validated	bybit_api
bybit	linear	NEARUSDT	5	2026-10-05 22:30:00	2026-10-05 22:35:00	5.266	5.267	5.25	5.251	28446.6	149628.7882	t	validated	bybit_api
bybit	linear	NEARUSDT	5	2026-10-05 22:35:00	2026-10-05 22:40:00	5.251	5.261	5.242	5.261	104654.4	549439.1151	t	validated	bybit_api
bybit	linear	NEARUSDT	5	2026-10-05 22:40:00	2026-10-05 22:45:00	5.261	5.309	5.261	5.307	294840.5	1559832.843	t	validated	bybit_api
bybit	linear	NEARUSDT	5	2026-10-05 22:45:00	2026-10-05 22:50:00	5.307	5.324	5.287	5.291	291092.0	1544034.5713	t	validated	bybit_api
bybit	linear	NEARUSDT	5	2026-10-05 22:50:00	2026-10-05 22:55:00	5.291	5.317	5.263	5.298	200174.9	1057985.0205	t	validated	bybit_api
bybit	linear	NEARUSDT	5	2026-10-05 22:55:00	2026-10-05 23:00:00	5.298	5.299	5.281	5.281	75761.5	400742.8461	t	validated	bybit_api
bybit	linear	NEARUSDT	5	2026-10-05 23:00:00	2026-10-05 23:05:00	5.281	5.297	5.28	5.286	62793.4	332131.4995	t	validated	bybit_api
bybit	linear	NEARUSDT	5	2026-10-05 23:05:00	2026-10-05 23:10:00	5.286	5.286	5.268	5.274	83508.7	440618.786	t	validated	bybit_api
bybit	linear	NEARUSDT	5	2026-10-05 23:10:00	2026-10-05 23:15:00	5.274	5.274	5.191	5.201	628917.1	3281332.0123	t	validated	bybit_api
bybit	linear	NEARUSDT	5	2026-10-05 23:15:00	2026-10-05 23:20:00	5.201	5.206	5.188	5.2	164384.7	854361.4791	t	validated	bybit_api
bybit	linear	NEARUSDT	5	2026-10-05 23:20:00	2026-10-05 23:25:00	5.2	5.204	5.167	5.173	342761.9	1776242.0414	t	validated	bybit_api
bybit	linear	NEARUSDT	5	2026-10-05 23:25:00	2026-10-05 23:30:00	5.173	5.211	5.162	5.169	481037.6	2495763.5585	t	validated	bybit_api
bybit	linear	NILUSDT	5	2026-10-05 19:00:00	2026-10-05 19:05:00	0.10791	0.10949	0.10706	0.10907	1254790.0	135882.79174	t	validated	bybit_api
bybit	linear	NILUSDT	5	2026-10-05 19:05:00	2026-10-05 19:10:00	0.10907	0.1093	0.10743	0.1078	945164.0	102295.25832	t	validated	bybit_api
bybit	linear	NILUSDT	5	2026-10-05 19:10:00	2026-10-05 19:15:00	0.1078	0.10837	0.10601	0.108	3127136.0	334433.79237	t	validated	bybit_api
bybit	linear	NILUSDT	5	2026-10-05 19:15:00	2026-10-05 19:20:00	0.108	0.10923	0.1079	0.1087	1285133.0	139559.19245	t	validated	bybit_api
bybit	linear	NILUSDT	5	2026-10-05 19:20:00	2026-10-05 19:25:00	0.1087	0.11213	0.10823	0.11155	2795469.0	309482.63602	t	validated	bybit_api
bybit	linear	NILUSDT	5	2026-10-05 19:25:00	2026-10-05 19:30:00	0.11155	0.11191	0.11032	0.11033	1301191.0	144766.98137	t	validated	bybit_api
bybit	linear	NILUSDT	5	2026-10-05 19:30:00	2026-10-05 19:35:00	0.11033	0.11164	0.11003	0.11164	755446.0	83804.13666	t	validated	bybit_api
bybit	linear	NILUSDT	5	2026-10-05 19:35:00	2026-10-05 19:40:00	0.11164	0.11271	0.11019	0.1121	1349923.0	150782.96354	t	validated	bybit_api
bybit	linear	NILUSDT	5	2026-10-05 19:40:00	2026-10-05 19:45:00	0.1121	0.1124	0.11064	0.11096	1289965.0	144129.4552	t	validated	bybit_api
bybit	linear	NILUSDT	5	2026-10-05 19:45:00	2026-10-05 19:50:00	0.11096	0.11215	0.11086	0.11191	607585.0	67759.40858	t	validated	bybit_api
bybit	linear	NILUSDT	5	2026-10-05 19:50:00	2026-10-05 19:55:00	0.11191	0.11191	0.11107	0.11125	767571.0	85590.81164	t	validated	bybit_api
bybit	linear	NILUSDT	5	2026-10-05 19:55:00	2026-10-05 20:00:00	0.11125	0.112	0.11063	0.1107	814028.0	90705.6198	t	validated	bybit_api
bybit	linear	NILUSDT	5	2026-10-05 20:00:00	2026-10-05 20:05:00	0.1107	0.11136	0.10833	0.10998	2737963.0	299824.33186	t	validated	bybit_api
bybit	linear	NILUSDT	5	2026-10-05 20:05:00	2026-10-05 20:10:00	0.10998	0.1116	0.10959	0.11068	955535.0	105644.43202	t	validated	bybit_api
bybit	linear	NILUSDT	5	2026-10-05 20:10:00	2026-10-05 20:15:00	0.11068	0.11133	0.11041	0.1107	471244.0	52225.57557	t	validated	bybit_api
bybit	linear	NILUSDT	5	2026-10-05 20:15:00	2026-10-05 20:20:00	0.1107	0.11221	0.11052	0.1113	586615.0	65423.37169	t	validated	bybit_api
bybit	linear	NILUSDT	5	2026-10-05 20:20:00	2026-10-05 20:25:00	0.1113	0.11238	0.11079	0.11193	490976.0	54881.82406	t	validated	bybit_api
bybit	linear	NILUSDT	5	2026-10-05 20:25:00	2026-10-05 20:30:00	0.11193	0.11306	0.11162	0.11227	956546.0	107566.45981	t	validated	bybit_api
bybit	linear	NILUSDT	5	2026-10-05 20:30:00	2026-10-05 20:35:00	0.11227	0.1132	0.11129	0.11285	1239438.0	139160.04099	t	validated	bybit_api
bybit	linear	NILUSDT	5	2026-10-05 20:35:00	2026-10-05 20:40:00	0.11285	0.113	0.1117	0.11284	729185.0	81940.36429	t	validated	bybit_api
bybit	linear	NILUSDT	5	2026-10-05 20:40:00	2026-10-05 20:45:00	0.11284	0.11388	0.11254	0.11303	875576.0	99163.94261	t	validated	bybit_api
bybit	linear	NILUSDT	5	2026-10-05 20:45:00	2026-10-05 20:50:00	0.11303	0.11479	0.1128	0.11456	1058424.0	120609.14721	t	validated	bybit_api
bybit	linear	NILUSDT	5	2026-10-05 20:50:00	2026-10-05 20:55:00	0.11456	0.11642	0.11417	0.11542	1801695.0	207721.7884	t	validated	bybit_api
bybit	linear	NILUSDT	5	2026-10-05 20:55:00	2026-10-05 21:00:00	0.11542	0.11547	0.11305	0.11387	2076130.0	237132.50216	t	validated	bybit_api
bybit	linear	NILUSDT	5	2026-10-05 21:00:00	2026-10-05 21:05:00	0.11387	0.11519	0.11258	0.11499	1611556.0	183498.922	t	validated	bybit_api
bybit	linear	NILUSDT	5	2026-10-05 21:05:00	2026-10-05 21:10:00	0.11499	0.11675	0.11401	0.11469	2419818.0	279207.53403	t	validated	bybit_api
bybit	linear	NILUSDT	5	2026-10-05 21:10:00	2026-10-05 21:15:00	0.11469	0.11477	0.11262	0.11348	1494968.0	169490.13656	t	validated	bybit_api
bybit	linear	NILUSDT	5	2026-10-05 21:15:00	2026-10-05 21:20:00	0.11348	0.11376	0.11164	0.11263	2092020.0	235188.81255	t	validated	bybit_api
bybit	linear	NILUSDT	5	2026-10-05 21:20:00	2026-10-05 21:25:00	0.11263	0.11307	0.11141	0.11153	1551198.0	174053.01068	t	validated	bybit_api
bybit	linear	NILUSDT	5	2026-10-05 21:25:00	2026-10-05 21:30:00	0.11153	0.11353	0.1114	0.11341	942856.0	105715.81995	t	validated	bybit_api
bybit	linear	NILUSDT	5	2026-10-05 21:30:00	2026-10-05 21:35:00	0.11341	0.11423	0.11288	0.11406	915976.0	104116.27894	t	validated	bybit_api
bybit	linear	NILUSDT	5	2026-10-05 21:35:00	2026-10-05 21:40:00	0.11406	0.11406	0.11255	0.1127	643337.0	72933.67509	t	validated	bybit_api
bybit	linear	NILUSDT	5	2026-10-05 21:40:00	2026-10-05 21:45:00	0.1127	0.11311	0.11188	0.112	512798.0	57798.54595	t	validated	bybit_api
bybit	linear	NILUSDT	5	2026-10-05 21:45:00	2026-10-05 21:50:00	0.112	0.11242	0.10921	0.11059	2691683.0	296989.7744	t	validated	bybit_api
bybit	linear	NILUSDT	5	2026-10-05 21:50:00	2026-10-05 21:55:00	0.11059	0.11128	0.11006	0.11096	698088.0	77191.70297	t	validated	bybit_api
bybit	linear	NILUSDT	5	2026-10-05 21:55:00	2026-10-05 22:00:00	0.11096	0.11157	0.11061	0.11118	551427.0	61333.02948	t	validated	bybit_api
bybit	linear	NILUSDT	5	2026-10-05 22:00:00	2026-10-05 22:05:00	0.11118	0.11118	0.10963	0.11004	903990.0	99626.55249	t	validated	bybit_api
bybit	linear	NILUSDT	5	2026-10-05 22:05:00	2026-10-05 22:10:00	0.11004	0.11174	0.11004	0.11157	932688.0	103599.83137	t	validated	bybit_api
bybit	linear	NILUSDT	5	2026-10-05 22:10:00	2026-10-05 22:15:00	0.11157	0.11163	0.11014	0.11031	1083478.0	119865.01476	t	validated	bybit_api
bybit	linear	NILUSDT	5	2026-10-05 22:15:00	2026-10-05 22:20:00	0.11031	0.11051	0.10856	0.11026	1808142.0	198146.16716	t	validated	bybit_api
bybit	linear	NILUSDT	5	2026-10-05 22:20:00	2026-10-05 22:25:00	0.11026	0.11089	0.10983	0.11085	393136.0	43379.17838	t	validated	bybit_api
bybit	linear	NILUSDT	5	2026-10-05 22:25:00	2026-10-05 22:30:00	0.11085	0.11106	0.11025	0.11092	465198.0	51465.06996	t	validated	bybit_api
bybit	linear	NILUSDT	5	2026-10-05 22:30:00	2026-10-05 22:35:00	0.11092	0.11176	0.11014	0.11062	1101250.0	122386.49492	t	validated	bybit_api
bybit	linear	NILUSDT	5	2026-10-05 22:35:00	2026-10-05 22:40:00	0.11062	0.11089	0.10934	0.1095	1073974.0	118091.36476	t	validated	bybit_api
bybit	linear	NILUSDT	5	2026-10-05 22:40:00	2026-10-05 22:45:00	0.1095	0.11021	0.10911	0.10959	528632.0	58049.3029	t	validated	bybit_api
bybit	linear	NILUSDT	5	2026-10-05 22:45:00	2026-10-05 22:50:00	0.10959	0.11038	0.10852	0.10926	1952542.0	213152.59286	t	validated	bybit_api
bybit	linear	NMRUSDT	5	2026-10-07 03:55:00	2026-10-07 04:00:00	16.899	17.01	16.608	16.688	21290.2	357749.3337	t	validated	bybit_api
bybit	linear	NMRUSDT	5	2026-10-07 04:00:00	2026-10-07 04:05:00	16.688	16.799	16.405	16.708	31811.0	526640.5764	t	validated	bybit_api
bybit	linear	NMRUSDT	5	2026-10-07 04:05:00	2026-10-07 04:10:00	16.708	16.97	16.703	16.808	14626.8	246509.5088	t	validated	bybit_api
bybit	linear	NMRUSDT	5	2026-10-07 04:10:00	2026-10-07 04:15:00	16.808	16.818	16.634	16.738	9094.3	152110.9835	t	validated	bybit_api
bybit	linear	NMRUSDT	5	2026-10-07 04:15:00	2026-10-07 04:20:00	16.738	16.981	16.737	16.957	11632.2	196089.5111	t	validated	bybit_api
bybit	linear	NMRUSDT	5	2026-10-07 04:20:00	2026-10-07 04:25:00	16.957	17.036	16.849	16.859	10541.9	178633.2	t	validated	bybit_api
bybit	linear	NMRUSDT	5	2026-10-07 04:25:00	2026-10-07 04:30:00	16.859	16.877	16.731	16.842	7426.5	124765.9587	t	validated	bybit_api
bybit	linear	NMRUSDT	5	2026-10-07 04:30:00	2026-10-07 04:35:00	16.842	17.133	16.823	17.038	17361.6	295615.9439	t	validated	bybit_api
bybit	linear	NMRUSDT	5	2026-10-07 04:35:00	2026-10-07 04:40:00	17.038	17.712	17.037	17.572	37090.8	642956.1391	t	validated	bybit_api
bybit	linear	NMRUSDT	5	2026-10-07 04:40:00	2026-10-07 04:45:00	17.572	17.87	17.556	17.711	51086.4	905915.8157	t	validated	bybit_api
bybit	linear	NMRUSDT	5	2026-10-07 04:45:00	2026-10-07 04:50:00	17.711	18.0	17.457	17.49	51819.2	919537.0861	t	validated	bybit_api
bybit	linear	NMRUSDT	5	2026-10-07 04:50:00	2026-10-07 04:55:00	17.49	17.609	17.351	17.49	27053.1	472489.7482	t	validated	bybit_api
bybit	linear	NMRUSDT	5	2026-10-07 04:55:00	2026-10-07 05:00:00	17.49	17.812	17.47	17.614	27446.0	483958.9477	t	validated	bybit_api
bybit	linear	NMRUSDT	5	2026-10-07 05:00:00	2026-10-07 05:05:00	17.614	17.694	17.368	17.51	29071.2	510315.9322	t	validated	bybit_api
bybit	linear	NMRUSDT	5	2026-10-07 05:05:00	2026-10-07 05:10:00	17.51	17.565	17.342	17.417	12586.8	219663.7059	t	validated	bybit_api
bybit	linear	NMRUSDT	5	2026-10-07 05:10:00	2026-10-07 05:15:00	17.417	17.558	17.254	17.302	19658.6	341711.3378	t	validated	bybit_api
bybit	linear	NMRUSDT	5	2026-10-07 05:15:00	2026-10-07 05:20:00	17.302	17.386	17.059	17.211	26938.5	463254.1175	t	validated	bybit_api
bybit	linear	NMRUSDT	5	2026-10-07 05:20:00	2026-10-07 05:25:00	17.211	17.309	17.088	17.227	16268.6	280104.8965	t	validated	bybit_api
bybit	linear	NMRUSDT	5	2026-10-07 05:25:00	2026-10-07 05:30:00	17.227	17.28	17.071	17.176	15093.3	259018.7051	t	validated	bybit_api
bybit	linear	NMRUSDT	5	2026-10-07 05:30:00	2026-10-07 05:35:00	17.176	17.523	17.168	17.184	21841.9	378251.959	t	validated	bybit_api
bybit	linear	NMRUSDT	5	2026-10-07 05:35:00	2026-10-07 05:40:00	17.184	17.297	16.947	17.237	24291.6	416163.1531	t	validated	bybit_api
bybit	linear	NMRUSDT	5	2026-10-07 05:40:00	2026-10-07 05:45:00	17.237	17.539	17.217	17.341	18226.8	317114.8471	t	validated	bybit_api
bybit	linear	NMRUSDT	5	2026-10-07 05:45:00	2026-10-07 05:50:00	17.341	17.578	17.326	17.343	18746.5	327206.5928	t	validated	bybit_api
bybit	linear	NMRUSDT	5	2026-10-07 05:50:00	2026-10-07 05:55:00	17.343	17.343	16.938	17.026	24880.7	426748.5725	t	validated	bybit_api
bybit	linear	NMRUSDT	5	2026-10-07 05:55:00	2026-10-07 06:00:00	17.026	17.106	16.85	17.016	20016.5	339779.0804	t	validated	bybit_api
bybit	linear	NMRUSDT	5	2026-10-07 06:00:00	2026-10-07 06:05:00	17.016	17.118	16.758	16.845	37228.2	631479.4438	t	validated	bybit_api
bybit	linear	NMRUSDT	5	2026-10-07 06:05:00	2026-10-07 06:10:00	16.845	17.186	16.845	17.108	13521.1	229986.327	t	validated	bybit_api
bybit	linear	NMRUSDT	5	2026-10-07 06:10:00	2026-10-07 06:15:00	17.108	17.179	16.831	16.879	12317.8	209563.4891	t	validated	bybit_api
bybit	linear	NMRUSDT	5	2026-10-07 06:15:00	2026-10-07 06:20:00	16.879	16.999	16.713	16.885	21583.8	363657.2267	t	validated	bybit_api
bybit	linear	NMRUSDT	5	2026-10-07 06:20:00	2026-10-07 06:25:00	16.885	16.935	16.602	16.922	18266.8	306521.0072	t	validated	bybit_api
bybit	linear	NMRUSDT	5	2026-10-07 06:25:00	2026-10-07 06:30:00	16.922	16.923	16.644	16.696	16860.2	282472.4462	t	validated	bybit_api
bybit	linear	NMRUSDT	5	2026-10-07 06:30:00	2026-10-07 06:35:00	16.696	16.747	16.605	16.693	14912.2	248378.5581	t	validated	bybit_api
bybit	linear	NMRUSDT	5	2026-10-07 06:35:00	2026-10-07 06:40:00	16.693	16.842	16.5	16.539	21481.6	357691.2211	t	validated	bybit_api
bybit	linear	NMRUSDT	5	2026-10-07 06:40:00	2026-10-07 06:45:00	16.539	16.761	16.396	16.75	32277.7	534066.622	t	validated	bybit_api
bybit	linear	NMRUSDT	5	2026-10-07 06:45:00	2026-10-07 06:50:00	16.75	16.795	16.184	16.419	44701.3	735523.7617	t	validated	bybit_api
bybit	linear	NMRUSDT	5	2026-10-07 06:50:00	2026-10-07 06:55:00	16.419	16.556	16.401	16.495	13671.5	225372.8643	t	validated	bybit_api
bybit	linear	NMRUSDT	5	2026-10-07 06:55:00	2026-10-07 07:00:00	16.495	16.627	16.477	16.589	7557.1	125112.6658	t	validated	bybit_api
bybit	linear	NMRUSDT	5	2026-10-07 07:00:00	2026-10-07 07:05:00	16.589	16.676	16.478	16.662	11332.0	187697.9291	t	validated	bybit_api
bybit	linear	ORCAUSDT	5	2026-10-06 06:50:00	2026-10-06 06:55:00	2.4837	2.511	2.4723	2.5072	53845.6	134202.18787	t	validated	bybit_api
bybit	linear	ORCAUSDT	5	2026-10-06 06:55:00	2026-10-06 07:00:00	2.5072	2.5327	2.4989	2.526	62970.2	158356.48476	t	validated	bybit_api
bybit	linear	ORCAUSDT	5	2026-10-06 07:00:00	2026-10-06 07:05:00	2.526	2.5299	2.492	2.5131	66685.8	167532.06917	t	validated	bybit_api
bybit	linear	ORCAUSDT	5	2026-10-06 07:05:00	2026-10-06 07:10:00	2.5131	2.5693	2.505	2.5311	188090.0	476168.41985	t	validated	bybit_api
bybit	linear	ORCAUSDT	5	2026-10-06 07:10:00	2026-10-06 07:15:00	2.5311	2.5333	2.513	2.5282	43606.3	110117.01003	t	validated	bybit_api
bybit	linear	ORCAUSDT	5	2026-10-06 07:15:00	2026-10-06 07:20:00	2.5282	2.531	2.4823	2.494	82437.3	206246.71572	t	validated	bybit_api
bybit	linear	ORCAUSDT	5	2026-10-06 07:20:00	2026-10-06 07:25:00	2.494	2.5105	2.4811	2.5037	30864.7	76975.32873	t	validated	bybit_api
bybit	linear	ORCAUSDT	5	2026-10-06 07:25:00	2026-10-06 07:30:00	2.5037	2.5251	2.4889	2.4928	32861.6	82295.40991	t	validated	bybit_api
bybit	linear	ORCAUSDT	5	2026-10-06 07:30:00	2026-10-06 07:35:00	2.4928	2.5242	2.4754	2.5242	70063.4	174799.59463	t	validated	bybit_api
bybit	linear	ORCAUSDT	5	2026-10-06 07:35:00	2026-10-06 07:40:00	2.5242	2.525	2.4816	2.4914	48409.6	121149.19849	t	validated	bybit_api
bybit	linear	ORCAUSDT	5	2026-10-06 07:40:00	2026-10-06 07:45:00	2.4914	2.498	2.4711	2.495	30086.5	74805.98989	t	validated	bybit_api
bybit	linear	ORCAUSDT	5	2026-10-06 07:45:00	2026-10-06 07:50:00	2.495	2.511	2.49	2.5013	29854.9	74674.30147	t	validated	bybit_api
bybit	linear	ORCAUSDT	5	2026-10-06 07:50:00	2026-10-06 07:55:00	2.5013	2.5121	2.4933	2.4976	42070.8	105194.64672	t	validated	bybit_api
bybit	linear	ORCAUSDT	5	2026-10-06 07:55:00	2026-10-06 08:00:00	2.4976	2.51	2.4777	2.5046	23117.0	57667.98771	t	validated	bybit_api
bybit	linear	ORCAUSDT	5	2026-10-06 08:00:00	2026-10-06 08:05:00	2.5046	2.515	2.4459	2.4649	80678.3	199382.51023	t	validated	bybit_api
bybit	linear	ORCAUSDT	5	2026-10-06 08:05:00	2026-10-06 08:10:00	2.4649	2.4822	2.4453	2.4773	45092.4	111246.18996	t	validated	bybit_api
bybit	linear	ORCAUSDT	5	2026-10-06 08:10:00	2026-10-06 08:15:00	2.4773	2.4847	2.472	2.4762	27254.6	67553.15974	t	validated	bybit_api
bybit	linear	ORCAUSDT	5	2026-10-06 08:15:00	2026-10-06 08:20:00	2.4762	2.5072	2.4709	2.4989	25131.4	62568.52651	t	validated	bybit_api
bybit	linear	ORCAUSDT	5	2026-10-06 08:20:00	2026-10-06 08:25:00	2.4989	2.5525	2.494	2.5368	125094.7	315687.20318	t	validated	bybit_api
bybit	linear	ORCAUSDT	5	2026-10-06 08:25:00	2026-10-06 08:30:00	2.5368	2.5368	2.5013	2.5039	37005.4	93339.49644	t	validated	bybit_api
bybit	linear	ORCAUSDT	5	2026-10-06 08:30:00	2026-10-06 08:35:00	2.5039	2.5449	2.4976	2.5166	62930.4	158777.18433	t	validated	bybit_api
bybit	linear	ORCAUSDT	5	2026-10-06 08:35:00	2026-10-06 08:40:00	2.5166	2.5404	2.5062	2.536	36956.4	93303.21743	t	validated	bybit_api
bybit	linear	ORCAUSDT	5	2026-10-06 08:40:00	2026-10-06 08:45:00	2.536	2.5377	2.4894	2.5079	41045.3	103002.12756	t	validated	bybit_api
bybit	linear	ORCAUSDT	5	2026-10-06 08:45:00	2026-10-06 08:50:00	2.5079	2.5888	2.5026	2.5578	147719.9	378461.82843	t	validated	bybit_api
bybit	linear	ORCAUSDT	5	2026-10-06 08:50:00	2026-10-06 08:55:00	2.5578	2.5765	2.5404	2.5541	79535.9	203297.14603	t	validated	bybit_api
bybit	linear	ORCAUSDT	5	2026-10-06 08:55:00	2026-10-06 09:00:00	2.5541	2.5766	2.545	2.5636	72461.4	185773.38452	t	validated	bybit_api
bybit	linear	ORCAUSDT	5	2026-10-06 09:00:00	2026-10-06 09:05:00	2.5636	2.6081	2.5519	2.5989	151333.0	391757.94515	t	validated	bybit_api
bybit	linear	ORCAUSDT	5	2026-10-06 09:05:00	2026-10-06 09:10:00	2.5989	2.6506	2.5885	2.6419	173931.4	456909.61428	t	validated	bybit_api
bybit	linear	ORCAUSDT	5	2026-10-06 09:10:00	2026-10-06 09:15:00	2.6419	2.6839	2.6412	2.6728	264992.0	707027.89837	t	validated	bybit_api
bybit	linear	ORCAUSDT	5	2026-10-06 09:15:00	2026-10-06 09:20:00	2.6728	2.7017	2.65	2.6558	203050.5	543437.61651	t	validated	bybit_api
bybit	linear	ORCAUSDT	5	2026-10-06 09:20:00	2026-10-06 09:25:00	2.6558	2.6784	2.6118	2.6624	185393.9	490410.39687	t	validated	bybit_api
bybit	linear	ORCAUSDT	5	2026-10-06 09:25:00	2026-10-06 09:30:00	2.6624	2.6799	2.6483	2.6663	89698.7	239094.85877	t	validated	bybit_api
bybit	linear	ORCAUSDT	5	2026-10-06 09:30:00	2026-10-06 09:35:00	2.6663	2.6774	2.6177	2.635	118574.0	313927.99919	t	validated	bybit_api
bybit	linear	ORCAUSDT	5	2026-10-06 09:35:00	2026-10-06 09:40:00	2.635	2.6372	2.6039	2.6269	86130.2	225990.00384	t	validated	bybit_api
bybit	linear	ORCAUSDT	5	2026-10-06 09:40:00	2026-10-06 09:45:00	2.6269	2.6336	2.6123	2.629	47817.0	125416.37888	t	validated	bybit_api
bybit	linear	ORCAUSDT	5	2026-10-06 09:45:00	2026-10-06 09:50:00	2.629	2.6418	2.5744	2.5943	163094.2	423928.07605	t	validated	bybit_api
bybit	linear	ORCAUSDT	5	2026-10-06 09:50:00	2026-10-06 09:55:00	2.5943	2.6067	2.5634	2.5997	66297.3	171314.05727	t	validated	bybit_api
bybit	linear	ORCAUSDT	5	2026-10-06 09:55:00	2026-10-06 10:00:00	2.5997	2.6074	2.5607	2.5709	74727.2	193275.68273	t	validated	bybit_api
bybit	linear	ORCAUSDT	5	2026-10-06 10:00:00	2026-10-06 10:05:00	2.5709	2.587	2.5381	2.5456	106829.5	273574.22791	t	validated	bybit_api
bybit	linear	ORCAUSDT	5	2026-10-06 10:05:00	2026-10-06 10:10:00	2.5456	2.5602	2.5269	2.5329	82653.0	210085.6056	t	validated	bybit_api
bybit	linear	ORCAUSDT	5	2026-10-06 10:10:00	2026-10-06 10:15:00	2.5329	2.5712	2.5223	2.5697	66993.2	170818.91455	t	validated	bybit_api
bybit	linear	ORCAUSDT	5	2026-10-06 10:15:00	2026-10-06 10:20:00	2.5697	2.5754	2.5569	2.5569	36925.1	94669.14511	t	validated	bybit_api
bybit	linear	ORCAUSDT	5	2026-10-06 10:20:00	2026-10-06 10:25:00	2.5569	2.5647	2.5384	2.5448	42887.4	109423.00888	t	validated	bybit_api
bybit	linear	ORCAUSDT	5	2026-10-06 10:25:00	2026-10-06 10:30:00	2.5448	2.5722	2.5342	2.5656	43884.3	112198.0874	t	validated	bybit_api
bybit	linear	ORCAUSDT	5	2026-10-06 10:30:00	2026-10-06 10:35:00	2.5656	2.5977	2.5509	2.5958	54277.3	139879.65203	t	validated	bybit_api
bybit	linear	ORCAUSDT	5	2026-10-06 10:35:00	2026-10-06 10:40:00	2.5958	2.5999	2.5569	2.5664	109161.9	282029.81697	t	validated	bybit_api
bybit	linear	ORCAUSDT	5	2026-10-06 10:40:00	2026-10-06 10:45:00	2.5664	2.5672	2.5322	2.5566	68231.0	174022.10242	t	validated	bybit_api
bybit	linear	ORCAUSDT	5	2026-10-06 10:45:00	2026-10-06 10:50:00	2.5566	2.5641	2.5198	2.5442	127333.9	323534.43013	t	validated	bybit_api
bybit	linear	ORCAUSDT	5	2026-10-06 10:50:00	2026-10-06 10:55:00	2.5442	2.5541	2.5359	2.551	27064.5	68884.18154	t	validated	bybit_api
bybit	linear	ORCAUSDT	5	2026-10-06 10:55:00	2026-10-06 11:00:00	2.551	2.559	2.5412	2.5563	26361.6	67284.6363	t	validated	bybit_api
bybit	linear	ORCAUSDT	5	2026-10-06 11:00:00	2026-10-06 11:05:00	2.5563	2.5922	2.552	2.5855	73456.7	188907.86176	t	validated	bybit_api
bybit	linear	ORCAUSDT	5	2026-10-06 11:05:00	2026-10-06 11:10:00	2.5855	2.6165	2.5814	2.5967	89579.6	232695.37726	t	validated	bybit_api
bybit	linear	ORCAUSDT	5	2026-10-06 11:10:00	2026-10-06 11:15:00	2.5967	2.6227	2.5873	2.6169	46671.6	121673.8711	t	validated	bybit_api
bybit	linear	ORCAUSDT	5	2026-10-06 11:15:00	2026-10-06 11:20:00	2.6169	2.6334	2.5999	2.6072	86663.5	226911.56794	t	validated	bybit_api
bybit	linear	ORCAUSDT	5	2026-10-06 11:20:00	2026-10-06 11:25:00	2.6072	2.6674	2.6067	2.6445	117095.8	309064.30912	t	validated	bybit_api
bybit	linear	ORCAUSDT	5	2026-10-06 11:25:00	2026-10-06 11:30:00	2.6445	2.7337	2.6436	2.726	210934.8	569320.72781	t	validated	bybit_api
bybit	linear	ORCAUSDT	5	2026-10-06 11:30:00	2026-10-06 11:35:00	2.726	2.7566	2.686	2.7013	273796.8	746117.49864	t	validated	bybit_api
bybit	linear	ORCAUSDT	5	2026-10-06 11:35:00	2026-10-06 11:40:00	2.7013	2.7118	2.6176	2.6255	193938.0	515750.81291	t	validated	bybit_api
bybit	linear	ORCAUSDT	5	2026-10-06 11:40:00	2026-10-06 11:45:00	2.6255	2.6316	2.577	2.5958	131366.1	342484.41768	t	validated	bybit_api
bybit	linear	ORCAUSDT	5	2026-10-06 11:45:00	2026-10-06 11:50:00	2.5958	2.5979	2.5547	2.568	109308.9	281413.59831	t	validated	bybit_api
bybit	linear	ORCAUSDT	5	2026-10-06 11:50:00	2026-10-06 11:55:00	2.568	2.5769	2.5549	2.5594	71748.2	184097.5657	t	validated	bybit_api
bybit	linear	ORCAUSDT	5	2026-10-06 11:55:00	2026-10-06 12:00:00	2.5594	2.5804	2.5466	2.5786	70302.5	180040.83017	t	validated	bybit_api
bybit	linear	ORCAUSDT	5	2026-10-06 12:00:00	2026-10-06 12:05:00	2.5786	2.6053	2.557	2.5715	124349.5	321221.8781	t	validated	bybit_api
bybit	linear	ORCAUSDT	5	2026-10-06 12:05:00	2026-10-06 12:10:00	2.5715	2.5896	2.5612	2.5806	61459.4	158546.01966	t	validated	bybit_api
bybit	linear	ORCAUSDT	5	2026-10-06 12:10:00	2026-10-06 12:15:00	2.5806	2.6071	2.5716	2.6023	90120.4	233637.91726	t	validated	bybit_api
bybit	linear	ORCAUSDT	5	2026-10-06 12:15:00	2026-10-06 12:20:00	2.6023	2.611	2.5624	2.5717	87527.4	226268.04343	t	validated	bybit_api
bybit	linear	ORCAUSDT	5	2026-10-06 12:20:00	2026-10-06 12:25:00	2.5717	2.5739	2.5382	2.5578	100700.7	257113.98304	t	validated	bybit_api
bybit	linear	ORCAUSDT	5	2026-10-06 12:25:00	2026-10-06 12:30:00	2.5578	2.5681	2.4667	2.505	278795.5	699310.46912	t	validated	bybit_api
bybit	linear	ORCAUSDT	5	2026-10-06 12:30:00	2026-10-06 12:35:00	2.505	2.5062	2.4791	2.4949	97489.1	243035.87523	t	validated	bybit_api
bybit	linear	ORCAUSDT	5	2026-10-06 12:35:00	2026-10-06 12:40:00	2.4949	2.5049	2.4876	2.4987	76650.3	191387.57397	t	validated	bybit_api
bybit	linear	ORCAUSDT	5	2026-10-06 12:40:00	2026-10-06 12:45:00	2.4987	2.5324	2.48	2.5284	59967.2	150251.30852	t	validated	bybit_api
bybit	linear	ORCAUSDT	5	2026-10-06 12:45:00	2026-10-06 12:50:00	2.5284	2.5291	2.509	2.519	39224.7	98756.327	t	validated	bybit_api
bybit	linear	PONSUSDT	5	2026-10-06 18:45:00	2026-10-06 18:50:00	0.419	0.4194	0.4175	0.4179	95944.0	40128.0871	t	validated	bybit_api
bybit	linear	PONSUSDT	5	2026-10-06 18:50:00	2026-10-06 18:55:00	0.4179	0.42	0.4176	0.4196	128974.0	53992.8676	t	validated	bybit_api
bybit	linear	PONSUSDT	5	2026-10-06 18:55:00	2026-10-06 19:00:00	0.4196	0.4199	0.4167	0.4177	146880.0	61439.1512	t	validated	bybit_api
bybit	linear	PONSUSDT	5	2026-10-06 19:00:00	2026-10-06 19:05:00	0.4177	0.4192	0.4133	0.414	301900.0	125641.1192	t	validated	bybit_api
bybit	linear	PONSUSDT	5	2026-10-06 19:05:00	2026-10-06 19:10:00	0.414	0.415	0.4107	0.4119	171395.0	70686.0224	t	validated	bybit_api
bybit	linear	PONSUSDT	5	2026-10-06 19:10:00	2026-10-06 19:15:00	0.4119	0.4123	0.4093	0.4099	140475.0	57625.0437	t	validated	bybit_api
bybit	linear	PONSUSDT	5	2026-10-06 19:15:00	2026-10-06 19:20:00	0.4099	0.4099	0.407	0.408	336756.0	137409.8898	t	validated	bybit_api
bybit	linear	PONSUSDT	5	2026-10-06 19:20:00	2026-10-06 19:25:00	0.408	0.4081	0.4025	0.4042	592357.0	239756.5689	t	validated	bybit_api
bybit	linear	PONSUSDT	5	2026-10-06 19:25:00	2026-10-06 19:30:00	0.4042	0.4047	0.4019	0.4044	218296.0	87999.3066	t	validated	bybit_api
bybit	linear	PONSUSDT	5	2026-10-06 19:30:00	2026-10-06 19:35:00	0.4044	0.4065	0.4044	0.4044	375218.0	152196.1773	t	validated	bybit_api
bybit	linear	PONSUSDT	5	2026-10-06 19:35:00	2026-10-06 19:40:00	0.4044	0.406	0.4039	0.4058	63406.0	25706.0939	t	validated	bybit_api
bybit	linear	PONSUSDT	5	2026-10-06 19:40:00	2026-10-06 19:45:00	0.4058	0.4059	0.4049	0.4055	39028.0	15823.6273	t	validated	bybit_api
bybit	linear	PONSUSDT	5	2026-10-06 19:45:00	2026-10-06 19:50:00	0.4055	0.408	0.4053	0.4074	52591.0	21402.7453	t	validated	bybit_api
bybit	linear	PONSUSDT	5	2026-10-06 19:50:00	2026-10-06 19:55:00	0.4074	0.4075	0.4056	0.4073	53811.0	21885.1521	t	validated	bybit_api
bybit	linear	PONSUSDT	5	2026-10-06 19:55:00	2026-10-06 20:00:00	0.4073	0.4087	0.4068	0.4068	107802.0	43989.7015	t	validated	bybit_api
bybit	linear	PONSUSDT	5	2026-10-06 20:00:00	2026-10-06 20:05:00	0.4068	0.4089	0.4067	0.4086	153874.0	62751.0364	t	validated	bybit_api
bybit	linear	PONSUSDT	5	2026-10-06 20:05:00	2026-10-06 20:10:00	0.4086	0.4097	0.4077	0.4087	60479.0	24710.2293	t	validated	bybit_api
bybit	linear	PONSUSDT	5	2026-10-06 20:10:00	2026-10-06 20:15:00	0.4087	0.4092	0.4062	0.4071	138607.0	56548.8599	t	validated	bybit_api
bybit	linear	PONSUSDT	5	2026-10-06 20:15:00	2026-10-06 20:20:00	0.4071	0.4099	0.4069	0.4075	72122.0	29475.1431	t	validated	bybit_api
bybit	linear	PONSUSDT	5	2026-10-06 20:20:00	2026-10-06 20:25:00	0.4075	0.4111	0.4072	0.4104	196639.0	80583.8945	t	validated	bybit_api
bybit	linear	PONSUSDT	5	2026-10-06 20:25:00	2026-10-06 20:30:00	0.4104	0.4119	0.4103	0.4111	107331.0	44126.5281	t	validated	bybit_api
bybit	linear	PONSUSDT	5	2026-10-06 20:30:00	2026-10-06 20:35:00	0.4111	0.4115	0.4081	0.4093	153782.0	62985.0551	t	validated	bybit_api
bybit	linear	PONSUSDT	5	2026-10-06 20:35:00	2026-10-06 20:40:00	0.4093	0.4093	0.4066	0.4082	65415.0	26683.9195	t	validated	bybit_api
bybit	linear	PONSUSDT	5	2026-10-06 20:40:00	2026-10-06 20:45:00	0.4082	0.4087	0.4061	0.4063	93545.0	38083.6184	t	validated	bybit_api
bybit	linear	PONSUSDT	5	2026-10-06 20:45:00	2026-10-06 20:50:00	0.4063	0.4082	0.4063	0.4069	64768.0	26389.7236	t	validated	bybit_api
bybit	linear	PONSUSDT	5	2026-10-06 20:50:00	2026-10-06 20:55:00	0.4069	0.4082	0.4063	0.4067	43569.0	17740.4121	t	validated	bybit_api
bybit	linear	PONSUSDT	5	2026-10-06 20:55:00	2026-10-06 21:00:00	0.4067	0.4077	0.4048	0.4057	68588.0	27811.8125	t	validated	bybit_api
bybit	linear	PONSUSDT	5	2026-10-06 21:00:00	2026-10-06 21:05:00	0.4057	0.4061	0.4035	0.4036	101810.0	41150.6731	t	validated	bybit_api
bybit	linear	PONSUSDT	5	2026-10-06 21:05:00	2026-10-06 21:10:00	0.4036	0.4039	0.3986	0.4021	1762831.0	707632.7886	t	validated	bybit_api
bybit	linear	PONSUSDT	5	2026-10-06 21:10:00	2026-10-06 21:15:00	0.4021	0.4033	0.4008	0.4023	229935.0	92360.5443	t	validated	bybit_api
bybit	linear	PONSUSDT	5	2026-10-06 21:15:00	2026-10-06 21:20:00	0.4023	0.4026	0.4017	0.4023	61925.0	24901.9255	t	validated	bybit_api
bybit	linear	PONSUSDT	5	2026-10-06 21:20:00	2026-10-06 21:25:00	0.4023	0.4041	0.4017	0.4041	243807.0	98287.7646	t	validated	bybit_api
bybit	linear	PONSUSDT	5	2026-10-06 21:25:00	2026-10-06 21:30:00	0.4041	0.4046	0.4031	0.4035	143674.0	58049.7751	t	validated	bybit_api
bybit	linear	PONSUSDT	5	2026-10-06 21:30:00	2026-10-06 21:35:00	0.4035	0.4055	0.4035	0.4052	78413.0	31713.4821	t	validated	bybit_api
bybit	linear	PONSUSDT	5	2026-10-06 21:35:00	2026-10-06 21:40:00	0.4052	0.4057	0.404	0.4042	63384.0	25665.8935	t	validated	bybit_api
bybit	linear	PONSUSDT	5	2026-10-06 21:40:00	2026-10-06 21:45:00	0.4042	0.4045	0.4031	0.4038	145966.0	58934.5981	t	validated	bybit_api
bybit	linear	PONSUSDT	5	2026-10-06 21:45:00	2026-10-06 21:50:00	0.4038	0.4048	0.4038	0.4039	47818.0	19338.0613	t	validated	bybit_api
bybit	linear	PONSUSDT	5	2026-10-06 21:50:00	2026-10-06 21:55:00	0.4039	0.4039	0.4008	0.4016	86278.0	34713.6617	t	validated	bybit_api
bybit	linear	PONSUSDT	5	2026-10-06 21:55:00	2026-10-06 22:00:00	0.4016	0.4024	0.4015	0.4019	53782.0	21616.1092	t	validated	bybit_api
bybit	linear	PONSUSDT	5	2026-10-06 22:00:00	2026-10-06 22:05:00	0.4019	0.4031	0.4015	0.4016	105117.0	42289.9625	t	validated	bybit_api
bybit	linear	PONSUSDT	5	2026-10-06 22:05:00	2026-10-06 22:10:00	0.4016	0.4026	0.4007	0.4015	89092.0	35773.9216	t	validated	bybit_api
bybit	linear	PONSUSDT	5	2026-10-06 22:10:00	2026-10-06 22:15:00	0.4015	0.4017	0.3995	0.4001	151664.0	60744.129	t	validated	bybit_api
bybit	linear	PONSUSDT	5	2026-10-06 22:15:00	2026-10-06 22:20:00	0.4001	0.4007	0.3993	0.4005	99629.0	39853.2729	t	validated	bybit_api
bybit	linear	PONSUSDT	5	2026-10-06 22:20:00	2026-10-06 22:25:00	0.4005	0.401	0.3992	0.3997	61029.0	24426.9377	t	validated	bybit_api
bybit	linear	PONSUSDT	5	2026-10-06 22:25:00	2026-10-06 22:30:00	0.3997	0.3999	0.3957	0.3967	468000.0	185932.4997	t	validated	bybit_api
bybit	linear	PONSUSDT	5	2026-10-06 22:30:00	2026-10-06 22:35:00	0.3967	0.3989	0.3967	0.3973	211394.0	84009.8738	t	validated	bybit_api
bybit	linear	PONSUSDT	5	2026-10-06 22:35:00	2026-10-06 22:40:00	0.3973	0.3974	0.3946	0.3951	701228.0	277486.6619	t	validated	bybit_api
bybit	linear	PONSUSDT	5	2026-10-06 22:40:00	2026-10-06 22:45:00	0.3951	0.3957	0.3949	0.3953	142524.0	56355.0097	t	validated	bybit_api
bybit	linear	PONSUSDT	5	2026-10-06 22:45:00	2026-10-06 22:50:00	0.3953	0.3967	0.395	0.3959	103238.0	40869.3394	t	validated	bybit_api
bybit	linear	PONSUSDT	5	2026-10-06 22:50:00	2026-10-06 22:55:00	0.3959	0.3963	0.3929	0.3937	320810.0	126464.1918	t	validated	bybit_api
bybit	linear	PONSUSDT	5	2026-10-06 22:55:00	2026-10-06 23:00:00	0.3937	0.395	0.3933	0.3947	110929.0	43709.45	t	validated	bybit_api
bybit	linear	PUMPFUNUSDT	5	2026-09-29 21:45:00	2026-09-29 21:50:00	0.005804	0.005804	0.005729	0.005783	104419100.0	601380.3795	t	validated	bybit_api
bybit	linear	PUMPFUNUSDT	5	2026-09-29 21:50:00	2026-09-29 21:55:00	0.005783	0.005827	0.005766	0.005807	31160600.0	180644.0866	t	validated	bybit_api
bybit	linear	PUMPFUNUSDT	5	2026-09-29 21:55:00	2026-09-29 22:00:00	0.005807	0.005813	0.005781	0.005799	26761700.0	155077.5015	t	validated	bybit_api
bybit	linear	PUMPFUNUSDT	5	2026-09-29 22:00:00	2026-09-29 22:05:00	0.005799	0.00585	0.005787	0.005836	40294500.0	234588.7436	t	validated	bybit_api
bybit	linear	PUMPFUNUSDT	5	2026-09-29 22:05:00	2026-09-29 22:10:00	0.005836	0.005837	0.005802	0.005819	27852100.0	161900.5046	t	validated	bybit_api
bybit	linear	PUMPFUNUSDT	5	2026-09-29 22:10:00	2026-09-29 22:15:00	0.005819	0.005849	0.0058	0.005808	26714100.0	155547.4212	t	validated	bybit_api
bybit	linear	PUMPFUNUSDT	5	2026-09-29 22:15:00	2026-09-29 22:20:00	0.005808	0.005861	0.005784	0.005857	108926000.0	634221.0222	t	validated	bybit_api
bybit	linear	PUMPFUNUSDT	5	2026-09-29 22:20:00	2026-09-29 22:25:00	0.005857	0.00592	0.005849	0.005916	312748200.0	1840020.3321	t	validated	bybit_api
bybit	linear	PUMPFUNUSDT	5	2026-09-29 22:25:00	2026-09-29 22:30:00	0.005916	0.005919	0.005836	0.005844	62486500.0	367614.1673	t	validated	bybit_api
bybit	linear	PUMPFUNUSDT	5	2026-09-29 22:30:00	2026-09-29 22:35:00	0.005844	0.005853	0.005825	0.005843	36056100.0	210515.1304	t	validated	bybit_api
bybit	linear	PUMPFUNUSDT	5	2026-09-29 22:35:00	2026-09-29 22:40:00	0.005843	0.005864	0.005817	0.005839	66800600.0	390035.661	t	validated	bybit_api
bybit	linear	PUMPFUNUSDT	5	2026-09-29 22:40:00	2026-09-29 22:45:00	0.005839	0.005886	0.005834	0.00588	26685700.0	156493.6992	t	validated	bybit_api
bybit	linear	PUMPFUNUSDT	5	2026-09-29 22:45:00	2026-09-29 22:50:00	0.00588	0.00589	0.005857	0.005859	34805500.0	204385.6227	t	validated	bybit_api
bybit	linear	PUMPFUNUSDT	5	2026-09-29 22:50:00	2026-09-29 22:55:00	0.005859	0.005892	0.005857	0.005875	26375400.0	155040.7115	t	validated	bybit_api
bybit	linear	PUMPFUNUSDT	5	2026-09-29 22:55:00	2026-09-29 23:00:00	0.005875	0.00589	0.005866	0.005877	38687200.0	227414.0501	t	validated	bybit_api
bybit	linear	PUMPFUNUSDT	5	2026-09-29 23:00:00	2026-09-29 23:05:00	0.005877	0.005947	0.005871	0.005941	72930700.0	431406.6527	t	validated	bybit_api
bybit	linear	PUMPFUNUSDT	5	2026-09-29 23:05:00	2026-09-29 23:10:00	0.005941	0.006031	0.005934	0.005968	242557200.0	1453081.904	t	validated	bybit_api
bybit	linear	PUMPFUNUSDT	5	2026-09-29 23:10:00	2026-09-29 23:15:00	0.005968	0.006011	0.005967	0.005974	78178300.0	468441.6298	t	validated	bybit_api
bybit	linear	PUMPFUNUSDT	5	2026-09-29 23:15:00	2026-09-29 23:20:00	0.005974	0.005974	0.005922	0.005925	52216000.0	310567.2824	t	validated	bybit_api
bybit	linear	PUMPFUNUSDT	5	2026-09-29 23:20:00	2026-09-29 23:25:00	0.005925	0.005947	0.005903	0.005942	75579100.0	447436.5946	t	validated	bybit_api
bybit	linear	PUMPFUNUSDT	5	2026-09-29 23:25:00	2026-09-29 23:30:00	0.005942	0.005949	0.005916	0.005919	33957900.0	201397.7	t	validated	bybit_api
bybit	linear	PUMPFUNUSDT	5	2026-09-29 23:30:00	2026-09-29 23:35:00	0.005919	0.005922	0.005889	0.005905	53394900.0	315209.5886	t	validated	bybit_api
bybit	linear	PUMPFUNUSDT	5	2026-09-29 23:35:00	2026-09-29 23:40:00	0.005905	0.005924	0.005891	0.005902	54453100.0	321668.7393	t	validated	bybit_api
bybit	linear	PUMPFUNUSDT	5	2026-09-29 23:40:00	2026-09-29 23:45:00	0.005902	0.005902	0.00584	0.00585	117437400.0	688679.1274	t	validated	bybit_api
bybit	linear	PUMPFUNUSDT	5	2026-09-29 23:45:00	2026-09-29 23:50:00	0.00585	0.005886	0.00585	0.005878	52933200.0	310540.0442	t	validated	bybit_api
bybit	linear	PUMPFUNUSDT	5	2026-09-29 23:50:00	2026-09-29 23:55:00	0.005878	0.005886	0.005855	0.005867	22320000.0	130965.7532	t	validated	bybit_api
bybit	linear	PUMPFUNUSDT	5	2026-09-29 23:55:00	2026-09-30 00:00:00	0.005867	0.00589	0.005867	0.005884	19733900.0	116038.2996	t	validated	bybit_api
bybit	linear	PUMPFUNUSDT	5	2026-09-30 00:00:00	2026-09-30 00:05:00	0.005884	0.005924	0.005867	0.005904	59857700.0	352900.7194	t	validated	bybit_api
bybit	linear	PUMPFUNUSDT	5	2026-09-30 00:05:00	2026-09-30 00:10:00	0.005904	0.005933	0.005857	0.005858	52096700.0	306869.4738	t	validated	bybit_api
bybit	linear	PUMPFUNUSDT	5	2026-09-30 00:10:00	2026-09-30 00:15:00	0.005858	0.005866	0.005825	0.005841	97223300.0	568649.2011	t	validated	bybit_api
bybit	linear	PUMPFUNUSDT	5	2026-09-30 00:15:00	2026-09-30 00:20:00	0.005841	0.005859	0.005823	0.005826	71309300.0	416690.6706	t	validated	bybit_api
bybit	linear	PUMPFUNUSDT	5	2026-09-30 00:20:00	2026-09-30 00:25:00	0.005826	0.005827	0.0057	0.005761	1117444700.0	6438171.5481	t	validated	bybit_api
bybit	linear	PUMPFUNUSDT	5	2026-09-30 00:25:00	2026-09-30 00:30:00	0.005761	0.005802	0.005747	0.005771	164622400.0	950134.5705	t	validated	bybit_api
bybit	linear	PUMPFUNUSDT	5	2026-09-30 00:30:00	2026-09-30 00:35:00	0.005771	0.005837	0.005761	0.005806	128774300.0	747001.4079	t	validated	bybit_api
bybit	linear	PUMPFUNUSDT	5	2026-09-30 00:35:00	2026-09-30 00:40:00	0.005806	0.00581	0.005768	0.005788	67416600.0	390358.7059	t	validated	bybit_api
bybit	linear	PUMPFUNUSDT	5	2026-09-30 00:40:00	2026-09-30 00:45:00	0.005788	0.005814	0.005781	0.005793	60260500.0	349415.3198	t	validated	bybit_api
bybit	linear	PUMPFUNUSDT	5	2026-09-30 00:45:00	2026-09-30 00:50:00	0.005793	0.005803	0.005774	0.005796	49964000.0	289282.6501	t	validated	bybit_api
bybit	linear	PUMPFUNUSDT	5	2026-09-30 00:50:00	2026-09-30 00:55:00	0.005796	0.005823	0.005791	0.005823	33255300.0	193098.4565	t	validated	bybit_api
bybit	linear	PUMPFUNUSDT	5	2026-09-30 00:55:00	2026-09-30 01:00:00	0.005823	0.005881	0.005819	0.005838	182933600.0	1071407.383	t	validated	bybit_api
bybit	linear	PUMPFUNUSDT	5	2026-09-30 01:00:00	2026-09-30 01:05:00	0.005838	0.005895	0.00581	0.005871	129104300.0	756729.1736	t	validated	bybit_api
bybit	linear	PUMPFUNUSDT	5	2026-09-30 01:05:00	2026-09-30 01:10:00	0.005871	0.005961	0.005868	0.00594	184889100.0	1095651.7223	t	validated	bybit_api
bybit	linear	PUMPFUNUSDT	5	2026-09-30 01:10:00	2026-09-30 01:15:00	0.00594	0.005965	0.005912	0.005949	90374200.0	537024.9129	t	validated	bybit_api
bybit	linear	PUMPFUNUSDT	5	2026-09-30 01:15:00	2026-09-30 01:20:00	0.005949	0.005975	0.005901	0.005902	93531300.0	555508.722	t	validated	bybit_api
bybit	linear	PUMPFUNUSDT	5	2026-09-30 01:20:00	2026-09-30 01:25:00	0.005902	0.005981	0.005884	0.00598	103547600.0	613037.9735	t	validated	bybit_api
bybit	linear	PUMPFUNUSDT	5	2026-09-30 01:25:00	2026-09-30 01:30:00	0.00598	0.005988	0.00593	0.005931	76759000.0	457773.0907	t	validated	bybit_api
bybit	linear	PUMPFUNUSDT	5	2026-09-30 01:30:00	2026-09-30 01:35:00	0.005931	0.005945	0.005872	0.005872	103348900.0	609682.847	t	validated	bybit_api
bybit	linear	PUMPFUNUSDT	5	2026-09-30 01:35:00	2026-09-30 01:40:00	0.005872	0.005911	0.005855	0.005867	81338200.0	478093.9522	t	validated	bybit_api
bybit	linear	PUMPFUNUSDT	5	2026-09-30 01:40:00	2026-09-30 01:45:00	0.005867	0.005924	0.005867	0.005912	44450200.0	262229.127	t	validated	bybit_api
bybit	linear	PUMPFUNUSDT	5	2026-09-30 01:45:00	2026-09-30 01:50:00	0.005912	0.005934	0.005896	0.005933	33607600.0	198720.8947	t	validated	bybit_api
bybit	linear	PUMPFUNUSDT	5	2026-09-30 01:50:00	2026-09-30 01:55:00	0.005933	0.005934	0.005858	0.005866	59328900.0	349335.3908	t	validated	bybit_api
bybit	linear	PUMPFUNUSDT	5	2026-09-30 01:55:00	2026-09-30 02:00:00	0.005866	0.005875	0.005854	0.005863	51733300.0	303393.5569	t	validated	bybit_api
bybit	linear	PUMPFUNUSDT	5	2026-09-30 02:00:00	2026-09-30 02:05:00	0.005863	0.00588	0.005852	0.005874	39398400.0	231154.8662	t	validated	bybit_api
bybit	linear	PUMPFUNUSDT	5	2026-09-30 02:05:00	2026-09-30 02:10:00	0.005874	0.00596	0.005873	0.005911	130223200.0	772536.8244	t	validated	bybit_api
bybit	linear	PUMPFUNUSDT	5	2026-09-30 02:10:00	2026-09-30 02:15:00	0.005911	0.005911	0.005869	0.005876	70948400.0	417445.9548	t	validated	bybit_api
bybit	linear	PUMPFUNUSDT	5	2026-09-30 02:15:00	2026-09-30 02:20:00	0.005876	0.005911	0.005853	0.005887	57660400.0	338932.8689	t	validated	bybit_api
bybit	linear	PUMPFUNUSDT	5	2026-09-30 02:20:00	2026-09-30 02:25:00	0.005887	0.005926	0.005883	0.005888	41339500.0	244047.5096	t	validated	bybit_api
bybit	linear	PUMPFUNUSDT	5	2026-09-30 02:25:00	2026-09-30 02:30:00	0.005888	0.005901	0.005845	0.005862	68806500.0	404183.6513	t	validated	bybit_api
bybit	linear	PUMPFUNUSDT	5	2026-09-30 02:30:00	2026-09-30 02:35:00	0.005862	0.005895	0.005853	0.005859	30976000.0	181884.0942	t	validated	bybit_api
bybit	linear	PUMPFUNUSDT	5	2026-09-30 02:35:00	2026-09-30 02:40:00	0.005859	0.005881	0.00585	0.005863	46146100.0	270719.9656	t	validated	bybit_api
bybit	linear	PUMPFUNUSDT	5	2026-09-30 02:40:00	2026-09-30 02:45:00	0.005863	0.005889	0.005846	0.00585	43409300.0	254481.4283	t	validated	bybit_api
bybit	linear	PUMPFUNUSDT	5	2026-09-30 02:45:00	2026-09-30 02:50:00	0.00585	0.005869	0.005831	0.005846	56937900.0	332982.8389	t	validated	bybit_api
bybit	linear	PUMPFUNUSDT	5	2026-09-30 02:50:00	2026-09-30 02:55:00	0.005846	0.005868	0.005836	0.005845	46045800.0	269321.3029	t	validated	bybit_api
bybit	linear	PUMPFUNUSDT	5	2026-09-30 02:55:00	2026-09-30 03:00:00	0.005845	0.00586	0.005836	0.00586	25952000.0	151712.5431	t	validated	bybit_api
bybit	linear	PUMPFUNUSDT	5	2026-09-30 03:00:00	2026-09-30 03:05:00	0.00586	0.005877	0.005821	0.005842	104658700.0	611460.8701	t	validated	bybit_api
bybit	linear	PUMPFUNUSDT	5	2026-09-30 03:05:00	2026-09-30 03:10:00	0.005842	0.005856	0.005822	0.005845	34301700.0	200461.9208	t	validated	bybit_api
bybit	linear	PUMPFUNUSDT	5	2026-10-04 04:35:00	2026-10-04 04:40:00	0.006392	0.006406	0.006377	0.006384	25444300.0	162579.5232	t	validated	bybit_api
bybit	linear	PUMPFUNUSDT	5	2026-10-04 04:40:00	2026-10-04 04:45:00	0.006384	0.006413	0.006379	0.006389	62884700.0	402231.3097	t	validated	bybit_api
bybit	linear	PUMPFUNUSDT	5	2026-10-04 04:45:00	2026-10-04 04:50:00	0.006389	0.006397	0.006366	0.006397	25685900.0	163937.7297	t	validated	bybit_api
bybit	linear	PUMPFUNUSDT	5	2026-10-04 04:50:00	2026-10-04 04:55:00	0.006397	0.006402	0.00638	0.006384	15440400.0	98670.1273	t	validated	bybit_api
bybit	linear	PUMPFUNUSDT	5	2026-10-04 04:55:00	2026-10-04 05:00:00	0.006384	0.006384	0.006332	0.006363	115387800.0	733476.3595	t	validated	bybit_api
bybit	linear	PUMPFUNUSDT	5	2026-10-04 05:00:00	2026-10-04 05:05:00	0.006363	0.006387	0.006356	0.006382	38114300.0	242917.8765	t	validated	bybit_api
bybit	linear	PUMPFUNUSDT	5	2026-10-04 05:05:00	2026-10-04 05:10:00	0.006382	0.006401	0.006382	0.006385	17227300.0	110075.9203	t	validated	bybit_api
bybit	linear	PUMPFUNUSDT	5	2026-10-04 05:10:00	2026-10-04 05:15:00	0.006385	0.006386	0.006367	0.006371	28475300.0	181605.3592	t	validated	bybit_api
bybit	linear	PUMPFUNUSDT	5	2026-10-04 05:15:00	2026-10-04 05:20:00	0.006371	0.006417	0.006366	0.006408	64771200.0	413988.0422	t	validated	bybit_api
bybit	linear	PUMPFUNUSDT	5	2026-10-04 05:20:00	2026-10-04 05:25:00	0.006408	0.006444	0.006405	0.006429	81287600.0	522157.4791	t	validated	bybit_api
bybit	linear	PUMPFUNUSDT	5	2026-10-04 05:25:00	2026-10-04 05:30:00	0.006429	0.00646	0.006412	0.006447	107830700.0	694203.0631	t	validated	bybit_api
bybit	linear	PUMPFUNUSDT	5	2026-10-04 05:30:00	2026-10-04 05:35:00	0.006447	0.006468	0.006426	0.006432	65017200.0	418897.6431	t	validated	bybit_api
bybit	linear	PUMPFUNUSDT	5	2026-10-04 05:35:00	2026-10-04 05:40:00	0.006432	0.00648	0.006428	0.006456	64513300.0	416565.3072	t	validated	bybit_api
bybit	linear	PUMPFUNUSDT	5	2026-10-04 05:40:00	2026-10-04 05:45:00	0.006456	0.006475	0.006432	0.006434	68496000.0	441883.1559	t	validated	bybit_api
bybit	linear	PUMPFUNUSDT	5	2026-10-04 05:45:00	2026-10-04 05:50:00	0.006434	0.006462	0.006417	0.006459	56180800.0	361707.4692	t	validated	bybit_api
bybit	linear	PUMPFUNUSDT	5	2026-10-04 05:50:00	2026-10-04 05:55:00	0.006459	0.006464	0.006441	0.006454	54449200.0	351151.0968	t	validated	bybit_api
bybit	linear	PUMPFUNUSDT	5	2026-10-04 05:55:00	2026-10-04 06:00:00	0.006454	0.006466	0.006446	0.006459	68944500.0	445107.5639	t	validated	bybit_api
bybit	linear	PUMPFUNUSDT	5	2026-10-04 06:00:00	2026-10-04 06:05:00	0.006459	0.006473	0.006441	0.006442	65739400.0	424264.9751	t	validated	bybit_api
bybit	linear	PUMPFUNUSDT	5	2026-10-04 06:05:00	2026-10-04 06:10:00	0.006442	0.006607	0.006442	0.006491	512958600.0	3351794.02492	t	validated	bybit_api
bybit	linear	PUMPFUNUSDT	5	2026-10-04 06:10:00	2026-10-04 06:15:00	0.006491	0.006496	0.006423	0.006443	103744200.0	669567.7123	t	validated	bybit_api
bybit	linear	PUMPFUNUSDT	5	2026-10-04 06:15:00	2026-10-04 06:20:00	0.006443	0.006456	0.006431	0.006448	49978700.0	321986.8888	t	validated	bybit_api
bybit	linear	PUMPFUNUSDT	5	2026-10-04 06:20:00	2026-10-04 06:25:00	0.006448	0.006469	0.006424	0.006461	52804100.0	340454.5718	t	validated	bybit_api
bybit	linear	PUMPFUNUSDT	5	2026-10-04 06:25:00	2026-10-04 06:30:00	0.006461	0.006466	0.006439	0.006462	26261400.0	169416.0452	t	validated	bybit_api
bybit	linear	PUMPFUNUSDT	5	2026-10-04 06:30:00	2026-10-04 06:35:00	0.006462	0.006533	0.006453	0.006511	120735800.0	783902.3214	t	validated	bybit_api
bybit	linear	PUMPFUNUSDT	5	2026-10-04 06:35:00	2026-10-04 06:40:00	0.006511	0.006546	0.006473	0.006488	117525700.0	764542.8641	t	validated	bybit_api
bybit	linear	PUMPFUNUSDT	5	2026-10-04 06:40:00	2026-10-04 06:45:00	0.006488	0.006488	0.006457	0.006462	42467200.0	274734.1665	t	validated	bybit_api
bybit	linear	PUMPFUNUSDT	5	2026-10-04 06:45:00	2026-10-04 06:50:00	0.006462	0.006488	0.006453	0.006455	32243200.0	208729.6222	t	validated	bybit_api
bybit	linear	PUMPFUNUSDT	5	2026-10-04 06:50:00	2026-10-04 06:55:00	0.006455	0.006478	0.006448	0.006455	29689200.0	191843.1476	t	validated	bybit_api
bybit	linear	PUMPFUNUSDT	5	2026-10-04 06:55:00	2026-10-04 07:00:00	0.006455	0.006461	0.006405	0.00641	78704600.0	505764.8302	t	validated	bybit_api
bybit	linear	PUMPFUNUSDT	5	2026-10-04 07:00:00	2026-10-04 07:05:00	0.00641	0.006448	0.006392	0.006448	77549200.0	497998.3766	t	validated	bybit_api
bybit	linear	PUMPFUNUSDT	5	2026-10-04 07:05:00	2026-10-04 07:10:00	0.006448	0.00645	0.006409	0.006433	110526700.0	710896.3156	t	validated	bybit_api
bybit	linear	PUMPFUNUSDT	5	2026-10-04 07:10:00	2026-10-04 07:15:00	0.006433	0.006447	0.006417	0.006421	48641100.0	313124.3975	t	validated	bybit_api
bybit	linear	PUMPFUNUSDT	5	2026-10-04 07:15:00	2026-10-04 07:20:00	0.006421	0.006457	0.006418	0.006453	74367000.0	478371.6949	t	validated	bybit_api
bybit	linear	PUMPFUNUSDT	5	2026-10-04 07:20:00	2026-10-04 07:25:00	0.006453	0.006465	0.006417	0.006431	54070200.0	348099.2239	t	validated	bybit_api
bybit	linear	PUMPFUNUSDT	5	2026-10-04 07:25:00	2026-10-04 07:30:00	0.006431	0.006438	0.006396	0.006408	47897400.0	307432.6686	t	validated	bybit_api
bybit	linear	PUMPFUNUSDT	5	2026-10-04 07:30:00	2026-10-04 07:35:00	0.006408	0.00641	0.006386	0.006403	56452000.0	361192.2691	t	validated	bybit_api
bybit	linear	PUMPFUNUSDT	5	2026-10-04 07:35:00	2026-10-04 07:40:00	0.006403	0.006424	0.006402	0.006422	40424700.0	259306.6413	t	validated	bybit_api
bybit	linear	PUMPFUNUSDT	5	2026-10-04 07:40:00	2026-10-04 07:45:00	0.006422	0.006427	0.006356	0.006392	231443800.0	1477125.0898	t	validated	bybit_api
bybit	linear	PUMPFUNUSDT	5	2026-10-04 07:45:00	2026-10-04 07:50:00	0.006392	0.006404	0.00639	0.006401	38065900.0	243589.0318	t	validated	bybit_api
bybit	linear	PUMPFUNUSDT	5	2026-10-04 07:50:00	2026-10-04 07:55:00	0.006401	0.006412	0.006396	0.006402	50427100.0	322872.6524	t	validated	bybit_api
bybit	linear	PUMPFUNUSDT	5	2026-10-04 07:55:00	2026-10-04 08:00:00	0.006402	0.006428	0.006397	0.006422	85988000.0	551884.5523	t	validated	bybit_api
bybit	linear	PUMPFUNUSDT	5	2026-10-04 08:00:00	2026-10-04 08:05:00	0.006422	0.006457	0.006408	0.006434	57911500.0	372467.7971	t	validated	bybit_api
bybit	linear	PUMPFUNUSDT	5	2026-10-04 08:05:00	2026-10-04 08:10:00	0.006434	0.006434	0.006408	0.006411	31520900.0	202449.1889	t	validated	bybit_api
bybit	linear	PUMPFUNUSDT	5	2026-10-04 08:10:00	2026-10-04 08:15:00	0.006411	0.006425	0.006406	0.006408	27038500.0	173496.2591	t	validated	bybit_api
bybit	linear	PUMPFUNUSDT	5	2026-10-04 08:15:00	2026-10-04 08:20:00	0.006408	0.006409	0.00638	0.006403	68619600.0	438708.3332	t	validated	bybit_api
bybit	linear	PUMPFUNUSDT	5	2026-10-04 08:20:00	2026-10-04 08:25:00	0.006403	0.006423	0.006376	0.006379	82730100.0	529603.8858	t	validated	bybit_api
bybit	linear	PUMPFUNUSDT	5	2026-10-04 08:25:00	2026-10-04 08:30:00	0.006379	0.006402	0.006372	0.00639	22661400.0	144714.6877	t	validated	bybit_api
bybit	linear	PUMPFUNUSDT	5	2026-10-04 08:30:00	2026-10-04 08:35:00	0.00639	0.006398	0.006382	0.006393	21938500.0	140159.7051	t	validated	bybit_api
bybit	linear	PUMPFUNUSDT	5	2026-10-04 08:35:00	2026-10-04 08:40:00	0.006393	0.006397	0.006347	0.006356	134216500.0	855406.4637	t	validated	bybit_api
bybit	linear	PUMPFUNUSDT	5	2026-10-04 08:40:00	2026-10-04 08:45:00	0.006356	0.006384	0.006354	0.006373	30621600.0	195109.8306	t	validated	bybit_api
bybit	linear	PUMPFUNUSDT	5	2026-10-04 08:45:00	2026-10-04 08:50:00	0.006373	0.006387	0.006364	0.006368	33421100.0	212992.7946	t	validated	bybit_api
bybit	linear	PUMPFUNUSDT	5	2026-10-04 08:50:00	2026-10-04 08:55:00	0.006368	0.006374	0.006353	0.006362	24502300.0	155915.5706	t	validated	bybit_api
bybit	linear	PUMPFUNUSDT	5	2026-10-04 08:55:00	2026-10-04 09:00:00	0.006362	0.006373	0.006353	0.006355	29819400.0	189645.6728	t	validated	bybit_api
bybit	linear	PUMPFUNUSDT	5	2026-10-04 09:00:00	2026-10-04 09:05:00	0.006355	0.006374	0.006349	0.006356	22562700.0	143543.8777	t	validated	bybit_api
bybit	linear	PUMPFUNUSDT	5	2026-10-04 09:05:00	2026-10-04 09:10:00	0.006356	0.006376	0.006354	0.006373	16841000.0	107186.9368	t	validated	bybit_api
bybit	linear	PUMPFUNUSDT	5	2026-10-04 09:10:00	2026-10-04 09:15:00	0.006373	0.006396	0.006371	0.006376	44529100.0	284333.7906	t	validated	bybit_api
bybit	linear	PUMPFUNUSDT	5	2026-10-04 09:15:00	2026-10-04 09:20:00	0.006376	0.006381	0.006357	0.006361	16605200.0	105740.9067	t	validated	bybit_api
bybit	linear	PUMPFUNUSDT	5	2026-10-04 09:20:00	2026-10-04 09:25:00	0.006361	0.0064	0.006361	0.006372	22487400.0	143532.4503	t	validated	bybit_api
bybit	linear	PUMPFUNUSDT	5	2026-10-04 09:25:00	2026-10-04 09:30:00	0.006372	0.006381	0.00637	0.00637	13118600.0	83649.9644	t	validated	bybit_api
bybit	linear	PUMPFUNUSDT	5	2026-10-04 09:30:00	2026-10-04 09:35:00	0.00637	0.006377	0.006357	0.00636	13128600.0	83581.6296	t	validated	bybit_api
bybit	linear	PUMPFUNUSDT	5	2026-10-04 09:35:00	2026-10-04 09:40:00	0.00636	0.006362	0.006345	0.006355	20539800.0	130557.8519	t	validated	bybit_api
bybit	linear	PUMPFUNUSDT	5	2026-10-04 09:40:00	2026-10-04 09:45:00	0.006355	0.006423	0.006353	0.006412	47938100.0	306609.4784	t	validated	bybit_api
bybit	linear	PUMPFUNUSDT	5	2026-10-04 09:45:00	2026-10-04 09:50:00	0.006412	0.006413	0.006384	0.00639	45848100.0	293422.8888	t	validated	bybit_api
bybit	linear	PUMPFUNUSDT	5	2026-10-04 09:50:00	2026-10-04 09:55:00	0.00639	0.006391	0.006363	0.006363	20907600.0	133319.5917	t	validated	bybit_api
bybit	linear	PUMPFUNUSDT	5	2026-10-04 09:55:00	2026-10-04 10:00:00	0.006363	0.006393	0.006361	0.006387	54911200.0	350317.7398	t	validated	bybit_api
bybit	linear	PUMPFUNUSDT	5	2026-10-04 10:00:00	2026-10-04 10:05:00	0.006387	0.006401	0.006371	0.006396	27028100.0	172530.5458	t	validated	bybit_api
bybit	linear	PUMPFUNUSDT	5	2026-10-04 10:05:00	2026-10-04 10:10:00	0.006396	0.006402	0.006367	0.006384	72411200.0	462036.4515	t	validated	bybit_api
bybit	linear	PUMPFUNUSDT	5	2026-10-04 10:10:00	2026-10-04 10:15:00	0.006384	0.006387	0.006352	0.006361	25127900.0	160107.9171	t	validated	bybit_api
bybit	linear	PUMPFUNUSDT	5	2026-10-04 10:15:00	2026-10-04 10:20:00	0.006361	0.006362	0.006325	0.006345	58904400.0	373642.8829	t	validated	bybit_api
bybit	linear	PUMPFUNUSDT	5	2026-10-04 10:20:00	2026-10-04 10:25:00	0.006345	0.006365	0.006312	0.006327	84694000.0	536845.6745	t	validated	bybit_api
bybit	linear	PUMPFUNUSDT	5	2026-10-04 10:25:00	2026-10-04 10:30:00	0.006327	0.006333	0.006246	0.00629	133982400.0	842333.254	t	validated	bybit_api
bybit	linear	PUMPFUNUSDT	5	2026-10-04 10:30:00	2026-10-04 10:35:00	0.00629	0.006307	0.006267	0.006269	73015200.0	459282.009	t	validated	bybit_api
bybit	linear	PUMPFUNUSDT	5	2026-10-04 10:35:00	2026-10-04 10:40:00	0.006269	0.006294	0.00626	0.00629	34244500.0	215007.8079	t	validated	bybit_api
bybit	linear	PUMPFUNUSDT	5	2026-10-04 10:40:00	2026-10-04 10:45:00	0.00629	0.006324	0.006285	0.006294	59845500.0	377292.1429	t	validated	bybit_api
bybit	linear	PUMPFUNUSDT	5	2026-10-04 10:45:00	2026-10-04 10:50:00	0.006294	0.006309	0.006291	0.006295	17334800.0	109194.4859	t	validated	bybit_api
bybit	linear	PUMPFUNUSDT	5	2026-10-04 10:50:00	2026-10-04 10:55:00	0.006295	0.006308	0.006288	0.006298	20304200.0	127894.0668	t	validated	bybit_api
bybit	linear	PUMPFUNUSDT	5	2026-10-04 10:55:00	2026-10-04 11:00:00	0.006298	0.006305	0.00629	0.006297	14831400.0	93378.9613	t	validated	bybit_api
bybit	linear	PUMPFUNUSDT	5	2026-10-04 11:00:00	2026-10-04 11:05:00	0.006297	0.006297	0.00626	0.006289	58071400.0	364790.7156	t	validated	bybit_api
bybit	linear	PUMPFUNUSDT	5	2026-10-04 11:05:00	2026-10-04 11:10:00	0.006289	0.006314	0.006273	0.006276	52762600.0	332256.0525	t	validated	bybit_api
bybit	linear	QNTUSDT	5	2026-09-30 10:35:00	2026-09-30 10:40:00	294.22	296.61	293.34	294.01	2981.39	879580.0664	t	validated	bybit_api
bybit	linear	QNTUSDT	5	2026-09-30 10:40:00	2026-09-30 10:45:00	294.01	295.43	292.57	294.79	2274.39	668821.414	t	validated	bybit_api
bybit	linear	QNTUSDT	5	2026-09-30 10:45:00	2026-09-30 10:50:00	294.79	296.94	292.78	293.75	2606.07	770351.1362	t	validated	bybit_api
bybit	linear	QNTUSDT	5	2026-09-30 10:50:00	2026-09-30 10:55:00	293.75	296.37	291.6	295.48	2395.03	704201.6953	t	validated	bybit_api
bybit	linear	QNTUSDT	5	2026-09-30 10:55:00	2026-09-30 11:00:00	295.48	298.92	294.91	295.96	3347.35	994276.6843	t	validated	bybit_api
bybit	linear	QNTUSDT	5	2026-09-30 11:00:00	2026-09-30 11:05:00	295.96	298.99	294.81	297.87	3157.86	938654.0282	t	validated	bybit_api
bybit	linear	QNTUSDT	5	2026-09-30 11:05:00	2026-09-30 11:10:00	297.87	303.85	297.69	300.79	7298.74	2196629.7793	t	validated	bybit_api
bybit	linear	QNTUSDT	5	2026-09-30 11:10:00	2026-09-30 11:15:00	300.79	303.76	297.03	303.13	4884.57	1467699.3688	t	validated	bybit_api
bybit	linear	QNTUSDT	5	2026-09-30 11:15:00	2026-09-30 11:20:00	303.13	314.12	301.57	310.73	11791.7	3638449.2083	t	validated	bybit_api
bybit	linear	QNTUSDT	5	2026-09-30 11:20:00	2026-09-30 11:25:00	310.73	319.11	308.74	318.1	10665.04	3352761.4717	t	validated	bybit_api
bybit	linear	QNTUSDT	5	2026-09-30 11:25:00	2026-09-30 11:30:00	318.1	319.85	309.69	312.57	8064.5	2535209.3301	t	validated	bybit_api
bybit	linear	QNTUSDT	5	2026-09-30 11:30:00	2026-09-30 11:35:00	312.57	327.64	312.27	326.33	12291.01	3962876.1981	t	validated	bybit_api
bybit	linear	QNTUSDT	5	2026-09-30 11:35:00	2026-09-30 11:40:00	326.33	327.0	316.77	320.69	6914.78	2219519.9075	t	validated	bybit_api
bybit	linear	QNTUSDT	5	2026-09-30 11:40:00	2026-09-30 11:45:00	320.69	322.9	316.86	320.3	4352.2	1393174.506	t	validated	bybit_api
bybit	linear	QNTUSDT	5	2026-09-30 11:45:00	2026-09-30 11:50:00	320.3	322.48	312.0	313.1	5543.47	1759512.6643	t	validated	bybit_api
bybit	linear	QNTUSDT	5	2026-09-30 11:50:00	2026-09-30 11:55:00	313.1	313.89	306.36	311.41	7805.06	2418548.6871	t	validated	bybit_api
bybit	linear	QNTUSDT	5	2026-09-30 11:55:00	2026-09-30 12:00:00	311.41	317.83	311.34	316.58	6059.09	1911062.1951	t	validated	bybit_api
bybit	linear	QNTUSDT	5	2026-09-30 12:00:00	2026-09-30 12:05:00	316.58	320.26	316.08	317.78	4853.73	1544448.2833	t	validated	bybit_api
bybit	linear	QNTUSDT	5	2026-09-30 12:05:00	2026-09-30 12:10:00	317.78	320.85	314.21	318.17	3633.4	1156367.8219	t	validated	bybit_api
bybit	linear	QNTUSDT	5	2026-09-30 12:10:00	2026-09-30 12:15:00	318.17	319.48	314.16	315.1	3016.91	956411.5059	t	validated	bybit_api
bybit	linear	QNTUSDT	5	2026-09-30 12:15:00	2026-09-30 12:20:00	315.1	320.85	311.68	318.52	4132.29	1306530.6023	t	validated	bybit_api
bybit	linear	QNTUSDT	5	2026-09-30 12:20:00	2026-09-30 12:25:00	318.52	319.76	310.72	311.79	4891.04	1542583.9555	t	validated	bybit_api
bybit	linear	QNTUSDT	5	2026-09-30 12:25:00	2026-09-30 12:30:00	311.79	314.41	304.31	314.35	5968.54	1847931.3029	t	validated	bybit_api
bybit	linear	QNTUSDT	5	2026-09-30 12:30:00	2026-09-30 12:35:00	314.35	318.21	312.61	314.75	3784.53	1193564.657	t	validated	bybit_api
bybit	linear	QNTUSDT	5	2026-09-30 12:35:00	2026-09-30 12:40:00	314.75	317.38	312.24	312.85	2432.4	765004.4481	t	validated	bybit_api
bybit	linear	QNTUSDT	5	2026-09-30 12:40:00	2026-09-30 12:45:00	312.85	312.89	308.05	310.85	4888.96	1517164.4863	t	validated	bybit_api
bybit	linear	QNTUSDT	5	2026-09-30 12:45:00	2026-09-30 12:50:00	310.85	311.43	304.3	307.23	6220.03	1909564.7185	t	validated	bybit_api
bybit	linear	QNTUSDT	5	2026-09-30 12:50:00	2026-09-30 12:55:00	307.23	309.5	304.57	309.41	4104.6	1260021.895	t	validated	bybit_api
bybit	linear	QNTUSDT	5	2026-09-30 12:55:00	2026-09-30 13:00:00	309.41	313.47	306.11	307.03	3608.7	1118738.2855	t	validated	bybit_api
bybit	linear	QNTUSDT	5	2026-09-30 13:00:00	2026-09-30 13:05:00	307.03	308.79	302.61	305.22	3730.24	1139876.9992	t	validated	bybit_api
bybit	linear	QNTUSDT	5	2026-09-30 13:05:00	2026-09-30 13:10:00	305.22	307.98	300.17	302.88	6036.56	1835952.5249	t	validated	bybit_api
bybit	linear	QNTUSDT	5	2026-09-30 13:10:00	2026-09-30 13:15:00	302.88	307.48	301.0	305.45	3619.26	1099192.2279	t	validated	bybit_api
bybit	linear	QNTUSDT	5	2026-09-30 13:15:00	2026-09-30 13:20:00	305.45	305.5	297.31	299.8	6460.24	1937644.7682	t	validated	bybit_api
bybit	linear	QNTUSDT	5	2026-09-30 13:20:00	2026-09-30 13:25:00	299.8	302.36	297.82	300.93	3892.19	1168312.6514	t	validated	bybit_api
bybit	linear	QNTUSDT	5	2026-09-30 13:25:00	2026-09-30 13:30:00	300.93	302.92	298.27	299.68	3327.11	1002427.9838	t	validated	bybit_api
bybit	linear	QNTUSDT	5	2026-09-30 13:30:00	2026-09-30 13:35:00	299.68	303.8	298.55	302.06	3298.22	994951.7316	t	validated	bybit_api
bybit	linear	QNTUSDT	5	2026-09-30 13:35:00	2026-09-30 13:40:00	302.06	302.29	296.43	298.19	5575.71	1666400.9407	t	validated	bybit_api
bybit	linear	QNTUSDT	5	2026-09-30 13:40:00	2026-09-30 13:45:00	298.19	302.21	295.8	301.01	4601.89	1377718.1217	t	validated	bybit_api
bybit	linear	QNTUSDT	5	2026-09-30 13:45:00	2026-09-30 13:50:00	301.01	306.11	299.34	304.65	3460.95	1048188.572	t	validated	bybit_api
bybit	linear	QNTUSDT	5	2026-09-30 13:50:00	2026-09-30 13:55:00	304.65	308.02	297.98	298.62	7038.5	2134259.6118	t	validated	bybit_api
bybit	linear	QNTUSDT	5	2026-09-30 13:55:00	2026-09-30 14:00:00	298.62	298.62	290.31	291.82	8040.57	2365316.5743	t	validated	bybit_api
bybit	linear	QNTUSDT	5	2026-09-30 14:00:00	2026-09-30 14:05:00	291.82	292.72	287.01	291.55	7837.58	2266657.8916	t	validated	bybit_api
bybit	linear	QNTUSDT	5	2026-09-30 14:05:00	2026-09-30 14:10:00	291.55	295.26	291.16	295.11	3230.25	947623.6385	t	validated	bybit_api
bybit	linear	QNTUSDT	5	2026-09-30 14:10:00	2026-09-30 14:15:00	295.11	296.4	290.53	291.78	3611.41	1060939.1809	t	validated	bybit_api
bybit	linear	QNTUSDT	5	2026-09-30 14:15:00	2026-09-30 14:20:00	291.78	294.34	290.08	290.63	3355.07	981670.0303	t	validated	bybit_api
bybit	linear	QNTUSDT	5	2026-09-30 14:20:00	2026-09-30 14:25:00	290.63	290.84	286.0	288.02	5820.29	1674956.6966	t	validated	bybit_api
bybit	linear	QNTUSDT	5	2026-09-30 14:25:00	2026-09-30 14:30:00	288.02	292.38	285.73	291.81	4244.82	1226298.5036	t	validated	bybit_api
bybit	linear	QNTUSDT	5	2026-09-30 14:30:00	2026-09-30 14:35:00	291.81	294.84	287.05	288.93	5925.12	1724262.2714	t	validated	bybit_api
bybit	linear	QNTUSDT	5	2026-09-30 14:35:00	2026-09-30 14:40:00	288.93	291.7	287.53	290.31	4042.54	1171175.9742	t	validated	bybit_api
bybit	linear	QNTUSDT	5	2026-09-30 14:40:00	2026-09-30 14:45:00	290.31	294.17	289.06	292.08	2731.49	796844.8125	t	validated	bybit_api
bybit	linear	QNTUSDT	5	2026-09-30 14:45:00	2026-09-30 14:50:00	292.08	294.56	288.02	291.06	4313.95	1260413.0039	t	validated	bybit_api
bybit	linear	QNTUSDT	5	2026-09-30 14:50:00	2026-09-30 14:55:00	291.06	292.52	289.01	291.91	2545.86	739917.0464	t	validated	bybit_api
bybit	linear	SANDUSDT	5	2026-10-02 17:25:00	2026-10-02 17:30:00	0.06422	0.06428	0.06342	0.06358	9094935.0	579504.95255	t	validated	bybit_api
bybit	linear	SANDUSDT	5	2026-10-02 17:30:00	2026-10-02 17:35:00	0.06358	0.06404	0.06346	0.06364	6562307.0	418103.16901	t	validated	bybit_api
bybit	linear	SANDUSDT	5	2026-10-02 17:35:00	2026-10-02 17:40:00	0.06364	0.06395	0.06269	0.06305	14065574.0	888925.63085	t	validated	bybit_api
bybit	linear	SANDUSDT	5	2026-10-02 17:40:00	2026-10-02 17:45:00	0.06305	0.0634	0.06261	0.06286	8581930.0	539977.23014	t	validated	bybit_api
bybit	linear	SANDUSDT	5	2026-10-02 17:45:00	2026-10-02 17:50:00	0.06286	0.06391	0.06197	0.06363	13083201.0	823161.14044	t	validated	bybit_api
bybit	linear	SANDUSDT	5	2026-10-02 17:50:00	2026-10-02 17:55:00	0.06363	0.06403	0.06341	0.06362	5671978.0	361501.8679	t	validated	bybit_api
bybit	linear	SANDUSDT	5	2026-10-02 17:55:00	2026-10-02 18:00:00	0.06362	0.06394	0.0634	0.06371	5714175.0	363762.88673	t	validated	bybit_api
bybit	linear	SANDUSDT	5	2026-10-02 18:00:00	2026-10-02 18:05:00	0.06371	0.06386	0.06331	0.06364	3201731.0	203504.08881	t	validated	bybit_api
bybit	linear	SANDUSDT	5	2026-10-02 18:05:00	2026-10-02 18:10:00	0.06364	0.06378	0.06312	0.06331	4724703.0	299530.96909	t	validated	bybit_api
bybit	linear	SANDUSDT	5	2026-10-02 18:10:00	2026-10-02 18:15:00	0.06331	0.06366	0.06312	0.06357	3967743.0	251721.69885	t	validated	bybit_api
bybit	linear	SANDUSDT	5	2026-10-02 18:15:00	2026-10-02 18:20:00	0.06357	0.06358	0.06248	0.06281	7334896.0	461650.30008	t	validated	bybit_api
bybit	linear	SANDUSDT	5	2026-10-02 18:20:00	2026-10-02 18:25:00	0.06281	0.06305	0.06241	0.06278	7415644.0	465457.62395	t	validated	bybit_api
bybit	linear	SANDUSDT	5	2026-10-02 18:25:00	2026-10-02 18:30:00	0.06278	0.06322	0.06256	0.06316	3615132.0	227154.65941	t	validated	bybit_api
bybit	linear	SANDUSDT	5	2026-10-02 18:30:00	2026-10-02 18:35:00	0.06316	0.06349	0.0625	0.06261	6033406.0	379930.50251	t	validated	bybit_api
bybit	linear	SANDUSDT	5	2026-10-02 18:35:00	2026-10-02 18:40:00	0.06261	0.06305	0.05888	0.06035	53662926.0	3266532.91793	t	validated	bybit_api
bybit	linear	SANDUSDT	5	2026-10-02 18:40:00	2026-10-02 18:45:00	0.06035	0.06167	0.06026	0.06123	16766416.0	1025372.70097	t	validated	bybit_api
bybit	linear	SANDUSDT	5	2026-10-02 18:45:00	2026-10-02 18:50:00	0.06123	0.06137	0.06035	0.06051	10105423.0	614229.67991	t	validated	bybit_api
bybit	linear	SANDUSDT	5	2026-10-02 18:50:00	2026-10-02 18:55:00	0.06051	0.06123	0.0602	0.06094	12404320.0	752561.35131	t	validated	bybit_api
bybit	linear	SANDUSDT	5	2026-10-02 18:55:00	2026-10-02 19:00:00	0.06094	0.06154	0.06072	0.06117	5967138.0	365109.52506	t	validated	bybit_api
bybit	linear	SANDUSDT	5	2026-10-02 19:00:00	2026-10-02 19:05:00	0.06117	0.06137	0.06066	0.06096	6034032.0	367729.36843	t	validated	bybit_api
bybit	linear	SANDUSDT	5	2026-10-02 19:05:00	2026-10-02 19:10:00	0.06096	0.06163	0.06094	0.06107	6586423.0	403590.5173	t	validated	bybit_api
bybit	linear	SANDUSDT	5	2026-10-02 19:10:00	2026-10-02 19:15:00	0.06107	0.06127	0.06089	0.06106	3351781.0	204752.3566	t	validated	bybit_api
bybit	linear	SANDUSDT	5	2026-10-02 19:15:00	2026-10-02 19:20:00	0.06106	0.06234	0.06101	0.06203	9987478.0	616802.45315	t	validated	bybit_api
bybit	linear	SANDUSDT	5	2026-10-02 19:20:00	2026-10-02 19:25:00	0.06203	0.06209	0.06144	0.06175	4613992.0	284474.22457	t	validated	bybit_api
bybit	linear	SANDUSDT	5	2026-10-02 19:25:00	2026-10-02 19:30:00	0.06175	0.06228	0.06166	0.06185	10535707.0	652377.50472	t	validated	bybit_api
bybit	linear	SANDUSDT	5	2026-10-02 19:30:00	2026-10-02 19:35:00	0.06185	0.06279	0.06174	0.06202	10277292.0	640112.88477	t	validated	bybit_api
bybit	linear	SANDUSDT	5	2026-10-02 19:35:00	2026-10-02 19:40:00	0.06202	0.0621	0.06112	0.06136	8327362.0	512519.02948	t	validated	bybit_api
bybit	linear	SANDUSDT	5	2026-10-02 19:40:00	2026-10-02 19:45:00	0.06136	0.06162	0.06115	0.06131	3882866.0	238251.66208	t	validated	bybit_api
bybit	linear	SANDUSDT	5	2026-10-02 19:45:00	2026-10-02 19:50:00	0.06131	0.0616	0.06119	0.06158	3158036.0	193794.94102	t	validated	bybit_api
bybit	linear	SANDUSDT	5	2026-10-02 19:50:00	2026-10-02 19:55:00	0.06158	0.06192	0.06101	0.06125	6179027.0	379510.20349	t	validated	bybit_api
bybit	linear	SANDUSDT	5	2026-10-02 19:55:00	2026-10-02 20:00:00	0.06125	0.06208	0.06116	0.06181	4707863.0	290090.82232	t	validated	bybit_api
bybit	linear	SANDUSDT	5	2026-10-02 20:00:00	2026-10-02 20:05:00	0.06181	0.06298	0.06167	0.06253	8707405.0	543997.01755	t	validated	bybit_api
bybit	linear	SANDUSDT	5	2026-10-02 20:05:00	2026-10-02 20:10:00	0.06253	0.06363	0.06227	0.06355	12708628.0	802277.62226	t	validated	bybit_api
bybit	linear	SANDUSDT	5	2026-10-02 20:10:00	2026-10-02 20:15:00	0.06355	0.06389	0.06326	0.06355	10024426.0	637302.69078	t	validated	bybit_api
bybit	linear	SANDUSDT	5	2026-10-02 20:15:00	2026-10-02 20:20:00	0.06355	0.06362	0.06311	0.06333	4765719.0	301752.62404	t	validated	bybit_api
bybit	linear	SANDUSDT	5	2026-10-02 20:20:00	2026-10-02 20:25:00	0.06333	0.06369	0.0627	0.06323	7023006.0	444002.46236	t	validated	bybit_api
bybit	linear	SANDUSDT	5	2026-10-02 20:25:00	2026-10-02 20:30:00	0.06323	0.06365	0.0632	0.06335	5040539.0	319988.45778	t	validated	bybit_api
bybit	linear	SANDUSDT	5	2026-10-02 20:30:00	2026-10-02 20:35:00	0.06335	0.06336	0.06211	0.06233	10037056.0	628874.60118	t	validated	bybit_api
bybit	linear	SANDUSDT	5	2026-10-02 20:35:00	2026-10-02 20:40:00	0.06233	0.06251	0.06155	0.06168	9208197.0	570947.29069	t	validated	bybit_api
bybit	linear	SANDUSDT	5	2026-10-02 20:40:00	2026-10-02 20:45:00	0.06168	0.06192	0.0612	0.0612	5428947.0	334313.51837	t	validated	bybit_api
bybit	linear	SANDUSDT	5	2026-10-02 20:45:00	2026-10-02 20:50:00	0.0612	0.06173	0.06111	0.06148	8424017.0	517562.56362	t	validated	bybit_api
bybit	linear	SANDUSDT	5	2026-10-02 20:50:00	2026-10-02 20:55:00	0.06148	0.06229	0.06144	0.06207	6707417.0	415684.63442	t	validated	bybit_api
bybit	linear	SANDUSDT	5	2026-10-02 20:55:00	2026-10-02 21:00:00	0.06207	0.06207	0.06147	0.06172	3722747.0	229798.65951	t	validated	bybit_api
bybit	linear	SANDUSDT	5	2026-10-02 21:00:00	2026-10-02 21:05:00	0.06172	0.06268	0.0617	0.06257	6868979.0	428489.88022	t	validated	bybit_api
bybit	linear	SANDUSDT	5	2026-10-02 21:05:00	2026-10-02 21:10:00	0.06257	0.06304	0.06229	0.06291	6287626.0	394054.79617	t	validated	bybit_api
bybit	linear	SANDUSDT	5	2026-10-02 21:10:00	2026-10-02 21:15:00	0.06291	0.06317	0.06252	0.06279	4663277.0	293138.85292	t	validated	bybit_api
bybit	linear	SANDUSDT	5	2026-10-02 21:15:00	2026-10-02 21:20:00	0.06279	0.06341	0.06267	0.06284	5385050.0	339549.39648	t	validated	bybit_api
bybit	linear	SANDUSDT	5	2026-10-02 21:20:00	2026-10-02 21:25:00	0.06284	0.06326	0.06275	0.06315	3089671.0	194598.72741	t	validated	bybit_api
bybit	linear	SANDUSDT	5	2026-10-02 21:25:00	2026-10-02 21:30:00	0.06315	0.06613	0.06308	0.06448	26186988.0	1687679.24352	t	validated	bybit_api
bybit	linear	SANDUSDT	5	2026-10-02 21:30:00	2026-10-02 21:35:00	0.06448	0.06448	0.06336	0.06376	8544473.0	545292.17068	t	validated	bybit_api
bybit	linear	SANDUSDT	5	2026-10-02 21:35:00	2026-10-02 21:40:00	0.06376	0.06386	0.06345	0.06369	3739148.0	237933.75113	t	validated	bybit_api
bybit	linear	SANDUSDT	5	2026-10-02 23:20:00	2026-10-02 23:25:00	0.0658	0.06594	0.06543	0.06565	6247369.0	410030.76439	t	validated	bybit_api
bybit	linear	SANDUSDT	5	2026-10-02 23:25:00	2026-10-02 23:30:00	0.06565	0.06642	0.06516	0.06619	9953997.0	656234.2793	t	validated	bybit_api
bybit	linear	SANDUSDT	5	2026-10-02 23:30:00	2026-10-02 23:35:00	0.06619	0.06862	0.06592	0.06792	25997704.0	1752676.69384	t	validated	bybit_api
bybit	linear	SANDUSDT	5	2026-10-02 23:35:00	2026-10-02 23:40:00	0.06792	0.06853	0.0672	0.06764	14425993.0	978268.5013	t	validated	bybit_api
bybit	linear	SANDUSDT	5	2026-10-02 23:40:00	2026-10-02 23:45:00	0.06764	0.06795	0.06678	0.06696	11026585.0	743046.57607	t	validated	bybit_api
bybit	linear	SANDUSDT	5	2026-10-02 23:45:00	2026-10-02 23:50:00	0.06696	0.06774	0.06689	0.06752	7238529.0	487696.79452	t	validated	bybit_api
bybit	linear	SANDUSDT	5	2026-10-02 23:50:00	2026-10-02 23:55:00	0.06752	0.06959	0.06738	0.06924	21676884.0	1489447.71383	t	validated	bybit_api
bybit	linear	SANDUSDT	5	2026-10-02 23:55:00	2026-10-03 00:00:00	0.06924	0.06924	0.06851	0.06877	11713618.0	806821.74551	t	validated	bybit_api
bybit	linear	SANDUSDT	5	2026-10-03 00:00:00	2026-10-03 00:05:00	0.06877	0.06923	0.06684	0.06903	34730867.0	2364853.72878	t	validated	bybit_api
bybit	linear	SANDUSDT	5	2026-10-03 00:05:00	2026-10-03 00:10:00	0.06903	0.06986	0.06731	0.06795	20373524.0	1397178.55542	t	validated	bybit_api
bybit	linear	SANDUSDT	5	2026-10-03 00:10:00	2026-10-03 00:15:00	0.06795	0.07	0.06703	0.0696	17717124.0	1214774.70099	t	validated	bybit_api
bybit	linear	SANDUSDT	5	2026-10-03 00:15:00	2026-10-03 00:20:00	0.0696	0.0722	0.06143	0.06572	81081550.0	5485542.4007	t	validated	bybit_api
bybit	linear	SANDUSDT	5	2026-10-03 00:20:00	2026-10-03 00:25:00	0.06572	0.06643	0.06385	0.06554	36139966.0	2360056.0846	t	validated	bybit_api
bybit	linear	SANDUSDT	5	2026-10-03 00:25:00	2026-10-03 00:30:00	0.06554	0.06594	0.06454	0.06495	15409074.0	1003469.46609	t	validated	bybit_api
bybit	linear	SANDUSDT	5	2026-10-03 00:30:00	2026-10-03 00:35:00	0.06495	0.06643	0.06451	0.06572	19475896.0	1274996.45655	t	validated	bybit_api
bybit	linear	SANDUSDT	5	2026-10-03 00:35:00	2026-10-03 00:40:00	0.06572	0.06633	0.06509	0.06527	7990597.0	524924.16373	t	validated	bybit_api
bybit	linear	SANDUSDT	5	2026-10-03 00:40:00	2026-10-03 00:45:00	0.06527	0.06593	0.06493	0.06587	11218485.0	732634.94677	t	validated	bybit_api
bybit	linear	SANDUSDT	5	2026-10-03 00:45:00	2026-10-03 00:50:00	0.06587	0.06846	0.06563	0.06761	25463128.0	1711505.58521	t	validated	bybit_api
bybit	linear	SANDUSDT	5	2026-10-03 00:50:00	2026-10-03 00:55:00	0.06761	0.0687	0.06691	0.0682	15081765.0	1022743.58904	t	validated	bybit_api
bybit	linear	SANDUSDT	5	2026-10-03 00:55:00	2026-10-03 01:00:00	0.0682	0.06828	0.06626	0.06653	10409527.0	697664.10262	t	validated	bybit_api
bybit	linear	SANDUSDT	5	2026-10-03 01:00:00	2026-10-03 01:05:00	0.06653	0.06962	0.06591	0.06952	31935211.0	2158815.11954	t	validated	bybit_api
bybit	linear	SANDUSDT	5	2026-10-03 01:05:00	2026-10-03 01:10:00	0.06952	0.07003	0.0684	0.06907	17735721.0	1227636.65929	t	validated	bybit_api
bybit	linear	SANDUSDT	5	2026-10-03 01:10:00	2026-10-03 01:15:00	0.06907	0.07036	0.0686	0.06909	15448803.0	1074539.74106	t	validated	bybit_api
bybit	linear	SANDUSDT	5	2026-10-03 01:15:00	2026-10-03 01:20:00	0.06909	0.0704	0.06835	0.06848	12135289.0	843341.11193	t	validated	bybit_api
bybit	linear	SANDUSDT	5	2026-10-03 01:20:00	2026-10-03 01:25:00	0.06848	0.06949	0.06833	0.06889	10056140.0	693458.54581	t	validated	bybit_api
bybit	linear	SANDUSDT	5	2026-10-03 01:25:00	2026-10-03 01:30:00	0.06889	0.0695	0.06819	0.06855	13499168.0	928453.79384	t	validated	bybit_api
bybit	linear	SANDUSDT	5	2026-10-03 01:30:00	2026-10-03 01:35:00	0.06855	0.06905	0.06811	0.06861	6979229.0	478377.98014	t	validated	bybit_api
bybit	linear	SANDUSDT	5	2026-10-03 01:35:00	2026-10-03 01:40:00	0.06861	0.06884	0.06727	0.06778	12064046.0	820440.44076	t	validated	bybit_api
bybit	linear	SANDUSDT	5	2026-10-03 01:40:00	2026-10-03 01:45:00	0.06778	0.06844	0.06753	0.06767	12048528.0	819317.96753	t	validated	bybit_api
bybit	linear	SANDUSDT	5	2026-10-03 01:45:00	2026-10-03 01:50:00	0.06767	0.06794	0.06555	0.06625	24118010.0	1604863.99644	t	validated	bybit_api
bybit	linear	SANDUSDT	5	2026-10-03 01:50:00	2026-10-03 01:55:00	0.06625	0.06648	0.06541	0.06617	12251855.0	808267.68015	t	validated	bybit_api
bybit	linear	SANDUSDT	5	2026-10-03 01:55:00	2026-10-03 02:00:00	0.06617	0.0668	0.06556	0.06629	9242143.0	611882.35661	t	validated	bybit_api
bybit	linear	SANDUSDT	5	2026-10-03 02:00:00	2026-10-03 02:05:00	0.06629	0.06712	0.0656	0.06701	15423009.0	1022480.23165	t	validated	bybit_api
bybit	linear	SANDUSDT	5	2026-10-03 02:05:00	2026-10-03 02:10:00	0.06701	0.06713	0.06613	0.06692	8665173.0	577461.87923	t	validated	bybit_api
bybit	linear	SANDUSDT	5	2026-10-03 02:10:00	2026-10-03 02:15:00	0.06692	0.06761	0.06676	0.06691	8531299.0	573150.96145	t	validated	bybit_api
bybit	linear	SANDUSDT	5	2026-10-03 02:15:00	2026-10-03 02:20:00	0.06691	0.069	0.06686	0.0685	23246737.0	1588184.34333	t	validated	bybit_api
bybit	linear	SANDUSDT	5	2026-10-03 02:20:00	2026-10-03 02:25:00	0.0685	0.0687	0.06714	0.06771	14207136.0	966448.57067	t	validated	bybit_api
bybit	linear	SANDUSDT	5	2026-10-03 02:25:00	2026-10-03 02:30:00	0.06771	0.0679	0.06684	0.06751	11727439.0	789986.71439	t	validated	bybit_api
bybit	linear	SANDUSDT	5	2026-10-03 02:30:00	2026-10-03 02:35:00	0.06751	0.06862	0.06723	0.06852	12889109.0	876909.14678	t	validated	bybit_api
bybit	linear	SANDUSDT	5	2026-10-03 02:35:00	2026-10-03 02:40:00	0.06852	0.07092	0.06835	0.07071	39439498.0	2756354.3814	t	validated	bybit_api
bybit	linear	SANDUSDT	5	2026-10-03 02:40:00	2026-10-03 02:45:00	0.07071	0.07109	0.06879	0.06933	27373816.0	1907349.69327	t	validated	bybit_api
bybit	linear	SANDUSDT	5	2026-10-03 02:45:00	2026-10-03 02:50:00	0.06933	0.07119	0.0693	0.07046	27470978.0	1926613.28071	t	validated	bybit_api
bybit	linear	SANDUSDT	5	2026-10-03 02:50:00	2026-10-03 02:55:00	0.07046	0.07171	0.07024	0.07073	25530828.0	1810960.42125	t	validated	bybit_api
bybit	linear	SANDUSDT	5	2026-10-03 02:55:00	2026-10-03 03:00:00	0.07073	0.07622	0.07036	0.0741	80692951.0	5950808.91736	t	validated	bybit_api
bybit	linear	SANDUSDT	5	2026-10-03 03:00:00	2026-10-03 03:05:00	0.0741	0.0752	0.07314	0.07329	42566573.0	3160841.25509	t	validated	bybit_api
bybit	linear	SANDUSDT	5	2026-10-03 03:05:00	2026-10-03 03:10:00	0.07329	0.07431	0.07166	0.07287	32582569.0	2379840.54214	t	validated	bybit_api
bybit	linear	SANDUSDT	5	2026-10-03 03:10:00	2026-10-03 03:15:00	0.07287	0.074	0.07261	0.07366	16162850.0	1187036.31235	t	validated	bybit_api
bybit	linear	SANDUSDT	5	2026-10-03 03:15:00	2026-10-03 03:20:00	0.07366	0.07795	0.07349	0.07732	73380553.0	5592635.16443	t	validated	bybit_api
bybit	linear	SANDUSDT	5	2026-10-03 03:20:00	2026-10-03 03:25:00	0.07732	0.08192	0.07687	0.07901	97575408.0	7766229.74991	t	validated	bybit_api
bybit	linear	SNDKUSDT	5	2026-10-01 03:25:00	2026-10-01 03:30:00	1757.26	1759.47	1757.24	1758.3	33.02	58057.969	t	validated	bybit_api
bybit	linear	SNDKUSDT	5	2026-10-01 03:30:00	2026-10-01 03:35:00	1758.3	1758.48	1753.79	1754.35	72.28	126905.1921	t	validated	bybit_api
bybit	linear	SNDKUSDT	5	2026-10-01 03:35:00	2026-10-01 03:40:00	1754.35	1757.36	1754.06	1755.68	58.22	102238.9147	t	validated	bybit_api
bybit	linear	SNDKUSDT	5	2026-10-01 03:40:00	2026-10-01 03:45:00	1755.68	1758.89	1754.87	1758.89	152.69	268146.1198	t	validated	bybit_api
bybit	linear	SNDKUSDT	5	2026-10-01 03:45:00	2026-10-01 03:50:00	1758.89	1765.54	1756.89	1764.68	343.32	604249.7073	t	validated	bybit_api
bybit	linear	SNDKUSDT	5	2026-10-01 03:50:00	2026-10-01 03:55:00	1764.68	1768.56	1763.67	1768.3	327.16	577560.1679	t	validated	bybit_api
bybit	linear	SNDKUSDT	5	2026-10-01 03:55:00	2026-10-01 04:00:00	1768.3	1773.83	1767.97	1771.58	389.04	688725.4684	t	validated	bybit_api
bybit	linear	SNDKUSDT	5	2026-10-01 04:00:00	2026-10-01 04:05:00	1771.58	1777.82	1771.53	1774.76	387.94	688904.8825	t	validated	bybit_api
bybit	linear	SNDKUSDT	5	2026-10-01 04:05:00	2026-10-01 04:10:00	1774.76	1775.81	1770.16	1770.16	401.81	712226.6751	t	validated	bybit_api
bybit	linear	SNDKUSDT	5	2026-10-01 04:10:00	2026-10-01 04:15:00	1770.16	1772.85	1768.59	1772.73	260.39	461039.3575	t	validated	bybit_api
bybit	linear	SNDKUSDT	5	2026-10-01 04:15:00	2026-10-01 04:20:00	1772.73	1772.73	1765.78	1767.72	246.08	435064.7051	t	validated	bybit_api
bybit	linear	SNDKUSDT	5	2026-10-01 04:20:00	2026-10-01 04:25:00	1767.72	1769.24	1766.38	1767.8	130.66	231009.704	t	validated	bybit_api
bybit	linear	SNDKUSDT	5	2026-10-01 04:25:00	2026-10-01 04:30:00	1767.8	1770.79	1767.1	1769.35	81.56	144270.0124	t	validated	bybit_api
bybit	linear	SNDKUSDT	5	2026-10-01 04:30:00	2026-10-01 04:35:00	1769.35	1769.56	1765.0	1766.43	167.66	296269.0772	t	validated	bybit_api
bybit	linear	SNDKUSDT	5	2026-10-01 04:35:00	2026-10-01 04:40:00	1766.43	1769.19	1765.21	1766.67	183.56	324364.4615	t	validated	bybit_api
bybit	linear	SNDKUSDT	5	2026-10-01 04:40:00	2026-10-01 04:45:00	1766.67	1767.15	1764.8	1765.18	83.18	146854.4431	t	validated	bybit_api
bybit	linear	SNDKUSDT	5	2026-10-01 04:45:00	2026-10-01 04:50:00	1765.18	1770.84	1764.95	1770.84	218.96	387334.0005	t	validated	bybit_api
bybit	linear	SNDKUSDT	5	2026-10-01 04:50:00	2026-10-01 04:55:00	1770.84	1773.24	1769.92	1772.71	483.32	856440.019	t	validated	bybit_api
bybit	linear	SNDKUSDT	5	2026-10-01 04:55:00	2026-10-01 05:00:00	1772.71	1773.89	1770.7	1772.97	144.96	256896.3741	t	validated	bybit_api
bybit	linear	SNDKUSDT	5	2026-10-01 05:00:00	2026-10-01 05:05:00	1772.97	1778.87	1771.49	1778.49	354.11	628540.2226	t	validated	bybit_api
bybit	linear	SNDKUSDT	5	2026-10-01 05:05:00	2026-10-01 05:10:00	1778.49	1783.45	1776.94	1782.57	278.65	496094.8119	t	validated	bybit_api
bybit	linear	SNDKUSDT	5	2026-10-01 05:10:00	2026-10-01 05:15:00	1782.57	1782.65	1779.13	1780.64	408.04	726492.8444	t	validated	bybit_api
bybit	linear	SNDKUSDT	5	2026-10-01 05:15:00	2026-10-01 05:20:00	1780.64	1780.73	1778.01	1779.59	267.34	475615.7803	t	validated	bybit_api
bybit	linear	SNDKUSDT	5	2026-10-01 05:20:00	2026-10-01 05:25:00	1779.59	1780.94	1778.04	1779.73	137.69	245028.1668	t	validated	bybit_api
bybit	linear	SNDKUSDT	5	2026-10-01 05:25:00	2026-10-01 05:30:00	1779.73	1785.68	1779.41	1784.58	238.43	424974.2394	t	validated	bybit_api
bybit	linear	SNDKUSDT	5	2026-10-01 05:30:00	2026-10-01 05:35:00	1784.58	1787.77	1783.12	1784.89	533.29	952113.6356	t	validated	bybit_api
bybit	linear	SNDKUSDT	5	2026-10-01 05:35:00	2026-10-01 05:40:00	1784.89	1786.25	1782.77	1783.01	177.8	317195.7851	t	validated	bybit_api
bybit	linear	SNDKUSDT	5	2026-10-01 05:40:00	2026-10-01 05:45:00	1783.01	1783.14	1780.88	1781.13	78.81	140443.7804	t	validated	bybit_api
bybit	linear	SNDKUSDT	5	2026-10-01 05:45:00	2026-10-01 05:50:00	1781.13	1783.27	1779.24	1782.61	90.98	162006.1314	t	validated	bybit_api
bybit	linear	SNDKUSDT	5	2026-10-01 05:50:00	2026-10-01 05:55:00	1782.61	1785.69	1782.54	1783.84	101.58	181222.6591	t	validated	bybit_api
bybit	linear	SNDKUSDT	5	2026-10-01 05:55:00	2026-10-01 06:00:00	1783.84	1785.78	1781.72	1785.29	59.43	105996.9439	t	validated	bybit_api
bybit	linear	SNDKUSDT	5	2026-10-01 06:00:00	2026-10-01 06:05:00	1785.29	1788.8	1785.29	1788.23	261.47	467203.9353	t	validated	bybit_api
bybit	linear	SNDKUSDT	5	2026-10-01 06:05:00	2026-10-01 06:10:00	1788.23	1788.95	1785.72	1787.05	136.83	244520.0426	t	validated	bybit_api
bybit	linear	SNDKUSDT	5	2026-10-01 06:10:00	2026-10-01 06:15:00	1787.05	1792.0	1786.52	1791.24	201.61	360854.6995	t	validated	bybit_api
bybit	linear	SNDKUSDT	5	2026-10-01 06:15:00	2026-10-01 06:20:00	1791.24	1792.49	1787.64	1789.4	72.01	128949.7908	t	validated	bybit_api
bybit	linear	SNDKUSDT	5	2026-10-01 06:20:00	2026-10-01 06:25:00	1789.4	1791.59	1788.76	1789.55	68.49	122617.0932	t	validated	bybit_api
bybit	linear	SNDKUSDT	5	2026-10-01 06:25:00	2026-10-01 06:30:00	1789.55	1793.85	1788.34	1793.12	149.82	268456.6105	t	validated	bybit_api
bybit	linear	SNDKUSDT	5	2026-10-01 06:30:00	2026-10-01 06:35:00	1793.12	1798.18	1792.76	1794.06	355.06	637446.3311	t	validated	bybit_api
bybit	linear	SNDKUSDT	5	2026-10-01 06:35:00	2026-10-01 06:40:00	1794.06	1798.95	1793.92	1795.1	255.26	458649.3997	t	validated	bybit_api
bybit	linear	SNDKUSDT	5	2026-10-01 06:40:00	2026-10-01 06:45:00	1795.1	1795.12	1789.3	1790.31	196.61	352193.2028	t	validated	bybit_api
bybit	linear	SNDKUSDT	5	2026-10-01 06:45:00	2026-10-01 06:50:00	1790.31	1791.12	1787.24	1788.06	41.45	74160.2544	t	validated	bybit_api
bybit	linear	SNDKUSDT	5	2026-10-01 06:50:00	2026-10-01 06:55:00	1788.06	1792.82	1788.06	1792.48	28.56	51163.5262	t	validated	bybit_api
bybit	linear	SNDKUSDT	5	2026-10-01 06:55:00	2026-10-01 07:00:00	1792.48	1793.24	1790.23	1790.47	45.32	81214.6433	t	validated	bybit_api
bybit	linear	SNDKUSDT	5	2026-10-01 07:00:00	2026-10-01 07:05:00	1790.47	1792.82	1789.78	1791.79	64.73	115963.3238	t	validated	bybit_api
bybit	linear	SNDKUSDT	5	2026-10-01 07:05:00	2026-10-01 07:10:00	1791.79	1792.84	1789.13	1792.56	36.86	66019.7673	t	validated	bybit_api
bybit	linear	SNDKUSDT	5	2026-10-01 07:10:00	2026-10-01 07:15:00	1792.56	1792.56	1785.87	1786.4	47.96	85806.9372	t	validated	bybit_api
bybit	linear	SNDKUSDT	5	2026-10-01 07:15:00	2026-10-01 07:20:00	1786.4	1788.14	1783.18	1783.65	57.98	103530.3455	t	validated	bybit_api
bybit	linear	SNDKUSDT	5	2026-10-01 07:20:00	2026-10-01 07:25:00	1783.65	1783.65	1775.68	1775.69	394.13	701580.6782	t	validated	bybit_api
bybit	linear	SNDKUSDT	5	2026-10-01 07:25:00	2026-10-01 07:30:00	1775.69	1776.92	1766.08	1766.34	872.7	1545824.5476	t	validated	bybit_api
bybit	linear	SOLUSDT	5	2026-10-04 10:25:00	2026-10-04 10:30:00	121.35	121.38	121.19	121.19	44690.8	5420418.253	t	validated	bybit_api
bybit	linear	SOLUSDT	5	2026-10-04 10:30:00	2026-10-04 10:35:00	121.19	121.32	121.15	121.15	28106.4	3407659.65	t	validated	bybit_api
bybit	linear	SOLUSDT	5	2026-10-04 10:35:00	2026-10-04 10:40:00	121.15	121.3	121.13	121.24	17038.8	2065304.977	t	validated	bybit_api
bybit	linear	SOLUSDT	5	2026-10-04 10:40:00	2026-10-04 10:45:00	121.24	121.4	121.22	121.37	19530.9	2369411.111	t	validated	bybit_api
bybit	linear	SOLUSDT	5	2026-10-04 10:45:00	2026-10-04 10:50:00	121.37	121.43	121.33	121.39	14038.7	1704123.35	t	validated	bybit_api
bybit	linear	SOLUSDT	5	2026-10-04 10:50:00	2026-10-04 10:55:00	121.39	121.43	121.33	121.34	9872.2	1198273.565	t	validated	bybit_api
bybit	linear	SOLUSDT	5	2026-10-04 10:55:00	2026-10-04 11:00:00	121.34	121.37	121.22	121.22	8382.2	1016765.431	t	validated	bybit_api
bybit	linear	SOLUSDT	5	2026-10-04 11:00:00	2026-10-04 11:05:00	121.22	121.27	121.14	121.16	12042.3	1459463.01	t	validated	bybit_api
bybit	linear	SOLUSDT	5	2026-10-04 11:05:00	2026-10-04 11:10:00	121.16	121.32	121.16	121.3	9401.7	1140006.574	t	validated	bybit_api
bybit	linear	SOLUSDT	5	2026-10-04 11:10:00	2026-10-04 11:15:00	121.3	121.32	121.21	121.23	9382.7	1138039.199	t	validated	bybit_api
bybit	linear	SOLUSDT	5	2026-10-04 11:15:00	2026-10-04 11:20:00	121.23	121.29	121.21	121.26	4984.6	604434.056	t	validated	bybit_api
bybit	linear	SOLUSDT	5	2026-10-04 11:20:00	2026-10-04 11:25:00	121.26	121.36	121.26	121.35	9215.3	1118068.676	t	validated	bybit_api
bybit	linear	SOLUSDT	5	2026-10-04 11:25:00	2026-10-04 11:30:00	121.35	121.47	121.34	121.45	18701.7	2270819.74	t	validated	bybit_api
bybit	linear	SOLUSDT	5	2026-10-04 11:30:00	2026-10-04 11:35:00	121.45	121.47	121.28	121.31	19964.0	2423571.641	t	validated	bybit_api
bybit	linear	SOLUSDT	5	2026-10-04 11:35:00	2026-10-04 11:40:00	121.31	121.32	121.17	121.17	15360.0	1862564.454	t	validated	bybit_api
bybit	linear	SOLUSDT	5	2026-10-04 11:40:00	2026-10-04 11:45:00	121.17	121.21	121.13	121.2	20896.1	2531526.968	t	validated	bybit_api
bybit	linear	SOLUSDT	5	2026-10-04 11:45:00	2026-10-04 11:50:00	121.2	121.27	121.2	121.26	6166.6	747659.852	t	validated	bybit_api
bybit	linear	SOLUSDT	5	2026-10-04 11:50:00	2026-10-04 11:55:00	121.26	121.29	121.16	121.16	11308.1	1370913.035	t	validated	bybit_api
bybit	linear	SOLUSDT	5	2026-10-04 11:55:00	2026-10-04 12:00:00	121.16	121.23	121.16	121.21	6050.2	733322.576	t	validated	bybit_api
bybit	linear	SOLUSDT	5	2026-10-04 12:00:00	2026-10-04 12:05:00	121.21	121.36	121.13	121.35	26366.1	3196465.87	t	validated	bybit_api
bybit	linear	SOLUSDT	5	2026-10-04 12:05:00	2026-10-04 12:10:00	121.35	121.73	121.35	121.63	45865.4	5576288.587	t	validated	bybit_api
bybit	linear	SOLUSDT	5	2026-10-04 12:10:00	2026-10-04 12:15:00	121.63	121.8	121.41	121.44	59973.4	7296033.227	t	validated	bybit_api
bybit	linear	SOLUSDT	5	2026-10-04 12:15:00	2026-10-04 12:20:00	121.44	121.6	121.25	121.51	32042.0	3891011.664	t	validated	bybit_api
bybit	linear	SOLUSDT	5	2026-10-04 12:20:00	2026-10-04 12:25:00	121.51	121.52	121.41	121.49	32763.6	3979787.954	t	validated	bybit_api
bybit	linear	SOLUSDT	5	2026-10-04 12:25:00	2026-10-04 12:30:00	121.49	121.58	121.44	121.46	10132.6	1231097.092	t	validated	bybit_api
bybit	linear	SOLUSDT	5	2026-10-04 12:30:00	2026-10-04 12:35:00	121.46	121.59	121.37	121.54	14370.3	1745922.994	t	validated	bybit_api
bybit	linear	SOLUSDT	5	2026-10-04 12:35:00	2026-10-04 12:40:00	121.54	121.58	121.43	121.47	9722.5	1181637.508	t	validated	bybit_api
bybit	linear	SOLUSDT	5	2026-10-04 12:40:00	2026-10-04 12:45:00	121.47	121.54	121.44	121.45	8745.3	1062620.139	t	validated	bybit_api
bybit	linear	SOLUSDT	5	2026-10-04 12:45:00	2026-10-04 12:50:00	121.45	121.47	121.33	121.34	16535.1	2007113.634	t	validated	bybit_api
bybit	linear	SOLUSDT	5	2026-10-04 12:50:00	2026-10-04 12:55:00	121.34	121.4	121.23	121.25	19148.9	2323138.311	t	validated	bybit_api
bybit	linear	SOLUSDT	5	2026-10-04 12:55:00	2026-10-04 13:00:00	121.25	121.38	121.21	121.28	14512.3	1760376.43	t	validated	bybit_api
bybit	linear	SOLUSDT	5	2026-10-04 13:00:00	2026-10-04 13:05:00	121.28	121.35	121.2	121.29	9630.9	1168118.892	t	validated	bybit_api
bybit	linear	SOLUSDT	5	2026-10-04 13:05:00	2026-10-04 13:10:00	121.29	121.39	121.29	121.35	16550.9	2008496.693	t	validated	bybit_api
bybit	linear	SOLUSDT	5	2026-10-04 13:10:00	2026-10-04 13:15:00	121.35	121.48	121.34	121.47	8685.3	1054565.453	t	validated	bybit_api
bybit	linear	SOLUSDT	5	2026-10-04 13:15:00	2026-10-04 13:20:00	121.47	121.51	121.36	121.36	8533.4	1036476.964	t	validated	bybit_api
bybit	linear	SOLUSDT	5	2026-10-04 13:20:00	2026-10-04 13:25:00	121.36	121.5	121.35	121.49	5271.1	640092.297	t	validated	bybit_api
bybit	linear	SOLUSDT	5	2026-10-04 13:25:00	2026-10-04 13:30:00	121.49	121.58	121.4	121.57	14119.2	1715233.372	t	validated	bybit_api
bybit	linear	SOLUSDT	5	2026-10-04 13:30:00	2026-10-04 13:35:00	121.57	121.86	121.57	121.71	48223.5	5870565.954	t	validated	bybit_api
bybit	linear	SOLUSDT	5	2026-10-04 13:35:00	2026-10-04 13:40:00	121.71	121.99	121.66	121.69	61661.2	7511664.682	t	validated	bybit_api
bybit	linear	SOLUSDT	5	2026-10-04 13:40:00	2026-10-04 13:45:00	121.69	121.81	121.59	121.59	33776.3	4109937.181	t	validated	bybit_api
bybit	linear	SOLUSDT	5	2026-10-04 13:45:00	2026-10-04 13:50:00	121.59	121.88	121.56	121.88	16011.6	1948437.564	t	validated	bybit_api
bybit	linear	SOLUSDT	5	2026-10-04 13:50:00	2026-10-04 13:55:00	121.88	121.88	121.71	121.72	22720.0	2766935.399	t	validated	bybit_api
bybit	linear	SOLUSDT	5	2026-10-04 13:55:00	2026-10-04 14:00:00	121.72	121.74	121.65	121.7	4232.4	515034.643	t	validated	bybit_api
bybit	linear	SOLUSDT	5	2026-10-04 14:00:00	2026-10-04 14:05:00	121.7	121.72	121.6	121.69	9221.0	1121955.63	t	validated	bybit_api
bybit	linear	SOLUSDT	5	2026-10-04 14:05:00	2026-10-04 14:10:00	121.69	121.78	121.56	121.61	41984.7	5107682.675	t	validated	bybit_api
bybit	linear	SOLUSDT	5	2026-10-04 14:10:00	2026-10-04 14:15:00	121.61	121.66	121.53	121.61	12423.7	1510745.374	t	validated	bybit_api
bybit	linear	SOLUSDT	5	2026-10-04 14:15:00	2026-10-04 14:20:00	121.61	121.63	121.33	121.33	25130.2	3051930.953	t	validated	bybit_api
bybit	linear	SOLUSDT	5	2026-10-04 14:20:00	2026-10-04 14:25:00	121.33	121.35	121.15	121.3	30375.5	3683626.17	t	validated	bybit_api
bybit	linear	SOLUSDT	5	2026-10-04 14:25:00	2026-10-04 14:30:00	121.3	121.48	121.3	121.47	11255.6	1366574.955	t	validated	bybit_api
bybit	linear	SOLUSDT	5	2026-10-04 14:30:00	2026-10-04 14:35:00	121.47	121.63	121.47	121.57	24237.6	2946562.874	t	validated	bybit_api
bybit	linear	SOLUSDT	5	2026-10-04 14:35:00	2026-10-04 14:40:00	121.57	121.7	121.45	121.45	19853.6	2414635.874	t	validated	bybit_api
bybit	linear	SOLUSDT	5	2026-10-04 14:40:00	2026-10-04 14:45:00	121.45	121.45	121.38	121.38	9952.9	1208439.821	t	validated	bybit_api
bybit	linear	SOLUSDT	5	2026-10-04 14:45:00	2026-10-04 14:50:00	121.38	121.5	121.27	121.5	31850.6	3865305.819	t	validated	bybit_api
bybit	linear	SOLUSDT	5	2026-10-04 14:50:00	2026-10-04 14:55:00	121.5	121.63	121.47	121.63	10657.6	1295598.198	t	validated	bybit_api
bybit	linear	SOLUSDT	5	2026-10-04 14:55:00	2026-10-04 15:00:00	121.63	121.88	121.62	121.85	26087.2	3176582.692	t	validated	bybit_api
bybit	linear	SOLUSDT	5	2026-10-04 15:00:00	2026-10-04 15:05:00	121.85	122.13	121.75	121.82	74521.4	9085863.986	t	validated	bybit_api
bybit	linear	SOLUSDT	5	2026-10-04 15:05:00	2026-10-04 15:10:00	121.82	121.88	121.62	121.71	13181.8	1604695.034	t	validated	bybit_api
bybit	linear	SOLUSDT	5	2026-10-04 15:10:00	2026-10-04 15:15:00	121.71	121.99	121.7	121.99	7503.7	914419.516	t	validated	bybit_api
bybit	linear	SOLUSDT	5	2026-10-04 15:15:00	2026-10-04 15:20:00	121.99	122.12	121.85	122.04	27085.0	3302930.475	t	validated	bybit_api
bybit	linear	SOLUSDT	5	2026-10-04 15:20:00	2026-10-04 15:25:00	122.04	122.09	121.7	121.73	25884.9	3155891.785	t	validated	bybit_api
bybit	linear	SOLUSDT	5	2026-10-04 15:25:00	2026-10-04 15:30:00	121.73	121.78	121.59	121.71	16389.3	1993915.667	t	validated	bybit_api
bybit	linear	SOLUSDT	5	2026-10-04 15:30:00	2026-10-04 15:35:00	121.71	121.74	121.64	121.69	3758.1	457350.303	t	validated	bybit_api
bybit	linear	SOLUSDT	5	2026-10-04 15:35:00	2026-10-04 15:40:00	121.69	121.74	121.65	121.69	2303.3	280289.317	t	validated	bybit_api
bybit	linear	SOLUSDT	5	2026-10-04 15:40:00	2026-10-04 15:45:00	121.69	121.73	121.64	121.68	3419.9	416195.734	t	validated	bybit_api
bybit	linear	SOLUSDT	5	2026-10-04 15:45:00	2026-10-04 15:50:00	121.68	121.71	121.62	121.64	2702.4	328799.391	t	validated	bybit_api
bybit	linear	SOLUSDT	5	2026-10-04 15:50:00	2026-10-04 15:55:00	121.64	121.69	121.64	121.65	2853.7	347186.133	t	validated	bybit_api
bybit	linear	SOLUSDT	5	2026-10-04 15:55:00	2026-10-04 16:00:00	121.65	121.65	121.49	121.56	19736.7	2399147.725	t	validated	bybit_api
bybit	linear	SOLUSDT	5	2026-10-04 16:00:00	2026-10-04 16:05:00	121.56	121.63	121.4	121.44	9927.0	1205987.311	t	validated	bybit_api
bybit	linear	SOLUSDT	5	2026-10-04 16:05:00	2026-10-04 16:10:00	121.44	121.56	121.38	121.56	8814.6	1070554.624	t	validated	bybit_api
bybit	linear	SOLUSDT	5	2026-10-04 16:10:00	2026-10-04 16:15:00	121.56	121.67	121.51	121.57	12075.6	1467980.357	t	validated	bybit_api
bybit	linear	SOLUSDT	5	2026-10-04 16:15:00	2026-10-04 16:20:00	121.57	121.66	121.52	121.58	3411.1	414748.633	t	validated	bybit_api
bybit	linear	SOLUSDT	5	2026-10-04 16:20:00	2026-10-04 16:25:00	121.58	121.64	121.4	121.48	13368.9	1624272.093	t	validated	bybit_api
bybit	linear	SOLUSDT	5	2026-10-04 16:25:00	2026-10-04 16:30:00	121.48	121.48	121.4	121.46	9687.7	1176395.013	t	validated	bybit_api
bybit	linear	SOLUSDT	5	2026-10-04 16:30:00	2026-10-04 16:35:00	121.46	121.65	121.46	121.65	5107.3	620905.735	t	validated	bybit_api
bybit	linear	SOLUSDT	5	2026-10-04 16:35:00	2026-10-04 16:40:00	121.65	121.78	121.6	121.6	15573.4	1895209.845	t	validated	bybit_api
bybit	linear	SOLUSDT	5	2026-10-04 16:40:00	2026-10-04 16:45:00	121.6	121.69	121.58	121.61	4428.5	538632.026	t	validated	bybit_api
bybit	linear	SOLUSDT	5	2026-10-04 16:45:00	2026-10-04 16:50:00	121.61	121.91	121.57	121.88	15870.8	1932263.69	t	validated	bybit_api
bybit	linear	SOLUSDT	5	2026-10-04 16:50:00	2026-10-04 16:55:00	121.88	121.88	121.76	121.76	7175.2	874004.186	t	validated	bybit_api
bybit	linear	SOLUSDT	5	2026-10-04 16:55:00	2026-10-04 17:00:00	121.76	121.83	121.72	121.73	5051.9	615204.922	t	validated	bybit_api
bybit	linear	SOLUSDT	5	2026-10-04 17:00:00	2026-10-04 17:05:00	121.73	121.77	121.7	121.74	2650.8	322689.539	t	validated	bybit_api
bybit	linear	SOLUSDT	5	2026-10-04 17:05:00	2026-10-04 17:10:00	121.74	121.77	121.64	121.66	4444.9	541012.443	t	validated	bybit_api
bybit	linear	SOLUSDT	5	2026-10-04 17:10:00	2026-10-04 17:15:00	121.66	121.68	121.61	121.64	5885.0	715890.136	t	validated	bybit_api
bybit	linear	SOLUSDT	5	2026-10-04 17:15:00	2026-10-04 17:20:00	121.64	121.74	121.61	121.66	5443.6	662461.746	t	validated	bybit_api
bybit	linear	SOLUSDT	5	2026-10-04 17:20:00	2026-10-04 17:25:00	121.66	121.8	121.65	121.79	9371.9	1140930.914	t	validated	bybit_api
bybit	linear	SOLUSDT	5	2026-10-04 17:25:00	2026-10-04 17:30:00	121.79	121.81	121.72	121.72	1449.3	176491.175	t	validated	bybit_api
bybit	linear	SOLUSDT	5	2026-10-04 17:30:00	2026-10-04 17:35:00	121.72	121.74	121.65	121.65	2210.0	268966.682	t	validated	bybit_api
bybit	linear	SOLUSDT	5	2026-10-04 17:35:00	2026-10-04 17:40:00	121.65	121.66	121.57	121.57	3812.5	463616.647	t	validated	bybit_api
bybit	linear	SOLUSDT	5	2026-10-04 17:40:00	2026-10-04 17:45:00	121.57	121.68	121.56	121.68	2983.0	362716.804	t	validated	bybit_api
bybit	linear	SOLUSDT	5	2026-10-04 17:45:00	2026-10-04 17:50:00	121.68	121.72	121.6	121.6	3516.9	427852.579	t	validated	bybit_api
bybit	linear	SOLUSDT	5	2026-10-04 17:50:00	2026-10-04 17:55:00	121.6	121.6	121.5	121.52	4808.5	584402.51	t	validated	bybit_api
bybit	linear	SOLUSDT	5	2026-10-04 17:55:00	2026-10-04 18:00:00	121.52	121.53	121.41	121.46	6821.5	828587.633	t	validated	bybit_api
bybit	linear	SOLUSDT	5	2026-10-04 18:00:00	2026-10-04 18:05:00	121.46	121.46	121.25	121.28	36244.2	4398801.75	t	validated	bybit_api
bybit	linear	SOLUSDT	5	2026-10-04 18:05:00	2026-10-04 18:10:00	121.28	121.34	121.25	121.25	16920.7	2052354.045	t	validated	bybit_api
bybit	linear	SOLUSDT	5	2026-10-04 18:10:00	2026-10-04 18:15:00	121.25	121.39	121.24	121.36	8759.9	1062715.63	t	validated	bybit_api
bybit	linear	SOLUSDT	5	2026-10-04 18:15:00	2026-10-04 18:20:00	121.36	121.44	121.36	121.36	2626.2	318841.044	t	validated	bybit_api
bybit	linear	SOLUSDT	5	2026-10-04 18:20:00	2026-10-04 18:25:00	121.36	121.37	121.24	121.25	13379.8	1622663.108	t	validated	bybit_api
bybit	linear	SOLUSDT	5	2026-10-04 18:25:00	2026-10-04 18:30:00	121.25	121.42	121.19	121.42	14940.1	1811849.067	t	validated	bybit_api
bybit	linear	SOLUSDT	5	2026-10-04 18:30:00	2026-10-04 18:35:00	121.42	121.48	121.36	121.43	8448.8	1025927.076	t	validated	bybit_api
bybit	linear	SOLUSDT	5	2026-10-04 18:35:00	2026-10-04 18:40:00	121.43	121.46	121.4	121.43	2680.2	325464.333	t	validated	bybit_api
bybit	linear	SOLUSDT	5	2026-10-04 18:40:00	2026-10-04 18:45:00	121.43	121.49	121.43	121.49	1490.3	181005.097	t	validated	bybit_api
bybit	linear	SOLUSDT	5	2026-10-04 18:45:00	2026-10-04 18:50:00	121.49	121.59	121.47	121.49	8908.4	1082720.236	t	validated	bybit_api
bybit	linear	SOLUSDT	5	2026-10-04 18:50:00	2026-10-04 18:55:00	121.49	121.49	121.42	121.49	4333.2	526292.175	t	validated	bybit_api
bybit	linear	SOLUSDT	5	2026-10-04 18:55:00	2026-10-04 19:00:00	121.49	121.53	121.43	121.44	5319.9	646229.027	t	validated	bybit_api
bybit	linear	SOLUSDT	5	2026-10-04 19:00:00	2026-10-04 19:05:00	121.44	121.61	121.44	121.59	14825.6	1801702.371	t	validated	bybit_api
bybit	linear	SOLUSDT	5	2026-10-04 19:05:00	2026-10-04 19:10:00	121.59	121.68	121.5	121.57	22684.9	2758194.017	t	validated	bybit_api
bybit	linear	SOLUSDT	5	2026-10-04 19:10:00	2026-10-04 19:15:00	121.57	121.6	121.54	121.59	10206.2	1240875.674	t	validated	bybit_api
bybit	linear	SOLUSDT	5	2026-10-04 19:15:00	2026-10-04 19:20:00	121.59	121.64	121.54	121.56	8841.6	1074982.111	t	validated	bybit_api
bybit	linear	SOLUSDT	5	2026-10-04 19:20:00	2026-10-04 19:25:00	121.56	121.56	121.38	121.39	4337.0	526750.457	t	validated	bybit_api
bybit	linear	SOLUSDT	5	2026-10-04 19:25:00	2026-10-04 19:30:00	121.39	121.45	121.37	121.41	4037.1	490194.927	t	validated	bybit_api
bybit	linear	SOLUSDT	5	2026-10-04 19:30:00	2026-10-04 19:35:00	121.41	121.54	121.41	121.53	8015.0	973684.103	t	validated	bybit_api
bybit	linear	SOLUSDT	5	2026-10-04 19:35:00	2026-10-04 19:40:00	121.53	121.53	121.43	121.46	2305.8	280131.97	t	validated	bybit_api
bybit	linear	SOLUSDT	5	2026-10-04 19:40:00	2026-10-04 19:45:00	121.46	121.47	121.21	121.34	28076.5	3406025.625	t	validated	bybit_api
bybit	linear	SOONUSDT	5	2026-09-29 21:45:00	2026-09-29 21:50:00	0.4063	0.4112	0.4058	0.4087	227879.0	93125.8132	t	validated	bybit_api
bybit	linear	SOONUSDT	5	2026-09-29 21:50:00	2026-09-29 21:55:00	0.4087	0.4087	0.4041	0.4075	181388.0	73652.2376	t	validated	bybit_api
bybit	linear	SOONUSDT	5	2026-09-29 21:55:00	2026-09-29 22:00:00	0.4075	0.4099	0.4073	0.4077	79875.0	32647.8934	t	validated	bybit_api
bybit	linear	SOONUSDT	5	2026-09-29 22:00:00	2026-09-29 22:05:00	0.4077	0.409	0.4062	0.4083	151062.0	61567.2192	t	validated	bybit_api
bybit	linear	SOONUSDT	5	2026-09-29 22:05:00	2026-09-29 22:10:00	0.4083	0.4102	0.4071	0.4073	73009.0	29836.8958	t	validated	bybit_api
bybit	linear	SOONUSDT	5	2026-09-29 22:10:00	2026-09-29 22:15:00	0.4073	0.4124	0.4073	0.4081	244569.0	100258.2124	t	validated	bybit_api
bybit	linear	SOONUSDT	5	2026-09-29 22:15:00	2026-09-29 22:20:00	0.4081	0.4084	0.4062	0.407	144467.0	58828.1691	t	validated	bybit_api
bybit	linear	SOONUSDT	5	2026-09-29 22:20:00	2026-09-29 22:25:00	0.407	0.4072	0.4036	0.4062	100375.0	40731.3846	t	validated	bybit_api
bybit	linear	SOONUSDT	5	2026-09-29 22:25:00	2026-09-29 22:30:00	0.4062	0.4082	0.4055	0.4064	79794.0	32454.9405	t	validated	bybit_api
bybit	linear	SOONUSDT	5	2026-09-29 22:30:00	2026-09-29 22:35:00	0.4064	0.407	0.4046	0.4063	60612.0	24604.7523	t	validated	bybit_api
bybit	linear	SOONUSDT	5	2026-09-29 22:35:00	2026-09-29 22:40:00	0.4063	0.4084	0.4033	0.4042	144137.0	58547.2602	t	validated	bybit_api
bybit	linear	SOONUSDT	5	2026-09-29 22:40:00	2026-09-29 22:45:00	0.4042	0.4071	0.4038	0.4048	158184.0	64167.1905	t	validated	bybit_api
bybit	linear	SOONUSDT	5	2026-09-29 22:45:00	2026-09-29 22:50:00	0.4048	0.405	0.4021	0.4027	173198.0	69837.3662	t	validated	bybit_api
bybit	linear	SOONUSDT	5	2026-09-29 22:50:00	2026-09-29 22:55:00	0.4027	0.4077	0.4027	0.4064	203692.0	82476.6964	t	validated	bybit_api
bybit	linear	SOONUSDT	5	2026-09-29 22:55:00	2026-09-29 23:00:00	0.4064	0.4102	0.4055	0.4079	243324.0	99214.5159	t	validated	bybit_api
bybit	linear	SOONUSDT	5	2026-09-29 23:00:00	2026-09-29 23:05:00	0.4079	0.4143	0.4078	0.4112	356403.0	146564.0682	t	validated	bybit_api
bybit	linear	SOONUSDT	5	2026-09-29 23:05:00	2026-09-29 23:10:00	0.4112	0.4151	0.4111	0.4117	293165.0	121098.3101	t	validated	bybit_api
bybit	linear	SOONUSDT	5	2026-09-29 23:10:00	2026-09-29 23:15:00	0.4117	0.4118	0.4079	0.4095	213611.0	87444.0672	t	validated	bybit_api
bybit	linear	SOONUSDT	5	2026-09-29 23:15:00	2026-09-29 23:20:00	0.4095	0.4123	0.409	0.41	142739.0	58603.0537	t	validated	bybit_api
bybit	linear	SOONUSDT	5	2026-09-29 23:20:00	2026-09-29 23:25:00	0.41	0.4344	0.4086	0.416	2225209.0	939704.00018	t	validated	bybit_api
bybit	linear	SOONUSDT	5	2026-09-29 23:25:00	2026-09-29 23:30:00	0.416	0.417	0.4121	0.4137	575538.0	238603.1652	t	validated	bybit_api
bybit	linear	SOONUSDT	5	2026-09-29 23:30:00	2026-09-29 23:35:00	0.4137	0.4178	0.4117	0.4158	420395.0	174356.0902	t	validated	bybit_api
bybit	linear	SOONUSDT	5	2026-09-29 23:35:00	2026-09-29 23:40:00	0.4158	0.4179	0.4125	0.4169	464060.0	192916.7904	t	validated	bybit_api
bybit	linear	SOONUSDT	5	2026-09-29 23:40:00	2026-09-29 23:45:00	0.4169	0.4171	0.4138	0.4148	250479.0	103995.8766	t	validated	bybit_api
bybit	linear	SOONUSDT	5	2026-09-29 23:45:00	2026-09-29 23:50:00	0.4148	0.4181	0.4137	0.4162	208404.0	86655.9724	t	validated	bybit_api
bybit	linear	SOONUSDT	5	2026-09-29 23:50:00	2026-09-29 23:55:00	0.4162	0.4187	0.4154	0.4171	276062.0	115025.9004	t	validated	bybit_api
bybit	linear	SOONUSDT	5	2026-09-29 23:55:00	2026-09-30 00:00:00	0.4171	0.4171	0.4092	0.4132	647087.0	267293.9088	t	validated	bybit_api
bybit	linear	SOONUSDT	5	2026-09-30 00:00:00	2026-09-30 00:05:00	0.4132	0.4178	0.4123	0.4165	426688.0	177084.0087	t	validated	bybit_api
bybit	linear	SOONUSDT	5	2026-09-30 00:05:00	2026-09-30 00:10:00	0.4165	0.4197	0.4129	0.4162	484537.0	201908.3372	t	validated	bybit_api
bybit	linear	SOONUSDT	5	2026-09-30 00:10:00	2026-09-30 00:15:00	0.4162	0.4179	0.4099	0.4124	475491.0	196445.9141	t	validated	bybit_api
bybit	linear	SOONUSDT	5	2026-09-30 00:15:00	2026-09-30 00:20:00	0.4124	0.4161	0.4063	0.4144	632548.0	260257.527	t	validated	bybit_api
bybit	linear	SOONUSDT	5	2026-09-30 00:20:00	2026-09-30 00:25:00	0.4144	0.4226	0.4142	0.4178	724769.0	302971.2624	t	validated	bybit_api
bybit	linear	SOONUSDT	5	2026-09-30 00:25:00	2026-09-30 00:30:00	0.4178	0.424	0.4168	0.421	890390.0	374672.7718	t	validated	bybit_api
bybit	linear	SOONUSDT	5	2026-09-30 00:30:00	2026-09-30 00:35:00	0.421	0.4254	0.4201	0.4236	634399.0	268676.0935	t	validated	bybit_api
bybit	linear	SOONUSDT	5	2026-09-30 00:35:00	2026-09-30 00:40:00	0.4236	0.4337	0.4236	0.4256	1565874.0	670565.3006	t	validated	bybit_api
bybit	linear	SOONUSDT	5	2026-09-30 00:40:00	2026-09-30 00:45:00	0.4256	0.4273	0.4203	0.4217	665063.0	281653.8302	t	validated	bybit_api
bybit	linear	SOONUSDT	5	2026-09-30 00:45:00	2026-09-30 00:50:00	0.4217	0.422	0.4003	0.4024	2067726.0	845668.2935	t	validated	bybit_api
bybit	linear	SOONUSDT	5	2026-09-30 00:50:00	2026-09-30 00:55:00	0.4024	0.4114	0.4021	0.4087	781478.0	317890.2117	t	validated	bybit_api
bybit	linear	SOONUSDT	5	2026-09-30 00:55:00	2026-09-30 01:00:00	0.4087	0.4308	0.4085	0.4268	1960362.0	830749.3705	t	validated	bybit_api
bybit	linear	SOONUSDT	5	2026-09-30 01:00:00	2026-09-30 01:05:00	0.4268	0.4314	0.4178	0.4209	1275112.0	542619.3098	t	validated	bybit_api
bybit	linear	SOONUSDT	5	2026-09-30 01:05:00	2026-09-30 01:10:00	0.4209	0.4291	0.4168	0.4229	834250.0	353058.695	t	validated	bybit_api
bybit	linear	SOONUSDT	5	2026-09-30 01:10:00	2026-09-30 01:15:00	0.4229	0.4236	0.4185	0.4214	430691.0	181399.8668	t	validated	bybit_api
bybit	linear	SOONUSDT	5	2026-09-30 01:15:00	2026-09-30 01:20:00	0.4214	0.4226	0.4171	0.4191	410516.0	172486.2699	t	validated	bybit_api
bybit	linear	SOONUSDT	5	2026-09-30 01:20:00	2026-09-30 01:25:00	0.4191	0.4245	0.4191	0.4214	306927.0	129485.0273	t	validated	bybit_api
bybit	linear	SOONUSDT	5	2026-09-30 01:25:00	2026-09-30 01:30:00	0.4214	0.4222	0.4115	0.4167	668251.0	277950.0892	t	validated	bybit_api
bybit	linear	SOONUSDT	5	2026-09-30 01:30:00	2026-09-30 01:35:00	0.4167	0.4175	0.4114	0.4148	422855.0	175230.7396	t	validated	bybit_api
bybit	linear	SOONUSDT	5	2026-09-30 01:35:00	2026-09-30 01:40:00	0.4148	0.4164	0.4065	0.4066	449312.0	184445.561	t	validated	bybit_api
bybit	linear	SOONUSDT	5	2026-09-30 01:40:00	2026-09-30 01:45:00	0.4066	0.412	0.4055	0.4081	467619.0	190931.7489	t	validated	bybit_api
bybit	linear	SOONUSDT	5	2026-09-30 01:45:00	2026-09-30 01:50:00	0.4081	0.4155	0.4081	0.4094	478629.0	197169.0408	t	validated	bybit_api
bybit	linear	SOONUSDT	5	2026-09-30 01:50:00	2026-09-30 01:55:00	0.4094	0.4106	0.403	0.4055	683714.0	278087.3664	t	validated	bybit_api
bybit	linear	SOONUSDT	5	2026-09-30 01:55:00	2026-09-30 02:00:00	0.4055	0.4056	0.3877	0.3904	1988407.0	785345.0612	t	validated	bybit_api
bybit	linear	SOONUSDT	5	2026-09-30 02:00:00	2026-09-30 02:05:00	0.3904	0.3958	0.3854	0.3917	1168320.0	456783.9287	t	validated	bybit_api
bybit	linear	SOONUSDT	5	2026-09-30 02:05:00	2026-09-30 02:10:00	0.3917	0.3975	0.3904	0.3924	823641.0	324146.3036	t	validated	bybit_api
bybit	linear	SOONUSDT	5	2026-09-30 02:10:00	2026-09-30 02:15:00	0.3924	0.3932	0.3868	0.39	632840.0	246618.0449	t	validated	bybit_api
bybit	linear	SOONUSDT	5	2026-09-30 02:15:00	2026-09-30 02:20:00	0.39	0.3937	0.3899	0.3928	430689.0	168749.9625	t	validated	bybit_api
bybit	linear	SOONUSDT	5	2026-09-30 02:20:00	2026-09-30 02:25:00	0.3928	0.4007	0.3925	0.396	658727.0	261752.14	t	validated	bybit_api
bybit	linear	SOONUSDT	5	2026-09-30 02:25:00	2026-09-30 02:30:00	0.396	0.4041	0.3938	0.402	553678.0	221462.2572	t	validated	bybit_api
bybit	linear	SOONUSDT	5	2026-09-30 02:30:00	2026-09-30 02:35:00	0.402	0.408	0.4	0.404	573894.0	231657.8403	t	validated	bybit_api
bybit	linear	SOONUSDT	5	2026-09-30 02:35:00	2026-09-30 02:40:00	0.404	0.4076	0.3999	0.4063	509737.0	205581.3112	t	validated	bybit_api
bybit	linear	SOONUSDT	5	2026-09-30 02:40:00	2026-09-30 02:45:00	0.4063	0.408	0.4044	0.4075	210154.0	85341.5971	t	validated	bybit_api
bybit	linear	SOONUSDT	5	2026-09-30 02:45:00	2026-09-30 02:50:00	0.4075	0.4128	0.401	0.4075	1006532.0	410499.3113	t	validated	bybit_api
bybit	linear	SOONUSDT	5	2026-09-30 02:50:00	2026-09-30 02:55:00	0.4075	0.4149	0.4075	0.4126	609214.0	251093.9875	t	validated	bybit_api
bybit	linear	SOONUSDT	5	2026-09-30 02:55:00	2026-09-30 03:00:00	0.4126	0.425	0.4122	0.4223	1267111.0	531616.9266	t	validated	bybit_api
bybit	linear	SOONUSDT	5	2026-09-30 03:00:00	2026-09-30 03:05:00	0.4223	0.4297	0.421	0.4274	1402543.0	596750.6333	t	validated	bybit_api
bybit	linear	SOONUSDT	5	2026-09-30 03:05:00	2026-09-30 03:10:00	0.4274	0.4321	0.4231	0.4257	1035744.0	442357.2267	t	validated	bybit_api
bybit	linear	SOONUSDT	5	2026-09-30 03:10:00	2026-09-30 03:15:00	0.4257	0.428	0.4236	0.4258	469866.0	200109.3524	t	validated	bybit_api
bybit	linear	SOONUSDT	5	2026-09-30 03:15:00	2026-09-30 03:20:00	0.4258	0.428	0.4195	0.4204	685152.0	290535.6516	t	validated	bybit_api
bybit	linear	SOONUSDT	5	2026-09-30 03:20:00	2026-09-30 03:25:00	0.4204	0.4206	0.4106	0.4109	978841.0	406582.3775	t	validated	bybit_api
bybit	linear	SOONUSDT	5	2026-09-30 03:25:00	2026-09-30 03:30:00	0.4109	0.4118	0.4006	0.4091	1330064.0	540597.3627	t	validated	bybit_api
bybit	linear	SOONUSDT	5	2026-09-30 03:30:00	2026-09-30 03:35:00	0.4091	0.4098	0.4052	0.4075	393609.0	160229.2204	t	validated	bybit_api
bybit	linear	SOONUSDT	5	2026-09-30 03:35:00	2026-09-30 03:40:00	0.4075	0.4097	0.4048	0.407	231119.0	94029.5566	t	validated	bybit_api
bybit	linear	SOONUSDT	5	2026-09-30 03:40:00	2026-09-30 03:45:00	0.407	0.4073	0.404	0.406	335381.0	136161.2741	t	validated	bybit_api
bybit	linear	SOONUSDT	5	2026-09-30 03:45:00	2026-09-30 03:50:00	0.406	0.4064	0.4028	0.4038	301255.0	121861.2452	t	validated	bybit_api
bybit	linear	SOONUSDT	5	2026-09-30 03:50:00	2026-09-30 03:55:00	0.4038	0.404	0.4008	0.4022	395847.0	159272.0683	t	validated	bybit_api
bybit	linear	SOONUSDT	5	2026-09-30 03:55:00	2026-09-30 04:00:00	0.4022	0.4061	0.4013	0.4036	494256.0	199577.7244	t	validated	bybit_api
bybit	linear	SOONUSDT	5	2026-09-30 04:00:00	2026-09-30 04:05:00	0.4036	0.4131	0.4026	0.4063	778982.0	318103.8	t	validated	bybit_api
bybit	linear	SOONUSDT	5	2026-09-30 04:05:00	2026-09-30 04:10:00	0.4063	0.4128	0.4036	0.411	502417.0	204892.1845	t	validated	bybit_api
bybit	linear	SOONUSDT	5	2026-09-30 04:10:00	2026-09-30 04:15:00	0.411	0.4145	0.4088	0.413	362188.0	149265.8872	t	validated	bybit_api
bybit	linear	SOONUSDT	5	2026-09-30 04:15:00	2026-09-30 04:20:00	0.413	0.4138	0.4079	0.4118	278875.0	114660.6563	t	validated	bybit_api
bybit	linear	SOONUSDT	5	2026-09-30 04:20:00	2026-09-30 04:25:00	0.4118	0.4127	0.4093	0.4126	177694.0	73042.325	t	validated	bybit_api
bybit	linear	SOONUSDT	5	2026-09-30 04:25:00	2026-09-30 04:30:00	0.4126	0.416	0.4122	0.4128	481601.0	199492.1297	t	validated	bybit_api
bybit	linear	SOONUSDT	5	2026-09-30 04:30:00	2026-09-30 04:35:00	0.4128	0.4136	0.4092	0.4113	375073.0	154173.2725	t	validated	bybit_api
bybit	linear	SOONUSDT	5	2026-09-30 04:35:00	2026-09-30 04:40:00	0.4113	0.4173	0.4112	0.4155	368342.0	152941.116	t	validated	bybit_api
bybit	linear	SOONUSDT	5	2026-09-30 09:55:00	2026-09-30 10:00:00	0.4492	0.4496	0.4466	0.4481	332065.0	148779.885	t	validated	bybit_api
bybit	linear	SOONUSDT	5	2026-09-30 10:00:00	2026-09-30 10:05:00	0.4481	0.4508	0.4481	0.4492	329379.0	148087.24	t	validated	bybit_api
bybit	linear	SOONUSDT	5	2026-09-30 10:05:00	2026-09-30 10:10:00	0.4492	0.4527	0.4475	0.4519	457847.0	205921.0962	t	validated	bybit_api
bybit	linear	SOONUSDT	5	2026-09-30 10:10:00	2026-09-30 10:15:00	0.4519	0.4556	0.4519	0.4537	531872.0	241350.2168	t	validated	bybit_api
bybit	linear	SOONUSDT	5	2026-09-30 10:15:00	2026-09-30 10:20:00	0.4537	0.4653	0.4535	0.4579	1650752.0	759960.0216	t	validated	bybit_api
bybit	linear	SOONUSDT	5	2026-09-30 10:20:00	2026-09-30 10:25:00	0.4579	0.462	0.4534	0.4545	711102.0	326069.5907	t	validated	bybit_api
bybit	linear	SOONUSDT	5	2026-09-30 10:25:00	2026-09-30 10:30:00	0.4545	0.456	0.4529	0.4552	399815.0	181752.6478	t	validated	bybit_api
bybit	linear	SOONUSDT	5	2026-09-30 10:30:00	2026-09-30 10:35:00	0.4552	0.4571	0.453	0.454	577116.0	262191.5429	t	validated	bybit_api
bybit	linear	SOONUSDT	5	2026-09-30 10:35:00	2026-09-30 10:40:00	0.454	0.4636	0.4538	0.462	590399.0	271025.3132	t	validated	bybit_api
bybit	linear	SOONUSDT	5	2026-09-30 10:40:00	2026-09-30 10:45:00	0.462	0.4697	0.4602	0.461	1303686.0	604679.6268	t	validated	bybit_api
bybit	linear	SOONUSDT	5	2026-09-30 10:45:00	2026-09-30 10:50:00	0.461	0.4628	0.4486	0.4526	1093016.0	497687.7012	t	validated	bybit_api
bybit	linear	SOONUSDT	5	2026-09-30 10:50:00	2026-09-30 10:55:00	0.4526	0.454	0.4474	0.4517	561439.0	253203.8645	t	validated	bybit_api
bybit	linear	SOONUSDT	5	2026-09-30 10:55:00	2026-09-30 11:00:00	0.4517	0.453	0.4481	0.4509	368405.0	166156.8116	t	validated	bybit_api
bybit	linear	SOONUSDT	5	2026-09-30 11:00:00	2026-09-30 11:05:00	0.4509	0.4531	0.4471	0.4515	484029.0	218020.9296	t	validated	bybit_api
bybit	linear	SOONUSDT	5	2026-09-30 11:05:00	2026-09-30 11:10:00	0.4515	0.4549	0.4473	0.4495	409466.0	184779.8846	t	validated	bybit_api
bybit	linear	SOONUSDT	5	2026-09-30 11:10:00	2026-09-30 11:15:00	0.4495	0.4555	0.4443	0.4534	785908.0	353651.6092	t	validated	bybit_api
bybit	linear	SOONUSDT	5	2026-09-30 11:15:00	2026-09-30 11:20:00	0.4534	0.4546	0.4497	0.4517	257486.0	116382.699	t	validated	bybit_api
bybit	linear	SOONUSDT	5	2026-09-30 11:20:00	2026-09-30 11:25:00	0.4517	0.4564	0.4513	0.4555	295350.0	134246.3231	t	validated	bybit_api
bybit	linear	SOONUSDT	5	2026-09-30 11:25:00	2026-09-30 11:30:00	0.4555	0.4571	0.4543	0.4554	199753.0	91025.4204	t	validated	bybit_api
bybit	linear	SOONUSDT	5	2026-09-30 11:30:00	2026-09-30 11:35:00	0.4554	0.4555	0.4406	0.4435	1141355.0	508553.7671	t	validated	bybit_api
bybit	linear	SOONUSDT	5	2026-09-30 11:35:00	2026-09-30 11:40:00	0.4435	0.4452	0.436	0.4387	876904.0	384951.6803	t	validated	bybit_api
bybit	linear	SOONUSDT	5	2026-09-30 11:40:00	2026-09-30 11:45:00	0.4387	0.4418	0.4367	0.4382	563429.0	247481.3313	t	validated	bybit_api
bybit	linear	SOONUSDT	5	2026-09-30 11:45:00	2026-09-30 11:50:00	0.4382	0.4424	0.4329	0.4372	781547.0	342166.0456	t	validated	bybit_api
bybit	linear	SOONUSDT	5	2026-09-30 11:50:00	2026-09-30 11:55:00	0.4372	0.439	0.4359	0.4377	338355.0	148017.9993	t	validated	bybit_api
bybit	linear	SOONUSDT	5	2026-09-30 11:55:00	2026-09-30 12:00:00	0.4377	0.4387	0.4346	0.4385	378453.0	165293.5986	t	validated	bybit_api
bybit	linear	SOONUSDT	5	2026-09-30 12:00:00	2026-09-30 12:05:00	0.4385	0.4407	0.4367	0.4407	367395.0	161087.4215	t	validated	bybit_api
bybit	linear	SOONUSDT	5	2026-09-30 12:05:00	2026-09-30 12:10:00	0.4407	0.4415	0.4274	0.4279	1245153.0	540383.3572	t	validated	bybit_api
bybit	linear	SOONUSDT	5	2026-09-30 12:10:00	2026-09-30 12:15:00	0.4279	0.4299	0.4236	0.4283	871359.0	371782.1796	t	validated	bybit_api
bybit	linear	SOONUSDT	5	2026-09-30 12:15:00	2026-09-30 12:20:00	0.4283	0.4405	0.4275	0.436	1255864.0	547638.7829	t	validated	bybit_api
bybit	linear	SOONUSDT	5	2026-09-30 12:20:00	2026-09-30 12:25:00	0.436	0.4393	0.4357	0.4369	209239.0	91483.8025	t	validated	bybit_api
bybit	linear	SOONUSDT	5	2026-09-30 12:25:00	2026-09-30 12:30:00	0.4369	0.4374	0.4335	0.4351	266165.0	115856.4141	t	validated	bybit_api
bybit	linear	SOONUSDT	5	2026-09-30 12:30:00	2026-09-30 12:35:00	0.4351	0.4385	0.4341	0.4358	386897.0	168744.6695	t	validated	bybit_api
bybit	linear	SOONUSDT	5	2026-09-30 12:35:00	2026-09-30 12:40:00	0.4358	0.4503	0.4353	0.4435	1221500.0	542678.0267	t	validated	bybit_api
bybit	linear	SOONUSDT	5	2026-09-30 12:40:00	2026-09-30 12:45:00	0.4435	0.4459	0.4417	0.4451	527666.0	234193.6403	t	validated	bybit_api
bybit	linear	SOONUSDT	5	2026-09-30 12:45:00	2026-09-30 12:50:00	0.4451	0.4486	0.4449	0.4465	343867.0	153575.5664	t	validated	bybit_api
bybit	linear	SOONUSDT	5	2026-09-30 12:50:00	2026-09-30 12:55:00	0.4465	0.4489	0.4426	0.4447	483373.0	215230.3799	t	validated	bybit_api
bybit	linear	SOONUSDT	5	2026-09-30 12:55:00	2026-09-30 13:00:00	0.4447	0.4479	0.4445	0.4475	198309.0	88508.2506	t	validated	bybit_api
bybit	linear	SOONUSDT	5	2026-09-30 13:00:00	2026-09-30 13:05:00	0.4475	0.4495	0.4431	0.4454	308862.0	137786.5951	t	validated	bybit_api
bybit	linear	SOONUSDT	5	2026-09-30 13:05:00	2026-09-30 13:10:00	0.4454	0.4543	0.4452	0.4519	385288.0	173434.1109	t	validated	bybit_api
bybit	linear	SOONUSDT	5	2026-09-30 13:10:00	2026-09-30 13:15:00	0.4519	0.4636	0.4514	0.4633	1244933.0	569251.1227	t	validated	bybit_api
bybit	linear	SOONUSDT	5	2026-09-30 13:15:00	2026-09-30 13:20:00	0.4633	0.484	0.4593	0.4712	3633038.0	1717120.6155	t	validated	bybit_api
bybit	linear	SOONUSDT	5	2026-09-30 13:20:00	2026-09-30 13:25:00	0.4712	0.4723	0.4602	0.4605	804640.0	374950.096	t	validated	bybit_api
bybit	linear	SOONUSDT	5	2026-09-30 13:25:00	2026-09-30 13:30:00	0.4605	0.4632	0.4573	0.4623	642237.0	295541.5418	t	validated	bybit_api
bybit	linear	SOONUSDT	5	2026-09-30 13:30:00	2026-09-30 13:35:00	0.4623	0.468	0.4609	0.4657	639883.0	297450.5851	t	validated	bybit_api
bybit	linear	SOONUSDT	5	2026-09-30 13:35:00	2026-09-30 13:40:00	0.4657	0.4657	0.4574	0.4596	815663.0	375822.8085	t	validated	bybit_api
bybit	linear	SOONUSDT	5	2026-09-30 13:40:00	2026-09-30 13:45:00	0.4596	0.4687	0.4596	0.4681	629121.0	292803.982	t	validated	bybit_api
bybit	linear	SOONUSDT	5	2026-09-30 13:45:00	2026-09-30 13:50:00	0.4681	0.4725	0.4661	0.4716	697131.0	327174.2353	t	validated	bybit_api
bybit	linear	SOONUSDT	5	2026-09-30 13:50:00	2026-09-30 13:55:00	0.4716	0.4728	0.4645	0.4663	483585.0	226492.8923	t	validated	bybit_api
bybit	linear	SOONUSDT	5	2026-09-30 13:55:00	2026-09-30 14:00:00	0.4663	0.4716	0.4639	0.47	481208.0	224926.2786	t	validated	bybit_api
bybit	linear	SOONUSDT	5	2026-09-30 14:00:00	2026-09-30 14:05:00	0.47	0.4737	0.466	0.4728	560187.0	263430.0578	t	validated	bybit_api
bybit	linear	SOONUSDT	5	2026-09-30 14:05:00	2026-09-30 14:10:00	0.4728	0.4764	0.4699	0.4751	658891.0	311852.9779	t	validated	bybit_api
bybit	linear	SOONUSDT	5	2026-09-30 14:10:00	2026-09-30 14:15:00	0.4751	0.4784	0.4716	0.4736	631188.0	299586.2428	t	validated	bybit_api
bybit	linear	SOONUSDT	5	2026-09-30 14:15:00	2026-09-30 14:20:00	0.4736	0.474	0.4678	0.4682	552582.0	260199.1864	t	validated	bybit_api
bybit	linear	SPCXUSDT	5	2026-10-02 17:45:00	2026-10-02 17:50:00	157.87	158.14	157.7	158.09	683.58	107965.0199	t	validated	bybit_api
bybit	linear	SPCXUSDT	5	2026-10-02 17:50:00	2026-10-02 17:55:00	158.09	158.76	158.03	158.68	2799.69	443141.9896	t	validated	bybit_api
bybit	linear	SPCXUSDT	5	2026-10-02 17:55:00	2026-10-02 18:00:00	158.68	158.74	158.22	158.58	1656.06	262387.9085	t	validated	bybit_api
bybit	linear	SPCXUSDT	5	2026-10-02 18:00:00	2026-10-02 18:05:00	158.58	158.59	158.18	158.31	728.14	115288.5886	t	validated	bybit_api
bybit	linear	SPCXUSDT	5	2026-10-02 18:05:00	2026-10-02 18:10:00	158.31	158.66	158.3	158.47	714.95	113306.74	t	validated	bybit_api
bybit	linear	SPCXUSDT	5	2026-10-02 18:10:00	2026-10-02 18:15:00	158.47	158.84	158.47	158.82	1333.74	211616.9667	t	validated	bybit_api
bybit	linear	SPCXUSDT	5	2026-10-02 18:15:00	2026-10-02 18:20:00	158.82	158.83	158.65	158.78	1132.86	179845.5579	t	validated	bybit_api
bybit	linear	SPCXUSDT	5	2026-10-02 18:20:00	2026-10-02 18:25:00	158.78	158.84	158.49	158.62	1463.29	232093.3631	t	validated	bybit_api
bybit	linear	SPCXUSDT	5	2026-10-02 18:25:00	2026-10-02 18:30:00	158.62	158.72	158.43	158.69	1310.51	207844.5918	t	validated	bybit_api
bybit	linear	SPCXUSDT	5	2026-10-02 18:30:00	2026-10-02 18:35:00	158.69	158.85	158.61	158.76	1400.55	222336.9174	t	validated	bybit_api
bybit	linear	SPCXUSDT	5	2026-10-02 18:35:00	2026-10-02 18:40:00	158.76	159.0	158.69	158.9	2272.2	360910.0303	t	validated	bybit_api
bybit	linear	SPCXUSDT	5	2026-10-02 18:40:00	2026-10-02 18:45:00	158.9	159.19	158.72	159.08	2203.85	350400.269	t	validated	bybit_api
bybit	linear	SPCXUSDT	5	2026-10-02 18:45:00	2026-10-02 18:50:00	159.08	159.22	158.89	159.15	1493.19	237575.2094	t	validated	bybit_api
bybit	linear	SPCXUSDT	5	2026-10-02 18:50:00	2026-10-02 18:55:00	159.15	159.57	159.15	159.42	1184.6	188795.8833	t	validated	bybit_api
bybit	linear	SPCXUSDT	5	2026-10-02 18:55:00	2026-10-02 19:00:00	159.42	159.45	158.76	158.82	1892.24	300851.4711	t	validated	bybit_api
bybit	linear	SPCXUSDT	5	2026-10-02 19:00:00	2026-10-02 19:05:00	158.82	159.3	158.72	159.15	990.31	157519.8162	t	validated	bybit_api
bybit	linear	SPCXUSDT	5	2026-10-02 19:05:00	2026-10-02 19:10:00	159.15	159.21	159.03	159.03	389.55	61985.3208	t	validated	bybit_api
bybit	linear	SPCXUSDT	5	2026-10-02 19:10:00	2026-10-02 19:15:00	159.03	159.11	158.87	159.03	452.35	71925.7583	t	validated	bybit_api
bybit	linear	SPCXUSDT	5	2026-10-02 19:15:00	2026-10-02 19:20:00	159.03	159.42	158.92	159.34	741.75	118020.0063	t	validated	bybit_api
bybit	linear	SPCXUSDT	5	2026-10-02 19:20:00	2026-10-02 19:25:00	159.34	159.44	159.04	159.32	597.15	95096.6697	t	validated	bybit_api
bybit	linear	SPCXUSDT	5	2026-10-02 19:25:00	2026-10-02 19:30:00	159.32	159.55	159.22	159.51	1369.79	218443.2114	t	validated	bybit_api
bybit	linear	SPCXUSDT	5	2026-10-02 19:30:00	2026-10-02 19:35:00	159.51	159.71	159.36	159.51	3452.4	551090.5204	t	validated	bybit_api
bybit	linear	SPCXUSDT	5	2026-10-02 19:35:00	2026-10-02 19:40:00	159.51	159.56	159.34	159.46	568.81	90693.4902	t	validated	bybit_api
bybit	linear	SPCXUSDT	5	2026-10-02 19:40:00	2026-10-02 19:45:00	159.46	159.54	159.19	159.42	1190.7	189686.3046	t	validated	bybit_api
bybit	linear	SPCXUSDT	5	2026-10-02 19:45:00	2026-10-02 19:50:00	159.42	159.97	159.42	159.77	1325.05	211728.0121	t	validated	bybit_api
bybit	linear	SPCXUSDT	5	2026-10-02 19:50:00	2026-10-02 19:55:00	159.77	159.82	159.28	159.32	2672.75	426554.6846	t	validated	bybit_api
bybit	linear	SPCXUSDT	5	2026-10-02 19:55:00	2026-10-02 20:00:00	159.32	159.42	158.93	159.02	587.94	93574.4381	t	validated	bybit_api
bybit	linear	SPCXUSDT	5	2026-10-02 20:00:00	2026-10-02 20:05:00	159.02	159.14	158.92	159.04	755.98	120192.4272	t	validated	bybit_api
bybit	linear	SPCXUSDT	5	2026-10-02 20:05:00	2026-10-02 20:10:00	159.04	159.13	158.76	158.86	402.92	64046.7292	t	validated	bybit_api
bybit	linear	SPCXUSDT	5	2026-10-02 20:10:00	2026-10-02 20:15:00	158.86	158.9	158.78	158.9	357.63	56813.106	t	validated	bybit_api
bybit	linear	SPCXUSDT	5	2026-10-02 20:15:00	2026-10-02 20:20:00	158.9	158.98	158.85	158.91	1217.7	193494.5586	t	validated	bybit_api
bybit	linear	SPCXUSDT	5	2026-10-02 20:20:00	2026-10-02 20:25:00	158.91	158.91	158.77	158.79	262.31	41665.8527	t	validated	bybit_api
bybit	linear	SPCXUSDT	5	2026-10-02 20:25:00	2026-10-02 20:30:00	158.79	158.87	158.77	158.81	294.37	46747.0842	t	validated	bybit_api
bybit	linear	SPCXUSDT	5	2026-10-02 20:30:00	2026-10-02 20:35:00	158.81	158.86	158.73	158.73	184.93	29368.813	t	validated	bybit_api
bybit	linear	SPCXUSDT	5	2026-10-02 20:35:00	2026-10-02 20:40:00	158.73	158.87	158.69	158.84	369.39	58636.9308	t	validated	bybit_api
bybit	linear	SPCXUSDT	5	2026-10-02 20:40:00	2026-10-02 20:45:00	158.84	158.84	158.77	158.78	179.67	28532.7855	t	validated	bybit_api
bybit	linear	SPCXUSDT	5	2026-10-02 20:45:00	2026-10-02 20:50:00	158.78	158.86	158.74	158.77	164.83	26180.7294	t	validated	bybit_api
bybit	linear	SPCXUSDT	5	2026-10-02 20:50:00	2026-10-02 20:55:00	158.77	158.85	158.75	158.84	146.68	23291.6309	t	validated	bybit_api
bybit	linear	SPCXUSDT	5	2026-10-02 20:55:00	2026-10-02 21:00:00	158.84	158.86	158.74	158.78	155.1	24629.0651	t	validated	bybit_api
bybit	linear	SPCXUSDT	5	2026-10-02 21:00:00	2026-10-02 21:05:00	158.78	158.86	158.75	158.78	107.48	17067.1615	t	validated	bybit_api
bybit	linear	SPCXUSDT	5	2026-10-02 21:05:00	2026-10-02 21:10:00	158.78	158.81	158.72	158.79	176.74	28059.9839	t	validated	bybit_api
bybit	linear	SPCXUSDT	5	2026-10-02 21:10:00	2026-10-02 21:15:00	158.79	158.93	158.79	158.89	748.36	118874.0443	t	validated	bybit_api
bybit	linear	SPCXUSDT	5	2026-10-02 21:15:00	2026-10-02 21:20:00	158.89	158.91	158.85	158.85	37.4	5941.9042	t	validated	bybit_api
bybit	linear	SPCXUSDT	5	2026-10-02 21:20:00	2026-10-02 21:25:00	158.85	158.9	158.83	158.86	63.36	10065.3692	t	validated	bybit_api
bybit	linear	SPCXUSDT	5	2026-10-02 21:25:00	2026-10-02 21:30:00	158.86	158.89	158.81	158.85	99.39	15788.1955	t	validated	bybit_api
bybit	linear	SPCXUSDT	5	2026-10-02 21:30:00	2026-10-02 21:35:00	158.85	158.91	158.82	158.87	81.65	12972.4255	t	validated	bybit_api
bybit	linear	SPCXUSDT	5	2026-10-02 21:35:00	2026-10-02 21:40:00	158.87	158.9	158.84	158.86	182.14	28936.0491	t	validated	bybit_api
bybit	linear	SPCXUSDT	5	2026-10-02 21:40:00	2026-10-02 21:45:00	158.86	158.95	158.86	158.89	194.79	30951.6915	t	validated	bybit_api
bybit	linear	SPCXUSDT	5	2026-10-02 21:45:00	2026-10-02 21:50:00	158.89	158.92	158.86	158.9	140.57	22336.8259	t	validated	bybit_api
bybit	linear	SPCXUSDT	5	2026-10-02 21:50:00	2026-10-02 21:55:00	158.9	158.9	158.84	158.87	28.01	4449.6998	t	validated	bybit_api
bybit	linear	SPCXUSDT	5	2026-10-02 21:55:00	2026-10-02 22:00:00	158.87	158.87	158.86	158.87	9.79	1555.3354	t	validated	bybit_api
bybit	linear	SPCXUSDT	5	2026-10-03 10:05:00	2026-10-03 10:10:00	159.05	159.1	159.05	159.1	48.76	7755.7111	t	validated	bybit_api
bybit	linear	SPCXUSDT	5	2026-10-03 10:10:00	2026-10-03 10:15:00	159.1	159.1	159.09	159.1	11.31	1799.3943	t	validated	bybit_api
bybit	linear	SPCXUSDT	5	2026-10-03 10:15:00	2026-10-03 10:20:00	159.1	159.1	159.06	159.08	256.32	40773.9893	t	validated	bybit_api
bybit	linear	SPCXUSDT	5	2026-10-03 10:20:00	2026-10-03 10:25:00	159.08	159.08	159.07	159.07	1.29	205.201	t	validated	bybit_api
bybit	linear	SPCXUSDT	5	2026-10-03 10:25:00	2026-10-03 10:30:00	159.07	159.09	159.07	159.09	80.96	12879.1378	t	validated	bybit_api
bybit	linear	SPCXUSDT	5	2026-10-03 10:30:00	2026-10-03 10:35:00	159.09	159.15	159.09	159.14	105.34	16763.716	t	validated	bybit_api
bybit	linear	SPCXUSDT	5	2026-10-03 10:35:00	2026-10-03 10:40:00	159.14	159.14	159.1	159.11	57.24	9108.4974	t	validated	bybit_api
bybit	linear	SPCXUSDT	5	2026-10-03 10:40:00	2026-10-03 10:45:00	159.11	159.12	159.03	159.03	34.98	5563.7825	t	validated	bybit_api
bybit	linear	SPCXUSDT	5	2026-10-03 10:45:00	2026-10-03 10:50:00	159.03	159.08	159.01	159.07	30.16	4796.2949	t	validated	bybit_api
bybit	linear	SPCXUSDT	5	2026-10-03 10:50:00	2026-10-03 10:55:00	159.07	159.08	159.05	159.06	41.89	6663.0615	t	validated	bybit_api
bybit	linear	SPCXUSDT	5	2026-10-03 10:55:00	2026-10-03 11:00:00	159.06	159.07	159.05	159.06	10.68	1698.7599	t	validated	bybit_api
bybit	linear	SPCXUSDT	5	2026-10-03 11:00:00	2026-10-03 11:05:00	159.06	159.06	159.05	159.06	9.88	1571.4222	t	validated	bybit_api
bybit	linear	SPCXUSDT	5	2026-10-03 11:05:00	2026-10-03 11:10:00	159.06	159.07	159.02	159.07	61.94	9851.2374	t	validated	bybit_api
bybit	linear	SPCXUSDT	5	2026-10-03 11:10:00	2026-10-03 11:15:00	159.07	159.09	159.07	159.08	11.12	1769.0139	t	validated	bybit_api
bybit	linear	SPCXUSDT	5	2026-10-03 11:15:00	2026-10-03 11:20:00	159.08	159.09	159.08	159.08	0.22	34.9984	t	validated	bybit_api
bybit	linear	SPCXUSDT	5	2026-10-03 11:20:00	2026-10-03 11:25:00	159.08	159.09	159.08	159.09	55.21	8783.3556	t	validated	bybit_api
bybit	linear	SPCXUSDT	5	2026-10-03 11:25:00	2026-10-03 11:30:00	159.09	159.1	159.09	159.09	0.69	109.7726	t	validated	bybit_api
bybit	linear	SPCXUSDT	5	2026-10-03 11:30:00	2026-10-03 11:35:00	159.09	159.1	159.09	159.09	4.41	701.6012	t	validated	bybit_api
bybit	linear	SPCXUSDT	5	2026-10-03 11:35:00	2026-10-03 11:40:00	159.09	159.14	159.09	159.13	7.07	1124.9253	t	validated	bybit_api
bybit	linear	SPCXUSDT	5	2026-10-03 11:40:00	2026-10-03 11:45:00	159.13	159.15	159.05	159.05	149.77	23834.364	t	validated	bybit_api
bybit	linear	SPCXUSDT	5	2026-10-03 11:45:00	2026-10-03 11:50:00	159.05	159.11	159.05	159.11	25.74	4094.1901	t	validated	bybit_api
bybit	linear	SPCXUSDT	5	2026-10-03 11:50:00	2026-10-03 11:55:00	159.11	159.11	159.11	159.11	50.75	8074.8325	t	validated	bybit_api
bybit	linear	SPCXUSDT	5	2026-10-03 11:55:00	2026-10-03 12:00:00	159.11	159.11	159.1	159.1	1.14	181.374	t	validated	bybit_api
bybit	linear	SPCXUSDT	5	2026-10-03 12:00:00	2026-10-03 12:05:00	159.1	159.12	159.07	159.07	53.48	8507.8982	t	validated	bybit_api
bybit	linear	SPCXUSDT	5	2026-10-03 12:05:00	2026-10-03 12:10:00	159.07	159.07	159.06	159.06	12.23	1945.3061	t	validated	bybit_api
bybit	linear	SPCXUSDT	5	2026-10-03 12:10:00	2026-10-03 12:15:00	159.06	159.1	159.06	159.1	48.57	7726.0724	t	validated	bybit_api
bybit	linear	SPCXUSDT	5	2026-10-03 12:15:00	2026-10-03 12:20:00	159.1	159.1	159.07	159.08	26.56	4225.3566	t	validated	bybit_api
bybit	linear	SPCXUSDT	5	2026-10-03 12:20:00	2026-10-03 12:25:00	159.08	159.12	159.08	159.12	29.63	4714.0518	t	validated	bybit_api
bybit	linear	SPCXUSDT	5	2026-10-03 12:25:00	2026-10-03 12:30:00	159.12	159.15	159.12	159.14	25.26	4020.0806	t	validated	bybit_api
bybit	linear	SPCXUSDT	5	2026-10-03 12:30:00	2026-10-03 12:35:00	159.14	159.15	159.11	159.13	30.91	4918.7726	t	validated	bybit_api
bybit	linear	SPCXUSDT	5	2026-10-03 12:35:00	2026-10-03 12:40:00	159.13	159.13	159.07	159.07	55.47	8825.0128	t	validated	bybit_api
bybit	linear	SPCXUSDT	5	2026-10-03 12:40:00	2026-10-03 12:45:00	159.07	159.07	159.05	159.06	9.29	1477.6662	t	validated	bybit_api
bybit	linear	SPCXUSDT	5	2026-10-03 12:45:00	2026-10-03 12:50:00	159.06	159.07	159.05	159.05	60.94	9692.5582	t	validated	bybit_api
bybit	linear	SPCXUSDT	5	2026-10-03 12:50:00	2026-10-03 12:55:00	159.05	159.1	159.05	159.1	180.53	28715.4927	t	validated	bybit_api
bybit	linear	SPCXUSDT	5	2026-10-03 12:55:00	2026-10-03 13:00:00	159.1	159.13	159.1	159.13	10.11	1608.5815	t	validated	bybit_api
bybit	linear	SPCXUSDT	5	2026-10-03 13:00:00	2026-10-03 13:05:00	159.13	159.14	159.12	159.14	5.2	827.5181	t	validated	bybit_api
bybit	linear	SPCXUSDT	5	2026-10-03 13:05:00	2026-10-03 13:10:00	159.14	159.15	159.14	159.15	34.03	5415.865	t	validated	bybit_api
bybit	linear	SPCXUSDT	5	2026-10-03 13:10:00	2026-10-03 13:15:00	159.15	159.17	159.14	159.16	35.61	5667.4902	t	validated	bybit_api
bybit	linear	SPCXUSDT	5	2026-10-03 13:15:00	2026-10-03 13:20:00	159.16	159.2	159.16	159.2	13.03	2074.1859	t	validated	bybit_api
bybit	linear	SPCXUSDT	5	2026-10-03 13:20:00	2026-10-03 13:25:00	159.2	159.27	159.2	159.24	99.58	15857.869	t	validated	bybit_api
bybit	linear	SPCXUSDT	5	2026-10-03 13:25:00	2026-10-03 13:30:00	159.24	159.26	159.15	159.17	56.99	9074.0922	t	validated	bybit_api
bybit	linear	SPCXUSDT	5	2026-10-03 13:30:00	2026-10-03 13:35:00	159.17	159.2	159.17	159.19	34.15	5436.3801	t	validated	bybit_api
bybit	linear	SPCXUSDT	5	2026-10-03 13:35:00	2026-10-03 13:40:00	159.19	159.19	159.17	159.18	16.74	2664.7681	t	validated	bybit_api
bybit	linear	SPCXUSDT	5	2026-10-03 13:40:00	2026-10-03 13:45:00	159.18	159.19	159.15	159.15	28.82	4587.5648	t	validated	bybit_api
bybit	linear	SPCXUSDT	5	2026-10-03 13:45:00	2026-10-03 13:50:00	159.15	159.15	159.14	159.15	1.03	163.9166	t	validated	bybit_api
bybit	linear	SPCXUSDT	5	2026-10-03 13:50:00	2026-10-03 13:55:00	159.15	159.15	159.14	159.14	5.23	832.3162	t	validated	bybit_api
bybit	linear	SPCXUSDT	5	2026-10-03 13:55:00	2026-10-03 14:00:00	159.14	159.16	159.14	159.15	71.19	11329.7495	t	validated	bybit_api
bybit	linear	SPCXUSDT	5	2026-10-03 14:00:00	2026-10-03 14:05:00	159.15	159.16	159.14	159.14	25.69	4088.523	t	validated	bybit_api
bybit	linear	SPCXUSDT	5	2026-10-03 14:05:00	2026-10-03 14:10:00	159.14	159.14	159.14	159.14	0.14	22.2796	t	validated	bybit_api
bybit	linear	SPCXUSDT	5	2026-10-03 14:10:00	2026-10-03 14:15:00	159.14	159.14	159.07	159.07	90.62	14417.1539	t	validated	bybit_api
bybit	linear	SPCXUSDT	5	2026-10-03 14:15:00	2026-10-03 14:20:00	159.07	159.09	159.07	159.09	32.82	5221.034	t	validated	bybit_api
bybit	linear	SPCXUSDT	5	2026-10-03 14:20:00	2026-10-03 14:25:00	159.09	159.1	159.09	159.1	0.18	28.638	t	validated	bybit_api
bybit	linear	SPCXUSDT	5	2026-10-03 14:25:00	2026-10-03 14:30:00	159.1	159.12	159.1	159.11	76.77	12214.6815	t	validated	bybit_api
bybit	linear	SPCXUSDT	5	2026-10-03 14:30:00	2026-10-03 14:35:00	159.11	159.12	159.05	159.05	89.66	14263.8915	t	validated	bybit_api
bybit	linear	SPCXUSDT	5	2026-10-03 14:35:00	2026-10-03 14:40:00	159.05	159.07	158.98	158.99	69.06	10982.1539	t	validated	bybit_api
bybit	linear	SPCXUSDT	5	2026-10-03 14:40:00	2026-10-03 14:45:00	158.99	158.99	158.98	158.98	113.47	18039.4996	t	validated	bybit_api
bybit	linear	SPCXUSDT	5	2026-10-03 14:45:00	2026-10-03 14:50:00	158.98	159.0	158.98	158.99	53.33	8478.777	t	validated	bybit_api
bybit	linear	SPCXUSDT	5	2026-10-03 14:50:00	2026-10-03 14:55:00	158.99	159.03	158.98	159.03	132.1	21002.6747	t	validated	bybit_api
bybit	linear	SPCXUSDT	5	2026-10-03 14:55:00	2026-10-03 15:00:00	159.03	159.04	159.03	159.03	31.19	4960.1503	t	validated	bybit_api
bybit	linear	SPCXUSDT	5	2026-10-03 15:00:00	2026-10-03 15:05:00	159.03	159.03	159.0	159.01	34.4	5470.0287	t	validated	bybit_api
bybit	linear	SPCXUSDT	5	2026-10-03 15:05:00	2026-10-03 15:10:00	159.01	159.02	159.0	159.01	27.19	4323.3875	t	validated	bybit_api
bybit	linear	SPCXUSDT	5	2026-10-03 15:10:00	2026-10-03 15:15:00	159.01	159.04	159.0	159.03	78.13	12424.7595	t	validated	bybit_api
bybit	linear	SPCXUSDT	5	2026-10-03 15:15:00	2026-10-03 15:20:00	159.03	159.04	159.02	159.03	28.0	4452.7919	t	validated	bybit_api
bybit	linear	SPCXUSDT	5	2026-10-03 15:20:00	2026-10-03 15:25:00	159.03	159.03	158.99	159.0	44.33	7048.3424	t	validated	bybit_api
bybit	linear	SPCXUSDT	5	2026-10-03 15:25:00	2026-10-03 15:30:00	159.0	159.01	158.99	159.0	83.13	13217.8998	t	validated	bybit_api
bybit	linear	SPCXUSDT	5	2026-10-03 15:30:00	2026-10-03 15:35:00	159.0	159.0	158.99	158.99	39.8	6328.0149	t	validated	bybit_api
bybit	linear	SPCXUSDT	5	2026-10-03 15:35:00	2026-10-03 15:40:00	158.99	159.0	158.97	158.98	17.27	2745.8148	t	validated	bybit_api
bybit	linear	SPCXUSDT	5	2026-10-03 15:40:00	2026-10-03 15:45:00	158.98	158.98	158.97	158.97	11.53	1832.9623	t	validated	bybit_api
bybit	linear	SPCXUSDT	5	2026-10-03 15:45:00	2026-10-03 15:50:00	158.97	158.97	158.96	158.97	4.09	650.1866	t	validated	bybit_api
bybit	linear	SPCXUSDT	5	2026-10-03 15:50:00	2026-10-03 15:55:00	158.97	159.0	158.96	158.99	120.27	19119.6728	t	validated	bybit_api
bybit	linear	SPCXUSDT	5	2026-10-03 15:55:00	2026-10-03 16:00:00	158.99	159.0	158.99	159.0	8.97	1426.1912	t	validated	bybit_api
bybit	linear	SPCXUSDT	5	2026-10-03 16:00:00	2026-10-03 16:05:00	159.0	159.0	158.98	158.99	28.94	4601.163	t	validated	bybit_api
bybit	linear	SPCXUSDT	5	2026-10-03 16:05:00	2026-10-03 16:10:00	158.99	159.0	158.97	158.98	69.05	10978.4221	t	validated	bybit_api
bybit	linear	SPCXUSDT	5	2026-10-03 16:10:00	2026-10-03 16:15:00	158.98	159.0	158.98	159.0	91.95	14619.0395	t	validated	bybit_api
bybit	linear	SPCXUSDT	5	2026-10-03 16:15:00	2026-10-03 16:20:00	159.0	159.0	158.99	158.99	92.92	14774.0256	t	validated	bybit_api
bybit	linear	SPCXUSDT	5	2026-10-03 16:20:00	2026-10-03 16:25:00	158.99	159.0	158.98	159.0	40.16	6385.067	t	validated	bybit_api
bybit	linear	SPCXUSDT	5	2026-10-03 16:25:00	2026-10-03 16:30:00	159.0	159.0	158.99	159.0	10.11	1607.4893	t	validated	bybit_api
bybit	linear	SPCXUSDT	5	2026-10-03 16:30:00	2026-10-03 16:35:00	159.0	159.0	158.99	159.0	41.91	6663.3813	t	validated	bybit_api
bybit	linear	SPCXUSDT	5	2026-10-03 16:35:00	2026-10-03 16:40:00	159.0	159.06	159.0	159.06	177.59	28240.7134	t	validated	bybit_api
bybit	linear	SPCXUSDT	5	2026-10-03 16:40:00	2026-10-03 16:45:00	159.06	159.08	159.04	159.08	96.46	15342.6304	t	validated	bybit_api
bybit	linear	SPCXUSDT	5	2026-10-03 16:45:00	2026-10-03 16:50:00	159.08	159.08	159.07	159.08	8.27	1315.5734	t	validated	bybit_api
bybit	linear	SPCXUSDT	5	2026-10-03 16:50:00	2026-10-03 16:55:00	159.08	159.08	159.07	159.08	5.57	886.0606	t	validated	bybit_api
bybit	linear	SPCXUSDT	5	2026-10-03 16:55:00	2026-10-03 17:00:00	159.08	159.08	159.04	159.06	45.68	7266.4476	t	validated	bybit_api
bybit	linear	SPCXUSDT	5	2026-10-03 17:00:00	2026-10-03 17:05:00	159.06	159.09	159.05	159.09	26.78	4259.7169	t	validated	bybit_api
bybit	linear	SPCXUSDT	5	2026-10-03 17:05:00	2026-10-03 17:10:00	159.09	159.09	159.08	159.09	49.86	7931.9899	t	validated	bybit_api
bybit	linear	SPCXUSDT	5	2026-10-03 17:10:00	2026-10-03 17:15:00	159.09	159.09	159.08	159.09	6.05	962.4938	t	validated	bybit_api
bybit	linear	SPCXUSDT	5	2026-10-03 17:15:00	2026-10-03 17:20:00	159.09	159.14	159.08	159.12	57.45	9141.0785	t	validated	bybit_api
bybit	linear	SPCXUSDT	5	2026-10-03 17:20:00	2026-10-03 17:25:00	159.12	159.13	159.1	159.12	38.62	6144.9328	t	validated	bybit_api
bybit	linear	SPCXUSDT	5	2026-10-03 17:25:00	2026-10-03 17:30:00	159.12	159.12	159.07	159.07	37.44	5956.8421	t	validated	bybit_api
bybit	linear	SPCXUSDT	5	2026-10-03 17:30:00	2026-10-03 17:35:00	159.07	159.08	159.05	159.08	13.72	2182.3796	t	validated	bybit_api
bybit	linear	SPCXUSDT	5	2026-10-03 17:35:00	2026-10-03 17:40:00	159.08	159.09	159.08	159.09	21.27	3383.7552	t	validated	bybit_api
bybit	linear	SPCXUSDT	5	2026-10-03 17:40:00	2026-10-03 17:45:00	159.09	159.1	159.09	159.1	6.52	1037.318	t	validated	bybit_api
bybit	linear	SPCXUSDT	5	2026-10-03 17:45:00	2026-10-03 17:50:00	159.1	159.11	159.1	159.1	17.98	2860.7262	t	validated	bybit_api
bybit	linear	SPCXUSDT	5	2026-10-03 17:50:00	2026-10-03 17:55:00	159.1	159.11	159.1	159.11	37.83	6018.7988	t	validated	bybit_api
bybit	linear	SPCXUSDT	5	2026-10-03 17:55:00	2026-10-03 18:00:00	159.11	159.12	159.1	159.12	35.88	5709.0665	t	validated	bybit_api
bybit	linear	SPCXUSDT	5	2026-10-06 08:40:00	2026-10-06 08:45:00	172.58	172.72	172.48	172.72	265.41	45811.3407	t	validated	bybit_api
bybit	linear	SPCXUSDT	5	2026-10-06 08:45:00	2026-10-06 08:50:00	172.72	172.87	172.7	172.86	490.79	84796.9219	t	validated	bybit_api
bybit	linear	SPCXUSDT	5	2026-10-06 08:50:00	2026-10-06 08:55:00	172.86	172.91	172.75	172.75	751.49	129881.9997	t	validated	bybit_api
bybit	linear	SPCXUSDT	5	2026-10-06 08:55:00	2026-10-06 09:00:00	172.75	172.81	172.64	172.81	659.7	113938.1257	t	validated	bybit_api
bybit	linear	SPCXUSDT	5	2026-10-06 09:00:00	2026-10-06 09:05:00	172.81	173.15	172.78	173.05	487.47	84356.0693	t	validated	bybit_api
bybit	linear	SPCXUSDT	5	2026-10-06 09:05:00	2026-10-06 09:10:00	173.05	173.08	172.94	173.0	173.31	29984.3846	t	validated	bybit_api
bybit	linear	SPCXUSDT	5	2026-10-06 09:10:00	2026-10-06 09:15:00	173.0	173.16	172.85	173.04	1046.0	180927.5719	t	validated	bybit_api
bybit	linear	SPCXUSDT	5	2026-10-06 09:15:00	2026-10-06 09:20:00	173.04	173.12	173.0	173.01	155.57	26922.6639	t	validated	bybit_api
bybit	linear	SPCXUSDT	5	2026-10-06 09:20:00	2026-10-06 09:25:00	173.01	173.07	172.93	173.01	107.18	18541.8553	t	validated	bybit_api
bybit	linear	SPCXUSDT	5	2026-10-06 09:25:00	2026-10-06 09:30:00	173.01	173.04	172.75	172.78	101.67	17574.2449	t	validated	bybit_api
bybit	linear	SPCXUSDT	5	2026-10-06 09:30:00	2026-10-06 09:35:00	172.78	172.82	172.71	172.78	374.21	64653.9652	t	validated	bybit_api
bybit	linear	SPCXUSDT	5	2026-10-06 09:35:00	2026-10-06 09:40:00	172.78	172.98	172.75	172.95	177.89	30742.2821	t	validated	bybit_api
bybit	linear	SPCXUSDT	5	2026-10-06 09:40:00	2026-10-06 09:45:00	172.95	172.97	172.86	172.86	95.9	16580.0145	t	validated	bybit_api
bybit	linear	SPCXUSDT	5	2026-10-06 09:45:00	2026-10-06 09:50:00	172.86	173.11	172.86	173.09	345.55	59801.7524	t	validated	bybit_api
bybit	linear	SPCXUSDT	5	2026-10-06 09:50:00	2026-10-06 09:55:00	173.09	173.1	172.99	173.0	130.96	22663.0748	t	validated	bybit_api
bybit	linear	SPCXUSDT	5	2026-10-06 09:55:00	2026-10-06 10:00:00	173.0	173.04	172.88	172.99	925.71	160083.7329	t	validated	bybit_api
bybit	linear	SPCXUSDT	5	2026-10-06 10:00:00	2026-10-06 10:05:00	172.99	173.05	172.84	172.86	218.73	37823.6584	t	validated	bybit_api
bybit	linear	SPCXUSDT	5	2026-10-06 10:05:00	2026-10-06 10:10:00	172.86	173.12	172.86	173.12	1284.35	222269.5327	t	validated	bybit_api
bybit	linear	SPCXUSDT	5	2026-10-06 10:10:00	2026-10-06 10:15:00	173.12	173.28	173.07	173.18	262.23	45423.8963	t	validated	bybit_api
bybit	linear	SPCXUSDT	5	2026-10-06 10:15:00	2026-10-06 10:20:00	173.18	173.36	173.17	173.2	225.95	39149.8391	t	validated	bybit_api
bybit	linear	SPCXUSDT	5	2026-10-06 10:20:00	2026-10-06 10:25:00	173.2	173.39	173.2	173.3	232.3	40263.368	t	validated	bybit_api
bybit	linear	SPCXUSDT	5	2026-10-06 10:25:00	2026-10-06 10:30:00	173.3	173.32	173.19	173.28	111.64	19342.2294	t	validated	bybit_api
bybit	linear	SPCXUSDT	5	2026-10-06 10:30:00	2026-10-06 10:35:00	173.28	173.28	173.09	173.2	219.64	38037.8585	t	validated	bybit_api
bybit	linear	SPCXUSDT	5	2026-10-06 10:35:00	2026-10-06 10:40:00	173.2	173.3	173.2	173.24	448.21	77662.1351	t	validated	bybit_api
bybit	linear	SPCXUSDT	5	2026-10-06 10:40:00	2026-10-06 10:45:00	173.24	173.38	173.24	173.38	333.99	57889.746	t	validated	bybit_api
bybit	linear	SPCXUSDT	5	2026-10-06 10:45:00	2026-10-06 10:50:00	173.38	173.43	173.34	173.43	163.81	28402.3634	t	validated	bybit_api
bybit	linear	SPCXUSDT	5	2026-10-06 10:50:00	2026-10-06 10:55:00	173.43	173.48	173.39	173.44	425.35	73769.951	t	validated	bybit_api
bybit	linear	SPCXUSDT	5	2026-10-06 10:55:00	2026-10-06 11:00:00	173.44	173.46	173.14	173.14	487.86	84540.964	t	validated	bybit_api
bybit	linear	SPCXUSDT	5	2026-10-06 11:00:00	2026-10-06 11:05:00	173.14	173.14	172.83	172.89	1047.46	181149.5601	t	validated	bybit_api
bybit	linear	SPCXUSDT	5	2026-10-06 11:05:00	2026-10-06 11:10:00	172.89	173.07	172.78	173.0	326.41	56442.1895	t	validated	bybit_api
bybit	linear	SPCXUSDT	5	2026-10-06 11:10:00	2026-10-06 11:15:00	173.0	173.13	172.99	173.11	378.51	65502.3746	t	validated	bybit_api
bybit	linear	SPCXUSDT	5	2026-10-06 11:15:00	2026-10-06 11:20:00	173.11	173.24	173.02	173.16	581.91	100750.5991	t	validated	bybit_api
bybit	linear	SPCXUSDT	5	2026-10-06 11:20:00	2026-10-06 11:25:00	173.16	173.4	173.16	173.4	279.58	48448.7317	t	validated	bybit_api
bybit	linear	SPCXUSDT	5	2026-10-06 11:25:00	2026-10-06 11:30:00	173.4	173.49	173.17	173.31	391.44	67856.0181	t	validated	bybit_api
bybit	linear	SPCXUSDT	5	2026-10-06 11:30:00	2026-10-06 11:35:00	173.31	173.36	173.16	173.21	314.58	54501.5116	t	validated	bybit_api
bybit	linear	SPCXUSDT	5	2026-10-06 11:35:00	2026-10-06 11:40:00	173.21	173.31	172.77	172.8	653.56	113098.8762	t	validated	bybit_api
bybit	linear	SPCXUSDT	5	2026-10-06 11:40:00	2026-10-06 11:45:00	172.8	172.82	172.36	172.36	1286.74	222047.1127	t	validated	bybit_api
bybit	linear	SPCXUSDT	5	2026-10-06 11:45:00	2026-10-06 11:50:00	172.36	172.53	171.92	172.0	1846.97	317949.5733	t	validated	bybit_api
bybit	linear	SPCXUSDT	5	2026-10-06 11:50:00	2026-10-06 11:55:00	172.0	172.2	171.93	172.08	1595.35	274537.1747	t	validated	bybit_api
bybit	linear	SPCXUSDT	5	2026-10-06 11:55:00	2026-10-06 12:00:00	172.08	172.14	171.7	171.77	834.08	143343.1846	t	validated	bybit_api
bybit	linear	SPCXUSDT	5	2026-10-06 12:00:00	2026-10-06 12:05:00	171.77	172.34	171.4	172.09	6901.98	1185904.0479	t	validated	bybit_api
bybit	linear	SPCXUSDT	5	2026-10-06 12:05:00	2026-10-06 12:10:00	172.09	172.17	171.82	172.05	552.28	94988.591	t	validated	bybit_api
bybit	linear	SPCXUSDT	5	2026-10-06 12:10:00	2026-10-06 12:15:00	172.05	172.22	171.5	172.22	3484.08	598866.0303	t	validated	bybit_api
bybit	linear	SPCXUSDT	5	2026-10-06 12:15:00	2026-10-06 12:20:00	172.22	172.45	172.15	172.36	1294.88	223097.4059	t	validated	bybit_api
bybit	linear	SPCXUSDT	5	2026-10-06 12:20:00	2026-10-06 12:25:00	172.36	172.55	172.26	172.33	681.78	117534.9657	t	validated	bybit_api
bybit	linear	SPCXUSDT	5	2026-10-06 12:25:00	2026-10-06 12:30:00	172.33	172.36	171.99	172.08	691.04	118977.93	t	validated	bybit_api
bybit	linear	SPCXUSDT	5	2026-10-06 12:30:00	2026-10-06 12:35:00	172.08	172.08	171.81	171.96	707.12	121556.0488	t	validated	bybit_api
bybit	linear	SPCXUSDT	5	2026-10-06 12:35:00	2026-10-06 12:40:00	171.96	172.25	171.93	172.19	328.74	56567.5712	t	validated	bybit_api
bybit	linear	SPCXUSDT	5	2026-10-06 12:40:00	2026-10-06 12:45:00	172.19	172.37	171.94	172.07	663.61	114239.2603	t	validated	bybit_api
bybit	linear	SPCXUSDT	5	2026-10-06 12:45:00	2026-10-06 12:50:00	172.07	172.39	172.03	172.03	696.17	119923.4291	t	validated	bybit_api
bybit	linear	SPCXUSDT	5	2026-10-06 12:50:00	2026-10-06 12:55:00	172.03	172.14	171.9	171.97	962.89	165626.3573	t	validated	bybit_api
bybit	linear	SPCXUSDT	5	2026-10-06 12:55:00	2026-10-06 13:00:00	171.97	172.01	171.82	171.88	129.67	22290.5235	t	validated	bybit_api
bybit	linear	SPCXUSDT	5	2026-10-06 13:00:00	2026-10-06 13:05:00	171.88	171.92	171.41	171.73	945.03	162197.1853	t	validated	bybit_api
bybit	linear	SPCXUSDT	5	2026-10-06 13:05:00	2026-10-06 13:10:00	171.73	171.89	171.19	171.21	880.24	150984.4229	t	validated	bybit_api
bybit	linear	SPCXUSDT	5	2026-10-06 13:10:00	2026-10-06 13:15:00	171.21	171.43	171.07	171.16	1436.59	246061.3136	t	validated	bybit_api
bybit	linear	SPCXUSDT	5	2026-10-06 13:15:00	2026-10-06 13:20:00	171.16	171.59	171.1	171.48	518.55	88858.193	t	validated	bybit_api
bybit	linear	SPCXUSDT	5	2026-10-06 13:20:00	2026-10-06 13:25:00	171.48	171.66	171.32	171.66	1663.07	285189.9888	t	validated	bybit_api
bybit	linear	SPCXUSDT	5	2026-10-06 13:25:00	2026-10-06 13:30:00	171.66	172.41	171.64	171.99	9183.05	1579515.8157	t	validated	bybit_api
bybit	linear	SPCXUSDT	5	2026-10-06 13:30:00	2026-10-06 13:35:00	171.99	174.44	171.94	174.16	31672.75	5492105.5922	t	validated	bybit_api
bybit	linear	SPCXUSDT	5	2026-10-06 13:35:00	2026-10-06 13:40:00	174.16	175.26	173.17	174.78	21941.93	3825509.6391	t	validated	bybit_api
bybit	linear	SPCXUSDT	5	2026-10-06 13:40:00	2026-10-06 13:45:00	174.78	175.69	174.07	175.63	24332.85	4256050.4185	t	validated	bybit_api
bybit	linear	SPCXUSDT	5	2026-10-06 13:45:00	2026-10-06 13:50:00	175.63	176.33	174.9	174.96	7861.48	1382152.61	t	validated	bybit_api
bybit	linear	SPCXUSDT	5	2026-10-06 13:50:00	2026-10-06 13:55:00	174.96	175.33	173.8	175.32	18970.34	3309691.9086	t	validated	bybit_api
bybit	linear	SPCXUSDT	5	2026-10-06 13:55:00	2026-10-06 14:00:00	175.32	175.51	174.54	174.75	5705.63	998969.9788	t	validated	bybit_api
bybit	linear	SPCXUSDT	5	2026-10-06 14:00:00	2026-10-06 14:05:00	174.75	174.94	173.95	174.28	11958.85	2085789.5084	t	validated	bybit_api
bybit	linear	SPCXUSDT	5	2026-10-06 14:05:00	2026-10-06 14:10:00	174.28	175.31	173.69	175.24	6917.11	1208445.7985	t	validated	bybit_api
bybit	linear	SPCXUSDT	5	2026-10-06 14:10:00	2026-10-06 14:15:00	175.24	175.45	174.81	175.42	6374.97	1116502.4189	t	validated	bybit_api
bybit	linear	SPCXUSDT	5	2026-10-06 14:15:00	2026-10-06 14:20:00	175.42	175.63	174.63	174.72	5902.82	1033376.4392	t	validated	bybit_api
bybit	linear	SPCXUSDT	5	2026-10-06 14:20:00	2026-10-06 14:25:00	174.72	174.79	174.24	174.59	2152.95	375703.3807	t	validated	bybit_api
bybit	linear	SPCXUSDT	5	2026-10-06 14:25:00	2026-10-06 14:30:00	174.59	174.9	174.27	174.6	1032.16	180287.4903	t	validated	bybit_api
bybit	linear	SPCXUSDT	5	2026-10-06 14:30:00	2026-10-06 14:35:00	174.6	175.0	174.07	174.78	7213.36	1259908.6459	t	validated	bybit_api
bybit	linear	SPCXUSDT	5	2026-10-06 14:35:00	2026-10-06 14:40:00	174.78	175.44	174.72	175.29	5473.96	958209.2529	t	validated	bybit_api
bybit	linear	SPCXUSDT	5	2026-10-06 14:40:00	2026-10-06 14:45:00	175.29	175.31	174.59	174.69	7347.87	1285846.4404	t	validated	bybit_api
bybit	linear	SPCXUSDT	5	2026-10-06 14:45:00	2026-10-06 14:50:00	174.69	175.12	174.6	174.87	1175.54	205553.1578	t	validated	bybit_api
bybit	linear	SPCXUSDT	5	2026-10-06 14:50:00	2026-10-06 14:55:00	174.87	175.2	174.86	174.94	867.63	151830.8897	t	validated	bybit_api
bybit	linear	SPCXUSDT	5	2026-10-06 14:55:00	2026-10-06 15:00:00	174.94	175.22	174.83	175.14	4531.18	793157.4846	t	validated	bybit_api
bybit	linear	SPCXUSDT	5	2026-10-06 15:00:00	2026-10-06 15:05:00	175.14	175.16	174.24	174.52	3637.57	634659.403	t	validated	bybit_api
bybit	linear	SPCXUSDT	5	2026-10-06 15:05:00	2026-10-06 15:10:00	174.52	174.55	173.98	174.43	1095.85	191010.2479	t	validated	bybit_api
bybit	linear	SPCXUSDT	5	2026-10-06 15:10:00	2026-10-06 15:15:00	174.43	174.92	174.17	174.46	3312.19	577887.3725	t	validated	bybit_api
bybit	linear	SPCXUSDT	5	2026-10-06 15:15:00	2026-10-06 15:20:00	174.46	174.52	173.44	173.92	6504.33	1131972.6306	t	validated	bybit_api
bybit	linear	SPCXUSDT	5	2026-10-06 15:20:00	2026-10-06 15:25:00	173.92	173.95	173.5	173.7	4156.02	721708.3787	t	validated	bybit_api
bybit	linear	SPCXUSDT	5	2026-10-06 15:25:00	2026-10-06 15:30:00	173.7	173.7	173.29	173.53	1910.69	331376.4615	t	validated	bybit_api
bybit	linear	SPCXUSDT	5	2026-10-06 15:30:00	2026-10-06 15:35:00	173.53	173.81	173.34	173.58	820.12	142328.4114	t	validated	bybit_api
bybit	linear	SPCXUSDT	5	2026-10-06 15:35:00	2026-10-06 15:40:00	173.58	173.97	173.55	173.87	1414.02	245675.6399	t	validated	bybit_api
bybit	linear	SPCXUSDT	5	2026-10-06 15:40:00	2026-10-06 15:45:00	173.87	174.45	173.76	174.01	3859.67	672210.7729	t	validated	bybit_api
bybit	linear	SPCXUSDT	5	2026-10-06 15:45:00	2026-10-06 15:50:00	174.01	174.18	173.81	173.99	1151.31	200338.319	t	validated	bybit_api
bybit	linear	SPCXUSDT	5	2026-10-06 15:50:00	2026-10-06 15:55:00	173.99	174.36	173.84	173.84	1639.02	285468.4458	t	validated	bybit_api
bybit	linear	SPCXUSDT	5	2026-10-06 15:55:00	2026-10-06 16:00:00	173.84	174.01	173.59	173.7	346.0	60154.7934	t	validated	bybit_api
bybit	linear	SPCXUSDT	5	2026-10-06 16:00:00	2026-10-06 16:05:00	173.7	173.95	173.64	173.85	1497.75	260181.0766	t	validated	bybit_api
bybit	linear	SPCXUSDT	5	2026-10-06 16:05:00	2026-10-06 16:10:00	173.85	173.9	172.71	173.02	2496.05	432264.5879	t	validated	bybit_api
bybit	linear	SPCXUSDT	5	2026-10-06 16:10:00	2026-10-06 16:15:00	173.02	174.02	172.86	173.98	1100.8	191071.4236	t	validated	bybit_api
bybit	linear	SPCXUSDT	5	2026-10-06 16:15:00	2026-10-06 16:20:00	173.98	174.18	173.23	173.72	3256.27	565605.464	t	validated	bybit_api
bybit	linear	SPCXUSDT	5	2026-10-06 16:20:00	2026-10-06 16:25:00	173.72	173.72	173.17	173.41	968.77	168020.3919	t	validated	bybit_api
bybit	linear	SPCXUSDT	5	2026-10-06 16:25:00	2026-10-06 16:30:00	173.41	173.5	173.23	173.37	246.27	42706.7275	t	validated	bybit_api
bybit	linear	SPCXUSDT	5	2026-10-06 16:30:00	2026-10-06 16:35:00	173.37	173.66	173.35	173.64	504.39	87546.9582	t	validated	bybit_api
bybit	linear	SPCXUSDT	5	2026-10-06 16:35:00	2026-10-06 16:40:00	173.64	174.04	173.61	173.95	666.73	115902.3778	t	validated	bybit_api
bybit	linear	SPCXUSDT	5	2026-10-06 16:40:00	2026-10-06 16:45:00	173.95	174.14	173.72	173.73	597.45	103945.8596	t	validated	bybit_api
bybit	linear	SPCXUSDT	5	2026-10-06 16:45:00	2026-10-06 16:50:00	173.73	173.88	173.54	173.71	644.04	111824.9789	t	validated	bybit_api
bybit	linear	SPCXUSDT	5	2026-10-06 16:50:00	2026-10-06 16:55:00	173.71	173.81	173.51	173.61	323.63	56212.1397	t	validated	bybit_api
bybit	linear	SPCXUSDT	5	2026-10-06 16:55:00	2026-10-06 17:00:00	173.61	173.75	173.5	173.56	212.03	36814.5166	t	validated	bybit_api
bybit	linear	SPCXUSDT	5	2026-10-06 17:00:00	2026-10-06 17:05:00	173.56	173.7	173.53	173.67	252.01	43760.4966	t	validated	bybit_api
bybit	linear	SPCXUSDT	5	2026-10-06 17:05:00	2026-10-06 17:10:00	173.67	173.75	173.53	173.73	268.07	46547.4474	t	validated	bybit_api
bybit	linear	SPCXUSDT	5	2026-10-06 17:10:00	2026-10-06 17:15:00	173.73	173.73	173.46	173.51	327.5	56839.9208	t	validated	bybit_api
bybit	linear	SPCXUSDT	5	2026-10-06 17:15:00	2026-10-06 17:20:00	173.51	173.57	173.05	173.09	329.68	57145.2116	t	validated	bybit_api
bybit	linear	SPCXUSDT	5	2026-10-06 17:20:00	2026-10-06 17:25:00	173.09	173.23	173.01	173.15	1033.01	178836.2241	t	validated	bybit_api
bybit	linear	SPCXUSDT	5	2026-10-06 17:25:00	2026-10-06 17:30:00	173.15	173.16	172.65	172.65	3484.54	602178.5921	t	validated	bybit_api
bybit	linear	SPCXUSDT	5	2026-10-06 17:30:00	2026-10-06 17:35:00	172.65	172.95	172.39	172.95	2740.31	473011.0876	t	validated	bybit_api
bybit	linear	SPCXUSDT	5	2026-10-06 17:35:00	2026-10-06 17:40:00	172.95	173.54	172.93	173.54	2964.2	513314.1847	t	validated	bybit_api
bybit	linear	SPCXUSDT	5	2026-10-06 17:40:00	2026-10-06 17:45:00	173.54	173.56	173.31	173.47	1732.91	300649.1185	t	validated	bybit_api
bybit	linear	SPCXUSDT	5	2026-10-06 17:45:00	2026-10-06 17:50:00	173.47	173.51	173.02	173.02	237.56	41181.826	t	validated	bybit_api
bybit	linear	SPCXUSDT	5	2026-10-06 17:50:00	2026-10-06 17:55:00	173.02	173.15	172.78	172.78	314.4	54379.1406	t	validated	bybit_api
bybit	linear	SPCXUSDT	5	2026-10-06 17:55:00	2026-10-06 18:00:00	172.78	172.85	172.49	172.79	971.47	167715.4154	t	validated	bybit_api
bybit	linear	SPCXUSDT	5	2026-10-06 18:00:00	2026-10-06 18:05:00	172.79	173.1	172.68	173.02	530.37	91722.1766	t	validated	bybit_api
bybit	linear	SPCXUSDT	5	2026-10-06 18:05:00	2026-10-06 18:10:00	173.02	173.13	172.78	172.9	308.41	53329.0417	t	validated	bybit_api
bybit	linear	SPCXUSDT	5	2026-10-06 18:10:00	2026-10-06 18:15:00	172.9	173.22	172.88	173.09	609.36	105469.583	t	validated	bybit_api
bybit	linear	SPCXUSDT	5	2026-10-06 18:15:00	2026-10-06 18:20:00	173.09	173.34	172.68	172.79	1806.73	312502.2071	t	validated	bybit_api
bybit	linear	SPCXUSDT	5	2026-10-06 18:20:00	2026-10-06 18:25:00	172.79	172.83	172.52	172.66	257.6	44479.7815	t	validated	bybit_api
bybit	linear	SPCXUSDT	5	2026-10-06 18:25:00	2026-10-06 18:30:00	172.66	172.68	172.07	172.26	851.02	146590.7653	t	validated	bybit_api
bybit	linear	SPCXUSDT	5	2026-10-06 18:30:00	2026-10-06 18:35:00	172.26	172.34	171.88	171.99	2232.29	384089.7107	t	validated	bybit_api
bybit	linear	SPCXUSDT	5	2026-10-06 18:35:00	2026-10-06 18:40:00	171.99	172.03	171.55	171.82	809.5	139028.6437	t	validated	bybit_api
bybit	linear	SPCXUSDT	5	2026-10-06 18:40:00	2026-10-06 18:45:00	171.82	172.24	171.63	172.04	1113.24	191497.162	t	validated	bybit_api
bybit	linear	SPCXUSDT	5	2026-10-06 18:45:00	2026-10-06 18:50:00	172.04	172.2	171.72	172.2	784.96	135046.7504	t	validated	bybit_api
bybit	linear	SPCXUSDT	5	2026-10-06 18:50:00	2026-10-06 18:55:00	172.2	172.48	172.07	172.48	381.55	65723.4212	t	validated	bybit_api
bybit	linear	SPCXUSDT	5	2026-10-06 18:55:00	2026-10-06 19:00:00	172.48	172.5	172.11	172.38	405.23	69817.5105	t	validated	bybit_api
bybit	linear	SPCXUSDT	5	2026-10-06 19:00:00	2026-10-06 19:05:00	172.38	172.38	172.03	172.15	591.66	101852.5035	t	validated	bybit_api
bybit	linear	SPCXUSDT	5	2026-10-06 19:05:00	2026-10-06 19:10:00	172.15	172.2	171.56	171.63	312.29	53645.4734	t	validated	bybit_api
bybit	linear	SPCXUSDT	5	2026-10-06 19:10:00	2026-10-06 19:15:00	171.63	171.99	171.39	171.89	2843.79	487980.4068	t	validated	bybit_api
bybit	linear	SPCXUSDT	5	2026-10-06 19:15:00	2026-10-06 19:20:00	171.89	172.42	171.7	172.41	1253.46	215597.3684	t	validated	bybit_api
bybit	linear	SPCXUSDT	5	2026-10-06 19:20:00	2026-10-06 19:25:00	172.41	172.68	172.3	172.5	439.36	75768.2049	t	validated	bybit_api
bybit	linear	SPCXUSDT	5	2026-10-06 19:25:00	2026-10-06 19:30:00	172.5	173.02	172.49	172.81	544.23	94045.4026	t	validated	bybit_api
bybit	linear	SPCXUSDT	5	2026-10-06 19:30:00	2026-10-06 19:35:00	172.81	173.18	172.71	173.13	328.65	56849.3281	t	validated	bybit_api
bybit	linear	SPCXUSDT	5	2026-10-06 19:35:00	2026-10-06 19:40:00	173.13	173.32	172.72	172.95	998.99	172900.9325	t	validated	bybit_api
bybit	linear	SPCXUSDT	5	2026-10-06 19:40:00	2026-10-06 19:45:00	172.95	173.05	172.71	173.01	839.27	145020.0809	t	validated	bybit_api
bybit	linear	SPCXUSDT	5	2026-10-06 19:45:00	2026-10-06 19:50:00	173.01	173.19	172.79	173.08	429.72	74333.1883	t	validated	bybit_api
bybit	linear	SPCXUSDT	5	2026-10-06 19:50:00	2026-10-06 19:55:00	173.08	173.08	171.73	172.01	822.03	141463.2882	t	validated	bybit_api
bybit	linear	SPCXUSDT	5	2026-10-06 19:55:00	2026-10-06 20:00:00	172.01	172.01	171.58	171.93	1025.22	176124.1393	t	validated	bybit_api
bybit	linear	SPCXUSDT	5	2026-10-06 20:00:00	2026-10-06 20:05:00	171.93	172.1	171.74	171.83	1343.56	231048.4027	t	validated	bybit_api
bybit	linear	SPCXUSDT	5	2026-10-06 20:05:00	2026-10-06 20:10:00	171.83	171.97	171.79	171.9	174.44	29988.8047	t	validated	bybit_api
bybit	linear	SPCXUSDT	5	2026-10-06 20:10:00	2026-10-06 20:15:00	171.9	171.9	171.79	171.81	62.52	10742.6768	t	validated	bybit_api
bybit	linear	SPCXUSDT	5	2026-10-06 20:15:00	2026-10-06 20:20:00	171.81	172.02	171.81	171.93	243.81	41913.7504	t	validated	bybit_api
bybit	linear	SPCXUSDT	5	2026-10-06 20:20:00	2026-10-06 20:25:00	171.93	171.93	171.72	171.72	172.41	29616.792	t	validated	bybit_api
bybit	linear	SPCXUSDT	5	2026-10-06 20:25:00	2026-10-06 20:30:00	171.72	171.72	171.41	171.64	401.47	68880.9259	t	validated	bybit_api
bybit	linear	SPCXUSDT	5	2026-10-06 20:30:00	2026-10-06 20:35:00	171.64	171.64	171.51	171.52	214.72	36840.2093	t	validated	bybit_api
bybit	linear	SPCXUSDT	5	2026-10-06 20:35:00	2026-10-06 20:40:00	171.52	171.79	171.5	171.77	155.46	26678.7985	t	validated	bybit_api
bybit	linear	SPCXUSDT	5	2026-10-06 20:40:00	2026-10-06 20:45:00	171.77	171.77	171.58	171.6	96.2	16511.5578	t	validated	bybit_api
bybit	linear	SPCXUSDT	5	2026-10-06 20:45:00	2026-10-06 20:50:00	171.6	171.65	171.59	171.64	298.58	51246.2756	t	validated	bybit_api
bybit	linear	SPCXUSDT	5	2026-10-06 20:50:00	2026-10-06 20:55:00	171.64	171.66	171.57	171.63	125.63	21558.0424	t	validated	bybit_api
bybit	linear	SPCXUSDT	5	2026-10-06 20:55:00	2026-10-06 21:00:00	171.63	171.76	171.63	171.65	198.97	34162.4683	t	validated	bybit_api
bybit	linear	SPCXUSDT	5	2026-10-06 21:00:00	2026-10-06 21:05:00	171.65	171.75	171.65	171.7	265.86	45640.2529	t	validated	bybit_api
bybit	linear	SPCXUSDT	5	2026-10-06 21:05:00	2026-10-06 21:10:00	171.7	171.74	171.66	171.71	143.9	24708.7795	t	validated	bybit_api
bybit	linear	SPCXUSDT	5	2026-10-06 21:10:00	2026-10-06 21:15:00	171.71	171.89	171.69	171.86	160.21	27513.6843	t	validated	bybit_api
bybit	linear	STRKUSDT	5	2026-10-04 13:55:00	2026-10-04 14:00:00	0.05601	0.05611	0.05573	0.05585	3568100.5	199405.108818	t	validated	bybit_api
bybit	linear	STRKUSDT	5	2026-10-04 14:00:00	2026-10-04 14:05:00	0.05585	0.05626	0.05575	0.05592	8652511.1	484521.153324	t	validated	bybit_api
bybit	linear	STRKUSDT	5	2026-10-04 14:05:00	2026-10-04 14:10:00	0.05592	0.05632	0.05589	0.05601	3509159.7	196919.754544	t	validated	bybit_api
bybit	linear	STRKUSDT	5	2026-10-04 14:10:00	2026-10-04 14:15:00	0.05601	0.0565	0.05585	0.05642	6585900.9	370475.217001	t	validated	bybit_api
bybit	linear	STRKUSDT	5	2026-10-04 14:15:00	2026-10-04 14:20:00	0.05642	0.05642	0.05601	0.05617	3984061.9	223920.945008	t	validated	bybit_api
bybit	linear	STRKUSDT	5	2026-10-04 14:20:00	2026-10-04 14:25:00	0.05617	0.05681	0.05588	0.05664	5476956.4	308394.139932	t	validated	bybit_api
bybit	linear	STRKUSDT	5	2026-10-04 14:25:00	2026-10-04 14:30:00	0.05664	0.05764	0.05662	0.05716	18486036.5	1055839.099302	t	validated	bybit_api
bybit	linear	STRKUSDT	5	2026-10-04 14:30:00	2026-10-04 14:35:00	0.05716	0.05879	0.05695	0.0586	29271279.0	1697725.721302	t	validated	bybit_api
bybit	linear	STRKUSDT	5	2026-10-04 14:35:00	2026-10-04 14:40:00	0.0586	0.05963	0.05707	0.05752	46827130.8	2736392.796216	t	validated	bybit_api
bybit	linear	STRKUSDT	5	2026-10-04 14:40:00	2026-10-04 14:45:00	0.05752	0.05846	0.05689	0.05765	19998391.6	1148511.310052	t	validated	bybit_api
bybit	linear	STRKUSDT	5	2026-10-04 14:45:00	2026-10-04 14:50:00	0.05765	0.05817	0.0574	0.05801	12580074.6	726916.163669	t	validated	bybit_api
bybit	linear	STRKUSDT	5	2026-10-04 14:50:00	2026-10-04 14:55:00	0.05801	0.0585	0.05771	0.05816	9788783.9	569251.397609	t	validated	bybit_api
bybit	linear	STRKUSDT	5	2026-10-04 14:55:00	2026-10-04 15:00:00	0.05816	0.05836	0.05721	0.05746	10571743.0	610557.862036	t	validated	bybit_api
bybit	linear	STRKUSDT	5	2026-10-04 15:00:00	2026-10-04 15:05:00	0.05746	0.058	0.05719	0.0579	7826908.5	451607.82044	t	validated	bybit_api
bybit	linear	STRKUSDT	5	2026-10-04 15:05:00	2026-10-04 15:10:00	0.0579	0.0582	0.05763	0.05775	6343510.6	367491.555567	t	validated	bybit_api
bybit	linear	STRKUSDT	5	2026-10-04 15:10:00	2026-10-04 15:15:00	0.05775	0.0586	0.05764	0.05838	6701309.1	390506.984299	t	validated	bybit_api
bybit	linear	STRKUSDT	5	2026-10-04 15:15:00	2026-10-04 15:20:00	0.05838	0.05848	0.05767	0.05775	6896680.8	401066.194146	t	validated	bybit_api
bybit	linear	STRKUSDT	5	2026-10-04 15:20:00	2026-10-04 15:25:00	0.05775	0.05775	0.05663	0.05692	18012200.2	1029876.177821	t	validated	bybit_api
bybit	linear	STRKUSDT	5	2026-10-04 15:25:00	2026-10-04 15:30:00	0.05692	0.0574	0.0567	0.05706	6072505.3	346257.766923	t	validated	bybit_api
bybit	linear	STRKUSDT	5	2026-10-04 15:30:00	2026-10-04 15:35:00	0.05706	0.0576	0.05649	0.05726	8633458.9	492622.10155	t	validated	bybit_api
bybit	linear	STRKUSDT	5	2026-10-04 15:35:00	2026-10-04 15:40:00	0.05726	0.0573	0.05684	0.05699	5134235.6	292786.26957	t	validated	bybit_api
bybit	linear	STRKUSDT	5	2026-10-04 15:40:00	2026-10-04 15:45:00	0.05699	0.05811	0.05686	0.05796	12900948.8	743194.996606	t	validated	bybit_api
bybit	linear	STRKUSDT	5	2026-10-04 15:45:00	2026-10-04 15:50:00	0.05796	0.058	0.05691	0.05722	9714568.2	557298.597456	t	validated	bybit_api
bybit	linear	STRKUSDT	5	2026-10-04 15:50:00	2026-10-04 15:55:00	0.05722	0.05742	0.05688	0.05722	3604153.9	205928.173567	t	validated	bybit_api
bybit	linear	STRKUSDT	5	2026-10-04 15:55:00	2026-10-04 16:00:00	0.05722	0.05757	0.05696	0.05744	2220846.3	127185.474486	t	validated	bybit_api
bybit	linear	STRKUSDT	5	2026-10-04 16:00:00	2026-10-04 16:05:00	0.05744	0.05786	0.05717	0.05744	4403159.4	253146.860677	t	validated	bybit_api
bybit	linear	STRKUSDT	5	2026-10-04 16:05:00	2026-10-04 16:10:00	0.05744	0.05764	0.05629	0.05651	12282126.7	697714.177742	t	validated	bybit_api
bybit	linear	STRKUSDT	5	2026-10-04 16:10:00	2026-10-04 16:15:00	0.05651	0.05698	0.05606	0.05659	6803419.3	384422.816267	t	validated	bybit_api
bybit	linear	STRKUSDT	5	2026-10-04 16:15:00	2026-10-04 16:20:00	0.05659	0.05692	0.05646	0.05671	4658278.1	264292.718978	t	validated	bybit_api
bybit	linear	STRKUSDT	5	2026-10-04 16:20:00	2026-10-04 16:25:00	0.05671	0.05689	0.05626	0.05633	4223866.6	238736.032795	t	validated	bybit_api
bybit	linear	STRKUSDT	5	2026-10-04 16:25:00	2026-10-04 16:30:00	0.05633	0.0565	0.05571	0.05631	7778792.4	436693.643076	t	validated	bybit_api
bybit	linear	STRKUSDT	5	2026-10-04 16:30:00	2026-10-04 16:35:00	0.05631	0.05632	0.05573	0.05613	7225722.2	405161.254502	t	validated	bybit_api
bybit	linear	STRKUSDT	5	2026-10-04 16:35:00	2026-10-04 16:40:00	0.05613	0.05623	0.05566	0.05585	6774394.5	378694.630304	t	validated	bybit_api
bybit	linear	STRKUSDT	5	2026-10-04 16:40:00	2026-10-04 16:45:00	0.05585	0.05619	0.05572	0.05605	3802733.6	212851.036999	t	validated	bybit_api
bybit	linear	STRKUSDT	5	2026-10-04 16:45:00	2026-10-04 16:50:00	0.05605	0.05625	0.05577	0.05611	3518537.0	197033.718209	t	validated	bybit_api
bybit	linear	STRKUSDT	5	2026-10-04 16:50:00	2026-10-04 16:55:00	0.05611	0.05637	0.05579	0.0563	8227941.2	461390.769806	t	validated	bybit_api
bybit	linear	STRKUSDT	5	2026-10-04 16:55:00	2026-10-04 17:00:00	0.0563	0.05638	0.05617	0.05621	2003794.2	112729.446093	t	validated	bybit_api
bybit	linear	STRKUSDT	5	2026-10-04 17:00:00	2026-10-04 17:05:00	0.05621	0.05622	0.05546	0.05573	7875080.1	439530.844566	t	validated	bybit_api
bybit	linear	STRKUSDT	5	2026-10-04 17:05:00	2026-10-04 17:10:00	0.05573	0.05578	0.0553	0.0557	8935601.3	496654.473765	t	validated	bybit_api
bybit	linear	STRKUSDT	5	2026-10-04 17:10:00	2026-10-04 17:15:00	0.0557	0.05578	0.05543	0.05563	3190603.5	177430.880609	t	validated	bybit_api
bybit	linear	STRKUSDT	5	2026-10-04 17:15:00	2026-10-04 17:20:00	0.05563	0.05592	0.05546	0.05575	3421287.3	190748.819113	t	validated	bybit_api
bybit	linear	STRKUSDT	5	2026-10-04 17:20:00	2026-10-04 17:25:00	0.05575	0.056	0.05564	0.05573	2591927.0	144644.537336	t	validated	bybit_api
bybit	linear	STRKUSDT	5	2026-10-04 17:25:00	2026-10-04 17:30:00	0.05573	0.05584	0.0553	0.05544	7285795.0	404311.888639	t	validated	bybit_api
bybit	linear	STRKUSDT	5	2026-10-04 17:30:00	2026-10-04 17:35:00	0.05544	0.05549	0.05516	0.05539	4161947.2	230170.185309	t	validated	bybit_api
bybit	linear	STRKUSDT	5	2026-10-04 17:35:00	2026-10-04 17:40:00	0.05539	0.05545	0.05524	0.05526	3183002.0	176276.519276	t	validated	bybit_api
bybit	linear	STRKUSDT	5	2026-10-04 17:40:00	2026-10-04 17:45:00	0.05526	0.05545	0.05503	0.05512	3510437.8	194096.490827	t	validated	bybit_api
bybit	linear	STRKUSDT	5	2026-10-04 17:45:00	2026-10-04 17:50:00	0.05512	0.05535	0.05491	0.05533	5356060.7	294846.940882	t	validated	bybit_api
bybit	linear	STRKUSDT	5	2026-10-04 17:50:00	2026-10-04 17:55:00	0.05533	0.05533	0.05515	0.05521	1516165.2	83751.242777	t	validated	bybit_api
bybit	linear	STRKUSDT	5	2026-10-04 17:55:00	2026-10-04 18:00:00	0.05521	0.0553	0.05512	0.05521	1431829.5	79058.128916	t	validated	bybit_api
bybit	linear	STRKUSDT	5	2026-10-04 18:00:00	2026-10-04 18:05:00	0.05521	0.05524	0.05444	0.05476	9422390.2	516731.951125	t	validated	bybit_api
bybit	linear	STRKUSDT	5	2026-10-04 18:05:00	2026-10-04 18:10:00	0.05476	0.05482	0.05431	0.05479	3099033.7	169227.085377	t	validated	bybit_api
bybit	linear	STRKUSDT	5	2026-10-04 18:10:00	2026-10-04 18:15:00	0.05479	0.05505	0.05469	0.05501	1931120.7	105899.921013	t	validated	bybit_api
bybit	linear	STRKUSDT	5	2026-10-04 18:15:00	2026-10-04 18:20:00	0.05501	0.05517	0.05497	0.0551	2439262.0	134313.002862	t	validated	bybit_api
bybit	linear	STRKUSDT	5	2026-10-04 18:20:00	2026-10-04 18:25:00	0.0551	0.05521	0.05484	0.05494	2350853.6	129332.116421	t	validated	bybit_api
bybit	linear	STRKUSDT	5	2026-10-04 18:25:00	2026-10-04 18:30:00	0.05494	0.05508	0.05466	0.05469	2072718.0	113777.200877	t	validated	bybit_api
bybit	linear	STRKUSDT	5	2026-10-04 18:30:00	2026-10-04 18:35:00	0.05469	0.05482	0.05458	0.05473	2196402.6	120150.349828	t	validated	bybit_api
bybit	linear	STRKUSDT	5	2026-10-05 01:05:00	2026-10-05 01:10:00	0.05903	0.05909	0.05882	0.05889	1257770.6	74124.342629	t	validated	bybit_api
bybit	linear	STRKUSDT	5	2026-10-05 01:10:00	2026-10-05 01:15:00	0.05889	0.05907	0.05866	0.05875	690059.7	40630.374885	t	validated	bybit_api
bybit	linear	STRKUSDT	5	2026-10-05 01:15:00	2026-10-05 01:20:00	0.05875	0.05892	0.05862	0.0589	1415990.6	83266.585702	t	validated	bybit_api
bybit	linear	STRKUSDT	5	2026-10-05 01:20:00	2026-10-05 01:25:00	0.0589	0.05891	0.05836	0.05848	1867743.5	109367.625331	t	validated	bybit_api
bybit	linear	STRKUSDT	5	2026-10-05 01:25:00	2026-10-05 01:30:00	0.05848	0.05874	0.05829	0.05863	1358410.0	79518.370993	t	validated	bybit_api
bybit	linear	STRKUSDT	5	2026-10-05 01:30:00	2026-10-05 01:35:00	0.05863	0.05867	0.05816	0.05828	2528907.3	147626.284718	t	validated	bybit_api
bybit	linear	STRKUSDT	5	2026-10-05 01:35:00	2026-10-05 01:40:00	0.05828	0.05855	0.05815	0.05831	2136677.5	124789.678211	t	validated	bybit_api
bybit	linear	STRKUSDT	5	2026-10-05 01:40:00	2026-10-05 01:45:00	0.05831	0.05833	0.05788	0.05791	2131103.6	123779.832654	t	validated	bybit_api
bybit	linear	STRKUSDT	5	2026-10-05 01:45:00	2026-10-05 01:50:00	0.05791	0.05856	0.05781	0.05847	3117240.6	181564.012551	t	validated	bybit_api
bybit	linear	STRKUSDT	5	2026-10-05 01:50:00	2026-10-05 01:55:00	0.05847	0.05851	0.05828	0.0584	750897.9	43860.87844	t	validated	bybit_api
bybit	linear	STRKUSDT	5	2026-10-05 01:55:00	2026-10-05 02:00:00	0.0584	0.05914	0.0584	0.05898	3503498.5	206332.274272	t	validated	bybit_api
bybit	linear	STRKUSDT	5	2026-10-05 02:00:00	2026-10-05 02:05:00	0.05898	0.05923	0.05864	0.0587	1746090.3	102820.358877	t	validated	bybit_api
bybit	linear	STRKUSDT	5	2026-10-05 02:05:00	2026-10-05 02:10:00	0.0587	0.05887	0.05861	0.0588	721661.3	42380.035838	t	validated	bybit_api
bybit	linear	STRKUSDT	5	2026-10-05 02:10:00	2026-10-05 02:15:00	0.0588	0.05884	0.05869	0.05878	786635.6	46225.586412	t	validated	bybit_api
bybit	linear	STRKUSDT	5	2026-10-05 02:15:00	2026-10-05 02:20:00	0.05878	0.05903	0.0586	0.05872	922371.7	54245.875974	t	validated	bybit_api
bybit	linear	STRKUSDT	5	2026-10-05 02:20:00	2026-10-05 02:25:00	0.05872	0.05925	0.05872	0.05924	1560704.9	92105.374591	t	validated	bybit_api
bybit	linear	STRKUSDT	5	2026-10-05 02:25:00	2026-10-05 02:30:00	0.05924	0.05951	0.05915	0.05934	1965592.6	116539.386826	t	validated	bybit_api
bybit	linear	STRKUSDT	5	2026-10-05 02:30:00	2026-10-05 02:35:00	0.05934	0.05955	0.05907	0.05954	1039969.7	61653.589556	t	validated	bybit_api
bybit	linear	STRKUSDT	5	2026-10-05 02:35:00	2026-10-05 02:40:00	0.05954	0.05961	0.05889	0.05907	2360275.1	139915.516564	t	validated	bybit_api
bybit	linear	STRKUSDT	5	2026-10-05 02:40:00	2026-10-05 02:45:00	0.05907	0.05934	0.05879	0.05922	1234813.3	72992.813406	t	validated	bybit_api
bybit	linear	STRKUSDT	5	2026-10-05 02:45:00	2026-10-05 02:50:00	0.05922	0.0595	0.05918	0.05929	1152434.1	68360.547458	t	validated	bybit_api
bybit	linear	STRKUSDT	5	2026-10-05 02:50:00	2026-10-05 02:55:00	0.05929	0.05952	0.0586	0.05873	6381406.9	376157.572366	t	validated	bybit_api
bybit	linear	STRKUSDT	5	2026-10-05 02:55:00	2026-10-05 03:00:00	0.05873	0.05913	0.05861	0.05864	2766117.5	162739.992193	t	validated	bybit_api
bybit	linear	STRKUSDT	5	2026-10-05 03:00:00	2026-10-05 03:05:00	0.05864	0.05865	0.05766	0.05789	7102829.4	411954.489173	t	validated	bybit_api
bybit	linear	STRKUSDT	5	2026-10-05 03:05:00	2026-10-05 03:10:00	0.05789	0.05824	0.05783	0.05811	2387720.2	138672.433476	t	validated	bybit_api
bybit	linear	STRKUSDT	5	2026-10-05 03:10:00	2026-10-05 03:15:00	0.05811	0.05817	0.05801	0.05801	863321.5	50158.334222	t	validated	bybit_api
bybit	linear	STRKUSDT	5	2026-10-05 03:15:00	2026-10-05 03:20:00	0.05801	0.05808	0.05773	0.05786	1707576.2	98865.971269	t	validated	bybit_api
bybit	linear	STRKUSDT	5	2026-10-05 03:20:00	2026-10-05 03:25:00	0.05786	0.05799	0.05759	0.05765	1689166.1	97547.621097	t	validated	bybit_api
bybit	linear	STRKUSDT	5	2026-10-05 03:25:00	2026-10-05 03:30:00	0.05765	0.05788	0.05708	0.05785	9366829.6	537677.496052	t	validated	bybit_api
bybit	linear	STRKUSDT	5	2026-10-05 03:30:00	2026-10-05 03:35:00	0.05785	0.05853	0.05782	0.05833	3060079.0	178397.284462	t	validated	bybit_api
bybit	linear	STRKUSDT	5	2026-10-05 03:35:00	2026-10-05 03:40:00	0.05833	0.0587	0.05826	0.05868	2874990.4	168091.77838	t	validated	bybit_api
bybit	linear	STRKUSDT	5	2026-10-05 03:40:00	2026-10-05 03:45:00	0.05868	0.0593	0.05865	0.05922	4680393.4	276233.94673	t	validated	bybit_api
bybit	linear	STRKUSDT	5	2026-10-05 03:45:00	2026-10-05 03:50:00	0.05922	0.05958	0.05892	0.05894	5568585.2	330015.04566	t	validated	bybit_api
bybit	linear	STRKUSDT	5	2026-10-05 03:50:00	2026-10-05 03:55:00	0.05894	0.05921	0.05887	0.05918	2405002.9	141959.331664	t	validated	bybit_api
bybit	linear	STRKUSDT	5	2026-10-05 03:55:00	2026-10-05 04:00:00	0.05918	0.05965	0.05916	0.05961	3375372.9	200627.472611	t	validated	bybit_api
bybit	linear	STRKUSDT	5	2026-10-05 04:00:00	2026-10-05 04:05:00	0.05961	0.05961	0.05837	0.05851	14836227.4	873464.356856	t	validated	bybit_api
bybit	linear	STRKUSDT	5	2026-10-05 04:05:00	2026-10-05 04:10:00	0.05851	0.0595	0.05824	0.05931	9209092.9	541702.944407	t	validated	bybit_api
bybit	linear	STRKUSDT	5	2026-10-05 04:10:00	2026-10-05 04:15:00	0.05931	0.05951	0.05911	0.05936	2852214.0	169218.757203	t	validated	bybit_api
bybit	linear	STRKUSDT	5	2026-10-05 04:15:00	2026-10-05 04:20:00	0.05936	0.05943	0.05902	0.05911	1952261.7	115583.03911	t	validated	bybit_api
bybit	linear	STRKUSDT	5	2026-10-05 04:20:00	2026-10-05 04:25:00	0.05911	0.05914	0.05884	0.0591	1235788.6	72925.096254	t	validated	bybit_api
bybit	linear	STRKUSDT	5	2026-10-05 04:25:00	2026-10-05 04:30:00	0.0591	0.05945	0.05898	0.0591	3966589.5	234895.975015	t	validated	bybit_api
bybit	linear	STRKUSDT	5	2026-10-05 04:30:00	2026-10-05 04:35:00	0.0591	0.05932	0.05866	0.05891	4387791.6	258977.703717	t	validated	bybit_api
bybit	linear	STRKUSDT	5	2026-10-05 04:35:00	2026-10-05 04:40:00	0.05891	0.05899	0.05863	0.05882	3482829.8	204794.334436	t	validated	bybit_api
bybit	linear	STRKUSDT	5	2026-10-05 04:40:00	2026-10-05 04:45:00	0.05882	0.05909	0.05811	0.05839	9744756.0	570285.163676	t	validated	bybit_api
bybit	linear	STRKUSDT	5	2026-10-05 04:45:00	2026-10-05 04:50:00	0.05839	0.05855	0.05819	0.05827	3593626.0	209865.537845	t	validated	bybit_api
bybit	linear	STRKUSDT	5	2026-10-05 04:50:00	2026-10-05 04:55:00	0.05827	0.0585	0.05811	0.05813	1386287.4	80874.39447	t	validated	bybit_api
bybit	linear	STRKUSDT	5	2026-10-05 04:55:00	2026-10-05 05:00:00	0.05813	0.05853	0.05809	0.0585	1783472.8	104059.931059	t	validated	bybit_api
bybit	linear	STRKUSDT	5	2026-10-05 05:00:00	2026-10-05 05:05:00	0.0585	0.05851	0.05797	0.05846	4636214.3	269764.898286	t	validated	bybit_api
bybit	linear	USELESSUSDT	5	2026-10-04 02:20:00	2026-10-04 02:25:00	0.24386	0.24405	0.24324	0.24324	79639.0	19408.92727	t	validated	bybit_api
bybit	linear	USELESSUSDT	5	2026-10-04 02:25:00	2026-10-04 02:30:00	0.24324	0.24373	0.2428	0.243	66140.0	16095.32217	t	validated	bybit_api
bybit	linear	USELESSUSDT	5	2026-10-04 02:30:00	2026-10-04 02:35:00	0.243	0.24366	0.24237	0.24256	190148.0	46156.50442	t	validated	bybit_api
bybit	linear	USELESSUSDT	5	2026-10-04 02:35:00	2026-10-04 02:40:00	0.24256	0.24294	0.24153	0.24227	220586.0	53355.7771	t	validated	bybit_api
bybit	linear	USELESSUSDT	5	2026-10-04 02:40:00	2026-10-04 02:45:00	0.24227	0.2424	0.24173	0.2419	76894.0	18603.47979	t	validated	bybit_api
bybit	linear	USELESSUSDT	5	2026-10-04 02:45:00	2026-10-04 02:50:00	0.2419	0.24218	0.24042	0.24094	134028.0	32309.36613	t	validated	bybit_api
bybit	linear	USELESSUSDT	5	2026-10-04 02:50:00	2026-10-04 02:55:00	0.24094	0.24105	0.23956	0.23995	62488.0	15017.02937	t	validated	bybit_api
bybit	linear	USELESSUSDT	5	2026-10-04 02:55:00	2026-10-04 03:00:00	0.23995	0.24084	0.23982	0.2407	56144.0	13501.18648	t	validated	bybit_api
bybit	linear	USELESSUSDT	5	2026-10-04 03:00:00	2026-10-04 03:05:00	0.2407	0.24078	0.24019	0.24075	29234.0	7031.48238	t	validated	bybit_api
bybit	linear	USELESSUSDT	5	2026-10-04 03:05:00	2026-10-04 03:10:00	0.24075	0.24119	0.24061	0.24079	73023.0	17585.57733	t	validated	bybit_api
bybit	linear	USELESSUSDT	5	2026-10-04 03:10:00	2026-10-04 03:15:00	0.24079	0.24093	0.23962	0.24079	363754.0	87297.59376	t	validated	bybit_api
bybit	linear	USELESSUSDT	5	2026-10-04 03:15:00	2026-10-04 03:20:00	0.24079	0.2412	0.23981	0.23992	128960.0	31023.66825	t	validated	bybit_api
bybit	linear	USELESSUSDT	5	2026-10-04 03:20:00	2026-10-04 03:25:00	0.23992	0.24096	0.23948	0.24063	329198.0	79010.58455	t	validated	bybit_api
bybit	linear	USELESSUSDT	5	2026-10-04 03:25:00	2026-10-04 03:30:00	0.24063	0.24068	0.24013	0.2402	35152.0	8451.55962	t	validated	bybit_api
bybit	linear	USELESSUSDT	5	2026-10-04 03:30:00	2026-10-04 03:35:00	0.2402	0.24227	0.23979	0.2421	192908.0	46536.92059	t	validated	bybit_api
bybit	linear	USELESSUSDT	5	2026-10-04 03:35:00	2026-10-04 03:40:00	0.2421	0.24295	0.2409	0.24119	111100.0	26897.57234	t	validated	bybit_api
bybit	linear	USELESSUSDT	5	2026-10-04 03:40:00	2026-10-04 03:45:00	0.24119	0.24163	0.24096	0.24147	26355.0	6360.59033	t	validated	bybit_api
bybit	linear	USELESSUSDT	5	2026-10-04 03:45:00	2026-10-04 03:50:00	0.24147	0.24204	0.24103	0.24204	205646.0	49663.68188	t	validated	bybit_api
bybit	linear	USELESSUSDT	5	2026-10-04 03:50:00	2026-10-04 03:55:00	0.24204	0.24338	0.24204	0.24253	77352.0	18789.52047	t	validated	bybit_api
bybit	linear	USELESSUSDT	5	2026-10-04 03:55:00	2026-10-04 04:00:00	0.24253	0.24302	0.24217	0.24243	93667.0	22727.95086	t	validated	bybit_api
bybit	linear	USELESSUSDT	5	2026-10-04 04:00:00	2026-10-04 04:05:00	0.24243	0.24291	0.24191	0.24269	77593.0	18797.51732	t	validated	bybit_api
bybit	linear	USELESSUSDT	5	2026-10-04 04:05:00	2026-10-04 04:10:00	0.24269	0.24276	0.24207	0.2422	44352.0	10753.79545	t	validated	bybit_api
bybit	linear	USELESSUSDT	5	2026-10-04 04:10:00	2026-10-04 04:15:00	0.2422	0.24328	0.24208	0.24292	132533.0	32151.51469	t	validated	bybit_api
bybit	linear	USELESSUSDT	5	2026-10-04 04:15:00	2026-10-04 04:20:00	0.24292	0.24316	0.2426	0.24277	80713.0	19609.10351	t	validated	bybit_api
bybit	linear	USELESSUSDT	5	2026-10-04 04:20:00	2026-10-04 04:25:00	0.24277	0.24366	0.24256	0.24256	77424.0	18828.94852	t	validated	bybit_api
bybit	linear	USELESSUSDT	5	2026-10-04 04:25:00	2026-10-04 04:30:00	0.24256	0.24277	0.24173	0.24262	71717.0	17371.76513	t	validated	bybit_api
bybit	linear	USELESSUSDT	5	2026-10-04 04:30:00	2026-10-04 04:35:00	0.24262	0.24299	0.24215	0.24287	99901.0	24219.11825	t	validated	bybit_api
bybit	linear	USELESSUSDT	5	2026-10-04 04:35:00	2026-10-04 04:40:00	0.24287	0.24294	0.24222	0.24232	129198.0	31342.29047	t	validated	bybit_api
bybit	linear	USELESSUSDT	5	2026-10-04 04:40:00	2026-10-04 04:45:00	0.24232	0.24232	0.2414	0.2418	62605.0	15135.53114	t	validated	bybit_api
bybit	linear	USELESSUSDT	5	2026-10-04 04:45:00	2026-10-04 04:50:00	0.2418	0.24291	0.24137	0.24277	150322.0	36428.99107	t	validated	bybit_api
bybit	linear	USELESSUSDT	5	2026-10-04 04:50:00	2026-10-04 04:55:00	0.24277	0.24294	0.24139	0.24155	60856.0	14729.61048	t	validated	bybit_api
bybit	linear	USELESSUSDT	5	2026-10-04 04:55:00	2026-10-04 05:00:00	0.24155	0.24224	0.24112	0.2412	94706.0	22907.48169	t	validated	bybit_api
bybit	linear	USELESSUSDT	5	2026-10-04 05:00:00	2026-10-04 05:05:00	0.2412	0.24235	0.24113	0.24204	68852.0	16644.04116	t	validated	bybit_api
bybit	linear	USELESSUSDT	5	2026-10-04 05:05:00	2026-10-04 05:10:00	0.24204	0.24235	0.24165	0.24185	86234.0	20868.40643	t	validated	bybit_api
bybit	linear	USELESSUSDT	5	2026-10-04 05:10:00	2026-10-04 05:15:00	0.24185	0.24185	0.24092	0.24133	31292.0	7549.69346	t	validated	bybit_api
bybit	linear	USELESSUSDT	5	2026-10-04 05:15:00	2026-10-04 05:20:00	0.24133	0.24254	0.2413	0.24215	64805.0	15680.78476	t	validated	bybit_api
bybit	linear	USELESSUSDT	5	2026-10-04 05:20:00	2026-10-04 05:25:00	0.24215	0.24306	0.24192	0.24226	100831.0	24453.53069	t	validated	bybit_api
bybit	linear	USELESSUSDT	5	2026-10-04 05:25:00	2026-10-04 05:30:00	0.24226	0.24233	0.24156	0.24175	29927.0	7239.82856	t	validated	bybit_api
bybit	linear	USELESSUSDT	5	2026-10-04 05:30:00	2026-10-04 05:35:00	0.24175	0.24175	0.24089	0.24094	80310.0	19363.44455	t	validated	bybit_api
bybit	linear	USELESSUSDT	5	2026-10-04 05:35:00	2026-10-04 05:40:00	0.24094	0.24209	0.24081	0.242	59774.0	14423.38942	t	validated	bybit_api
bybit	linear	USELESSUSDT	5	2026-10-04 05:40:00	2026-10-04 05:45:00	0.242	0.24215	0.24147	0.24165	136060.0	32882.51895	t	validated	bybit_api
bybit	linear	USELESSUSDT	5	2026-10-04 05:45:00	2026-10-04 05:50:00	0.24165	0.24202	0.24087	0.241	44395.0	10712.73539	t	validated	bybit_api
bybit	linear	USELESSUSDT	5	2026-10-04 05:50:00	2026-10-04 05:55:00	0.241	0.2413	0.24079	0.24097	172612.0	41589.55196	t	validated	bybit_api
bybit	linear	USELESSUSDT	5	2026-10-04 05:55:00	2026-10-04 06:00:00	0.24097	0.24118	0.24044	0.24101	63403.0	15266.36075	t	validated	bybit_api
bybit	linear	USELESSUSDT	5	2026-10-04 06:00:00	2026-10-04 06:05:00	0.24101	0.24162	0.24052	0.2415	64812.0	15629.37498	t	validated	bybit_api
bybit	linear	USELESSUSDT	5	2026-10-04 06:05:00	2026-10-04 06:10:00	0.2415	0.24228	0.24125	0.24184	33825.0	8179.74499	t	validated	bybit_api
bybit	linear	USELESSUSDT	5	2026-10-04 06:10:00	2026-10-04 06:15:00	0.24184	0.2419	0.24044	0.24085	109718.0	26430.67682	t	validated	bybit_api
bybit	linear	USELESSUSDT	5	2026-10-04 06:15:00	2026-10-04 06:20:00	0.24085	0.24133	0.24064	0.24133	96907.0	23346.56126	t	validated	bybit_api
bybit	linear	USELESSUSDT	5	2026-10-04 06:20:00	2026-10-04 06:25:00	0.24133	0.24351	0.24127	0.24206	152870.0	37062.66019	t	validated	bybit_api
bybit	linear	USELESSUSDT	5	2026-10-04 06:25:00	2026-10-04 06:30:00	0.24206	0.24226	0.24129	0.24198	41702.0	10088.07538	t	validated	bybit_api
bybit	linear	USELESSUSDT	5	2026-10-04 06:30:00	2026-10-04 06:35:00	0.24198	0.24243	0.24066	0.24067	261174.0	63016.14883	t	validated	bybit_api
bybit	linear	USELESSUSDT	5	2026-10-04 06:35:00	2026-10-04 06:40:00	0.24067	0.24138	0.23997	0.24023	147076.0	35372.78292	t	validated	bybit_api
bybit	linear	USELESSUSDT	5	2026-10-04 06:40:00	2026-10-04 06:45:00	0.24023	0.24068	0.23995	0.24036	289358.0	69576.02268	t	validated	bybit_api
bybit	linear	USELESSUSDT	5	2026-10-04 06:45:00	2026-10-04 06:50:00	0.24036	0.24073	0.23977	0.24031	72532.0	17420.60484	t	validated	bybit_api
bybit	linear	USELESSUSDT	5	2026-10-04 06:50:00	2026-10-04 06:55:00	0.24031	0.24031	0.23883	0.23996	225957.0	54172.46295	t	validated	bybit_api
bybit	linear	USELESSUSDT	5	2026-10-04 06:55:00	2026-10-04 07:00:00	0.23996	0.2402	0.23927	0.23955	155153.0	37231.14823	t	validated	bybit_api
bybit	linear	USELESSUSDT	5	2026-10-04 07:00:00	2026-10-04 07:05:00	0.23955	0.23994	0.23906	0.23991	32226.0	7711.38911	t	validated	bybit_api
bybit	linear	USELESSUSDT	5	2026-10-04 07:05:00	2026-10-04 07:10:00	0.23991	0.23991	0.2386	0.23965	191899.0	45917.1531	t	validated	bybit_api
bybit	linear	USELESSUSDT	5	2026-10-04 07:10:00	2026-10-04 07:15:00	0.23965	0.24069	0.23965	0.24051	485352.0	116591.25366	t	validated	bybit_api
bybit	linear	USELESSUSDT	5	2026-10-04 07:15:00	2026-10-04 07:20:00	0.24051	0.24154	0.24039	0.24132	495777.0	119516.23278	t	validated	bybit_api
bybit	linear	USELESSUSDT	5	2026-10-04 07:20:00	2026-10-04 07:25:00	0.24132	0.24329	0.2406	0.24266	539114.0	130448.28291	t	validated	bybit_api
bybit	linear	USELESSUSDT	5	2026-10-04 07:25:00	2026-10-04 07:30:00	0.24266	0.24272	0.24135	0.24135	179174.0	43385.47234	t	validated	bybit_api
bybit	linear	USELESSUSDT	5	2026-10-04 07:30:00	2026-10-04 07:35:00	0.24135	0.24135	0.24018	0.24042	97932.0	23596.66699	t	validated	bybit_api
bybit	linear	USELESSUSDT	5	2026-10-04 07:35:00	2026-10-04 07:40:00	0.24042	0.24167	0.24028	0.24086	469026.0	113188.61403	t	validated	bybit_api
bybit	linear	USELESSUSDT	5	2026-10-04 07:40:00	2026-10-04 07:45:00	0.24086	0.2415	0.24086	0.24136	24177.0	5833.4678	t	validated	bybit_api
bybit	linear	USELESSUSDT	5	2026-10-04 07:45:00	2026-10-04 07:50:00	0.24136	0.24253	0.24136	0.24197	108492.0	26248.59941	t	validated	bybit_api
bybit	linear	USELESSUSDT	5	2026-10-04 07:50:00	2026-10-04 07:55:00	0.24197	0.24371	0.24189	0.24262	225570.0	54763.77323	t	validated	bybit_api
bybit	linear	USELESSUSDT	5	2026-10-04 07:55:00	2026-10-04 08:00:00	0.24262	0.24385	0.24239	0.24349	262574.0	63855.07869	t	validated	bybit_api
bybit	linear	USELESSUSDT	5	2026-10-04 08:00:00	2026-10-04 08:05:00	0.24349	0.24676	0.24349	0.24557	668473.0	163998.7498	t	validated	bybit_api
bybit	linear	USELESSUSDT	5	2026-10-04 08:05:00	2026-10-04 08:10:00	0.24557	0.24562	0.24266	0.24307	213878.0	52164.82393	t	validated	bybit_api
bybit	linear	USELESSUSDT	5	2026-10-04 08:10:00	2026-10-04 08:15:00	0.24307	0.24346	0.24272	0.24291	153883.0	37426.33	t	validated	bybit_api
bybit	linear	USELESSUSDT	5	2026-10-04 08:15:00	2026-10-04 08:20:00	0.24291	0.24331	0.24215	0.24316	341716.0	82950.64732	t	validated	bybit_api
bybit	linear	USELESSUSDT	5	2026-10-04 08:20:00	2026-10-04 08:25:00	0.24316	0.24358	0.24205	0.24205	59466.0	14444.35249	t	validated	bybit_api
bybit	linear	USELESSUSDT	5	2026-10-04 08:25:00	2026-10-04 08:30:00	0.24205	0.24284	0.24197	0.24223	115496.0	27988.85689	t	validated	bybit_api
bybit	linear	USELESSUSDT	5	2026-10-04 08:30:00	2026-10-04 08:35:00	0.24223	0.24259	0.24144	0.24226	128404.0	31054.97514	t	validated	bybit_api
bybit	linear	USELESSUSDT	5	2026-10-04 08:35:00	2026-10-04 08:40:00	0.24226	0.24259	0.24183	0.24198	76986.0	18654.87949	t	validated	bybit_api
bybit	linear	VIRTUALUSDT	5	2026-10-05 08:35:00	2026-10-05 08:40:00	0.8806	0.8827	0.877	0.8808	151816.0	133657.0428	t	validated	bybit_api
bybit	linear	VIRTUALUSDT	5	2026-10-05 08:40:00	2026-10-05 08:45:00	0.8808	0.8852	0.8791	0.8804	141753.0	125102.026	t	validated	bybit_api
bybit	linear	VIRTUALUSDT	5	2026-10-05 08:45:00	2026-10-05 08:50:00	0.8804	0.8822	0.8744	0.8788	282362.0	247818.8052	t	validated	bybit_api
bybit	linear	VIRTUALUSDT	5	2026-10-05 08:50:00	2026-10-05 08:55:00	0.8788	0.8822	0.8779	0.8792	112640.0	99125.7492	t	validated	bybit_api
bybit	linear	VIRTUALUSDT	5	2026-10-05 08:55:00	2026-10-05 09:00:00	0.8792	0.8792	0.876	0.878	143381.0	125766.1555	t	validated	bybit_api
bybit	linear	VIRTUALUSDT	5	2026-10-05 09:00:00	2026-10-05 09:05:00	0.878	0.8849	0.8764	0.884	76721.0	67668.3895	t	validated	bybit_api
bybit	linear	VIRTUALUSDT	5	2026-10-05 09:05:00	2026-10-05 09:10:00	0.884	0.8844	0.8799	0.88	62531.0	55110.1863	t	validated	bybit_api
bybit	linear	VIRTUALUSDT	5	2026-10-05 09:10:00	2026-10-05 09:15:00	0.88	0.881	0.8736	0.8768	160404.0	140692.4316	t	validated	bybit_api
bybit	linear	VIRTUALUSDT	5	2026-10-05 09:15:00	2026-10-05 09:20:00	0.8768	0.877	0.8733	0.8752	95445.0	83495.5818	t	validated	bybit_api
bybit	linear	VIRTUALUSDT	5	2026-10-05 09:20:00	2026-10-05 09:25:00	0.8752	0.8777	0.8734	0.8735	60800.0	53203.6725	t	validated	bybit_api
bybit	linear	VIRTUALUSDT	5	2026-10-05 09:25:00	2026-10-05 09:30:00	0.8735	0.8757	0.8723	0.8746	85824.0	75051.345	t	validated	bybit_api
bybit	linear	VIRTUALUSDT	5	2026-10-05 09:30:00	2026-10-05 09:35:00	0.8746	0.8777	0.8742	0.8758	37828.0	33144.647	t	validated	bybit_api
bybit	linear	VIRTUALUSDT	5	2026-10-05 09:35:00	2026-10-05 09:40:00	0.8758	0.8812	0.874	0.88	248216.0	217935.7671	t	validated	bybit_api
bybit	linear	VIRTUALUSDT	5	2026-10-05 09:40:00	2026-10-05 09:45:00	0.88	0.8805	0.8749	0.8768	67548.0	59236.7624	t	validated	bybit_api
bybit	linear	VIRTUALUSDT	5	2026-10-05 09:45:00	2026-10-05 09:50:00	0.8768	0.8768	0.8745	0.8756	42690.0	37371.5465	t	validated	bybit_api
bybit	linear	VIRTUALUSDT	5	2026-10-05 09:50:00	2026-10-05 09:55:00	0.8756	0.8776	0.8737	0.8739	47673.0	41750.1336	t	validated	bybit_api
bybit	linear	VIRTUALUSDT	5	2026-10-05 09:55:00	2026-10-05 10:00:00	0.8739	0.8741	0.8702	0.8718	124121.0	108201.5274	t	validated	bybit_api
bybit	linear	VIRTUALUSDT	5	2026-10-05 10:00:00	2026-10-05 10:05:00	0.8718	0.8749	0.8695	0.8738	84237.0	73407.4487	t	validated	bybit_api
bybit	linear	VIRTUALUSDT	5	2026-10-05 10:05:00	2026-10-05 10:10:00	0.8738	0.8756	0.8729	0.8729	35560.0	31089.4686	t	validated	bybit_api
bybit	linear	VIRTUALUSDT	5	2026-10-05 10:10:00	2026-10-05 10:15:00	0.8729	0.8734	0.8676	0.8706	90048.0	78298.6226	t	validated	bybit_api
bybit	linear	VIRTUALUSDT	5	2026-10-05 10:15:00	2026-10-05 10:20:00	0.8706	0.8722	0.8688	0.8717	62316.0	54263.1246	t	validated	bybit_api
bybit	linear	VIRTUALUSDT	5	2026-10-05 10:20:00	2026-10-05 10:25:00	0.8717	0.8718	0.8693	0.8708	100913.0	87880.0363	t	validated	bybit_api
bybit	linear	VIRTUALUSDT	5	2026-10-05 10:25:00	2026-10-05 10:30:00	0.8708	0.8711	0.8681	0.8684	27701.0	24075.5792	t	validated	bybit_api
bybit	linear	VIRTUALUSDT	5	2026-10-05 10:30:00	2026-10-05 10:35:00	0.8684	0.8684	0.8644	0.8651	91370.0	79142.4037	t	validated	bybit_api
bybit	linear	VIRTUALUSDT	5	2026-10-05 10:35:00	2026-10-05 10:40:00	0.8651	0.867	0.8636	0.8648	38928.0	33690.7661	t	validated	bybit_api
bybit	linear	VIRTUALUSDT	5	2026-10-05 10:40:00	2026-10-05 10:45:00	0.8648	0.866	0.8638	0.8644	42005.0	36328.929	t	validated	bybit_api
bybit	linear	VIRTUALUSDT	5	2026-10-05 10:45:00	2026-10-05 10:50:00	0.8644	0.8698	0.8642	0.8698	35906.0	31159.1788	t	validated	bybit_api
bybit	linear	VIRTUALUSDT	5	2026-10-05 10:50:00	2026-10-05 10:55:00	0.8698	0.8704	0.868	0.8688	30511.0	26526.6743	t	validated	bybit_api
bybit	linear	VIRTUALUSDT	5	2026-10-05 10:55:00	2026-10-05 11:00:00	0.8688	0.8709	0.8678	0.8686	14967.0	13010.7834	t	validated	bybit_api
bybit	linear	VIRTUALUSDT	5	2026-10-05 11:00:00	2026-10-05 11:05:00	0.8686	0.8687	0.8659	0.8663	47823.0	41470.0566	t	validated	bybit_api
bybit	linear	VIRTUALUSDT	5	2026-10-05 11:05:00	2026-10-05 11:10:00	0.8663	0.8679	0.8649	0.8653	64920.0	56272.9171	t	validated	bybit_api
bybit	linear	VIRTUALUSDT	5	2026-10-05 11:10:00	2026-10-05 11:15:00	0.8653	0.8654	0.864	0.8645	28050.0	24255.3922	t	validated	bybit_api
bybit	linear	VIRTUALUSDT	5	2026-10-05 11:15:00	2026-10-05 11:20:00	0.8645	0.8658	0.8639	0.8658	24792.0	21437.4742	t	validated	bybit_api
bybit	linear	VIRTUALUSDT	5	2026-10-05 11:20:00	2026-10-05 11:25:00	0.8658	0.8672	0.865	0.8669	40365.0	34968.0954	t	validated	bybit_api
bybit	linear	VIRTUALUSDT	5	2026-10-05 11:25:00	2026-10-05 11:30:00	0.8669	0.8706	0.8666	0.8701	41740.0	36276.5548	t	validated	bybit_api
bybit	linear	VIRTUALUSDT	5	2026-10-05 11:30:00	2026-10-05 11:35:00	0.8701	0.8713	0.8673	0.8681	73221.0	63642.3344	t	validated	bybit_api
bybit	linear	VIRTUALUSDT	5	2026-10-05 11:35:00	2026-10-05 11:40:00	0.8681	0.8681	0.865	0.8656	27311.0	23642.2352	t	validated	bybit_api
bybit	linear	VIRTUALUSDT	5	2026-10-05 11:40:00	2026-10-05 11:45:00	0.8656	0.8662	0.8638	0.8641	33635.0	29092.4931	t	validated	bybit_api
bybit	linear	VIRTUALUSDT	5	2026-10-05 11:45:00	2026-10-05 11:50:00	0.8641	0.8646	0.8627	0.8644	36840.0	31809.2572	t	validated	bybit_api
bybit	linear	VIRTUALUSDT	5	2026-10-05 11:50:00	2026-10-05 11:55:00	0.8644	0.8647	0.8611	0.8619	68752.0	59323.617	t	validated	bybit_api
bybit	linear	VIRTUALUSDT	5	2026-10-05 11:55:00	2026-10-05 12:00:00	0.8619	0.8658	0.8619	0.8648	94214.0	81488.0105	t	validated	bybit_api
bybit	linear	VIRTUALUSDT	5	2026-10-05 12:00:00	2026-10-05 12:05:00	0.8648	0.8648	0.8618	0.8635	43816.0	37818.0867	t	validated	bybit_api
bybit	linear	VIRTUALUSDT	5	2026-10-05 12:05:00	2026-10-05 12:10:00	0.8635	0.8658	0.8634	0.8639	43155.0	37316.0902	t	validated	bybit_api
bybit	linear	VIRTUALUSDT	5	2026-10-05 12:10:00	2026-10-05 12:15:00	0.8639	0.8654	0.8634	0.8645	20507.0	17725.3599	t	validated	bybit_api
bybit	linear	VIRTUALUSDT	5	2026-10-05 12:15:00	2026-10-05 12:20:00	0.8645	0.8645	0.8619	0.8619	26816.0	23149.7357	t	validated	bybit_api
bybit	linear	VIRTUALUSDT	5	2026-10-05 12:20:00	2026-10-05 12:25:00	0.8619	0.8623	0.8586	0.8594	99559.0	85641.8506	t	validated	bybit_api
bybit	linear	VIRTUALUSDT	5	2026-10-05 12:25:00	2026-10-05 12:30:00	0.8594	0.8617	0.8594	0.8609	63510.0	54676.5217	t	validated	bybit_api
bybit	linear	VIRTUALUSDT	5	2026-10-05 12:30:00	2026-10-05 12:35:00	0.8609	0.8618	0.8598	0.8607	30374.0	26156.404	t	validated	bybit_api
bybit	linear	VIRTUALUSDT	5	2026-10-05 12:35:00	2026-10-05 12:40:00	0.8607	0.863	0.8587	0.8587	58430.0	50284.702	t	validated	bybit_api
bybit	linear	VIRTUALUSDT	5	2026-10-05 12:40:00	2026-10-05 12:45:00	0.8587	0.8594	0.8546	0.8568	268021.0	229647.9649	t	validated	bybit_api
bybit	linear	VIRTUALUSDT	5	2026-10-05 12:45:00	2026-10-05 12:50:00	0.8568	0.8585	0.8557	0.8563	56471.0	48384.0043	t	validated	bybit_api
bybit	linear	VIRTUALUSDT	5	2026-10-05 12:50:00	2026-10-05 12:55:00	0.8563	0.8576	0.8552	0.8558	54001.0	46251.1069	t	validated	bybit_api
bybit	linear	VIRTUALUSDT	5	2026-10-05 12:55:00	2026-10-05 13:00:00	0.8558	0.8563	0.8545	0.856	38563.0	32991.0155	t	validated	bybit_api
bybit	linear	VIRTUALUSDT	5	2026-10-05 13:00:00	2026-10-05 13:05:00	0.856	0.8596	0.8558	0.8596	45030.0	38648.5142	t	validated	bybit_api
bybit	linear	VIRTUALUSDT	5	2026-10-05 13:05:00	2026-10-05 13:10:00	0.8596	0.8598	0.8577	0.8598	56796.0	48781.2994	t	validated	bybit_api
bybit	linear	VIRTUALUSDT	5	2026-10-05 13:10:00	2026-10-05 13:15:00	0.8598	0.8615	0.8598	0.86	65483.0	56368.6218	t	validated	bybit_api
bybit	linear	VIRTUALUSDT	5	2026-10-05 13:15:00	2026-10-05 13:20:00	0.86	0.8629	0.8595	0.8626	58402.0	50331.2482	t	validated	bybit_api
bybit	linear	VIRTUALUSDT	5	2026-10-05 13:20:00	2026-10-05 13:25:00	0.8626	0.8633	0.861	0.861	27826.0	23989.5449	t	validated	bybit_api
bybit	linear	WLDUSDT	5	2026-10-02 11:40:00	2026-10-02 11:45:00	0.5439	0.545	0.5431	0.5439	814388.9	442943.61949	t	validated	bybit_api
bybit	linear	WLDUSDT	5	2026-10-02 11:45:00	2026-10-02 11:50:00	0.5439	0.5439	0.5418	0.5428	682375.7	370176.10741	t	validated	bybit_api
bybit	linear	WLDUSDT	5	2026-10-02 11:50:00	2026-10-02 11:55:00	0.5428	0.5432	0.5408	0.5428	310786.0	168373.98956	t	validated	bybit_api
bybit	linear	WLDUSDT	5	2026-10-02 11:55:00	2026-10-02 12:00:00	0.5428	0.5433	0.5396	0.5425	950473.9	514558.50844	t	validated	bybit_api
bybit	linear	WLDUSDT	5	2026-10-02 12:00:00	2026-10-02 12:05:00	0.5425	0.5434	0.5413	0.5432	537058.2	291288.16187	t	validated	bybit_api
bybit	linear	WLDUSDT	5	2026-10-02 12:05:00	2026-10-02 12:10:00	0.5432	0.5451	0.5427	0.5448	503856.0	274063.67021	t	validated	bybit_api
bybit	linear	WLDUSDT	5	2026-10-02 12:10:00	2026-10-02 12:15:00	0.5448	0.5489	0.544	0.5477	782911.0	427718.56357	t	validated	bybit_api
bybit	linear	WLDUSDT	5	2026-10-02 12:15:00	2026-10-02 12:20:00	0.5477	0.554	0.5474	0.5535	1749296.4	964195.50471	t	validated	bybit_api
bybit	linear	WLDUSDT	5	2026-10-02 12:20:00	2026-10-02 12:25:00	0.5535	0.5552	0.5514	0.5526	1310493.8	725096.34612	t	validated	bybit_api
bybit	linear	WLDUSDT	5	2026-10-02 12:25:00	2026-10-02 12:30:00	0.5526	0.5535	0.55	0.5509	913305.0	503728.21545	t	validated	bybit_api
bybit	linear	WLDUSDT	5	2026-10-02 12:30:00	2026-10-02 12:35:00	0.5509	0.5581	0.5501	0.557	3549146.9	1965557.17852	t	validated	bybit_api
bybit	linear	WLDUSDT	5	2026-10-02 12:35:00	2026-10-02 12:40:00	0.557	0.5612	0.5545	0.5603	1562450.8	871488.14872	t	validated	bybit_api
bybit	linear	WLDUSDT	5	2026-10-02 12:40:00	2026-10-02 12:45:00	0.5603	0.561	0.5546	0.555	1227314.7	684061.05929	t	validated	bybit_api
bybit	linear	WLDUSDT	5	2026-10-02 12:45:00	2026-10-02 12:50:00	0.555	0.5671	0.5544	0.5607	2511159.4	1411579.93782	t	validated	bybit_api
bybit	linear	WLDUSDT	5	2026-10-02 12:50:00	2026-10-02 12:55:00	0.5607	0.5693	0.56	0.5673	1121998.0	634528.37868	t	validated	bybit_api
bybit	linear	WLDUSDT	5	2026-10-02 12:55:00	2026-10-02 13:00:00	0.5673	0.5711	0.567	0.5684	1555048.7	885109.77123	t	validated	bybit_api
bybit	linear	WLDUSDT	5	2026-10-02 13:00:00	2026-10-02 13:05:00	0.5684	0.5716	0.5661	0.5712	1414608.5	804293.61185	t	validated	bybit_api
bybit	linear	WLDUSDT	5	2026-10-02 13:05:00	2026-10-02 13:10:00	0.5712	0.5728	0.567	0.567	1390856.1	792868.94922	t	validated	bybit_api
bybit	linear	WLDUSDT	5	2026-10-02 13:10:00	2026-10-02 13:15:00	0.567	0.568	0.5631	0.565	1223903.7	692772.00888	t	validated	bybit_api
bybit	linear	WLDUSDT	5	2026-10-02 13:15:00	2026-10-02 13:20:00	0.565	0.5686	0.5642	0.5658	918475.8	519972.58327	t	validated	bybit_api
bybit	linear	WLDUSDT	5	2026-10-02 13:20:00	2026-10-02 13:25:00	0.5658	0.5768	0.5653	0.5744	2790765.3	1596024.57975	t	validated	bybit_api
bybit	linear	WLDUSDT	5	2026-10-02 13:25:00	2026-10-02 13:30:00	0.5744	0.5744	0.5714	0.5719	825812.8	472750.43842	t	validated	bybit_api
bybit	linear	WLDUSDT	5	2026-10-02 13:30:00	2026-10-02 13:35:00	0.5719	0.5768	0.5693	0.5759	1191051.4	682215.47756	t	validated	bybit_api
bybit	linear	WLDUSDT	5	2026-10-02 13:35:00	2026-10-02 13:40:00	0.5759	0.5804	0.5747	0.5784	2001526.8	1156043.90445	t	validated	bybit_api
bybit	linear	WLDUSDT	5	2026-10-02 13:40:00	2026-10-02 13:45:00	0.5784	0.5899	0.5753	0.5848	6024344.1	3508824.57029	t	validated	bybit_api
bybit	linear	WLDUSDT	5	2026-10-02 13:45:00	2026-10-02 13:50:00	0.5848	0.5854	0.5738	0.5769	2808017.8	1626290.95736	t	validated	bybit_api
bybit	linear	WLDUSDT	5	2026-10-02 13:50:00	2026-10-02 13:55:00	0.5769	0.578	0.5723	0.5748	1227830.0	706740.28681	t	validated	bybit_api
bybit	linear	WLDUSDT	5	2026-10-02 13:55:00	2026-10-02 14:00:00	0.5748	0.5804	0.5743	0.5789	961728.8	556218.81214	t	validated	bybit_api
bybit	linear	WLDUSDT	5	2026-10-02 14:00:00	2026-10-02 14:05:00	0.5789	0.5832	0.5759	0.5811	1479275.3	857453.28049	t	validated	bybit_api
bybit	linear	WLDUSDT	5	2026-10-02 14:05:00	2026-10-02 14:10:00	0.5811	0.5847	0.5732	0.5746	1314523.4	759014.29325	t	validated	bybit_api
bybit	linear	WLDUSDT	5	2026-10-02 14:10:00	2026-10-02 14:15:00	0.5746	0.5756	0.5704	0.5726	1588073.3	908774.46109	t	validated	bybit_api
bybit	linear	WLDUSDT	5	2026-10-02 14:15:00	2026-10-02 14:20:00	0.5726	0.5763	0.5684	0.5755	1293008.0	739634.67758	t	validated	bybit_api
bybit	linear	WLDUSDT	5	2026-10-02 14:20:00	2026-10-02 14:25:00	0.5755	0.5783	0.5741	0.5751	714429.7	411871.13511	t	validated	bybit_api
bybit	linear	WLDUSDT	5	2026-10-02 14:25:00	2026-10-02 14:30:00	0.5751	0.576	0.571	0.5712	691872.1	396863.83281	t	validated	bybit_api
bybit	linear	WLDUSDT	5	2026-10-02 14:30:00	2026-10-02 14:35:00	0.5712	0.5728	0.56	0.5633	4378942.1	2477728.44589	t	validated	bybit_api
bybit	linear	WLDUSDT	5	2026-10-02 14:35:00	2026-10-02 14:40:00	0.5633	0.5703	0.5626	0.5667	1599142.2	905962.52707	t	validated	bybit_api
bybit	linear	WLDUSDT	5	2026-10-02 14:40:00	2026-10-02 14:45:00	0.5667	0.57	0.5659	0.5676	593627.9	337049.12674	t	validated	bybit_api
bybit	linear	WLDUSDT	5	2026-10-02 14:45:00	2026-10-02 14:50:00	0.5676	0.5716	0.5665	0.5692	873522.8	497715.44921	t	validated	bybit_api
bybit	linear	WLDUSDT	5	2026-10-02 14:50:00	2026-10-02 14:55:00	0.5692	0.57	0.559	0.5613	1396063.3	786565.5354	t	validated	bybit_api
bybit	linear	WLDUSDT	5	2026-10-02 14:55:00	2026-10-02 15:00:00	0.5613	0.5674	0.5596	0.566	2053804.7	1157906.52649	t	validated	bybit_api
bybit	linear	WLDUSDT	5	2026-10-02 15:00:00	2026-10-02 15:05:00	0.566	0.5698	0.5652	0.5665	1165922.4	661648.12778	t	validated	bybit_api
bybit	linear	WLDUSDT	5	2026-10-02 15:05:00	2026-10-02 15:10:00	0.5665	0.5704	0.5633	0.5698	1124954.9	636791.41613	t	validated	bybit_api
bybit	linear	WLDUSDT	5	2026-10-02 15:10:00	2026-10-02 15:15:00	0.5698	0.5742	0.5697	0.5705	928166.8	530666.7699	t	validated	bybit_api
bybit	linear	WLDUSDT	5	2026-10-02 15:15:00	2026-10-02 15:20:00	0.5705	0.5726	0.5665	0.5673	953492.7	542298.27593	t	validated	bybit_api
bybit	linear	WLDUSDT	5	2026-10-02 15:20:00	2026-10-02 15:25:00	0.5673	0.5676	0.5609	0.5609	1368266.1	772322.10806	t	validated	bybit_api
bybit	linear	WLDUSDT	5	2026-10-02 15:25:00	2026-10-02 15:30:00	0.5609	0.5665	0.5602	0.566	892238.6	503034.11739	t	validated	bybit_api
bybit	linear	WLDUSDT	5	2026-10-02 15:30:00	2026-10-02 15:35:00	0.566	0.5679	0.5631	0.5663	531619.6	300693.39194	t	validated	bybit_api
bybit	linear	WLDUSDT	5	2026-10-02 15:35:00	2026-10-02 15:40:00	0.5663	0.5707	0.5661	0.5672	735842.2	418349.6648	t	validated	bybit_api
bybit	linear	WLDUSDT	5	2026-10-02 15:40:00	2026-10-02 15:45:00	0.5672	0.5724	0.5658	0.5694	1156454.7	657576.19779	t	validated	bybit_api
bybit	linear	WLDUSDT	5	2026-10-02 15:45:00	2026-10-02 15:50:00	0.5694	0.5739	0.5688	0.5733	797818.7	455991.91859	t	validated	bybit_api
bybit	linear	WLDUSDT	5	2026-10-02 15:50:00	2026-10-02 15:55:00	0.5733	0.5748	0.5713	0.5723	893392.8	512175.79051	t	validated	bybit_api
bybit	linear	WLDUSDT	5	2026-10-02 15:55:00	2026-10-02 16:00:00	0.5723	0.576	0.5701	0.5755	1211602.4	694155.2892	t	validated	bybit_api
bybit	linear	XAGUSDT	5	2026-10-05 11:45:00	2026-10-05 11:50:00	61.71	61.72	61.67	61.67	1734.443	107003.34331	t	validated	bybit_api
bybit	linear	XAGUSDT	5	2026-10-05 11:50:00	2026-10-05 11:55:00	61.67	61.72	61.63	61.67	807.129	49766.98092	t	validated	bybit_api
bybit	linear	XAGUSDT	5	2026-10-05 11:55:00	2026-10-05 12:00:00	61.67	61.81	61.67	61.81	2824.103	174341.88128	t	validated	bybit_api
bybit	linear	XAGUSDT	5	2026-10-05 12:00:00	2026-10-05 12:05:00	61.81	61.83	61.71	61.78	4630.18	286092.97164	t	validated	bybit_api
bybit	linear	XAGUSDT	5	2026-10-05 12:05:00	2026-10-05 12:10:00	61.78	61.83	61.73	61.73	2362.858	146022.35565	t	validated	bybit_api
bybit	linear	XAGUSDT	5	2026-10-05 12:10:00	2026-10-05 12:15:00	61.73	61.77	61.72	61.72	1248.884	77117.8828	t	validated	bybit_api
bybit	linear	XAGUSDT	5	2026-10-05 12:15:00	2026-10-05 12:20:00	61.72	61.73	61.68	61.69	2712.635	167375.82792	t	validated	bybit_api
bybit	linear	XAGUSDT	5	2026-10-05 12:20:00	2026-10-05 12:25:00	61.69	61.71	61.59	61.63	6591.379	406225.09221	t	validated	bybit_api
bybit	linear	XAGUSDT	5	2026-10-05 12:25:00	2026-10-05 12:30:00	61.63	61.71	61.61	61.69	4806.739	296346.90406	t	validated	bybit_api
bybit	linear	XAGUSDT	5	2026-10-05 12:30:00	2026-10-05 12:35:00	61.69	61.69	61.59	61.65	4736.712	291927.88829	t	validated	bybit_api
bybit	linear	XAGUSDT	5	2026-10-05 12:35:00	2026-10-05 12:40:00	61.65	61.72	61.63	61.7	1980.313	122165.39757	t	validated	bybit_api
bybit	linear	XAGUSDT	5	2026-10-05 12:40:00	2026-10-05 12:45:00	61.7	61.7	61.6	61.61	2075.459	127939.84767	t	validated	bybit_api
bybit	linear	XAGUSDT	5	2026-10-05 12:45:00	2026-10-05 12:50:00	61.61	61.65	61.44	61.44	6711.455	413031.9443	t	validated	bybit_api
bybit	linear	XAGUSDT	5	2026-10-05 12:50:00	2026-10-05 12:55:00	61.44	61.54	61.41	61.49	9787.771	601850.45235	t	validated	bybit_api
bybit	linear	XAGUSDT	5	2026-10-05 12:55:00	2026-10-05 13:00:00	61.49	61.57	61.48	61.53	3476.907	213987.85381	t	validated	bybit_api
bybit	linear	XAGUSDT	5	2026-10-05 13:00:00	2026-10-05 13:05:00	61.53	61.63	61.52	61.58	9473.398	583449.10074	t	validated	bybit_api
bybit	linear	XAGUSDT	5	2026-10-05 13:05:00	2026-10-05 13:10:00	61.58	61.62	61.47	61.61	1133.509	69749.15635	t	validated	bybit_api
bybit	linear	XAGUSDT	5	2026-10-05 13:10:00	2026-10-05 13:15:00	61.61	61.65	61.57	61.62	9006.267	554719.68616	t	validated	bybit_api
bybit	linear	XAGUSDT	5	2026-10-05 13:15:00	2026-10-05 13:20:00	61.62	61.76	61.61	61.69	4651.732	286911.94457	t	validated	bybit_api
bybit	linear	XAGUSDT	5	2026-10-05 13:20:00	2026-10-05 13:25:00	61.69	61.69	61.6	61.66	7626.677	470250.72517	t	validated	bybit_api
bybit	linear	XAGUSDT	5	2026-10-05 13:25:00	2026-10-05 13:30:00	61.66	61.67	61.6	61.66	967.552	59623.80893	t	validated	bybit_api
bybit	linear	XAGUSDT	5	2026-10-05 13:30:00	2026-10-05 13:35:00	61.66	61.66	61.42	61.45	5349.764	329019.69549	t	validated	bybit_api
bybit	linear	XAGUSDT	5	2026-10-05 13:35:00	2026-10-05 13:40:00	61.45	61.47	61.36	61.4	3689.865	226643.79374	t	validated	bybit_api
bybit	linear	XAGUSDT	5	2026-10-05 13:40:00	2026-10-05 13:45:00	61.4	61.4	61.25	61.28	6326.411	387973.90573	t	validated	bybit_api
bybit	linear	XAGUSDT	5	2026-10-05 13:45:00	2026-10-05 13:50:00	61.28	61.31	61.08	61.29	24910.502	1524629.29311	t	validated	bybit_api
bybit	linear	XAGUSDT	5	2026-10-05 13:50:00	2026-10-05 13:55:00	61.29	61.4	61.29	61.3	8948.599	549023.77699	t	validated	bybit_api
bybit	linear	XAGUSDT	5	2026-10-05 13:55:00	2026-10-05 14:00:00	61.3	61.3	61.11	61.16	3275.527	200470.73983	t	validated	bybit_api
bybit	linear	XAGUSDT	5	2026-10-05 14:00:00	2026-10-05 14:05:00	61.16	61.39	61.12	61.26	5618.369	344190.9274	t	validated	bybit_api
bybit	linear	XAGUSDT	5	2026-10-05 14:05:00	2026-10-05 14:10:00	61.26	61.52	61.25	61.45	7170.074	440061.77725	t	validated	bybit_api
bybit	linear	XAGUSDT	5	2026-10-05 14:10:00	2026-10-05 14:15:00	61.45	61.49	61.33	61.36	2913.452	178861.74818	t	validated	bybit_api
bybit	linear	XAGUSDT	5	2026-10-05 14:15:00	2026-10-05 14:20:00	61.36	61.36	61.19	61.19	2639.603	161725.09615	t	validated	bybit_api
bybit	linear	XAGUSDT	5	2026-10-05 14:20:00	2026-10-05 14:25:00	61.19	61.25	61.17	61.2	1850.758	113294.80959	t	validated	bybit_api
bybit	linear	XAGUSDT	5	2026-10-05 14:25:00	2026-10-05 14:30:00	61.2	61.2	61.11	61.11	2597.506	158827.37377	t	validated	bybit_api
bybit	linear	XAGUSDT	5	2026-10-05 14:30:00	2026-10-05 14:35:00	61.11	61.16	61.02	61.04	5699.584	347982.54057	t	validated	bybit_api
bybit	linear	XAGUSDT	5	2026-10-05 14:35:00	2026-10-05 14:40:00	61.04	61.16	61.01	61.14	6070.86	370784.44963	t	validated	bybit_api
bybit	linear	XAGUSDT	5	2026-10-05 14:40:00	2026-10-05 14:45:00	61.14	61.25	61.12	61.2	4440.164	271638.93811	t	validated	bybit_api
bybit	linear	XAGUSDT	5	2026-10-05 14:45:00	2026-10-05 14:50:00	61.2	61.23	61.11	61.22	2411.357	147566.07742	t	validated	bybit_api
bybit	linear	XAGUSDT	5	2026-10-05 14:50:00	2026-10-05 14:55:00	61.22	61.36	61.2	61.34	4518.23	276737.39934	t	validated	bybit_api
bybit	linear	XAGUSDT	5	2026-10-05 14:55:00	2026-10-05 15:00:00	61.34	61.39	61.29	61.35	3196.219	196089.98033	t	validated	bybit_api
bybit	linear	XAGUSDT	5	2026-10-05 15:00:00	2026-10-05 15:05:00	61.35	61.35	61.26	61.27	1221.601	74872.78341	t	validated	bybit_api
bybit	linear	XAGUSDT	5	2026-10-05 15:05:00	2026-10-05 15:10:00	61.27	61.28	61.21	61.23	2153.525	131887.21515	t	validated	bybit_api
bybit	linear	XAGUSDT	5	2026-10-05 15:10:00	2026-10-05 15:15:00	61.23	61.25	61.18	61.18	815.66	49934.83896	t	validated	bybit_api
bybit	linear	XAGUSDT	5	2026-10-05 15:15:00	2026-10-05 15:20:00	61.18	61.2	61.09	61.17	2623.35	160353.78233	t	validated	bybit_api
bybit	linear	XAGUSDT	5	2026-10-05 15:20:00	2026-10-05 15:25:00	61.17	61.21	60.98	61.19	1835.107	112076.67477	t	validated	bybit_api
bybit	linear	XAGUSDT	5	2026-10-05 15:25:00	2026-10-05 15:30:00	61.19	61.28	61.16	61.27	2102.146	128653.44705	t	validated	bybit_api
bybit	linear	XAGUSDT	5	2026-10-05 15:30:00	2026-10-05 15:35:00	61.27	61.29	61.2	61.24	789.565	48361.64949	t	validated	bybit_api
bybit	linear	XAGUSDT	5	2026-10-05 15:35:00	2026-10-05 15:40:00	61.24	61.26	61.21	61.25	413.162	25298.3503	t	validated	bybit_api
bybit	linear	XRPUSDT	5	2026-10-02 09:40:00	2026-10-02 09:45:00	1.5384	1.5395	1.5363	1.5365	849770.0	1306854.6992	t	validated	bybit_api
bybit	linear	XRPUSDT	5	2026-10-02 09:45:00	2026-10-02 09:50:00	1.5365	1.5394	1.5353	1.5369	817690.3	1256893.04819	t	validated	bybit_api
bybit	linear	XRPUSDT	5	2026-10-02 09:50:00	2026-10-02 09:55:00	1.5369	1.5419	1.5364	1.54	1203112.6	1851345.83777	t	validated	bybit_api
bybit	linear	XRPUSDT	5	2026-10-02 09:55:00	2026-10-02 10:00:00	1.54	1.5417	1.5384	1.5389	659083.2	1015131.64523	t	validated	bybit_api
bybit	linear	XRPUSDT	5	2026-10-02 10:00:00	2026-10-02 10:05:00	1.5389	1.5413	1.5386	1.5411	539357.1	830425.27308	t	validated	bybit_api
bybit	linear	XRPUSDT	5	2026-10-02 10:05:00	2026-10-02 10:10:00	1.5411	1.5438	1.5394	1.5394	777034.1	1197932.03801	t	validated	bybit_api
bybit	linear	XRPUSDT	5	2026-10-02 10:10:00	2026-10-02 10:15:00	1.5394	1.5394	1.5362	1.5373	676967.6	1040756.76744	t	validated	bybit_api
bybit	linear	XRPUSDT	5	2026-10-02 10:15:00	2026-10-02 10:20:00	1.5373	1.5407	1.5372	1.5396	548239.4	843705.87107	t	validated	bybit_api
bybit	linear	XRPUSDT	5	2026-10-02 10:20:00	2026-10-02 10:25:00	1.5396	1.5405	1.5351	1.5363	1218293.0	1873390.37849	t	validated	bybit_api
bybit	linear	XRPUSDT	5	2026-10-02 10:25:00	2026-10-02 10:30:00	1.5363	1.5469	1.5354	1.5443	5171855.8	7975296.51873	t	validated	bybit_api
bybit	linear	XRPUSDT	5	2026-10-02 10:30:00	2026-10-02 10:35:00	1.5443	1.5457	1.5412	1.5434	2240041.3	3457000.05691	t	validated	bybit_api
bybit	linear	XRPUSDT	5	2026-10-02 10:35:00	2026-10-02 10:40:00	1.5434	1.5509	1.5433	1.5503	2617202.2	4050581.8176	t	validated	bybit_api
bybit	linear	XRPUSDT	5	2026-10-02 10:40:00	2026-10-02 10:45:00	1.5503	1.5505	1.5447	1.5454	1808986.1	2799708.91314	t	validated	bybit_api
bybit	linear	XRPUSDT	5	2026-10-02 10:45:00	2026-10-02 10:50:00	1.5454	1.546	1.5419	1.5421	489636.4	755646.65775	t	validated	bybit_api
bybit	linear	XRPUSDT	5	2026-10-02 10:50:00	2026-10-02 10:55:00	1.5421	1.5421	1.5383	1.5405	1288673.5	1984554.68033	t	validated	bybit_api
bybit	linear	XRPUSDT	5	2026-10-02 10:55:00	2026-10-02 11:00:00	1.5405	1.5418	1.5384	1.5389	959247.1	1476810.41219	t	validated	bybit_api
bybit	linear	XRPUSDT	5	2026-10-02 11:00:00	2026-10-02 11:05:00	1.5389	1.5409	1.5373	1.5406	983309.3	1513266.74264	t	validated	bybit_api
bybit	linear	XRPUSDT	5	2026-10-02 11:05:00	2026-10-02 11:10:00	1.5406	1.544	1.5404	1.5435	647381.9	998381.20814	t	validated	bybit_api
bybit	linear	XRPUSDT	5	2026-10-02 11:10:00	2026-10-02 11:15:00	1.5435	1.5436	1.54	1.5406	319942.3	493382.29314	t	validated	bybit_api
bybit	linear	XRPUSDT	5	2026-10-02 11:15:00	2026-10-02 11:20:00	1.5406	1.5421	1.539	1.5396	226665.1	349103.36355	t	validated	bybit_api
bybit	linear	XRPUSDT	5	2026-10-02 11:20:00	2026-10-02 11:25:00	1.5396	1.5397	1.5369	1.5376	600560.3	923789.36096	t	validated	bybit_api
bybit	linear	XRPUSDT	5	2026-10-02 11:25:00	2026-10-02 11:30:00	1.5376	1.538	1.5351	1.536	1348398.9	2071629.83471	t	validated	bybit_api
bybit	linear	XRPUSDT	5	2026-10-02 11:30:00	2026-10-02 11:35:00	1.536	1.5369	1.5347	1.5354	793851.7	1219103.73044	t	validated	bybit_api
bybit	linear	XRPUSDT	5	2026-10-02 11:35:00	2026-10-02 11:40:00	1.5354	1.5368	1.5343	1.5346	508923.1	781494.0834	t	validated	bybit_api
bybit	linear	XRPUSDT	5	2026-10-02 11:40:00	2026-10-02 11:45:00	1.5346	1.5354	1.5326	1.5338	1179506.0	1809217.84465	t	validated	bybit_api
bybit	linear	XRPUSDT	5	2026-10-02 11:45:00	2026-10-02 11:50:00	1.5338	1.5356	1.5327	1.5333	806624.9	1237193.38775	t	validated	bybit_api
bybit	linear	XRPUSDT	5	2026-10-02 11:50:00	2026-10-02 11:55:00	1.5333	1.5345	1.5323	1.5331	752300.3	1153315.43492	t	validated	bybit_api
bybit	linear	XRPUSDT	5	2026-10-02 11:55:00	2026-10-02 12:00:00	1.5331	1.5335	1.5307	1.532	991990.7	1520177.18415	t	validated	bybit_api
bybit	linear	XRPUSDT	5	2026-10-02 12:00:00	2026-10-02 12:05:00	1.532	1.533	1.5265	1.5296	2577317.1	3941488.61492	t	validated	bybit_api
bybit	linear	XRPUSDT	5	2026-10-02 12:05:00	2026-10-02 12:10:00	1.5296	1.5339	1.5295	1.5334	1235897.2	1893060.2	t	validated	bybit_api
bybit	linear	XRPUSDT	5	2026-10-02 12:10:00	2026-10-02 12:15:00	1.5334	1.5349	1.532	1.5326	1049409.7	1609520.46885	t	validated	bybit_api
bybit	linear	XRPUSDT	5	2026-10-02 12:15:00	2026-10-02 12:20:00	1.5326	1.5389	1.532	1.5377	1554919.4	2389007.79158	t	validated	bybit_api
bybit	linear	XRPUSDT	5	2026-10-02 12:20:00	2026-10-02 12:25:00	1.5377	1.5391	1.5346	1.5355	1066349.0	1639721.2245	t	validated	bybit_api
bybit	linear	XRPUSDT	5	2026-10-02 12:25:00	2026-10-02 12:30:00	1.5355	1.5413	1.5347	1.5389	1180094.0	1815129.25135	t	validated	bybit_api
bybit	linear	XRPUSDT	5	2026-10-02 12:30:00	2026-10-02 12:35:00	1.5389	1.5565	1.537	1.5454	15672318.4	24231846.1247	t	validated	bybit_api
bybit	linear	XRPUSDT	5	2026-10-02 12:35:00	2026-10-02 12:40:00	1.5454	1.5486	1.5433	1.5459	2441158.9	3775778.34136	t	validated	bybit_api
bybit	linear	XRPUSDT	5	2026-10-02 12:40:00	2026-10-02 12:45:00	1.5459	1.5463	1.5363	1.5372	3493110.8	5381505.55629	t	validated	bybit_api
bybit	linear	XRPUSDT	5	2026-10-02 12:45:00	2026-10-02 12:50:00	1.5372	1.5453	1.5364	1.5422	1780758.7	2746686.01672	t	validated	bybit_api
bybit	linear	XRPUSDT	5	2026-10-02 12:50:00	2026-10-02 12:55:00	1.5422	1.5448	1.5412	1.544	896772.8	1383785.62211	t	validated	bybit_api
bybit	linear	XRPUSDT	5	2026-10-02 12:55:00	2026-10-02 13:00:00	1.544	1.5468	1.5417	1.5423	2244690.0	3466753.44625	t	validated	bybit_api
bybit	linear	XRPUSDT	5	2026-10-02 13:00:00	2026-10-02 13:05:00	1.5423	1.5457	1.5408	1.5452	1346930.5	2078243.6108	t	validated	bybit_api
bybit	linear	XRPUSDT	5	2026-10-02 13:05:00	2026-10-02 13:10:00	1.5452	1.5457	1.5418	1.5427	850787.0	1312930.50722	t	validated	bybit_api
bybit	linear	XRPUSDT	5	2026-10-02 13:10:00	2026-10-02 13:15:00	1.5427	1.5436	1.5393	1.5393	803669.2	1238422.55885	t	validated	bybit_api
bybit	linear	XRPUSDT	5	2026-10-02 13:15:00	2026-10-02 13:20:00	1.5393	1.5415	1.5373	1.5382	791382.3	1217863.68446	t	validated	bybit_api
bybit	linear	XRPUSDT	5	2026-10-02 13:20:00	2026-10-02 13:25:00	1.5382	1.5396	1.5374	1.5386	350805.8	539657.99499	t	validated	bybit_api
bybit	linear	XRPUSDT	5	2026-10-02 13:25:00	2026-10-02 13:30:00	1.5386	1.5403	1.5366	1.5377	724014.9	1113848.76365	t	validated	bybit_api
bybit	linear	XRPUSDT	5	2026-10-02 13:30:00	2026-10-02 13:35:00	1.5377	1.5454	1.5368	1.5448	1617363.9	2494931.27042	t	validated	bybit_api
bybit	linear	XRPUSDT	5	2026-10-02 13:35:00	2026-10-02 13:40:00	1.5448	1.55	1.5448	1.5474	2817960.2	4360988.65426	t	validated	bybit_api
bybit	linear	XRPUSDT	5	2026-10-02 13:40:00	2026-10-02 13:45:00	1.5474	1.5481	1.5392	1.5404	1525124.1	2352568.35909	t	validated	bybit_api
bybit	linear	XRPUSDT	5	2026-10-02 13:45:00	2026-10-02 13:50:00	1.5404	1.5421	1.5332	1.5346	3052373.7	4689355.28783	t	validated	bybit_api
bybit	linear	XRPUSDT	5	2026-10-02 13:50:00	2026-10-02 13:55:00	1.5346	1.5368	1.5285	1.5342	3522709.7	5396896.27535	t	validated	bybit_api
bybit	linear	XRPUSDT	5	2026-10-02 13:55:00	2026-10-02 14:00:00	1.5342	1.5366	1.5289	1.5317	2864378.4	4388725.10906	t	validated	bybit_api
bybit	linear	XRPUSDT	5	2026-10-02 14:00:00	2026-10-02 14:05:00	1.5317	1.5363	1.5301	1.5363	1534764.6	2353371.84591	t	validated	bybit_api
bybit	linear	XRPUSDT	5	2026-10-02 14:05:00	2026-10-02 14:10:00	1.5363	1.5375	1.5251	1.528	4267928.1	6528605.891	t	validated	bybit_api
bybit	linear	XRPUSDT	5	2026-10-02 14:10:00	2026-10-02 14:15:00	1.528	1.5299	1.5255	1.5283	2007173.5	3066091.84875	t	validated	bybit_api
bybit	linear	XRPUSDT	5	2026-10-02 14:15:00	2026-10-02 14:20:00	1.5283	1.5314	1.5248	1.5312	2431678.9	3716635.01952	t	validated	bybit_api
bybit	linear	XRPUSDT	5	2026-10-02 14:20:00	2026-10-02 14:25:00	1.5312	1.5351	1.5304	1.5328	815256.6	1249728.8422	t	validated	bybit_api
bybit	linear	XRPUSDT	5	2026-10-02 14:25:00	2026-10-02 14:30:00	1.5328	1.5332	1.5257	1.5257	1528218.3	2337218.93941	t	validated	bybit_api
bybit	linear	XRPUSDT	5	2026-10-02 14:30:00	2026-10-02 14:35:00	1.5257	1.5284	1.521	1.5237	3234079.0	4929788.90408	t	validated	bybit_api
bybit	linear	XRPUSDT	5	2026-10-02 14:35:00	2026-10-02 14:40:00	1.5237	1.5279	1.522	1.5253	1620468.8	2471496.80559	t	validated	bybit_api
bybit	linear	XRPUSDT	5	2026-10-02 14:40:00	2026-10-02 14:45:00	1.5253	1.5278	1.5231	1.5266	989411.7	1509837.66773	t	validated	bybit_api
bybit	linear	XRPUSDT	5	2026-10-02 14:45:00	2026-10-02 14:50:00	1.5266	1.5291	1.525	1.5272	1385630.6	2115898.40742	t	validated	bybit_api
bybit	linear	XRPUSDT	5	2026-10-02 14:50:00	2026-10-02 14:55:00	1.5272	1.5272	1.5119	1.5125	6153514.2	9335998.07765	t	validated	bybit_api
bybit	linear	XRPUSDT	5	2026-10-02 14:55:00	2026-10-02 15:00:00	1.5125	1.5142	1.5051	1.5129	6443251.7	9730163.74324	t	validated	bybit_api
bybit	linear	XRPUSDT	5	2026-10-02 15:00:00	2026-10-02 15:05:00	1.5129	1.5141	1.508	1.5086	3123010.6	4718767.23803	t	validated	bybit_api
bybit	linear	XRPUSDT	5	2026-10-02 15:05:00	2026-10-02 15:10:00	1.5086	1.5095	1.5021	1.5077	6791773.1	10222924.87954	t	validated	bybit_api
bybit	linear	XRPUSDT	5	2026-10-02 15:10:00	2026-10-02 15:15:00	1.5077	1.5134	1.5077	1.5128	5270420.3	7961668.43188	t	validated	bybit_api
bybit	linear	XRPUSDT	5	2026-10-02 15:15:00	2026-10-02 15:20:00	1.5128	1.5148	1.5092	1.5118	979976.0	1481849.58659	t	validated	bybit_api
bybit	linear	XRPUSDT	5	2026-10-02 15:20:00	2026-10-02 15:25:00	1.5118	1.5124	1.5065	1.5074	954453.6	1441067.02366	t	validated	bybit_api
bybit	linear	XRPUSDT	5	2026-10-02 15:25:00	2026-10-02 15:30:00	1.5074	1.5126	1.5061	1.5113	1043197.4	1575752.50454	t	validated	bybit_api
bybit	linear	XRPUSDT	5	2026-10-02 15:30:00	2026-10-02 15:35:00	1.5113	1.5124	1.5068	1.5078	732035.6	1104798.01952	t	validated	bybit_api
bybit	linear	XRPUSDT	5	2026-10-02 15:35:00	2026-10-02 15:40:00	1.5078	1.5091	1.5052	1.506	900098.6	1356548.11316	t	validated	bybit_api
bybit	linear	XRPUSDT	5	2026-10-02 15:40:00	2026-10-02 15:45:00	1.506	1.5088	1.5036	1.5054	981771.1	1477957.37553	t	validated	bybit_api
bybit	linear	XRPUSDT	5	2026-10-02 15:45:00	2026-10-02 15:50:00	1.5054	1.5065	1.5023	1.506	1231607.0	1852783.90234	t	validated	bybit_api
bybit	linear	XRPUSDT	5	2026-10-02 15:50:00	2026-10-02 15:55:00	1.506	1.5074	1.5023	1.5029	913430.3	1375234.81671	t	validated	bybit_api
bybit	linear	XRPUSDT	5	2026-10-02 15:55:00	2026-10-02 16:00:00	1.5029	1.5066	1.4995	1.5064	3461327.2	5201244.43689	t	validated	bybit_api
bybit	linear	XRPUSDT	5	2026-10-02 16:00:00	2026-10-02 16:05:00	1.5064	1.5103	1.5055	1.5095	1843072.1	2780051.67261	t	validated	bybit_api
bybit	linear	XRPUSDT	5	2026-10-02 16:05:00	2026-10-02 16:10:00	1.5095	1.5103	1.5054	1.5063	764167.6	1151665.47296	t	validated	bybit_api
bybit	linear	XRPUSDT	5	2026-10-02 16:10:00	2026-10-02 16:15:00	1.5063	1.5068	1.5027	1.5053	635100.5	955345.69056	t	validated	bybit_api
bybit	linear	XRPUSDT	5	2026-10-02 16:15:00	2026-10-02 16:20:00	1.5053	1.5098	1.5051	1.5094	697971.9	1052453.64643	t	validated	bybit_api
bybit	linear	XRPUSDT	5	2026-10-02 16:20:00	2026-10-02 16:25:00	1.5094	1.5097	1.5024	1.5032	1012423.5	1524996.83646	t	validated	bybit_api
bybit	linear	XRPUSDT	5	2026-10-02 16:25:00	2026-10-02 16:30:00	1.5032	1.5054	1.5023	1.5028	926360.5	1392739.91318	t	validated	bybit_api
bybit	linear	XRPUSDT	5	2026-10-02 16:30:00	2026-10-02 16:35:00	1.5028	1.5046	1.5021	1.5031	671051.9	1008654.698	t	validated	bybit_api
bybit	linear	XRPUSDT	5	2026-10-02 16:35:00	2026-10-02 16:40:00	1.5031	1.504	1.5009	1.5014	581113.8	873229.20831	t	validated	bybit_api
bybit	linear	XRPUSDT	5	2026-10-02 16:40:00	2026-10-02 16:45:00	1.5014	1.5036	1.4979	1.5036	2024831.3	3036739.90671	t	validated	bybit_api
bybit	linear	XRPUSDT	5	2026-10-02 16:45:00	2026-10-02 16:50:00	1.5036	1.5061	1.5028	1.5031	1645647.2	2476881.93117	t	validated	bybit_api
bybit	linear	XRPUSDT	5	2026-10-02 16:50:00	2026-10-02 16:55:00	1.5031	1.5047	1.5004	1.5005	687069.2	1032009.60986	t	validated	bybit_api
bybit	linear	XRPUSDT	5	2026-10-02 16:55:00	2026-10-02 17:00:00	1.5005	1.503	1.4986	1.5029	1484036.3	2227898.70504	t	validated	bybit_api
bybit	linear	XRPUSDT	5	2026-10-02 17:00:00	2026-10-02 17:05:00	1.5029	1.5049	1.5026	1.5027	535232.4	805101.63977	t	validated	bybit_api
bybit	linear	XRPUSDT	5	2026-10-02 17:05:00	2026-10-02 17:10:00	1.5027	1.5038	1.4987	1.5003	1141027.6	1711526.0715	t	validated	bybit_api
bybit	linear	XRPUSDT	5	2026-10-02 17:10:00	2026-10-02 17:15:00	1.5003	1.5007	1.4958	1.4976	1102612.7	1651288.12225	t	validated	bybit_api
bybit	linear	XRPUSDT	5	2026-10-04 21:00:00	2026-10-04 21:05:00	1.5055	1.5065	1.5048	1.506	273037.8	411128.70121	t	validated	bybit_api
bybit	linear	XRPUSDT	5	2026-10-04 21:05:00	2026-10-04 21:10:00	1.506	1.5086	1.5059	1.5085	225976.2	340567.07293	t	validated	bybit_api
bybit	linear	XRPUSDT	5	2026-10-04 21:10:00	2026-10-04 21:15:00	1.5085	1.5129	1.5085	1.51	3054184.0	4613709.83673	t	validated	bybit_api
bybit	linear	XRPUSDT	5	2026-10-04 21:15:00	2026-10-04 21:20:00	1.51	1.5113	1.5089	1.5102	612890.2	925517.50091	t	validated	bybit_api
bybit	linear	XRPUSDT	5	2026-10-04 21:20:00	2026-10-04 21:25:00	1.5102	1.5105	1.5075	1.5101	557518.2	841237.92586	t	validated	bybit_api
bybit	linear	XRPUSDT	5	2026-10-04 21:25:00	2026-10-04 21:30:00	1.5101	1.5113	1.5097	1.5101	420106.0	634479.24442	t	validated	bybit_api
bybit	linear	XRPUSDT	5	2026-10-04 21:30:00	2026-10-04 21:35:00	1.5101	1.513	1.51	1.5115	494479.7	747633.59706	t	validated	bybit_api
bybit	linear	XRPUSDT	5	2026-10-04 21:35:00	2026-10-04 21:40:00	1.5115	1.5116	1.5103	1.5104	271224.8	409820.19226	t	validated	bybit_api
bybit	linear	XRPUSDT	5	2026-10-04 21:40:00	2026-10-04 21:45:00	1.5104	1.5107	1.5086	1.5099	394058.1	594828.98363	t	validated	bybit_api
bybit	linear	XRPUSDT	5	2026-10-04 21:45:00	2026-10-04 21:50:00	1.5099	1.511	1.5093	1.5096	94643.1	142938.89555	t	validated	bybit_api
bybit	linear	XRPUSDT	5	2026-10-04 21:50:00	2026-10-04 21:55:00	1.5096	1.5126	1.5095	1.5098	362076.2	546963.87061	t	validated	bybit_api
bybit	linear	XRPUSDT	5	2026-10-04 21:55:00	2026-10-04 22:00:00	1.5098	1.5098	1.5053	1.5079	805347.0	1213675.69714	t	validated	bybit_api
bybit	linear	XRPUSDT	5	2026-10-04 22:00:00	2026-10-04 22:05:00	1.5079	1.5204	1.5079	1.5188	3028140.9	4590901.87387	t	validated	bybit_api
bybit	linear	XRPUSDT	5	2026-10-04 22:05:00	2026-10-04 22:10:00	1.5188	1.5203	1.5158	1.5164	1141714.2	1733230.7352	t	validated	bybit_api
bybit	linear	XRPUSDT	5	2026-10-04 22:10:00	2026-10-04 22:15:00	1.5164	1.5206	1.5157	1.5199	803641.1	1220158.21681	t	validated	bybit_api
bybit	linear	XRPUSDT	5	2026-10-04 22:15:00	2026-10-04 22:20:00	1.5199	1.5239	1.5187	1.52	2930407.1	4455236.06795	t	validated	bybit_api
bybit	linear	XRPUSDT	5	2026-10-04 22:20:00	2026-10-04 22:25:00	1.52	1.522	1.5193	1.5199	1588415.2	2415500.77323	t	validated	bybit_api
bybit	linear	XRPUSDT	5	2026-10-04 22:25:00	2026-10-04 22:30:00	1.5199	1.5219	1.515	1.5154	1678295.9	2548151.11387	t	validated	bybit_api
bybit	linear	XRPUSDT	5	2026-10-04 22:30:00	2026-10-04 22:35:00	1.5154	1.5176	1.5148	1.5167	664307.8	1007306.07397	t	validated	bybit_api
bybit	linear	XRPUSDT	5	2026-10-04 22:35:00	2026-10-04 22:40:00	1.5167	1.5201	1.5166	1.5166	388155.4	589587.36557	t	validated	bybit_api
bybit	linear	XRPUSDT	5	2026-10-04 22:40:00	2026-10-04 22:45:00	1.5166	1.5209	1.5157	1.5187	926976.9	1406648.18403	t	validated	bybit_api
bybit	linear	XRPUSDT	5	2026-10-04 22:45:00	2026-10-04 22:50:00	1.5187	1.5191	1.5173	1.5173	333885.7	506889.74031	t	validated	bybit_api
bybit	linear	XRPUSDT	5	2026-10-04 22:50:00	2026-10-04 22:55:00	1.5173	1.5195	1.5161	1.5192	263147.9	399417.83162	t	validated	bybit_api
bybit	linear	XRPUSDT	5	2026-10-04 22:55:00	2026-10-04 23:00:00	1.5192	1.5199	1.5175	1.5182	211469.8	321189.30333	t	validated	bybit_api
bybit	linear	XRPUSDT	5	2026-10-04 23:00:00	2026-10-04 23:05:00	1.5182	1.5196	1.5168	1.5192	229207.8	348033.58784	t	validated	bybit_api
bybit	linear	XRPUSDT	5	2026-10-04 23:05:00	2026-10-04 23:10:00	1.5192	1.5196	1.5179	1.518	230870.3	350678.86114	t	validated	bybit_api
bybit	linear	XRPUSDT	5	2026-10-04 23:10:00	2026-10-04 23:15:00	1.518	1.5207	1.518	1.5196	452789.3	688150.29645	t	validated	bybit_api
bybit	linear	XRPUSDT	5	2026-10-04 23:15:00	2026-10-04 23:20:00	1.5196	1.5224	1.5184	1.5197	516048.1	784906.68067	t	validated	bybit_api
bybit	linear	XRPUSDT	5	2026-10-04 23:20:00	2026-10-04 23:25:00	1.5197	1.5213	1.5191	1.5197	406652.0	618192.80316	t	validated	bybit_api
bybit	linear	XRPUSDT	5	2026-10-04 23:25:00	2026-10-04 23:30:00	1.5197	1.5246	1.5197	1.5242	1275735.5	1942993.96659	t	validated	bybit_api
bybit	linear	XRPUSDT	5	2026-10-04 23:30:00	2026-10-04 23:35:00	1.5242	1.5265	1.522	1.5224	1467205.6	2236882.46938	t	validated	bybit_api
bybit	linear	XRPUSDT	5	2026-10-04 23:35:00	2026-10-04 23:40:00	1.5224	1.5227	1.5191	1.5205	737129.6	1120902.4419	t	validated	bybit_api
bybit	linear	XRPUSDT	5	2026-10-04 23:40:00	2026-10-04 23:45:00	1.5205	1.5224	1.5205	1.5219	497454.4	756909.84033	t	validated	bybit_api
bybit	linear	XRPUSDT	5	2026-10-04 23:45:00	2026-10-04 23:50:00	1.5219	1.5219	1.5201	1.5209	352381.0	535817.02316	t	validated	bybit_api
bybit	linear	XRPUSDT	5	2026-10-04 23:50:00	2026-10-04 23:55:00	1.5209	1.5213	1.5183	1.5196	899335.2	1366466.48437	t	validated	bybit_api
bybit	linear	XRPUSDT	5	2026-10-04 23:55:00	2026-10-05 00:00:00	1.5196	1.5203	1.5189	1.5201	531428.2	807605.122	t	validated	bybit_api
bybit	linear	XRPUSDT	5	2026-10-05 00:00:00	2026-10-05 00:05:00	1.5201	1.5201	1.5159	1.5174	2543123.9	3859148.21333	t	validated	bybit_api
bybit	linear	XRPUSDT	5	2026-10-05 00:05:00	2026-10-05 00:10:00	1.5174	1.5183	1.5168	1.5168	537285.9	815493.06673	t	validated	bybit_api
bybit	linear	XRPUSDT	5	2026-10-05 00:10:00	2026-10-05 00:15:00	1.5168	1.519	1.5163	1.5179	556120.3	843913.4537	t	validated	bybit_api
bybit	linear	XRPUSDT	5	2026-10-05 00:15:00	2026-10-05 00:20:00	1.5179	1.5195	1.5176	1.5194	658348.5	999567.67803	t	validated	bybit_api
bybit	linear	XRPUSDT	5	2026-10-05 00:20:00	2026-10-05 00:25:00	1.5194	1.5198	1.516	1.5162	568706.6	863355.36708	t	validated	bybit_api
bybit	linear	XRPUSDT	5	2026-10-05 00:25:00	2026-10-05 00:30:00	1.5162	1.5163	1.5133	1.5137	1068135.0	1617954.99246	t	validated	bybit_api
bybit	linear	XRPUSDT	5	2026-10-05 00:30:00	2026-10-05 00:35:00	1.5137	1.515	1.5123	1.514	1218036.6	1842813.44623	t	validated	bybit_api
bybit	linear	XRPUSDT	5	2026-10-05 00:35:00	2026-10-05 00:40:00	1.514	1.5157	1.5136	1.5157	525818.2	796416.80588	t	validated	bybit_api
bybit	linear	XRPUSDT	5	2026-10-05 00:40:00	2026-10-05 00:45:00	1.5157	1.5204	1.5157	1.5202	1003643.7	1524821.54336	t	validated	bybit_api
bybit	linear	XRPUSDT	5	2026-10-05 00:45:00	2026-10-05 00:50:00	1.5202	1.5236	1.5198	1.5232	760682.2	1157424.20425	t	validated	bybit_api
bybit	linear	XRPUSDT	5	2026-10-05 00:50:00	2026-10-05 00:55:00	1.5232	1.5247	1.5213	1.5216	963587.0	1467555.69327	t	validated	bybit_api
bybit	linear	XRPUSDT	5	2026-10-05 00:55:00	2026-10-05 01:00:00	1.5216	1.524	1.5213	1.5228	247313.5	376583.71287	t	validated	bybit_api
bybit	linear	XRPUSDT	5	2026-10-05 01:00:00	2026-10-05 01:05:00	1.5228	1.5228	1.5205	1.5222	451810.8	687403.79335	t	validated	bybit_api
bybit	linear	XRPUSDT	5	2026-10-05 01:05:00	2026-10-05 01:10:00	1.5222	1.5229	1.5205	1.5208	165929.4	252503.28219	t	validated	bybit_api
bybit	linear	XRPUSDT	5	2026-10-05 01:10:00	2026-10-05 01:15:00	1.5208	1.5255	1.5205	1.5252	1034866.8	1576670.37827	t	validated	bybit_api
bybit	linear	XRPUSDT	5	2026-10-05 01:15:00	2026-10-05 01:20:00	1.5252	1.5292	1.5246	1.5271	1983851.7	3029882.96561	t	validated	bybit_api
bybit	linear	XRPUSDT	5	2026-10-05 01:20:00	2026-10-05 01:25:00	1.5271	1.5297	1.5255	1.5282	985570.3	1505865.23553	t	validated	bybit_api
bybit	linear	XRPUSDT	5	2026-10-05 01:25:00	2026-10-05 01:30:00	1.5282	1.5314	1.5277	1.5283	1414954.5	2165032.92693	t	validated	bybit_api
bybit	linear	XRPUSDT	5	2026-10-05 01:30:00	2026-10-05 01:35:00	1.5283	1.5283	1.5212	1.5216	1731349.7	2638193.05644	t	validated	bybit_api
bybit	linear	XRPUSDT	5	2026-10-05 01:35:00	2026-10-05 01:40:00	1.5216	1.5227	1.5206	1.5227	402405.0	612326.92022	t	validated	bybit_api
bybit	linear	XRPUSDT	5	2026-10-05 01:40:00	2026-10-05 01:45:00	1.5227	1.5239	1.5216	1.5219	227622.8	346586.41472	t	validated	bybit_api
bybit	linear	XRPUSDT	5	2026-10-05 01:45:00	2026-10-05 01:50:00	1.5219	1.5239	1.5219	1.523	165754.1	252415.74415	t	validated	bybit_api
bybit	linear	XRPUSDT	5	2026-10-05 01:50:00	2026-10-05 01:55:00	1.523	1.5234	1.5194	1.5195	698850.9	1062854.18378	t	validated	bybit_api
bybit	linear	XRPUSDT	5	2026-10-05 01:55:00	2026-10-05 02:00:00	1.5195	1.5206	1.5193	1.5204	199692.5	303533.38403	t	validated	bybit_api
bybit	linear	XRPUSDT	5	2026-10-05 02:00:00	2026-10-05 02:05:00	1.5204	1.5231	1.5202	1.5218	497690.0	757228.06179	t	validated	bybit_api
bybit	linear	XRPUSDT	5	2026-10-05 02:05:00	2026-10-05 02:10:00	1.5218	1.5248	1.5218	1.5247	467428.9	712259.65247	t	validated	bybit_api
bybit	linear	XRPUSDT	5	2026-10-05 02:10:00	2026-10-05 02:15:00	1.5247	1.5268	1.5247	1.5263	701284.7	1069939.11529	t	validated	bybit_api
bybit	linear	XRPUSDT	5	2026-10-05 02:15:00	2026-10-05 02:20:00	1.5263	1.5289	1.524	1.5247	463835.6	708448.77704	t	validated	bybit_api
bybit	linear	XRPUSDT	5	2026-10-05 02:20:00	2026-10-05 02:25:00	1.5247	1.5254	1.523	1.5239	434842.5	662738.91839	t	validated	bybit_api
bybit	linear	XRPUSDT	5	2026-10-05 02:25:00	2026-10-05 02:30:00	1.5239	1.5252	1.5217	1.5218	209780.6	319598.566	t	validated	bybit_api
bybit	linear	XRPUSDT	5	2026-10-05 02:30:00	2026-10-05 02:35:00	1.5218	1.522	1.5201	1.521	449717.6	684046.52979	t	validated	bybit_api
bybit	linear	XRPUSDT	5	2026-10-05 02:35:00	2026-10-05 02:40:00	1.521	1.5239	1.5204	1.523	495529.0	754468.24126	t	validated	bybit_api
bybit	linear	XRPUSDT	5	2026-10-05 02:40:00	2026-10-05 02:45:00	1.523	1.5249	1.522	1.5231	236905.9	360923.95205	t	validated	bybit_api
bybit	linear	XRPUSDT	5	2026-10-05 02:45:00	2026-10-05 02:50:00	1.5231	1.5244	1.5206	1.5207	404430.0	615856.11722	t	validated	bybit_api
bybit	linear	XRPUSDT	5	2026-10-05 02:50:00	2026-10-05 02:55:00	1.5207	1.5215	1.5202	1.5211	378659.8	575886.77163	t	validated	bybit_api
bybit	linear	XRPUSDT	5	2026-10-05 02:55:00	2026-10-05 03:00:00	1.5211	1.5211	1.5185	1.5188	644425.0	979256.07964	t	validated	bybit_api
bybit	linear	XRPUSDT	5	2026-10-05 03:00:00	2026-10-05 03:05:00	1.5188	1.5188	1.516	1.5163	747555.2	1134492.36115	t	validated	bybit_api
bybit	linear	XRPUSDT	5	2026-10-05 03:05:00	2026-10-05 03:10:00	1.5163	1.5169	1.5156	1.5166	985732.2	1494704.1	t	validated	bybit_api
bybit	linear	XRPUSDT	5	2026-10-05 03:10:00	2026-10-05 03:15:00	1.5166	1.5195	1.5164	1.5192	791694.0	1201937.65153	t	validated	bybit_api
bybit	linear	XRPUSDT	5	2026-10-05 03:15:00	2026-10-05 03:20:00	1.5192	1.5194	1.5168	1.5169	587407.9	891585.23815	t	validated	bybit_api
bybit	linear	XRPUSDT	5	2026-10-05 03:20:00	2026-10-05 03:25:00	1.5169	1.5169	1.5116	1.5155	2262702.4	3425260.86201	t	validated	bybit_api
bybit	linear	XRPUSDT	5	2026-10-05 03:25:00	2026-10-05 03:30:00	1.5155	1.5171	1.5155	1.5171	626617.6	950215.92212	t	validated	bybit_api
bybit	linear	XRPUSDT	5	2026-10-05 03:30:00	2026-10-05 03:35:00	1.5171	1.5172	1.5159	1.5166	323806.5	491079.14988	t	validated	bybit_api
bybit	linear	XRPUSDT	5	2026-10-05 03:35:00	2026-10-05 03:40:00	1.5166	1.5166	1.5122	1.5155	1254329.7	1899364.96985	t	validated	bybit_api
bybit	linear	XRPUSDT	5	2026-10-05 03:40:00	2026-10-05 03:45:00	1.5155	1.5163	1.5137	1.5138	404322.2	612625.11235	t	validated	bybit_api
bybit	linear	XRPUSDT	5	2026-10-05 03:45:00	2026-10-05 03:50:00	1.5138	1.515	1.5133	1.5135	305675.6	462867.94296	t	validated	bybit_api
bybit	linear	XRPUSDT	5	2026-10-05 03:50:00	2026-10-05 03:55:00	1.5135	1.5136	1.5117	1.5123	503858.3	762018.69983	t	validated	bybit_api
bybit	linear	XRPUSDT	5	2026-10-05 03:55:00	2026-10-05 04:00:00	1.5123	1.513	1.5088	1.5113	1957386.4	2956954.99038	t	validated	bybit_api
bybit	linear	XRPUSDT	5	2026-10-05 04:00:00	2026-10-05 04:05:00	1.5113	1.512	1.5092	1.51	1076441.5	1625770.58013	t	validated	bybit_api
bybit	linear	XRPUSDT	5	2026-10-05 04:05:00	2026-10-05 04:10:00	1.51	1.5122	1.5085	1.511	788338.3	1190479.7529	t	validated	bybit_api
bybit	linear	XRPUSDT	5	2026-10-05 04:10:00	2026-10-05 04:15:00	1.511	1.5115	1.5094	1.5109	401459.3	606462.77084	t	validated	bybit_api
bybit	linear	XRPUSDT	5	2026-10-05 04:15:00	2026-10-05 04:20:00	1.5109	1.5114	1.507	1.5079	1087663.8	1641187.50904	t	validated	bybit_api
bybit	linear	XRPUSDT	5	2026-10-05 04:20:00	2026-10-05 04:25:00	1.5079	1.5097	1.5036	1.5097	2520748.0	3795914.01968	t	validated	bybit_api
bybit	linear	XRPUSDT	5	2026-10-05 04:25:00	2026-10-05 04:30:00	1.5097	1.5124	1.5067	1.5076	1392464.5	2102018.6888	t	validated	bybit_api
bybit	linear	XRPUSDT	5	2026-10-05 04:30:00	2026-10-05 04:35:00	1.5076	1.5083	1.4991	1.5018	4744583.7	7125052.59369	t	validated	bybit_api
bybit	linear	XRPUSDT	5	2026-10-05 04:35:00	2026-10-05 04:40:00	1.5018	1.5023	1.4984	1.5003	1835368.9	2753998.49326	t	validated	bybit_api
bybit	linear	XRPUSDT	5	2026-10-05 04:40:00	2026-10-05 04:45:00	1.5003	1.504	1.4996	1.5036	1010403.0	1517427.97866	t	validated	bybit_api
bybit	linear	XRPUSDT	5	2026-10-05 04:45:00	2026-10-05 04:50:00	1.5036	1.5076	1.5033	1.5058	929635.0	1399898.02905	t	validated	bybit_api
bybit	linear	XRPUSDT	5	2026-10-05 04:50:00	2026-10-05 04:55:00	1.5058	1.5059	1.502	1.5028	732731.1	1101503.53838	t	validated	bybit_api
bybit	linear	XRPUSDT	5	2026-10-05 04:55:00	2026-10-05 05:00:00	1.5028	1.5048	1.5028	1.5036	463438.9	696940.35832	t	validated	bybit_api
bybit	linear	XRPUSDT	5	2026-10-05 05:00:00	2026-10-05 05:05:00	1.5036	1.5037	1.5009	1.5026	256428.1	385165.06911	t	validated	bybit_api
bybit	linear	ZROUSDT	5	2026-10-03 19:20:00	2026-10-03 19:25:00	2.0969	2.0971	2.073	2.0782	145241.0	302882.41408	t	validated	bybit_api
bybit	linear	ZROUSDT	5	2026-10-03 19:25:00	2026-10-03 19:30:00	2.0782	2.0901	2.0767	2.0857	72825.0	151695.41151	t	validated	bybit_api
bybit	linear	ZROUSDT	5	2026-10-03 19:30:00	2026-10-03 19:35:00	2.0857	2.0981	2.0828	2.0836	83259.2	173921.08129	t	validated	bybit_api
bybit	linear	ZROUSDT	5	2026-10-03 19:35:00	2026-10-03 19:40:00	2.0836	2.0936	2.0785	2.0803	75201.0	156763.48312	t	validated	bybit_api
bybit	linear	ZROUSDT	5	2026-10-03 19:40:00	2026-10-03 19:45:00	2.0803	2.0991	2.0702	2.0821	159657.8	332545.75582	t	validated	bybit_api
bybit	linear	ZROUSDT	5	2026-10-03 19:45:00	2026-10-03 19:50:00	2.0821	2.0951	2.0784	2.0798	39121.5	81623.71208	t	validated	bybit_api
bybit	linear	ZROUSDT	5	2026-10-03 19:50:00	2026-10-03 19:55:00	2.0798	2.0835	2.0632	2.0662	104190.5	215751.38028	t	validated	bybit_api
bybit	linear	ZROUSDT	5	2026-10-03 19:55:00	2026-10-03 20:00:00	2.0662	2.0687	2.0549	2.0554	42470.9	87633.91715	t	validated	bybit_api
bybit	linear	ZROUSDT	5	2026-10-03 20:00:00	2026-10-03 20:05:00	2.0554	2.0701	2.0538	2.0588	45221.7	93265.4478	t	validated	bybit_api
bybit	linear	ZROUSDT	5	2026-10-03 20:05:00	2026-10-03 20:10:00	2.0588	2.0627	2.041	2.052	171245.4	350971.70751	t	validated	bybit_api
bybit	linear	ZROUSDT	5	2026-10-03 20:10:00	2026-10-03 20:15:00	2.052	2.0668	2.0511	2.0527	43650.8	89805.17353	t	validated	bybit_api
bybit	linear	ZROUSDT	5	2026-10-03 20:15:00	2026-10-03 20:20:00	2.0527	2.0592	2.0492	2.0554	62078.0	127403.76892	t	validated	bybit_api
bybit	linear	ZROUSDT	5	2026-10-03 20:20:00	2026-10-03 20:25:00	2.0554	2.0577	2.0276	2.0462	118530.3	241993.94503	t	validated	bybit_api
bybit	linear	ZROUSDT	5	2026-10-03 20:25:00	2026-10-03 20:30:00	2.0462	2.0554	2.0302	2.0319	84358.8	171913.09836	t	validated	bybit_api
bybit	linear	ZROUSDT	5	2026-10-03 20:30:00	2026-10-03 20:35:00	2.0319	2.0464	2.0307	2.0423	56430.4	115010.16744	t	validated	bybit_api
bybit	linear	ZROUSDT	5	2026-10-03 20:35:00	2026-10-03 20:40:00	2.0423	2.0481	2.0327	2.0358	47320.8	96521.07587	t	validated	bybit_api
bybit	linear	ZROUSDT	5	2026-10-03 20:40:00	2026-10-03 20:45:00	2.0358	2.0397	2.0297	2.0313	60349.7	122793.38956	t	validated	bybit_api
bybit	linear	ZROUSDT	5	2026-10-03 20:45:00	2026-10-03 20:50:00	2.0313	2.0462	2.0313	2.0347	43789.7	89274.5813	t	validated	bybit_api
bybit	linear	ZROUSDT	5	2026-10-03 20:50:00	2026-10-03 20:55:00	2.0347	2.0427	2.03	2.0412	16607.6	33805.68391	t	validated	bybit_api
bybit	linear	ZROUSDT	5	2026-10-03 20:55:00	2026-10-03 21:00:00	2.0412	2.0523	2.0384	2.0392	52080.9	106556.52044	t	validated	bybit_api
bybit	linear	ZROUSDT	5	2026-10-03 21:00:00	2026-10-03 21:05:00	2.0392	2.0433	2.0311	2.0316	27800.0	56645.968	t	validated	bybit_api
bybit	linear	ZROUSDT	5	2026-10-03 21:05:00	2026-10-03 21:10:00	2.0316	2.0383	2.023	2.0271	73764.3	149637.45564	t	validated	bybit_api
bybit	linear	ZROUSDT	5	2026-10-03 21:10:00	2026-10-03 21:15:00	2.0271	2.0321	2.0174	2.0187	67575.4	136781.31232	t	validated	bybit_api
bybit	linear	ZROUSDT	5	2026-10-03 21:15:00	2026-10-03 21:20:00	2.0187	2.0342	2.012	2.0297	99810.9	201893.59589	t	validated	bybit_api
bybit	linear	ZROUSDT	5	2026-10-03 21:20:00	2026-10-03 21:25:00	2.0297	2.0297	2.0198	2.0213	38756.8	78515.13757	t	validated	bybit_api
bybit	linear	ZROUSDT	5	2026-10-03 21:25:00	2026-10-03 21:30:00	2.0213	2.031	2.02	2.031	41699.2	84487.70359	t	validated	bybit_api
bybit	linear	ZROUSDT	5	2026-10-03 21:30:00	2026-10-03 21:35:00	2.031	2.0416	2.0267	2.0325	59693.5	121433.97347	t	validated	bybit_api
bybit	linear	ZROUSDT	5	2026-10-03 21:35:00	2026-10-03 21:40:00	2.0325	2.0339	2.0176	2.0192	28521.9	57732.18096	t	validated	bybit_api
bybit	linear	ZROUSDT	5	2026-10-03 21:40:00	2026-10-03 21:45:00	2.0192	2.0232	2.0055	2.0137	85192.4	171494.23613	t	validated	bybit_api
bybit	linear	ZROUSDT	5	2026-10-03 21:45:00	2026-10-03 21:50:00	2.0137	2.0213	2.0137	2.0203	20552.4	41505.69241	t	validated	bybit_api
bybit	linear	ZROUSDT	5	2026-10-03 21:50:00	2026-10-03 21:55:00	2.0203	2.0262	2.0183	2.024	12204.0	24693.53474	t	validated	bybit_api
bybit	linear	ZROUSDT	5	2026-10-03 21:55:00	2026-10-03 22:00:00	2.024	2.0325	2.0208	2.0213	92388.4	187129.40995	t	validated	bybit_api
bybit	linear	ZROUSDT	5	2026-10-03 22:00:00	2026-10-03 22:05:00	2.0213	2.0219	2.0061	2.013	58166.6	117035.21946	t	validated	bybit_api
bybit	linear	ZROUSDT	5	2026-10-03 22:05:00	2026-10-03 22:10:00	2.013	2.0298	2.0103	2.0223	36883.1	74539.48191	t	validated	bybit_api
bybit	linear	ZROUSDT	5	2026-10-03 22:10:00	2026-10-03 22:15:00	2.0223	2.0294	2.0162	2.0229	56607.8	114492.12056	t	validated	bybit_api
bybit	linear	ZROUSDT	5	2026-10-03 22:15:00	2026-10-03 22:20:00	2.0229	2.0297	2.0146	2.0259	81443.1	164542.0461	t	validated	bybit_api
bybit	linear	ZROUSDT	5	2026-10-03 22:20:00	2026-10-03 22:25:00	2.0259	2.0582	2.0186	2.0356	110312.4	224995.67781	t	validated	bybit_api
bybit	linear	ZROUSDT	5	2026-10-03 22:25:00	2026-10-03 22:30:00	2.0356	2.0404	2.0279	2.0359	53880.8	109575.15534	t	validated	bybit_api
bybit	linear	ZROUSDT	5	2026-10-03 22:30:00	2026-10-03 22:35:00	2.0359	2.0507	2.032	2.0377	64359.3	131219.91893	t	validated	bybit_api
bybit	linear	ZROUSDT	5	2026-10-03 22:35:00	2026-10-03 22:40:00	2.0377	2.0478	2.0311	2.0338	118970.2	242494.3929	t	validated	bybit_api
bybit	linear	ZROUSDT	5	2026-10-03 22:40:00	2026-10-03 22:45:00	2.0338	2.0411	2.0305	2.0341	26287.8	53480.92487	t	validated	bybit_api
bybit	linear	ZROUSDT	5	2026-10-03 22:45:00	2026-10-03 22:50:00	2.0341	2.0391	2.0204	2.0204	30396.6	61637.88328	t	validated	bybit_api
bybit	linear	ZROUSDT	5	2026-10-03 22:50:00	2026-10-03 22:55:00	2.0204	2.0206	2.0103	2.0145	42813.8	86285.83178	t	validated	bybit_api
bybit	linear	ZROUSDT	5	2026-10-03 22:55:00	2026-10-03 23:00:00	2.0145	2.0184	2.0059	2.0068	25654.2	51670.2915	t	validated	bybit_api
bybit	linear	ZROUSDT	5	2026-10-03 23:00:00	2026-10-03 23:05:00	2.0068	2.0201	1.9733	2.0061	340226.8	680301.32649	t	validated	bybit_api
bybit	linear	ZROUSDT	5	2026-10-03 23:05:00	2026-10-03 23:10:00	2.0061	2.0076	1.993	2.0005	76586.0	153220.96454	t	validated	bybit_api
bybit	linear	ZROUSDT	5	2026-10-03 23:10:00	2026-10-03 23:15:00	2.0005	2.0107	2.0004	2.01	53274.8	106866.74646	t	validated	bybit_api
bybit	linear	ZROUSDT	5	2026-10-03 23:15:00	2026-10-03 23:20:00	2.01	2.0156	2.0059	2.0086	58015.7	116633.16494	t	validated	bybit_api
bybit	linear	ZROUSDT	5	2026-10-03 23:20:00	2026-10-03 23:25:00	2.0086	2.0171	2.0053	2.0096	50658.7	101920.7895	t	validated	bybit_api
bybit	linear	ZROUSDT	5	2026-10-03 23:25:00	2026-10-03 23:30:00	2.0096	2.0151	2.0079	2.0128	18457.9	37112.90635	t	validated	bybit_api
bybit	linear	ZROUSDT	5	2026-10-03 23:30:00	2026-10-03 23:35:00	2.0128	2.0166	2.0034	2.0034	35040.5	70532.59286	t	validated	bybit_api
bybit	linear	ZROUSDT	5	2026-10-05 22:55:00	2026-10-05 23:00:00	2.1072	2.1141	2.1071	2.1136	22270.9	47016.57484	t	validated	bybit_api
bybit	linear	ZROUSDT	5	2026-10-05 23:00:00	2026-10-05 23:05:00	2.1136	2.1187	2.11	2.1169	39428.5	83420.30903	t	validated	bybit_api
bybit	linear	ZROUSDT	5	2026-10-05 23:05:00	2026-10-05 23:10:00	2.1169	2.1193	2.1138	2.1166	25065.6	53074.38074	t	validated	bybit_api
bybit	linear	ZROUSDT	5	2026-10-05 23:10:00	2026-10-05 23:15:00	2.1166	2.1215	2.1079	2.1113	52612.7	111332.16146	t	validated	bybit_api
bybit	linear	ZROUSDT	5	2026-10-05 23:15:00	2026-10-05 23:20:00	2.1113	2.1125	2.1073	2.1105	17278.6	36453.74868	t	validated	bybit_api
bybit	linear	ZROUSDT	5	2026-10-05 23:20:00	2026-10-05 23:25:00	2.1105	2.1115	2.1069	2.1091	19616.7	41365.7895	t	validated	bybit_api
bybit	linear	ZROUSDT	5	2026-10-05 23:25:00	2026-10-05 23:30:00	2.1091	2.1213	2.109	2.1202	17872.0	37811.41414	t	validated	bybit_api
bybit	linear	ZROUSDT	5	2026-10-05 23:30:00	2026-10-05 23:35:00	2.1202	2.1225	2.1106	2.1149	30190.8	63892.23368	t	validated	bybit_api
bybit	linear	ZROUSDT	5	2026-10-05 23:35:00	2026-10-05 23:40:00	2.1149	2.119	2.1116	2.1141	17193.7	36367.92378	t	validated	bybit_api
bybit	linear	ZROUSDT	5	2026-10-05 23:40:00	2026-10-05 23:45:00	2.1141	2.1301	2.1138	2.1282	72552.3	154152.25715	t	validated	bybit_api
bybit	linear	ZROUSDT	5	2026-10-05 23:45:00	2026-10-05 23:50:00	2.1282	2.1298	2.1196	2.12	33453.7	71121.82031	t	validated	bybit_api
bybit	linear	ZROUSDT	5	2026-10-05 23:50:00	2026-10-05 23:55:00	2.12	2.1533	2.12	2.1474	153395.1	328780.02817	t	validated	bybit_api
bybit	linear	ZROUSDT	5	2026-10-05 23:55:00	2026-10-06 00:00:00	2.1474	2.176	2.1471	2.1659	171349.7	370459.30324	t	validated	bybit_api
bybit	linear	ZROUSDT	5	2026-10-06 00:00:00	2026-10-06 00:05:00	2.1659	2.1822	2.1558	2.1755	191156.6	414719.89499	t	validated	bybit_api
bybit	linear	ZROUSDT	5	2026-10-06 00:05:00	2026-10-06 00:10:00	2.1755	2.1885	2.1572	2.1794	144061.3	313047.35128	t	validated	bybit_api
bybit	linear	ZROUSDT	5	2026-10-06 00:10:00	2026-10-06 00:15:00	2.1794	2.1818	2.1547	2.1567	74461.8	161421.70944	t	validated	bybit_api
bybit	linear	ZROUSDT	5	2026-10-06 00:15:00	2026-10-06 00:20:00	2.1567	2.1592	2.1079	2.1203	182509.0	388490.10731	t	validated	bybit_api
bybit	linear	ZROUSDT	5	2026-10-06 00:20:00	2026-10-06 00:25:00	2.1203	2.1353	2.1163	2.1298	40066.3	85178.54673	t	validated	bybit_api
bybit	linear	ZROUSDT	5	2026-10-06 00:25:00	2026-10-06 00:30:00	2.1298	2.135	2.1247	2.1328	14578.6	31046.90949	t	validated	bybit_api
bybit	linear	ZROUSDT	5	2026-10-06 00:30:00	2026-10-06 00:35:00	2.1328	2.1451	2.1281	2.1344	51545.7	110091.66024	t	validated	bybit_api
bybit	linear	ZROUSDT	5	2026-10-06 00:35:00	2026-10-06 00:40:00	2.1344	2.1363	2.1	2.1006	84581.5	179151.9673	t	validated	bybit_api
bybit	linear	ZROUSDT	5	2026-10-06 00:40:00	2026-10-06 00:45:00	2.1006	2.1026	2.0761	2.0834	133830.6	279550.58619	t	validated	bybit_api
bybit	linear	ZROUSDT	5	2026-10-06 00:45:00	2026-10-06 00:50:00	2.0834	2.0899	2.0751	2.0759	54750.4	113893.39657	t	validated	bybit_api
bybit	linear	ZROUSDT	5	2026-10-06 00:50:00	2026-10-06 00:55:00	2.0759	2.0833	2.0715	2.0783	98547.0	204825.95435	t	validated	bybit_api
bybit	linear	ZROUSDT	5	2026-10-06 00:55:00	2026-10-06 01:00:00	2.0783	2.0804	2.0633	2.0649	144076.2	298183.36524	t	validated	bybit_api
bybit	linear	ZROUSDT	5	2026-10-06 01:00:00	2026-10-06 01:05:00	2.0649	2.0756	2.0482	2.05	138943.3	286300.00617	t	validated	bybit_api
bybit	linear	ZROUSDT	5	2026-10-06 01:05:00	2026-10-06 01:10:00	2.05	2.0621	2.0421	2.0495	89445.5	183424.43464	t	validated	bybit_api
bybit	linear	ZROUSDT	5	2026-10-06 01:10:00	2026-10-06 01:15:00	2.0495	2.0637	2.0422	2.0619	44950.2	92182.25938	t	validated	bybit_api
bybit	linear	ZROUSDT	5	2026-10-06 01:15:00	2026-10-06 01:20:00	2.0619	2.0666	2.056	2.0634	37352.1	76925.95893	t	validated	bybit_api
bybit	linear	ZROUSDT	5	2026-10-06 01:20:00	2026-10-06 01:25:00	2.0634	2.0852	2.0583	2.0759	288005.7	597268.16606	t	validated	bybit_api
bybit	linear	ZROUSDT	5	2026-10-06 01:25:00	2026-10-06 01:30:00	2.0759	2.0877	2.0741	2.0857	115980.9	241576.30356	t	validated	bybit_api
bybit	linear	ZROUSDT	5	2026-10-06 01:30:00	2026-10-06 01:35:00	2.0857	2.0916	2.0803	2.0854	63849.0	133131.05651	t	validated	bybit_api
bybit	linear	ZROUSDT	5	2026-10-06 01:35:00	2026-10-06 01:40:00	2.0854	2.1001	2.0845	2.097	111044.6	232679.913	t	validated	bybit_api
bybit	linear	ZROUSDT	5	2026-10-06 01:40:00	2026-10-06 01:45:00	2.097	2.0989	2.0911	2.092	34011.7	71242.01261	t	validated	bybit_api
bybit	linear	ZROUSDT	5	2026-10-06 01:45:00	2026-10-06 01:50:00	2.092	2.1027	2.0916	2.1008	24763.2	51905.12972	t	validated	bybit_api
bybit	linear	ZROUSDT	5	2026-10-06 01:50:00	2026-10-06 01:55:00	2.1008	2.1031	2.0966	2.1001	41542.8	87262.13772	t	validated	bybit_api
bybit	linear	ZROUSDT	5	2026-10-06 01:55:00	2026-10-06 02:00:00	2.1001	2.1053	2.0986	2.103	31944.6	67173.16139	t	validated	bybit_api
bybit	linear	ZROUSDT	5	2026-10-06 02:00:00	2026-10-06 02:05:00	2.103	2.1061	2.09	2.0992	77494.9	162561.10654	t	validated	bybit_api
bybit	linear	ZROUSDT	5	2026-10-06 02:05:00	2026-10-06 02:10:00	2.0992	2.1089	2.0919	2.1034	83445.9	175336.45673	t	validated	bybit_api
bybit	linear	ZROUSDT	5	2026-10-06 02:10:00	2026-10-06 02:15:00	2.1034	2.1063	2.0913	2.1004	36328.0	76280.81515	t	validated	bybit_api
bybit	linear	ZROUSDT	5	2026-10-06 02:15:00	2026-10-06 02:20:00	2.1004	2.1104	2.1001	2.1063	82466.1	173686.80669	t	validated	bybit_api
bybit	linear	ZROUSDT	5	2026-10-06 02:20:00	2026-10-06 02:25:00	2.1063	2.1245	2.1059	2.1156	99295.7	210211.77666	t	validated	bybit_api
bybit	linear	ZROUSDT	5	2026-10-06 02:25:00	2026-10-06 02:30:00	2.1156	2.1319	2.1135	2.1227	56406.8	119921.95715	t	validated	bybit_api
bybit	linear	ZROUSDT	5	2026-10-06 02:30:00	2026-10-06 02:35:00	2.1227	2.1347	2.119	2.1219	34247.4	72799.91172	t	validated	bybit_api
bybit	linear	ZROUSDT	5	2026-10-06 02:35:00	2026-10-06 02:40:00	2.1219	2.1276	2.1187	2.1209	42032.2	89246.05288	t	validated	bybit_api
bybit	linear	ZROUSDT	5	2026-10-06 02:40:00	2026-10-06 02:45:00	2.1209	2.1482	2.12	2.1286	118749.1	253653.76671	t	validated	bybit_api
bybit	linear	ZROUSDT	5	2026-10-06 02:45:00	2026-10-06 02:50:00	2.1286	2.1295	2.1098	2.1201	61351.5	130021.81928	t	validated	bybit_api
bybit	linear	ZROUSDT	5	2026-10-06 02:50:00	2026-10-06 02:55:00	2.1201	2.1276	2.1176	2.1244	29403.7	62428.78514	t	validated	bybit_api
bybit	linear	ZROUSDT	5	2026-10-06 02:55:00	2026-10-06 03:00:00	2.1244	2.1423	2.1217	2.1409	50401.4	107358.8608	t	validated	bybit_api
bybit	linear	ZROUSDT	5	2026-10-06 03:00:00	2026-10-06 03:05:00	2.1409	2.1557	2.1318	2.1443	99498.0	213213.00703	t	validated	bybit_api
bybit	linear	ZROUSDT	5	2026-10-06 03:05:00	2026-10-06 03:10:00	2.1443	2.1556	2.1326	2.1381	45911.9	98327.6567	t	validated	bybit_api
bybit	linear	ZROUSDT	5	2026-10-06 03:10:00	2026-10-06 03:15:00	2.1381	2.1463	2.1367	2.1434	24285.2	52004.38648	t	validated	bybit_api
bybit	linear	ZROUSDT	5	2026-10-06 03:15:00	2026-10-06 03:20:00	2.1434	2.1549	2.1396	2.1514	43069.3	92472.74609	t	validated	bybit_api
bybit	linear	ZROUSDT	5	2026-10-06 03:20:00	2026-10-06 03:25:00	2.1514	2.1521	2.1282	2.1363	47717.5	102163.5268	t	validated	bybit_api
