ME_SHORT_GEOM_A_V1	1220981	7202	KLACUSDT	SHORT	2026-10-04 23:05:35.90772+00	2026-10-04 23:05:35.956415+00	207.9	208.3158	206.62391913208575	207.9	208.3158	206.62391913208575	28.88	t	variant=ME_SHORT_GEOM_A_V1	TREND_UP	{"rr_ratio": 0.7192241308412758, "body_ratio": 0.0, "volume_ratio": 0.0, "_actual_regime": "TREND_UP", "_shadow_control": true, "_rejection_stage": "regime_filter", "_required_regime": "TREND_UP", "rsi_confirmation": 0.6729713663311448, "stop_distance_atr": 0.5365376117964348, "exhaustion_magnitude": 0.14229897255318205, "_shadow_control_reason": "oos_experiment_baseline", "_regime_counterfactual_oos": true}	{}
ME_SHORT_GEOM_B_V1	1220981	7203	KLACUSDT	SHORT	2026-10-04 23:05:35.90772+00	2026-10-04 23:05:35.956415+00	207.9	208.3158	206.62391913208575	207.9	209.45925	206.62391913208575	28.88	t	variant=ME_SHORT_GEOM_B_V1	TREND_UP	{"rr_ratio": 0.7192241308412758, "body_ratio": 0.0, "volume_ratio": 0.0, "_actual_regime": "TREND_UP", "_shadow_control": true, "_rejection_stage": "regime_filter", "_required_regime": "TREND_UP", "rsi_confirmation": 0.6729713663311448, "stop_distance_atr": 0.5365376117964348, "exhaustion_magnitude": 0.14229897255318205, "_shadow_control_reason": "oos_experiment_baseline", "_regime_counterfactual_oos": true}	{}
ME_SHORT_GEOM_A_V1	3193469	442	CRVUSDT	SHORT	2026-09-29 13:31:58.770355+00	2026-09-29 13:31:58.801293+00	0.4033	0.4041066	0.3774268549488101	0.4033	0.4041066	0.3774268549488101	36.04	t	variant=ME_SHORT_GEOM_A_V1	HIGH_VOLATILITY	{"rr_ratio": 0.9543115788371471, "body_ratio": 0.3421052631578986, "volume_ratio": 0.25931617431964316, "_shadow_control": true, "rsi_confirmation": 0.2910827472221172, "stop_distance_atr": 0.6507080698533398, "exhaustion_magnitude": 0.2491901320707702, "_shadow_control_reason": "oos_experiment_baseline"}	{}
ME_SHORT_GEOM_B_V1	3193469	443	CRVUSDT	SHORT	2026-09-29 13:31:58.770355+00	2026-09-29 13:31:58.801293+00	0.4033	0.4041066	0.3774268549488101	0.4033	0.40632475	0.3774268549488101	36.04	t	variant=ME_SHORT_GEOM_B_V1	HIGH_VOLATILITY	{"rr_ratio": 0.9543115788371471, "body_ratio": 0.3421052631578986, "volume_ratio": 0.25931617431964316, "_shadow_control": true, "rsi_confirmation": 0.2910827472221172, "stop_distance_atr": 0.6507080698533398, "exhaustion_magnitude": 0.2491901320707702, "_shadow_control_reason": "oos_experiment_baseline"}	{}
ME_SHORT_GEOM_A_V1	7331094	7763	ADAUSDT	SHORT	2026-10-05 10:57:22.934473+00	2026-10-05 10:57:22.985849+00	0.275	0.27555	0.2658994105151104	0.275	0.27555	0.2658994105151104	42.05	t	variant=ME_SHORT_GEOM_A_V1	HIGH_VOLATILITY	{"rr_ratio": 1.0, "body_ratio": 1.0, "volume_ratio": 0.22783782890918622, "_shadow_control": true, "rsi_confirmation": 0.8907474114522435, "stop_distance_atr": 0.8647152645067437, "exhaustion_magnitude": 0.18248175182481766, "_shadow_control_reason": "oos_experiment_baseline"}	{}
ME_SHORT_GEOM_B_V1	7331094	7764	ADAUSDT	SHORT	2026-10-05 10:57:22.934473+00	2026-10-05 10:57:22.985849+00	0.275	0.27555	0.2658994105151104	0.275	0.27706250000000004	0.2658994105151104	42.05	t	variant=ME_SHORT_GEOM_B_V1	HIGH_VOLATILITY	{"rr_ratio": 1.0, "body_ratio": 1.0, "volume_ratio": 0.22783782890918622, "_shadow_control": true, "rsi_confirmation": 0.8907474114522435, "stop_distance_atr": 0.8647152645067437, "exhaustion_magnitude": 0.18248175182481766, "_shadow_control_reason": "oos_experiment_baseline"}	{}
ME_SHORT_GEOM_A_V1	10118757	4287	SPCXUSDT	SHORT	2026-10-02 17:22:11.748039+00	2026-10-02 17:22:11.779596+00	158.07	158.38613999999998	155.34078652156452	158.07	158.38613999999998	155.34078652156452	35.55	t	variant=ME_SHORT_GEOM_A_V1	HIGH_VOLATILITY	{"rr_ratio": 0.8807191293465851, "body_ratio": 0.4000000000001894, "volume_ratio": 0.20737841349503958, "_shadow_control": true, "rsi_confirmation": 1.0, "stop_distance_atr": 0.6215214110534459, "exhaustion_magnitude": 0.053831538948697744, "_shadow_control_reason": "oos_experiment_baseline"}	{}
ME_SHORT_GEOM_B_V1	10118757	4288	SPCXUSDT	SHORT	2026-10-02 17:22:11.748039+00	2026-10-02 17:22:11.779596+00	158.07	158.38613999999998	155.34078652156452	158.07	159.255525	155.34078652156452	35.55	t	variant=ME_SHORT_GEOM_B_V1	HIGH_VOLATILITY	{"rr_ratio": 0.8807191293465851, "body_ratio": 0.4000000000001894, "volume_ratio": 0.20737841349503958, "_shadow_control": true, "rsi_confirmation": 1.0, "stop_distance_atr": 0.6215214110534459, "exhaustion_magnitude": 0.053831538948697744, "_shadow_control_reason": "oos_experiment_baseline"}	{}
ME_SHORT_GEOM_A_V1	11745997	2735	MOVRUSDT	SHORT	2026-10-01 16:04:01.136496+00	2026-10-01 16:04:01.167209+00	2.959	2.964918	2.3519143749317446	2.959	2.964918	2.3519143749317446	39.76	t	variant=ME_SHORT_GEOM_A_V1	HIGH_VOLATILITY	{"rr_ratio": 1.0, "body_ratio": 0.9384615384615383, "volume_ratio": 0.30950875020996993, "_shadow_control": true, "rsi_confirmation": 0.06047117933689303, "stop_distance_atr": 0.8522371764079698, "exhaustion_magnitude": 0.15254237288135417, "_shadow_control_reason": "oos_experiment_baseline"}	{}
ME_SHORT_GEOM_B_V1	11745997	2736	MOVRUSDT	SHORT	2026-10-01 16:04:01.136496+00	2026-10-01 16:04:01.167209+00	2.959	2.964918	2.3519143749317446	2.959	2.9811925	2.3519143749317446	39.76	t	variant=ME_SHORT_GEOM_B_V1	HIGH_VOLATILITY	{"rr_ratio": 1.0, "body_ratio": 0.9384615384615383, "volume_ratio": 0.30950875020996993, "_shadow_control": true, "rsi_confirmation": 0.06047117933689303, "stop_distance_atr": 0.8522371764079698, "exhaustion_magnitude": 0.15254237288135417, "_shadow_control_reason": "oos_experiment_baseline"}	{}
ME_SHORT_GEOM_A_V1	29621705	7243	DOGEUSDT	SHORT	2026-10-04 23:35:23.773007+00	2026-10-04 23:35:23.810222+00	0.09651	0.09670302	0.0946728679477028	0.09651	0.09670302	0.0946728679477028	29.77	t	variant=ME_SHORT_GEOM_A_V1	RANGE	{"rr_ratio": 0.6431425992021367, "body_ratio": 1.0, "volume_ratio": 0.005325599481907041, "_shadow_control": true, "rsi_confirmation": 0.48600404649480233, "stop_distance_atr": 0.48171162391224553, "exhaustion_magnitude": 0.16112266112266357, "_shadow_control_reason": "oos_experiment_baseline"}	{}
ME_SHORT_GEOM_B_V1	29621705	7244	DOGEUSDT	SHORT	2026-10-04 23:35:23.773007+00	2026-10-04 23:35:23.810222+00	0.09651	0.09670302	0.0946728679477028	0.09651	0.097233825	0.0946728679477028	29.77	t	variant=ME_SHORT_GEOM_B_V1	RANGE	{"rr_ratio": 0.6431425992021367, "body_ratio": 1.0, "volume_ratio": 0.005325599481907041, "_shadow_control": true, "rsi_confirmation": 0.48600404649480233, "stop_distance_atr": 0.48171162391224553, "exhaustion_magnitude": 0.16112266112266357, "_shadow_control_reason": "oos_experiment_baseline"}	{}
ME_SHORT_GEOM_A_V1	30155485	6600	XRPUSDT	SHORT	2026-10-04 15:23:59.670227+00	2026-10-04 15:23:59.721601+00	1.5094	1.5124188	1.4933672648413239	1.5094	1.5124188	1.4933672648413239	36.21	t	variant=ME_SHORT_GEOM_A_V1	RANGE	{"rr_ratio": 0.6560278743002856, "body_ratio": 0.5999999999999873, "volume_ratio": 1.0, "_shadow_control": true, "rsi_confirmation": 0.19649861428043966, "stop_distance_atr": 0.4918915088953161, "exhaustion_magnitude": 0.21290751829674595, "_shadow_control_reason": "oos_experiment_baseline"}	{}
ME_SHORT_GEOM_B_V1	30155485	6601	XRPUSDT	SHORT	2026-10-04 15:23:59.670227+00	2026-10-04 15:23:59.721601+00	1.5094	1.5124188	1.4933672648413239	1.5094	1.5207205000000001	1.4933672648413239	36.21	t	variant=ME_SHORT_GEOM_B_V1	RANGE	{"rr_ratio": 0.6560278743002856, "body_ratio": 0.5999999999999873, "volume_ratio": 1.0, "_shadow_control": true, "rsi_confirmation": 0.19649861428043966, "stop_distance_atr": 0.4918915088953161, "exhaustion_magnitude": 0.21290751829674595, "_shadow_control_reason": "oos_experiment_baseline"}	{}
ME_SHORT_GEOM_A_V1	30815878	5739	USELESSUSDT	SHORT	2026-10-04 02:42:25.231573+00	2026-10-04 02:42:25.265234+00	0.24405	0.24453809999999998	0.23232203850045655	0.24405	0.24453809999999998	0.23232203850045655	34.76	t	variant=ME_SHORT_GEOM_A_V1	HIGH_VOLATILITY	{"rr_ratio": 1.0, "body_ratio": 0.4897959183673365, "volume_ratio": 0.05021530459644018, "_shadow_control": true, "rsi_confirmation": 0.019669451559799236, "stop_distance_atr": 0.7403474946648829, "exhaustion_magnitude": 0.08619628124614702, "_shadow_control_reason": "oos_experiment_baseline"}	{}
ME_SHORT_GEOM_B_V1	30815878	5740	USELESSUSDT	SHORT	2026-10-04 02:42:25.231573+00	2026-10-04 02:42:25.265234+00	0.24405	0.24453809999999998	0.23232203850045655	0.24405	0.24588037499999998	0.23232203850045655	34.76	t	variant=ME_SHORT_GEOM_B_V1	HIGH_VOLATILITY	{"rr_ratio": 1.0, "body_ratio": 0.4897959183673365, "volume_ratio": 0.05021530459644018, "_shadow_control": true, "rsi_confirmation": 0.019669451559799236, "stop_distance_atr": 0.7403474946648829, "exhaustion_magnitude": 0.08619628124614702, "_shadow_control_reason": "oos_experiment_baseline"}	{}
ME_SHORT_GEOM_A_V1	36914932	7656	VIRTUALUSDT	SHORT	2026-10-05 08:47:16.21272+00	2026-10-05 08:47:16.260259+00	0.8852	0.8869703999999999	0.8484980224222387	0.8852	0.8869703999999999	0.8484980224222387	38.71	t	variant=ME_SHORT_GEOM_A_V1	HIGH_VOLATILITY	{"rr_ratio": 0.8250824293539978, "body_ratio": 0.4230769230769318, "volume_ratio": 0.7300137525393589, "_shadow_control": true, "rsi_confirmation": 0.6635691424852884, "stop_distance_atr": 0.5959999613683225, "exhaustion_magnitude": 0.25547859657090655, "_shadow_control_reason": "oos_experiment_baseline"}	{}
ME_SHORT_GEOM_B_V1	36914932	7657	VIRTUALUSDT	SHORT	2026-10-05 08:47:16.21272+00	2026-10-05 08:47:16.260259+00	0.8852	0.8869703999999999	0.8484980224222387	0.8852	0.8918389999999999	0.8484980224222387	38.71	t	variant=ME_SHORT_GEOM_B_V1	HIGH_VOLATILITY	{"rr_ratio": 0.8250824293539978, "body_ratio": 0.4230769230769318, "volume_ratio": 0.7300137525393589, "_shadow_control": true, "rsi_confirmation": 0.6635691424852884, "stop_distance_atr": 0.5959999613683225, "exhaustion_magnitude": 0.25547859657090655, "_shadow_control_reason": "oos_experiment_baseline"}	{}
ME_SHORT_GEOM_A_V1	38198155	4313	SPCXUSDT	SHORT	2026-10-02 17:47:16.552262+00	2026-10-02 17:47:16.589048+00	157.94	158.25588	155.58935795013593	157.94	158.25588	155.58935795013593	39.61	t	variant=ME_SHORT_GEOM_A_V1	HIGH_VOLATILITY	{"rr_ratio": 1.0, "body_ratio": 0.875, "volume_ratio": 0.09576356495894991, "_shadow_control": true, "rsi_confirmation": 1.0, "stop_distance_atr": 0.8152171732394736, "exhaustion_magnitude": 0.01266624445851553, "_shadow_control_reason": "oos_experiment_baseline"}	{}
ME_SHORT_GEOM_B_V1	38198155	4314	SPCXUSDT	SHORT	2026-10-02 17:47:16.552262+00	2026-10-02 17:47:16.589048+00	157.94	158.25588	155.58935795013593	157.94	159.12455	155.58935795013593	39.61	t	variant=ME_SHORT_GEOM_B_V1	HIGH_VOLATILITY	{"rr_ratio": 1.0, "body_ratio": 0.875, "volume_ratio": 0.09576356495894991, "_shadow_control": true, "rsi_confirmation": 1.0, "stop_distance_atr": 0.8152171732394736, "exhaustion_magnitude": 0.01266624445851553, "_shadow_control_reason": "oos_experiment_baseline"}	{}
ME_SHORT_GEOM_A_V1	42851826	5876	STRKUSDT	SHORT	2026-10-04 05:12:32.504818+00	2026-10-04 05:12:32.557335+00	0.05368	0.05378736	0.04987472008550948	0.05368	0.05378736	0.04987472008550948	39.06	t	variant=ME_SHORT_GEOM_A_V1	HIGH_VOLATILITY	{"rr_ratio": 1.0, "body_ratio": 0.8695652173912912, "volume_ratio": 0.1984138199963692, "_shadow_control": true, "rsi_confirmation": 0.28594802163686, "stop_distance_atr": 0.816245517561976, "exhaustion_magnitude": 0.1682242990654202, "_shadow_control_reason": "oos_experiment_baseline"}	{}
ME_SHORT_GEOM_B_V1	42851826	5877	STRKUSDT	SHORT	2026-10-04 05:12:32.504818+00	2026-10-04 05:12:32.557335+00	0.05368	0.05378736	0.04987472008550948	0.05368	0.0540826	0.04987472008550948	39.06	t	variant=ME_SHORT_GEOM_B_V1	HIGH_VOLATILITY	{"rr_ratio": 1.0, "body_ratio": 0.8695652173912912, "volume_ratio": 0.1984138199963692, "_shadow_control": true, "rsi_confirmation": 0.28594802163686, "stop_distance_atr": 0.816245517561976, "exhaustion_magnitude": 0.1682242990654202, "_shadow_control_reason": "oos_experiment_baseline"}	{}
ME_SHORT_GEOM_A_V1	44377738	6990	HYPEUSDT	SHORT	2026-10-04 21:24:57.867957+00	2026-10-04 21:24:57.906792+00	90.94	91.12188	89.93406278889599	90.94	91.12188	89.93406278889599	39.58	t	variant=ME_SHORT_GEOM_A_V1	TREND_UP	{"rr_ratio": 1.0, "body_ratio": 0.9199999999999591, "volume_ratio": 0.3358182363322699, "_actual_regime": "TREND_UP", "_shadow_control": true, "_rejection_stage": "regime_filter", "_required_regime": "TREND_UP", "rsi_confirmation": 0.3692120247622616, "stop_distance_atr": 0.7442959245490419, "exhaustion_magnitude": 0.11572798412873016, "_shadow_control_reason": "oos_experiment_baseline", "_regime_counterfactual_oos": true}	{}
ME_SHORT_GEOM_B_V1	44377738	6991	HYPEUSDT	SHORT	2026-10-04 21:24:57.867957+00	2026-10-04 21:24:57.906792+00	90.94	91.12188	89.93406278889599	90.94	91.62205	89.93406278889599	39.58	t	variant=ME_SHORT_GEOM_B_V1	TREND_UP	{"rr_ratio": 1.0, "body_ratio": 0.9199999999999591, "volume_ratio": 0.3358182363322699, "_actual_regime": "TREND_UP", "_shadow_control": true, "_rejection_stage": "regime_filter", "_required_regime": "TREND_UP", "rsi_confirmation": 0.3692120247622616, "stop_distance_atr": 0.7442959245490419, "exhaustion_magnitude": 0.11572798412873016, "_shadow_control_reason": "oos_experiment_baseline", "_regime_counterfactual_oos": true}	{}
ME_SHORT_GEOM_A_V1	45418879	6591	SOLUSDT	SHORT	2026-10-04 15:18:57.640551+00	2026-10-04 15:18:57.697609+00	122.13	122.37425999999999	120.78866276786762	122.13	122.37425999999999	120.78866276786762	35.63	t	variant=ME_SHORT_GEOM_A_V1	TREND_UP	{"rr_ratio": 0.8301686494756337, "body_ratio": 0.5000000000000507, "volume_ratio": 0.400084208250297, "_actual_regime": "TREND_UP", "_shadow_control": true, "_rejection_stage": "regime_filter", "_required_regime": "TREND_UP", "rsi_confirmation": 0.6033551898990226, "stop_distance_atr": 0.5984751609882182, "exhaustion_magnitude": 0.1354679802955658, "_shadow_control_reason": "oos_experiment_baseline", "_regime_counterfactual_oos": true}	{}
ME_SHORT_GEOM_B_V1	45418879	6592	SOLUSDT	SHORT	2026-10-04 15:18:57.640551+00	2026-10-04 15:18:57.697609+00	122.13	122.37425999999999	120.78866276786762	122.13	123.045975	120.78866276786762	35.63	t	variant=ME_SHORT_GEOM_B_V1	TREND_UP	{"rr_ratio": 0.8301686494756337, "body_ratio": 0.5000000000000507, "volume_ratio": 0.400084208250297, "_actual_regime": "TREND_UP", "_shadow_control": true, "_rejection_stage": "regime_filter", "_required_regime": "TREND_UP", "rsi_confirmation": 0.6033551898990226, "stop_distance_atr": 0.5984751609882182, "exhaustion_magnitude": 0.1354679802955658, "_shadow_control_reason": "oos_experiment_baseline", "_regime_counterfactual_oos": true}	{}
ME_SHORT_GEOM_A_V1	49225332	8974	AVAXUSDT	SHORT	2026-10-06 09:00:50.227753+00	2026-10-06 09:00:50.27029+00	11.406	11.428812	11.092139557185863	11.406	11.428812	11.092139557185863	29.68	t	variant=ME_SHORT_GEOM_A_V1	TREND_UP	{"rr_ratio": 0.6192364185146263, "body_ratio": 0.8000000000000711, "volume_ratio": 0.03266302564795338, "_actual_regime": "TREND_UP", "_shadow_control": true, "_rejection_stage": "regime_filter", "_required_regime": "TREND_UP", "rsi_confirmation": 0.24224899882727963, "stop_distance_atr": 0.46170263349028096, "exhaustion_magnitude": 0.47796070100903054, "_shadow_control_reason": "oos_experiment_baseline", "_regime_counterfactual_oos": true}	{}
ME_SHORT_GEOM_B_V1	49225332	8975	AVAXUSDT	SHORT	2026-10-06 09:00:50.227753+00	2026-10-06 09:00:50.27029+00	11.406	11.428812	11.092139557185863	11.406	11.491545	11.092139557185863	29.68	t	variant=ME_SHORT_GEOM_B_V1	TREND_UP	{"rr_ratio": 0.6192364185146263, "body_ratio": 0.8000000000000711, "volume_ratio": 0.03266302564795338, "_actual_regime": "TREND_UP", "_shadow_control": true, "_rejection_stage": "regime_filter", "_required_regime": "TREND_UP", "rsi_confirmation": 0.24224899882727963, "stop_distance_atr": 0.46170263349028096, "exhaustion_magnitude": 0.47796070100903054, "_shadow_control_reason": "oos_experiment_baseline", "_regime_counterfactual_oos": true}	{}
ME_SHORT_GEOM_A_V1	52046485	4130	MSTRUSDT	SHORT	2026-10-02 13:51:48.353673+00	2026-10-02 13:51:48.382343+00	170.22	170.56044	162.5940179103509	170.22	170.56044	162.5940179103509	25.75	t	variant=ME_SHORT_GEOM_A_V1	TREND_UP	{"rr_ratio": 0.3747099975513177, "body_ratio": 0.44162436548223605, "volume_ratio": 0.16350090290045005, "_actual_regime": "TREND_UP", "_shadow_control": true, "_rejection_stage": "regime_filter", "_required_regime": "TREND_UP", "rsi_confirmation": 0.4636189689253219, "stop_distance_atr": 0.11042316588395196, "exhaustion_magnitude": 1.0, "_shadow_control_reason": "oos_experiment_baseline", "_regime_counterfactual_oos": true}	{}
ME_SHORT_GEOM_B_V1	52046485	4131	MSTRUSDT	SHORT	2026-10-02 13:51:48.353673+00	2026-10-02 13:51:48.382343+00	170.22	170.56044	162.5940179103509	170.22	171.49665	162.5940179103509	25.75	t	variant=ME_SHORT_GEOM_B_V1	TREND_UP	{"rr_ratio": 0.3747099975513177, "body_ratio": 0.44162436548223605, "volume_ratio": 0.16350090290045005, "_actual_regime": "TREND_UP", "_shadow_control": true, "_rejection_stage": "regime_filter", "_required_regime": "TREND_UP", "rsi_confirmation": 0.4636189689253219, "stop_distance_atr": 0.11042316588395196, "exhaustion_magnitude": 1.0, "_shadow_control_reason": "oos_experiment_baseline", "_regime_counterfactual_oos": true}	{}
ME_SHORT_GEOM_A_V1	61928418	4476	SANDUSDT	SHORT	2026-10-02 23:22:55.874395+00	2026-10-02 23:22:55.909004+00	0.06607	0.06620214	0.05910865473613907	0.06607	0.06620214	0.05910865473613907	40.89	t	variant=ME_SHORT_GEOM_A_V1	HIGH_VOLATILITY	{"rr_ratio": 1.0, "body_ratio": 0.6666666666666576, "volume_ratio": 0.2568481471048029, "_shadow_control": true, "rsi_confirmation": 0.1774789815806249, "stop_distance_atr": 0.9122665681925142, "exhaustion_magnitude": 0.4351145038167947, "_shadow_control_reason": "oos_experiment_baseline"}	{}
ME_SHORT_GEOM_B_V1	61928418	4477	SANDUSDT	SHORT	2026-10-02 23:22:55.874395+00	2026-10-02 23:22:55.909004+00	0.06607	0.06620214	0.05910865473613907	0.06607	0.066565525	0.05910865473613907	40.89	t	variant=ME_SHORT_GEOM_B_V1	HIGH_VOLATILITY	{"rr_ratio": 1.0, "body_ratio": 0.6666666666666576, "volume_ratio": 0.2568481471048029, "_shadow_control": true, "rsi_confirmation": 0.1774789815806249, "stop_distance_atr": 0.9122665681925142, "exhaustion_magnitude": 0.4351145038167947, "_shadow_control_reason": "oos_experiment_baseline"}	{}
ME_SHORT_GEOM_A_V1	67693347	9228	AVAXUSDT	SHORT	2026-10-06 14:01:46.122424+00	2026-10-06 14:01:46.169239+00	11.439	11.461878	11.155045865981423	11.439	11.461878	11.155045865981423	36.47	t	variant=ME_SHORT_GEOM_A_V1	TREND_UP	{"rr_ratio": 1.0, "body_ratio": 0.6551724137931099, "volume_ratio": 0.09481360630486808, "_actual_regime": "TREND_UP", "_shadow_control": true, "_rejection_stage": "regime_filter", "_required_regime": "TREND_UP", "rsi_confirmation": 0.03343101424678518, "stop_distance_atr": 0.7917812986020086, "exhaustion_magnitude": 0.1446607048921597, "_shadow_control_reason": "oos_experiment_baseline", "_regime_counterfactual_oos": true}	{}
ME_SHORT_GEOM_B_V1	67693347	9229	AVAXUSDT	SHORT	2026-10-06 14:01:46.122424+00	2026-10-06 14:01:46.169239+00	11.439	11.461878	11.155045865981423	11.439	11.5247925	11.155045865981423	36.47	t	variant=ME_SHORT_GEOM_B_V1	TREND_UP	{"rr_ratio": 1.0, "body_ratio": 0.6551724137931099, "volume_ratio": 0.09481360630486808, "_actual_regime": "TREND_UP", "_shadow_control": true, "_rejection_stage": "regime_filter", "_required_regime": "TREND_UP", "rsi_confirmation": 0.03343101424678518, "stop_distance_atr": 0.7917812986020086, "exhaustion_magnitude": 0.1446607048921597, "_shadow_control_reason": "oos_experiment_baseline", "_regime_counterfactual_oos": true}	{}
ME_SHORT_GEOM_A_V1	70510450	2727	MOVRUSDT	SHORT	2026-10-01 15:59:02.289871+00	2026-10-01 15:59:02.328795+00	2.959	2.964918	2.328830864627229	2.959	2.964918	2.328830864627229	38.42	t	variant=ME_SHORT_GEOM_A_V1	HIGH_VOLATILITY	{"rr_ratio": 1.0, "body_ratio": 0.5113636363636377, "volume_ratio": 0.2664524178887052, "_shadow_control": true, "rsi_confirmation": 0.08117162276218627, "stop_distance_atr": 0.8745189792552559, "exhaustion_magnitude": 0.15254237288135417, "_shadow_control_reason": "oos_experiment_baseline"}	{}
ME_SHORT_GEOM_B_V1	70510450	2728	MOVRUSDT	SHORT	2026-10-01 15:59:02.289871+00	2026-10-01 15:59:02.328795+00	2.959	2.964918	2.328830864627229	2.959	2.9811925	2.328830864627229	38.42	t	variant=ME_SHORT_GEOM_B_V1	HIGH_VOLATILITY	{"rr_ratio": 1.0, "body_ratio": 0.5113636363636377, "volume_ratio": 0.2664524178887052, "_shadow_control": true, "rsi_confirmation": 0.08117162276218627, "stop_distance_atr": 0.8745189792552559, "exhaustion_magnitude": 0.15254237288135417, "_shadow_control_reason": "oos_experiment_baseline"}	{}
ME_SHORT_GEOM_A_V1	70887891	7298	HBARUSDT	SHORT	2026-10-05 00:45:51.726105+00	2026-10-05 00:45:51.78886+00	0.10425	0.1044585	0.10259992334206762	0.10425	0.1044585	0.10259992334206762	36.06	t	variant=ME_SHORT_GEOM_A_V1	RANGE	{"rr_ratio": 1.0, "body_ratio": 0.49999999999965306, "volume_ratio": 0.013936181071138079, "_shadow_control": true, "rsi_confirmation": 0.13775977599263267, "stop_distance_atr": 0.8527847439611975, "exhaustion_magnitude": 0.10092272202998936, "_shadow_control_reason": "oos_experiment_baseline"}	{}
ME_SHORT_GEOM_B_V1	70887891	7299	HBARUSDT	SHORT	2026-10-05 00:45:51.726105+00	2026-10-05 00:45:51.78886+00	0.10425	0.1044585	0.10259992334206762	0.10425	0.105031875	0.10259992334206762	36.06	t	variant=ME_SHORT_GEOM_B_V1	RANGE	{"rr_ratio": 1.0, "body_ratio": 0.49999999999965306, "volume_ratio": 0.013936181071138079, "_shadow_control": true, "rsi_confirmation": 0.13775977599263267, "stop_distance_atr": 0.8527847439611975, "exhaustion_magnitude": 0.10092272202998936, "_shadow_control_reason": "oos_experiment_baseline"}	{}
ME_SHORT_GEOM_A_V1	71213028	6891	XRPUSDT	SHORT	2026-10-04 20:04:40.982843+00	2026-10-04 20:04:41.004939+00	1.5077	1.5107154	1.494218090011411	1.5077	1.5107154	1.494218090011411	40.41	t	variant=ME_SHORT_GEOM_A_V1	RANGE	{"rr_ratio": 0.8581350831700275, "body_ratio": 0.9642857142857171, "volume_ratio": 1.0, "_shadow_control": true, "rsi_confirmation": 0.032346003676614526, "stop_distance_atr": 0.6115607672139822, "exhaustion_magnitude": 0.0863729984718602, "_shadow_control_reason": "oos_experiment_baseline"}	{}
ME_SHORT_GEOM_B_V1	71213028	6892	XRPUSDT	SHORT	2026-10-04 20:04:40.982843+00	2026-10-04 20:04:41.004939+00	1.5077	1.5107154	1.494218090011411	1.5077	1.51900775	1.494218090011411	40.41	t	variant=ME_SHORT_GEOM_B_V1	RANGE	{"rr_ratio": 0.8581350831700275, "body_ratio": 0.9642857142857171, "volume_ratio": 1.0, "_shadow_control": true, "rsi_confirmation": 0.032346003676614526, "stop_distance_atr": 0.6115607672139822, "exhaustion_magnitude": 0.0863729984718602, "_shadow_control_reason": "oos_experiment_baseline"}	{}
ME_SHORT_GEOM_A_V1	72576594	7419	FARTCOINUSDT	SHORT	2026-10-05 03:41:21.61963+00	2026-10-05 03:41:21.676735+00	0.18634	0.18671268000000002	0.18090212016992538	0.18634	0.18671268000000002	0.18090212016992538	41.74	t	variant=ME_SHORT_GEOM_A_V1	RANGE	{"rr_ratio": 1.0, "body_ratio": 0.5443037974683629, "volume_ratio": 0.6189230867790529, "_shadow_control": true, "rsi_confirmation": 0.2661888059310883, "stop_distance_atr": 0.7787501917669235, "exhaustion_magnitude": 0.3132087698455541, "_shadow_control_reason": "oos_experiment_baseline"}	{}
ME_SHORT_GEOM_B_V1	72576594	7420	FARTCOINUSDT	SHORT	2026-10-05 03:41:21.61963+00	2026-10-05 03:41:21.676735+00	0.18634	0.18671268000000002	0.18090212016992538	0.18634	0.18773755	0.18090212016992538	41.74	t	variant=ME_SHORT_GEOM_B_V1	RANGE	{"rr_ratio": 1.0, "body_ratio": 0.5443037974683629, "volume_ratio": 0.6189230867790529, "_shadow_control": true, "rsi_confirmation": 0.2661888059310883, "stop_distance_atr": 0.7787501917669235, "exhaustion_magnitude": 0.3132087698455541, "_shadow_control_reason": "oos_experiment_baseline"}	{}
ME_SHORT_GEOM_A_V1	72628163	475	CRVUSDT	SHORT	2026-09-29 13:52:01.599687+00	2026-09-29 13:52:01.637477+00	0.4031	0.4039062	0.3798268549488102	0.4031	0.4039062	0.3798268549488102	37.02	t	variant=ME_SHORT_GEOM_A_V1	HIGH_VOLATILITY	{"rr_ratio": 1.0, "body_ratio": 0.5, "volume_ratio": 0.05775646810433653, "_shadow_control": true, "rsi_confirmation": 0.3720441748511926, "stop_distance_atr": 0.7822197738977869, "exhaustion_magnitude": 0.224271118863696, "_shadow_control_reason": "oos_experiment_baseline"}	{}
ME_SHORT_GEOM_B_V1	72628163	476	CRVUSDT	SHORT	2026-09-29 13:52:01.599687+00	2026-09-29 13:52:01.637477+00	0.4031	0.4039062	0.3798268549488102	0.4031	0.40612325	0.3798268549488102	37.02	t	variant=ME_SHORT_GEOM_B_V1	HIGH_VOLATILITY	{"rr_ratio": 1.0, "body_ratio": 0.5, "volume_ratio": 0.05775646810433653, "_shadow_control": true, "rsi_confirmation": 0.3720441748511926, "stop_distance_atr": 0.7822197738977869, "exhaustion_magnitude": 0.224271118863696, "_shadow_control_reason": "oos_experiment_baseline"}	{}
ME_SHORT_GEOM_A_V1	74632606	5889	STRKUSDT	SHORT	2026-10-04 05:22:34.839226+00	2026-10-04 05:22:34.858001+00	0.05368	0.05378736	0.04922329151408091	0.05368	0.05378736	0.04922329151408091	36.41	t	variant=ME_SHORT_GEOM_A_V1	HIGH_VOLATILITY	{"rr_ratio": 0.9811722327593553, "body_ratio": 0.8823529411764754, "volume_ratio": 0.180826003825469, "_shadow_control": true, "rsi_confirmation": 0.05074003223086739, "stop_distance_atr": 0.6602703152372152, "exhaustion_magnitude": 0.1682242990654202, "_shadow_control_reason": "oos_experiment_baseline"}	{}
ME_SHORT_GEOM_B_V1	74632606	5890	STRKUSDT	SHORT	2026-10-04 05:22:34.839226+00	2026-10-04 05:22:34.858001+00	0.05368	0.05378736	0.04922329151408091	0.05368	0.0540826	0.04922329151408091	36.41	t	variant=ME_SHORT_GEOM_B_V1	HIGH_VOLATILITY	{"rr_ratio": 0.9811722327593553, "body_ratio": 0.8823529411764754, "volume_ratio": 0.180826003825469, "_shadow_control": true, "rsi_confirmation": 0.05074003223086739, "stop_distance_atr": 0.6602703152372152, "exhaustion_magnitude": 0.1682242990654202, "_shadow_control_reason": "oos_experiment_baseline"}	{}
ME_SHORT_GEOM_A_V1	86582476	8906	ORCAUSDT	SHORT	2026-10-06 08:05:48.331583+00	2026-10-06 08:05:48.367015+00	2.515	2.52003	2.257454225823062	2.515	2.52003	2.257454225823062	37.17	t	variant=ME_SHORT_GEOM_A_V1	HIGH_VOLATILITY	{"rr_ratio": 1.0, "body_ratio": 0.7523809523809575, "volume_ratio": 0.19258680140403742, "_shadow_control": true, "rsi_confirmation": 0.26019308667422936, "stop_distance_atr": 0.7016995769354406, "exhaustion_magnitude": 0.11557468515862125, "_shadow_control_reason": "oos_experiment_baseline"}	{}
ME_SHORT_GEOM_B_V1	86582476	8907	ORCAUSDT	SHORT	2026-10-06 08:05:48.331583+00	2026-10-06 08:05:48.367015+00	2.515	2.52003	2.257454225823062	2.515	2.5338625	2.257454225823062	37.17	t	variant=ME_SHORT_GEOM_B_V1	HIGH_VOLATILITY	{"rr_ratio": 1.0, "body_ratio": 0.7523809523809575, "volume_ratio": 0.19258680140403742, "_shadow_control": true, "rsi_confirmation": 0.26019308667422936, "stop_distance_atr": 0.7016995769354406, "exhaustion_magnitude": 0.11557468515862125, "_shadow_control_reason": "oos_experiment_baseline"}	{}
ME_SHORT_GEOM_A_V1	100541769	5654	STRKUSDT	SHORT	2026-10-04 01:52:02.803956+00	2026-10-04 01:52:02.832216+00	0.05474	0.05484948	0.04968407776437167	0.05474	0.05484948	0.04968407776437167	37.49	t	variant=ME_SHORT_GEOM_A_V1	HIGH_VOLATILITY	{"rr_ratio": 0.7105112390224644, "body_ratio": 0.5595238095238071, "volume_ratio": 0.4041053939829357, "_shadow_control": true, "rsi_confirmation": 0.5366203432007277, "stop_distance_atr": 0.5308542426549928, "exhaustion_magnitude": 1.0, "_shadow_control_reason": "oos_experiment_baseline"}	{}
ME_SHORT_GEOM_B_V1	100541769	5655	STRKUSDT	SHORT	2026-10-04 01:52:02.803956+00	2026-10-04 01:52:02.832216+00	0.05474	0.05484948	0.04968407776437167	0.05474	0.05515055	0.04968407776437167	37.49	t	variant=ME_SHORT_GEOM_B_V1	HIGH_VOLATILITY	{"rr_ratio": 0.7105112390224644, "body_ratio": 0.5595238095238071, "volume_ratio": 0.4041053939829357, "_shadow_control": true, "rsi_confirmation": 0.5366203432007277, "stop_distance_atr": 0.5308542426549928, "exhaustion_magnitude": 1.0, "_shadow_control_reason": "oos_experiment_baseline"}	{}
ME_SHORT_GEOM_A_V1	104048125	9234	SPCXUSDT	SHORT	2026-10-06 14:06:43.063309+00	2026-10-06 14:06:43.100735+00	176.33	176.68266000000003	171.53485424843325	176.33	176.68266000000003	171.53485424843325	22.5	t	variant=ME_SHORT_GEOM_A_V1	TREND_UP	{"rr_ratio": 0.3310728411233268, "body_ratio": 0.7599999999999909, "volume_ratio": 0.05392812285054152, "_actual_regime": "TREND_UP", "_shadow_control": true, "_rejection_stage": "regime_filter", "_required_regime": "TREND_UP", "rsi_confirmation": 0.39012086179753375, "stop_distance_atr": 0.0, "exhaustion_magnitude": 0.7307670176650038, "_shadow_control_reason": "oos_experiment_baseline", "_regime_counterfactual_oos": true}	{}
ME_SHORT_GEOM_B_V1	104048125	9235	SPCXUSDT	SHORT	2026-10-06 14:06:43.063309+00	2026-10-06 14:06:43.100735+00	176.33	176.68266000000003	171.53485424843325	176.33	177.652475	171.53485424843325	22.5	t	variant=ME_SHORT_GEOM_B_V1	TREND_UP	{"rr_ratio": 0.3310728411233268, "body_ratio": 0.7599999999999909, "volume_ratio": 0.05392812285054152, "_actual_regime": "TREND_UP", "_shadow_control": true, "_rejection_stage": "regime_filter", "_required_regime": "TREND_UP", "rsi_confirmation": 0.39012086179753375, "stop_distance_atr": 0.0, "exhaustion_magnitude": 0.7307670176650038, "_shadow_control_reason": "oos_experiment_baseline", "_regime_counterfactual_oos": true}	{}
ME_SHORT_GEOM_A_V1	111814041	410	CRVUSDT	SHORT	2026-09-29 12:46:54.591621+00	2026-09-29 12:46:54.614252+00	0.4018	0.4026036	0.37358276747000846	0.4018	0.4026036	0.37358276747000846	29.62	t	variant=ME_SHORT_GEOM_A_V1	HIGH_VOLATILITY	{"rr_ratio": 0.7410825495724506, "body_ratio": 0.5, "volume_ratio": 0.08589975973747963, "_shadow_control": true, "rsi_confirmation": 0.166779216998061, "stop_distance_atr": 0.550207553091566, "exhaustion_magnitude": 0.06229753301769255, "_shadow_control_reason": "oos_experiment_baseline"}	{}
ME_SHORT_GEOM_B_V1	111814041	411	CRVUSDT	SHORT	2026-09-29 12:46:54.591621+00	2026-09-29 12:46:54.614252+00	0.4018	0.4026036	0.37358276747000846	0.4018	0.4048135	0.37358276747000846	29.62	t	variant=ME_SHORT_GEOM_B_V1	HIGH_VOLATILITY	{"rr_ratio": 0.7410825495724506, "body_ratio": 0.5, "volume_ratio": 0.08589975973747963, "_shadow_control": true, "rsi_confirmation": 0.166779216998061, "stop_distance_atr": 0.550207553091566, "exhaustion_magnitude": 0.06229753301769255, "_shadow_control_reason": "oos_experiment_baseline"}	{}
ME_SHORT_GEOM_A_V1	121743575	6939	HYPEUSDT	SHORT	2026-10-04 20:59:51.333766+00	2026-10-04 20:59:51.3673+00	90.8	90.9816	89.74437528815992	90.8	90.9816	89.74437528815992	37.87	t	variant=ME_SHORT_GEOM_A_V1	TREND_UP	{"rr_ratio": 1.0, "body_ratio": 0.6000000000000568, "volume_ratio": 0.39698828184390517, "_actual_regime": "TREND_UP", "_shadow_control": true, "_rejection_stage": "regime_filter", "_required_regime": "TREND_UP", "rsi_confirmation": 0.2165595408419345, "stop_distance_atr": 0.7053236521502603, "exhaustion_magnitude": 0.03857599470957411, "_shadow_control_reason": "oos_experiment_baseline", "_regime_counterfactual_oos": true}	{}
ME_SHORT_GEOM_B_V1	121743575	6940	HYPEUSDT	SHORT	2026-10-04 20:59:51.333766+00	2026-10-04 20:59:51.3673+00	90.8	90.9816	89.74437528815992	90.8	91.481	89.74437528815992	37.87	t	variant=ME_SHORT_GEOM_B_V1	TREND_UP	{"rr_ratio": 1.0, "body_ratio": 0.6000000000000568, "volume_ratio": 0.39698828184390517, "_actual_regime": "TREND_UP", "_shadow_control": true, "_rejection_stage": "regime_filter", "_required_regime": "TREND_UP", "rsi_confirmation": 0.2165595408419345, "stop_distance_atr": 0.7053236521502603, "exhaustion_magnitude": 0.03857599470957411, "_shadow_control_reason": "oos_experiment_baseline", "_regime_counterfactual_oos": true}	{}
ME_SHORT_GEOM_A_V1	131836195	7144	KLACUSDT	SHORT	2026-10-04 22:15:23.360697+00	2026-10-04 22:15:23.409773+00	208.0	208.416	206.20158329878862	208.0	208.416	206.20158329878862	22.87	t	variant=ME_SHORT_GEOM_A_V1	TREND_UP	{"rr_ratio": 0.40040314818137057, "body_ratio": 1.0, "volume_ratio": 0.014228799089356857, "_actual_regime": "TREND_UP", "_shadow_control": true, "_rejection_stage": "regime_filter", "_required_regime": "TREND_UP", "rsi_confirmation": 0.4140475237746623, "stop_distance_atr": 0.16750571306111162, "exhaustion_magnitude": 0.1664174424774487, "_shadow_control_reason": "oos_experiment_baseline", "_regime_counterfactual_oos": true}	{}
ME_SHORT_GEOM_B_V1	131836195	7145	KLACUSDT	SHORT	2026-10-04 22:15:23.360697+00	2026-10-04 22:15:23.409773+00	208.0	208.416	206.20158329878862	208.0	209.56	206.20158329878862	22.87	t	variant=ME_SHORT_GEOM_B_V1	TREND_UP	{"rr_ratio": 0.40040314818137057, "body_ratio": 1.0, "volume_ratio": 0.014228799089356857, "_actual_regime": "TREND_UP", "_shadow_control": true, "_rejection_stage": "regime_filter", "_required_regime": "TREND_UP", "rsi_confirmation": 0.4140475237746623, "stop_distance_atr": 0.16750571306111162, "exhaustion_magnitude": 0.1664174424774487, "_shadow_control_reason": "oos_experiment_baseline", "_regime_counterfactual_oos": true}	{}
ME_SHORT_GEOM_A_V1	135077417	6304	NEARUSDT	SHORT	2026-10-04 11:38:31.063926+00	2026-10-04 11:38:31.094833+00	4.938	4.947876	4.75010479803316	4.938	4.947876	4.75010479803316	34.24	t	variant=ME_SHORT_GEOM_A_V1	RANGE	{"rr_ratio": 0.8257449068549142, "body_ratio": 0.35000000000001996, "volume_ratio": 0.370765240510052, "_shadow_control": true, "rsi_confirmation": 0.06393559530844944, "stop_distance_atr": 0.5963240819699038, "exhaustion_magnitude": 0.3363914373088631, "_shadow_control_reason": "oos_experiment_baseline"}	{}
ME_SHORT_GEOM_B_V1	135077417	6305	NEARUSDT	SHORT	2026-10-04 11:38:31.063926+00	2026-10-04 11:38:31.094833+00	4.938	4.947876	4.75010479803316	4.938	4.975035	4.75010479803316	34.24	t	variant=ME_SHORT_GEOM_B_V1	RANGE	{"rr_ratio": 0.8257449068549142, "body_ratio": 0.35000000000001996, "volume_ratio": 0.370765240510052, "_shadow_control": true, "rsi_confirmation": 0.06393559530844944, "stop_distance_atr": 0.5963240819699038, "exhaustion_magnitude": 0.3363914373088631, "_shadow_control_reason": "oos_experiment_baseline"}	{}
ME_SHORT_GEOM_A_V1	139424269	6656	STRKUSDT	SHORT	2026-10-04 16:09:07.160333+00	2026-10-04 16:09:07.191891+00	0.058	0.058116	0.05271785363401984	0.058	0.058116	0.05271785363401984	43.31	t	variant=ME_SHORT_GEOM_A_V1	HIGH_VOLATILITY	{"rr_ratio": 0.9743571623013939, "body_ratio": 0.48148148148148096, "volume_ratio": 0.6264518217356265, "_shadow_control": true, "rsi_confirmation": 0.22101206222527595, "stop_distance_atr": 0.6578941006129486, "exhaustion_magnitude": 1.0, "_shadow_control_reason": "oos_experiment_baseline"}	{}
ME_SHORT_GEOM_B_V1	139424269	6657	STRKUSDT	SHORT	2026-10-04 16:09:07.160333+00	2026-10-04 16:09:07.191891+00	0.058	0.058116	0.05271785363401984	0.058	0.058435	0.05271785363401984	43.31	t	variant=ME_SHORT_GEOM_B_V1	HIGH_VOLATILITY	{"rr_ratio": 0.9743571623013939, "body_ratio": 0.48148148148148096, "volume_ratio": 0.6264518217356265, "_shadow_control": true, "rsi_confirmation": 0.22101206222527595, "stop_distance_atr": 0.6578941006129486, "exhaustion_magnitude": 1.0, "_shadow_control_reason": "oos_experiment_baseline"}	{}
ME_SHORT_GEOM_A_V1	141739715	4091	BTCUSDT	SHORT	2026-10-02 13:41:33.522345+00	2026-10-02 13:41:33.557874+00	87130.0	87304.26	85946.59541168109	87130.0	87304.26	85946.59541168109	37.82	t	variant=ME_SHORT_GEOM_A_V1	TREND_UP	{"rr_ratio": 1.0, "body_ratio": 0.3032520325202306, "volume_ratio": 0.3025457889786903, "_actual_regime": "TREND_UP", "_shadow_control": true, "_rejection_stage": "regime_filter", "_required_regime": "TREND_UP", "rsi_confirmation": 0.6734977055815818, "stop_distance_atr": 0.6803474598248387, "exhaustion_magnitude": 0.13250908806359682, "_shadow_control_reason": "oos_experiment_baseline", "_regime_counterfactual_oos": true}	{}
ME_SHORT_GEOM_B_V1	141739715	4092	BTCUSDT	SHORT	2026-10-02 13:41:33.522345+00	2026-10-02 13:41:33.557874+00	87130.0	87304.26	85946.59541168109	87130.0	87783.475	85946.59541168109	37.82	t	variant=ME_SHORT_GEOM_B_V1	TREND_UP	{"rr_ratio": 1.0, "body_ratio": 0.3032520325202306, "volume_ratio": 0.3025457889786903, "_actual_regime": "TREND_UP", "_shadow_control": true, "_rejection_stage": "regime_filter", "_required_regime": "TREND_UP", "rsi_confirmation": 0.6734977055815818, "stop_distance_atr": 0.6803474598248387, "exhaustion_magnitude": 0.13250908806359682, "_shadow_control_reason": "oos_experiment_baseline", "_regime_counterfactual_oos": true}	{}
ME_SHORT_GEOM_A_V1	148700366	9500	PONSUSDT	SHORT	2026-10-06 18:16:32.900155+00	2026-10-06 18:16:32.931047+00	0.4226	0.42344519999999997	0.397896762729035	0.4226	0.42344519999999997	0.397896762729035	38.06	t	variant=ME_SHORT_GEOM_A_V1	HIGH_VOLATILITY	{"rr_ratio": 1.0, "body_ratio": 0.5294117647058785, "volume_ratio": 0.06926136806801342, "_shadow_control": true, "rsi_confirmation": 0.12559407050889224, "stop_distance_atr": 0.8388782543067812, "exhaustion_magnitude": 0.4295942720763714, "_shadow_control_reason": "oos_experiment_baseline"}	{}
ME_SHORT_GEOM_B_V1	148700366	9501	PONSUSDT	SHORT	2026-10-06 18:16:32.900155+00	2026-10-06 18:16:32.931047+00	0.4226	0.42344519999999997	0.397896762729035	0.4226	0.42576949999999997	0.397896762729035	38.06	t	variant=ME_SHORT_GEOM_B_V1	HIGH_VOLATILITY	{"rr_ratio": 1.0, "body_ratio": 0.5294117647058785, "volume_ratio": 0.06926136806801342, "_shadow_control": true, "rsi_confirmation": 0.12559407050889224, "stop_distance_atr": 0.8388782543067812, "exhaustion_magnitude": 0.4295942720763714, "_shadow_control_reason": "oos_experiment_baseline"}	{}
ME_SHORT_GEOM_A_V1	149301863	12264	NMRUSDT	SHORT	2026-10-07 02:47:52.835699+00	2026-10-07 02:47:52.865161+00	17.949	17.984898	14.958659711668826	17.949	17.984898	14.958659711668826	24.97	t	variant=ME_SHORT_GEOM_A_V1	HIGH_VOLATILITY	{"rr_ratio": 0.39348239527957035, "body_ratio": 0.5046296296296353, "volume_ratio": 0.08005736360740535, "_shadow_control": true, "rsi_confirmation": 0.1289244016083804, "stop_distance_atr": 0.15286341312297091, "exhaustion_magnitude": 1.0, "_shadow_control_reason": "oos_experiment_baseline"}	{}
ME_SHORT_GEOM_B_V1	149301863	12265	NMRUSDT	SHORT	2026-10-07 02:47:52.835699+00	2026-10-07 02:47:52.865161+00	17.949	17.984898	14.958659711668826	17.949	18.083617500000003	14.958659711668826	24.97	t	variant=ME_SHORT_GEOM_B_V1	HIGH_VOLATILITY	{"rr_ratio": 0.39348239527957035, "body_ratio": 0.5046296296296353, "volume_ratio": 0.08005736360740535, "_shadow_control": true, "rsi_confirmation": 0.1289244016083804, "stop_distance_atr": 0.15286341312297091, "exhaustion_magnitude": 1.0, "_shadow_control_reason": "oos_experiment_baseline"}	{}
ME_SHORT_GEOM_A_V1	149569174	7674	VIRTUALUSDT	SHORT	2026-10-05 08:57:19.25087+00	2026-10-05 08:57:19.283203+00	0.8852	0.8869703999999999	0.8502980224222387	0.8852	0.8869703999999999	0.8502980224222387	39.04	t	variant=ME_SHORT_GEOM_A_V1	HIGH_VOLATILITY	{"rr_ratio": 0.9852856970487286, "body_ratio": 0.5312500000000141, "volume_ratio": 0.3329433810358375, "_shadow_control": true, "rsi_confirmation": 0.7023428525542575, "stop_distance_atr": 0.6616886509854125, "exhaustion_magnitude": 0.25547859657090655, "_shadow_control_reason": "oos_experiment_baseline"}	{}
ME_SHORT_GEOM_B_V1	149569174	7675	VIRTUALUSDT	SHORT	2026-10-05 08:57:19.25087+00	2026-10-05 08:57:19.283203+00	0.8852	0.8869703999999999	0.8502980224222387	0.8852	0.8918389999999999	0.8502980224222387	39.04	t	variant=ME_SHORT_GEOM_B_V1	HIGH_VOLATILITY	{"rr_ratio": 0.9852856970487286, "body_ratio": 0.5312500000000141, "volume_ratio": 0.3329433810358375, "_shadow_control": true, "rsi_confirmation": 0.7023428525542575, "stop_distance_atr": 0.6616886509854125, "exhaustion_magnitude": 0.25547859657090655, "_shadow_control_reason": "oos_experiment_baseline"}	{}
ME_SHORT_GEOM_A_V1	152634840	6959	HYPEUSDT	SHORT	2026-10-04 21:09:54.247648+00	2026-10-04 21:09:54.295133+00	90.8	90.9816	89.69406278889599	90.8	90.9816	89.69406278889599	33.66	t	variant=ME_SHORT_GEOM_A_V1	TREND_UP	{"rr_ratio": 0.821615725784003, "body_ratio": 0.5, "volume_ratio": 0.4445448945286224, "_actual_regime": "TREND_UP", "_shadow_control": true, "_rejection_stage": "regime_filter", "_required_regime": "TREND_UP", "rsi_confirmation": 0.04636268613328601, "stop_distance_atr": 0.5942953343361848, "exhaustion_magnitude": 0.03857599470957411, "_shadow_control_reason": "oos_experiment_baseline", "_regime_counterfactual_oos": true}	{}
ME_SHORT_GEOM_B_V1	152634840	6960	HYPEUSDT	SHORT	2026-10-04 21:09:54.247648+00	2026-10-04 21:09:54.295133+00	90.8	90.9816	89.69406278889599	90.8	91.481	89.69406278889599	33.66	t	variant=ME_SHORT_GEOM_B_V1	TREND_UP	{"rr_ratio": 0.821615725784003, "body_ratio": 0.5, "volume_ratio": 0.4445448945286224, "_actual_regime": "TREND_UP", "_shadow_control": true, "_rejection_stage": "regime_filter", "_required_regime": "TREND_UP", "rsi_confirmation": 0.04636268613328601, "stop_distance_atr": 0.5942953343361848, "exhaustion_magnitude": 0.03857599470957411, "_shadow_control_reason": "oos_experiment_baseline", "_regime_counterfactual_oos": true}	{}
ME_SHORT_GEOM_A_V1	156175999	4116	SOLUSDT	SHORT	2026-10-02 13:46:33.193608+00	2026-10-02 13:46:33.222836+00	123.37	123.61674000000001	120.54579719009593	123.37	123.61674000000001	120.54579719009593	37.09	t	variant=ME_SHORT_GEOM_A_V1	TREND_UP	{"rr_ratio": 1.0, "body_ratio": 0.9499999999999751, "volume_ratio": 0.1527723194269931, "_actual_regime": "TREND_UP", "_shadow_control": true, "_rejection_stage": "regime_filter", "_required_regime": "TREND_UP", "rsi_confirmation": 0.18267411265102093, "stop_distance_atr": 0.6672428326602311, "exhaustion_magnitude": 0.1585623678646937, "_shadow_control_reason": "oos_experiment_baseline", "_regime_counterfactual_oos": true}	{}
ME_SHORT_GEOM_B_V1	156175999	4117	SOLUSDT	SHORT	2026-10-02 13:46:33.193608+00	2026-10-02 13:46:33.222836+00	123.37	123.61674000000001	120.54579719009593	123.37	124.295275	120.54579719009593	37.09	t	variant=ME_SHORT_GEOM_B_V1	TREND_UP	{"rr_ratio": 1.0, "body_ratio": 0.9499999999999751, "volume_ratio": 0.1527723194269931, "_actual_regime": "TREND_UP", "_shadow_control": true, "_rejection_stage": "regime_filter", "_required_regime": "TREND_UP", "rsi_confirmation": 0.18267411265102093, "stop_distance_atr": 0.6672428326602311, "exhaustion_magnitude": 0.1585623678646937, "_shadow_control_reason": "oos_experiment_baseline", "_regime_counterfactual_oos": true}	{}
ME_SHORT_GEOM_A_V1	160068300	6437	SOLUSDT	SHORT	2026-10-04 13:43:45.456571+00	2026-10-04 13:43:45.515226+00	121.99	122.23397999999999	120.56472134576724	121.99	122.23397999999999	120.56472134576724	35.88	t	variant=ME_SHORT_GEOM_A_V1	TREND_UP	{"rr_ratio": 0.6710703480467434, "body_ratio": 0.9523809523809975, "volume_ratio": 0.7240703472820265, "_actual_regime": "TREND_UP", "_shadow_control": true, "_rejection_stage": "regime_filter", "_required_regime": "TREND_UP", "rsi_confirmation": 0.45595691696712304, "stop_distance_atr": 0.5032810877375934, "exhaustion_magnitude": 0.1521131392862976, "_shadow_control_reason": "oos_experiment_baseline", "_regime_counterfactual_oos": true}	{}
ME_SHORT_GEOM_B_V1	160068300	6438	SOLUSDT	SHORT	2026-10-04 13:43:45.456571+00	2026-10-04 13:43:45.515226+00	121.99	122.23397999999999	120.56472134576724	121.99	122.90492499999999	120.56472134576724	35.88	t	variant=ME_SHORT_GEOM_B_V1	TREND_UP	{"rr_ratio": 0.6710703480467434, "body_ratio": 0.9523809523809975, "volume_ratio": 0.7240703472820265, "_actual_regime": "TREND_UP", "_shadow_control": true, "_rejection_stage": "regime_filter", "_required_regime": "TREND_UP", "rsi_confirmation": 0.45595691696712304, "stop_distance_atr": 0.5032810877375934, "exhaustion_magnitude": 0.1521131392862976, "_shadow_control_reason": "oos_experiment_baseline", "_regime_counterfactual_oos": true}	{}
ME_SHORT_GEOM_A_V1	161470103	517	CRVUSDT	SHORT	2026-09-29 14:37:07.039899+00	2026-09-29 14:37:07.070259+00	0.4051	0.4059102	0.38142493599088445	0.4051	0.4059102	0.38142493599088445	40.98	t	variant=ME_SHORT_GEOM_A_V1	HIGH_VOLATILITY	{"rr_ratio": 1.0, "body_ratio": 0.8461538461538658, "volume_ratio": 0.28724850709048055, "_shadow_control": true, "rsi_confirmation": 0.4293791034299782, "stop_distance_atr": 0.7491604626317736, "exhaustion_magnitude": 0.47346125093446617, "_shadow_control_reason": "oos_experiment_baseline"}	{}
ME_SHORT_GEOM_B_V1	161470103	518	CRVUSDT	SHORT	2026-09-29 14:37:07.039899+00	2026-09-29 14:37:07.070259+00	0.4051	0.4059102	0.38142493599088445	0.4051	0.40813825000000004	0.38142493599088445	40.98	t	variant=ME_SHORT_GEOM_B_V1	HIGH_VOLATILITY	{"rr_ratio": 1.0, "body_ratio": 0.8461538461538658, "volume_ratio": 0.28724850709048055, "_shadow_control": true, "rsi_confirmation": 0.4293791034299782, "stop_distance_atr": 0.7491604626317736, "exhaustion_magnitude": 0.47346125093446617, "_shadow_control_reason": "oos_experiment_baseline"}	{}
ME_SHORT_GEOM_A_V1	165007959	7294	XAUUSDT	SHORT	2026-10-05 00:45:44.513074+00	2026-10-05 00:45:44.561805+00	4162.89	4171.21578	4149.424842029755	4162.89	4171.21578	4149.424842029755	17.78	t	variant=ME_SHORT_GEOM_A_V1	RANGE	{"rr_ratio": 0.23036137432746753, "body_ratio": 1.0, "volume_ratio": 0.013021255224702717, "_shadow_control": true, "rsi_confirmation": 0.12877518097563628, "stop_distance_atr": 0.0, "exhaustion_magnitude": 0.1676315624563238, "_shadow_control_reason": "oos_experiment_baseline"}	{}
ME_SHORT_GEOM_B_V1	165007959	7295	XAUUSDT	SHORT	2026-10-05 00:45:44.513074+00	2026-10-05 00:45:44.561805+00	4162.89	4171.21578	4149.424842029755	4162.89	4194.111675	4149.424842029755	17.78	t	variant=ME_SHORT_GEOM_B_V1	RANGE	{"rr_ratio": 0.23036137432746753, "body_ratio": 1.0, "volume_ratio": 0.013021255224702717, "_shadow_control": true, "rsi_confirmation": 0.12877518097563628, "stop_distance_atr": 0.0, "exhaustion_magnitude": 0.1676315624563238, "_shadow_control_reason": "oos_experiment_baseline"}	{}
ME_SHORT_GEOM_A_V1	170354747	6935	KLACUSDT	SHORT	2026-10-04 20:55:08.145547+00	2026-10-04 20:55:08.194546+00	207.34	207.75468	206.14569938483874	207.34	207.75468	206.14569938483874	32.44	t	variant=ME_SHORT_GEOM_A_V1	TREND_UP	{"rr_ratio": 0.9600178572724799, "body_ratio": 0.0, "volume_ratio": 0.0, "_actual_regime": "TREND_UP", "_shadow_control": true, "_rejection_stage": "regime_filter", "_required_regime": "TREND_UP", "rsi_confirmation": 0.4907720197977511, "stop_distance_atr": 0.6527842364512101, "exhaustion_magnitude": 0.007235540977280676, "_shadow_control_reason": "oos_experiment_baseline", "_regime_counterfactual_oos": true}	{}
ME_SHORT_GEOM_B_V1	170354747	6936	KLACUSDT	SHORT	2026-10-04 20:55:08.145547+00	2026-10-04 20:55:08.194546+00	207.34	207.75468	206.14569938483874	207.34	208.89505	206.14569938483874	32.44	t	variant=ME_SHORT_GEOM_B_V1	TREND_UP	{"rr_ratio": 0.9600178572724799, "body_ratio": 0.0, "volume_ratio": 0.0, "_actual_regime": "TREND_UP", "_shadow_control": true, "_rejection_stage": "regime_filter", "_required_regime": "TREND_UP", "rsi_confirmation": 0.4907720197977511, "stop_distance_atr": 0.6527842364512101, "exhaustion_magnitude": 0.007235540977280676, "_shadow_control_reason": "oos_experiment_baseline", "_regime_counterfactual_oos": true}	{}
ME_SHORT_GEOM_A_V1	170496319	6636	SOLUSDT	SHORT	2026-10-04 15:44:00.213049+00	2026-10-04 15:44:00.249477+00	122.09	122.33418	120.54437705358191	122.09	122.33418	120.54437705358191	27.23	t	variant=ME_SHORT_GEOM_A_V1	TREND_UP	{"rr_ratio": 0.5786495798394434, "body_ratio": 0.8000000000001706, "volume_ratio": 0.060988592163050026, "_actual_regime": "TREND_UP", "_shadow_control": true, "_rejection_stage": "regime_filter", "_required_regime": "TREND_UP", "rsi_confirmation": 0.27452899390608254, "stop_distance_atr": 0.4239461239636234, "exhaustion_magnitude": 0.11904761904762161, "_shadow_control_reason": "oos_experiment_baseline", "_regime_counterfactual_oos": true}	{}
ME_SHORT_GEOM_B_V1	170496319	6637	SOLUSDT	SHORT	2026-10-04 15:44:00.213049+00	2026-10-04 15:44:00.249477+00	122.09	122.33418	120.54437705358191	122.09	123.005675	120.54437705358191	27.23	t	variant=ME_SHORT_GEOM_B_V1	TREND_UP	{"rr_ratio": 0.5786495798394434, "body_ratio": 0.8000000000001706, "volume_ratio": 0.060988592163050026, "_actual_regime": "TREND_UP", "_shadow_control": true, "_rejection_stage": "regime_filter", "_required_regime": "TREND_UP", "rsi_confirmation": 0.27452899390608254, "stop_distance_atr": 0.4239461239636234, "exhaustion_magnitude": 0.11904761904762161, "_shadow_control_reason": "oos_experiment_baseline", "_regime_counterfactual_oos": true}	{}
ME_SHORT_GEOM_A_V1	180528137	393	CRVUSDT	SHORT	2026-09-29 12:31:53.861343+00	2026-09-29 12:31:53.885421+00	0.4018	0.4026036	0.3789827674700085	0.4018	0.4026036	0.3789827674700085	37.86	t	variant=ME_SHORT_GEOM_A_V1	HIGH_VOLATILITY	{"rr_ratio": 1.0, "body_ratio": 0.6000000000000166, "volume_ratio": 0.18469398830082587, "_shadow_control": true, "rsi_confirmation": 0.35759144795208236, "stop_distance_atr": 0.819975114212179, "exhaustion_magnitude": 0.06229753301769255, "_shadow_control_reason": "oos_experiment_baseline"}	{}
ME_SHORT_GEOM_B_V1	180528137	394	CRVUSDT	SHORT	2026-09-29 12:31:53.861343+00	2026-09-29 12:31:53.885421+00	0.4018	0.4026036	0.3789827674700085	0.4018	0.4048135	0.3789827674700085	37.86	t	variant=ME_SHORT_GEOM_B_V1	HIGH_VOLATILITY	{"rr_ratio": 1.0, "body_ratio": 0.6000000000000166, "volume_ratio": 0.18469398830082587, "_shadow_control": true, "rsi_confirmation": 0.35759144795208236, "stop_distance_atr": 0.819975114212179, "exhaustion_magnitude": 0.06229753301769255, "_shadow_control_reason": "oos_experiment_baseline"}	{}
ME_SHORT_GEOM_A_V1	191305117	2910	MOVRUSDT	SHORT	2026-10-01 18:44:18.806932+00	2026-10-01 18:44:18.833747+00	3.155	3.16131	2.500673254783634	3.155	3.16131	2.500673254783634	40.84	t	variant=ME_SHORT_GEOM_A_V1	HIGH_VOLATILITY	{"rr_ratio": 1.0, "body_ratio": 0.33333333333333603, "volume_ratio": 0.1359546390565486, "_shadow_control": true, "rsi_confirmation": 0.008149032801490345, "stop_distance_atr": 0.9050100124776548, "exhaustion_magnitude": 0.936390054891828, "_shadow_control_reason": "oos_experiment_baseline"}	{}
ME_SHORT_GEOM_B_V1	191305117	2911	MOVRUSDT	SHORT	2026-10-01 18:44:18.806932+00	2026-10-01 18:44:18.833747+00	3.155	3.16131	2.500673254783634	3.155	3.1786624999999997	2.500673254783634	40.84	t	variant=ME_SHORT_GEOM_B_V1	HIGH_VOLATILITY	{"rr_ratio": 1.0, "body_ratio": 0.33333333333333603, "volume_ratio": 0.1359546390565486, "_shadow_control": true, "rsi_confirmation": 0.008149032801490345, "stop_distance_atr": 0.9050100124776548, "exhaustion_magnitude": 0.936390054891828, "_shadow_control_reason": "oos_experiment_baseline"}	{}
ME_SHORT_GEOM_A_V1	191348185	4192	SANDUSDT	SHORT	2026-10-02 15:06:55.191138+00	2026-10-02 15:06:55.218237+00	0.06528	0.06541056	0.05667104416747854	0.06528	0.06541056	0.05667104416747854	36.39	t	variant=ME_SHORT_GEOM_A_V1	HIGH_VOLATILITY	{"rr_ratio": 0.9440599140154847, "body_ratio": 0.8211382113821157, "volume_ratio": 0.19688530929763995, "_shadow_control": true, "rsi_confirmation": 0.2154543857765295, "stop_distance_atr": 0.6469150650454736, "exhaustion_magnitude": 0.21538461538461728, "_shadow_control_reason": "oos_experiment_baseline"}	{}
ME_SHORT_GEOM_B_V1	191348185	4193	SANDUSDT	SHORT	2026-10-02 15:06:55.191138+00	2026-10-02 15:06:55.218237+00	0.06528	0.06541056	0.05667104416747854	0.06528	0.06576960000000001	0.05667104416747854	36.39	t	variant=ME_SHORT_GEOM_B_V1	HIGH_VOLATILITY	{"rr_ratio": 0.9440599140154847, "body_ratio": 0.8211382113821157, "volume_ratio": 0.19688530929763995, "_shadow_control": true, "rsi_confirmation": 0.2154543857765295, "stop_distance_atr": 0.6469150650454736, "exhaustion_magnitude": 0.21538461538461728, "_shadow_control_reason": "oos_experiment_baseline"}	{}
ME_SHORT_GEOM_A_V1	193583234	14797	SANDUSDT	SHORT	2026-10-07 07:48:57.132305+00	2026-10-07 07:48:57.180828+00	0.07386	0.07400772	0.0685291319844508	0.07386	0.07400772	0.0685291319844508	39.0	t	variant=ME_SHORT_GEOM_A_V1	HIGH_VOLATILITY	{"rr_ratio": 0.9732202004095177, "body_ratio": 0.8032786885245753, "volume_ratio": 0.2539565525297449, "_shadow_control": true, "rsi_confirmation": 0.09979681166734149, "stop_distance_atr": 0.6574944363124904, "exhaustion_magnitude": 0.6167763157894723, "_shadow_control_reason": "oos_experiment_baseline"}	{}
ME_SHORT_GEOM_B_V1	193583234	14798	SANDUSDT	SHORT	2026-10-07 07:48:57.132305+00	2026-10-07 07:48:57.180828+00	0.07386	0.07400772	0.0685291319844508	0.07386	0.07441394999999999	0.0685291319844508	39.0	t	variant=ME_SHORT_GEOM_B_V1	HIGH_VOLATILITY	{"rr_ratio": 0.9732202004095177, "body_ratio": 0.8032786885245753, "volume_ratio": 0.2539565525297449, "_shadow_control": true, "rsi_confirmation": 0.09979681166734149, "stop_distance_atr": 0.6574944363124904, "exhaustion_magnitude": 0.6167763157894723, "_shadow_control_reason": "oos_experiment_baseline"}	{}
ME_SHORT_GEOM_A_V1	196141048	14937	SANDUSDT	SHORT	2026-10-07 08:03:59.550453+00	2026-10-07 08:03:59.603388+00	0.07345	0.0735969	0.0686377655229955	0.07345	0.0735969	0.0686377655229955	40.31	t	variant=ME_SHORT_GEOM_A_V1	HIGH_VOLATILITY	{"rr_ratio": 1.0, "body_ratio": 0.3870967741935474, "volume_ratio": 0.6354192148437793, "_shadow_control": true, "rsi_confirmation": 0.009713111822944143, "stop_distance_atr": 0.7356353869001959, "exhaustion_magnitude": 0.3358004385964942, "_shadow_control_reason": "oos_experiment_baseline"}	{}
ME_SHORT_GEOM_B_V1	196141048	14938	SANDUSDT	SHORT	2026-10-07 08:03:59.550453+00	2026-10-07 08:03:59.603388+00	0.07345	0.0735969	0.0686377655229955	0.07345	0.07400087500000001	0.0686377655229955	40.31	t	variant=ME_SHORT_GEOM_B_V1	HIGH_VOLATILITY	{"rr_ratio": 1.0, "body_ratio": 0.3870967741935474, "volume_ratio": 0.6354192148437793, "_shadow_control": true, "rsi_confirmation": 0.009713111822944143, "stop_distance_atr": 0.7356353869001959, "exhaustion_magnitude": 0.3358004385964942, "_shadow_control_reason": "oos_experiment_baseline"}	{}
ME_SHORT_GEOM_A_V1	201544343	3964	MSTRUSDT	SHORT	2026-10-02 12:38:49.376455+00	2026-10-02 12:38:49.45882+00	168.28	168.61656	162.76894268385257	168.28	168.61656	162.76894268385257	32.21	t	variant=ME_SHORT_GEOM_A_V1	TREND_UP	{"rr_ratio": 0.614465793387574, "body_ratio": 0.9295774647887172, "volume_ratio": 0.2557566378061139, "_actual_regime": "TREND_UP", "_shadow_control": true, "_rejection_stage": "regime_filter", "_required_regime": "TREND_UP", "rsi_confirmation": 0.4280744100502375, "stop_distance_atr": 0.45752336920879977, "exhaustion_magnitude": 0.458770614692654, "_shadow_control_reason": "oos_experiment_baseline", "_regime_counterfactual_oos": true}	{}
ME_SHORT_GEOM_B_V1	201544343	3965	MSTRUSDT	SHORT	2026-10-02 12:38:49.376455+00	2026-10-02 12:38:49.45882+00	168.28	168.61656	162.76894268385257	168.28	169.5421	162.76894268385257	32.21	t	variant=ME_SHORT_GEOM_B_V1	TREND_UP	{"rr_ratio": 0.614465793387574, "body_ratio": 0.9295774647887172, "volume_ratio": 0.2557566378061139, "_actual_regime": "TREND_UP", "_shadow_control": true, "_rejection_stage": "regime_filter", "_required_regime": "TREND_UP", "rsi_confirmation": 0.4280744100502375, "stop_distance_atr": 0.45752336920879977, "exhaustion_magnitude": 0.458770614692654, "_shadow_control_reason": "oos_experiment_baseline", "_regime_counterfactual_oos": true}	{}
ME_SHORT_GEOM_A_V1	203084799	865	ICPUSDT	SHORT	2026-09-30 01:27:10.308554+00	2026-09-30 01:27:10.334193+00	3.501	3.508002	3.3233013295457026	3.501	3.508002	3.3233013295457026	37.67	t	variant=ME_SHORT_GEOM_A_V1	TREND_UP	{"rr_ratio": 1.0, "body_ratio": 0.44444444444444997, "volume_ratio": 0.1718084840788957, "_actual_regime": "TREND_UP", "_shadow_control": true, "_rejection_stage": "regime_filter", "_required_regime": "TREND_UP", "rsi_confirmation": 0.0910513894490028, "stop_distance_atr": 0.7743709357388697, "exhaustion_magnitude": 0.38860103626942555, "_shadow_control_reason": "oos_experiment_baseline", "_regime_counterfactual_oos": true}	{}
ME_SHORT_GEOM_B_V1	203084799	866	ICPUSDT	SHORT	2026-09-30 01:27:10.308554+00	2026-09-30 01:27:10.334193+00	3.501	3.508002	3.3233013295457026	3.501	3.5272574999999997	3.3233013295457026	37.67	t	variant=ME_SHORT_GEOM_B_V1	TREND_UP	{"rr_ratio": 1.0, "body_ratio": 0.44444444444444997, "volume_ratio": 0.1718084840788957, "_actual_regime": "TREND_UP", "_shadow_control": true, "_rejection_stage": "regime_filter", "_required_regime": "TREND_UP", "rsi_confirmation": 0.0910513894490028, "stop_distance_atr": 0.7743709357388697, "exhaustion_magnitude": 0.38860103626942555, "_shadow_control_reason": "oos_experiment_baseline", "_regime_counterfactual_oos": true}	{}
ME_SHORT_GEOM_A_V1	206350356	6644	BTCUSDT	SHORT	2026-10-04 15:54:01.798358+00	2026-10-04 15:54:01.844436+00	85366.3	85537.0326	84907.35475197295	85366.3	85537.0326	84907.35475197295	25.09	t	variant=ME_SHORT_GEOM_A_V1	TREND_UP	{"rr_ratio": 0.5477073639054867, "body_ratio": 0.7344632768362789, "volume_ratio": 0.0704857183290616, "_actual_regime": "TREND_UP", "_shadow_control": true, "_rejection_stage": "regime_filter", "_required_regime": "TREND_UP", "rsi_confirmation": 0.05307161013126347, "stop_distance_atr": 0.39140249830409846, "exhaustion_magnitude": 0.0060335535873300705, "_shadow_control_reason": "oos_experiment_baseline", "_regime_counterfactual_oos": true}	{}
ME_SHORT_GEOM_B_V1	206350356	6645	BTCUSDT	SHORT	2026-10-04 15:54:01.798358+00	2026-10-04 15:54:01.844436+00	85366.3	85537.0326	84907.35475197295	85366.3	86006.54725	84907.35475197295	25.09	t	variant=ME_SHORT_GEOM_B_V1	TREND_UP	{"rr_ratio": 0.5477073639054867, "body_ratio": 0.7344632768362789, "volume_ratio": 0.0704857183290616, "_actual_regime": "TREND_UP", "_shadow_control": true, "_rejection_stage": "regime_filter", "_required_regime": "TREND_UP", "rsi_confirmation": 0.05307161013126347, "stop_distance_atr": 0.39140249830409846, "exhaustion_magnitude": 0.0060335535873300705, "_shadow_control_reason": "oos_experiment_baseline", "_regime_counterfactual_oos": true}	{}
ME_SHORT_GEOM_A_V1	212602459	472	CRVUSDT	SHORT	2026-09-29 13:47:00.051328+00	2026-09-29 13:47:00.076902+00	0.4031	0.4039062	0.3787268549488102	0.4031	0.4039062	0.3787268549488102	37.03	t	variant=ME_SHORT_GEOM_A_V1	HIGH_VOLATILITY	{"rr_ratio": 1.0, "body_ratio": 0.3125000000000141, "volume_ratio": 0.21429557242783281, "_shadow_control": true, "rsi_confirmation": 0.3290043753037518, "stop_distance_atr": 0.7265887654187488, "exhaustion_magnitude": 0.224271118863696, "_shadow_control_reason": "oos_experiment_baseline"}	{}
ME_SHORT_GEOM_B_V1	212602459	473	CRVUSDT	SHORT	2026-09-29 13:47:00.051328+00	2026-09-29 13:47:00.076902+00	0.4031	0.4039062	0.3787268549488102	0.4031	0.40612325	0.3787268549488102	37.03	t	variant=ME_SHORT_GEOM_B_V1	HIGH_VOLATILITY	{"rr_ratio": 1.0, "body_ratio": 0.3125000000000141, "volume_ratio": 0.21429557242783281, "_shadow_control": true, "rsi_confirmation": 0.3290043753037518, "stop_distance_atr": 0.7265887654187488, "exhaustion_magnitude": 0.224271118863696, "_shadow_control_reason": "oos_experiment_baseline"}	{}
ME_SHORT_GEOM_A_V1	213645036	8624	RLCUSDT	SHORT	2026-10-06 01:39:36.696663+00	2026-10-06 01:39:36.734601+00	0.7888	0.7903775999999999	0.6541368744297555	0.7888	0.7903775999999999	0.6541368744297555	42.34	t	variant=ME_SHORT_GEOM_A_V1	HIGH_VOLATILITY	{"rr_ratio": 0.957646585424102, "body_ratio": 0.4046920821114358, "volume_ratio": 0.4717753990827509, "_shadow_control": true, "rsi_confirmation": 1.0, "stop_distance_atr": 0.6519244798583878, "exhaustion_magnitude": 0.6940874035989666, "_shadow_control_reason": "oos_experiment_baseline"}	{}
ME_SHORT_GEOM_B_V1	213645036	8625	RLCUSDT	SHORT	2026-10-06 01:39:36.696663+00	2026-10-06 01:39:36.734601+00	0.7888	0.7903775999999999	0.6541368744297555	0.7888	0.794716	0.6541368744297555	42.34	t	variant=ME_SHORT_GEOM_B_V1	HIGH_VOLATILITY	{"rr_ratio": 0.957646585424102, "body_ratio": 0.4046920821114358, "volume_ratio": 0.4717753990827509, "_shadow_control": true, "rsi_confirmation": 1.0, "stop_distance_atr": 0.6519244798583878, "exhaustion_magnitude": 0.6940874035989666, "_shadow_control_reason": "oos_experiment_baseline"}	{}
ME_SHORT_GEOM_A_V1	219405869	8564	RLCUSDT	SHORT	2026-10-06 00:49:31.41928+00	2026-10-06 00:49:31.466979+00	0.7431	0.7445862	0.6242474034420934	0.7431	0.7445862	0.6242474034420934	39.75	t	variant=ME_SHORT_GEOM_A_V1	HIGH_VOLATILITY	{"rr_ratio": 1.0, "body_ratio": 0.844262295081966, "volume_ratio": 0.2395529040088029, "_shadow_control": true, "rsi_confirmation": 0.9366481448062132, "stop_distance_atr": 0.7353072757749446, "exhaustion_magnitude": 0.02692877339436892, "_shadow_control_reason": "oos_experiment_baseline"}	{}
ME_SHORT_GEOM_B_V1	219405869	8565	RLCUSDT	SHORT	2026-10-06 00:49:31.41928+00	2026-10-06 00:49:31.466979+00	0.7431	0.7445862	0.6242474034420934	0.7431	0.74867325	0.6242474034420934	39.75	t	variant=ME_SHORT_GEOM_B_V1	HIGH_VOLATILITY	{"rr_ratio": 1.0, "body_ratio": 0.844262295081966, "volume_ratio": 0.2395529040088029, "_shadow_control": true, "rsi_confirmation": 0.9366481448062132, "stop_distance_atr": 0.7353072757749446, "exhaustion_magnitude": 0.02692877339436892, "_shadow_control_reason": "oos_experiment_baseline"}	{}
ME_SHORT_GEOM_A_V1	224210446	7393	HBARUSDT	SHORT	2026-10-05 02:31:12.58619+00	2026-10-05 02:31:12.628311+00	0.10449	0.10469898	0.1025667195401141	0.10449	0.10469898	0.1025667195401141	35.17	t	variant=ME_SHORT_GEOM_A_V1	RANGE	{"rr_ratio": 0.9381853017316589, "body_ratio": 0.6666666666665896, "volume_ratio": 0.1948048589194743, "_shadow_control": true, "rsi_confirmation": 0.003473084294809799, "stop_distance_atr": 0.6447041616212901, "exhaustion_magnitude": 0.21626297577854958, "_shadow_control_reason": "oos_experiment_baseline"}	{}
ME_SHORT_GEOM_B_V1	224210446	7394	HBARUSDT	SHORT	2026-10-05 02:31:12.58619+00	2026-10-05 02:31:12.628311+00	0.10449	0.10469898	0.1025667195401141	0.10449	0.105273675	0.1025667195401141	35.17	t	variant=ME_SHORT_GEOM_B_V1	RANGE	{"rr_ratio": 0.9381853017316589, "body_ratio": 0.6666666666665896, "volume_ratio": 0.1948048589194743, "_shadow_control": true, "rsi_confirmation": 0.003473084294809799, "stop_distance_atr": 0.6447041616212901, "exhaustion_magnitude": 0.21626297577854958, "_shadow_control_reason": "oos_experiment_baseline"}	{}
ME_SHORT_GEOM_A_V1	225522220	4267	SPCXUSDT	SHORT	2026-10-02 17:17:10.111629+00	2026-10-02 17:17:10.136893+00	158.07	158.38613999999998	155.5507865215645	158.07	158.38613999999998	155.5507865215645	39.1	t	variant=ME_SHORT_GEOM_A_V1	HIGH_VOLATILITY	{"rr_ratio": 1.0, "body_ratio": 0.8888888888888362, "volume_ratio": 0.12517121177355858, "_shadow_control": true, "rsi_confirmation": 1.0, "stop_distance_atr": 0.7165778653299681, "exhaustion_magnitude": 0.053831538948697744, "_shadow_control_reason": "oos_experiment_baseline"}	{}
ME_SHORT_GEOM_B_V1	225522220	4268	SPCXUSDT	SHORT	2026-10-02 17:17:10.111629+00	2026-10-02 17:17:10.136893+00	158.07	158.38613999999998	155.5507865215645	158.07	159.255525	155.5507865215645	39.1	t	variant=ME_SHORT_GEOM_B_V1	HIGH_VOLATILITY	{"rr_ratio": 1.0, "body_ratio": 0.8888888888888362, "volume_ratio": 0.12517121177355858, "_shadow_control": true, "rsi_confirmation": 1.0, "stop_distance_atr": 0.7165778653299681, "exhaustion_magnitude": 0.053831538948697744, "_shadow_control_reason": "oos_experiment_baseline"}	{}
ME_SHORT_GEOM_A_V1	229519079	7772	ADAUSDT	SHORT	2026-10-05 11:02:23.630295+00	2026-10-05 11:02:23.664143+00	0.2755	0.27605100000000005	0.2664065954579051	0.2755	0.27605100000000005	0.2664065954579051	43.82	t	variant=ME_SHORT_GEOM_A_V1	HIGH_VOLATILITY	{"rr_ratio": 1.0, "body_ratio": 0.7142857142857483, "volume_ratio": 0.5898229664888545, "_shadow_control": true, "rsi_confirmation": 0.834287016180581, "stop_distance_atr": 0.8083624768868204, "exhaustion_magnitude": 0.2737226277372265, "_shadow_control_reason": "oos_experiment_baseline"}	{}
ME_SHORT_GEOM_B_V1	229519079	7773	ADAUSDT	SHORT	2026-10-05 11:02:23.630295+00	2026-10-05 11:02:23.664143+00	0.2755	0.27605100000000005	0.2664065954579051	0.2755	0.27756625	0.2664065954579051	43.82	t	variant=ME_SHORT_GEOM_B_V1	HIGH_VOLATILITY	{"rr_ratio": 1.0, "body_ratio": 0.7142857142857483, "volume_ratio": 0.5898229664888545, "_shadow_control": true, "rsi_confirmation": 0.834287016180581, "stop_distance_atr": 0.8083624768868204, "exhaustion_magnitude": 0.2737226277372265, "_shadow_control_reason": "oos_experiment_baseline"}	{}
ME_SHORT_GEOM_A_V1	230420384	790	PUMPFUNUSDT	SHORT	2026-09-30 00:11:43.00136+00	2026-09-30 00:11:43.046725+00	0.005933	0.005944866	0.005440846154315361	0.005933	0.005944866	0.005440846154315361	41.38	t	variant=ME_SHORT_GEOM_A_V1	HIGH_VOLATILITY	{"rr_ratio": 1.0, "body_ratio": 0.6190476190475974, "volume_ratio": 0.34451697638987977, "_shadow_control": true, "rsi_confirmation": 0.12151376220156748, "stop_distance_atr": 0.7681410036822213, "exhaustion_magnitude": 0.7440985289086578, "_shadow_control_reason": "oos_experiment_baseline"}	{}
ME_SHORT_GEOM_B_V1	230420384	791	PUMPFUNUSDT	SHORT	2026-09-30 00:11:43.00136+00	2026-09-30 00:11:43.046725+00	0.005933	0.005944866	0.005440846154315361	0.005933	0.0059774975	0.005440846154315361	41.38	t	variant=ME_SHORT_GEOM_B_V1	HIGH_VOLATILITY	{"rr_ratio": 1.0, "body_ratio": 0.6190476190475974, "volume_ratio": 0.34451697638987977, "_shadow_control": true, "rsi_confirmation": 0.12151376220156748, "stop_distance_atr": 0.7681410036822213, "exhaustion_magnitude": 0.7440985289086578, "_shadow_control_reason": "oos_experiment_baseline"}	{}
ME_SHORT_GEOM_A_V1	232336988	3014	MONUSDT	SHORT	2026-10-01 20:19:37.059175+00	2026-10-01 20:19:37.083785+00	0.03505	0.0351201	0.03220271668771114	0.03505	0.0351201	0.03220271668771114	38.66	t	variant=ME_SHORT_GEOM_A_V1	HIGH_VOLATILITY	{"rr_ratio": 0.9460524107744005, "body_ratio": 0.5217391304347891, "volume_ratio": 0.3220977759553826, "_shadow_control": true, "rsi_confirmation": 0.028689355422604496, "stop_distance_atr": 0.6476587031151049, "exhaustion_magnitude": 0.7529684332464518, "_shadow_control_reason": "oos_experiment_baseline"}	{}
ME_SHORT_GEOM_B_V1	232336988	3015	MONUSDT	SHORT	2026-10-01 20:19:37.059175+00	2026-10-01 20:19:37.083785+00	0.03505	0.0351201	0.03220271668771114	0.03505	0.035312875	0.03220271668771114	38.66	t	variant=ME_SHORT_GEOM_B_V1	HIGH_VOLATILITY	{"rr_ratio": 0.9460524107744005, "body_ratio": 0.5217391304347891, "volume_ratio": 0.3220977759553826, "_shadow_control": true, "rsi_confirmation": 0.028689355422604496, "stop_distance_atr": 0.6476587031151049, "exhaustion_magnitude": 0.7529684332464518, "_shadow_control_reason": "oos_experiment_baseline"}	{}
ME_SHORT_GEOM_A_V1	233307211	7326	XAUUSDT	SHORT	2026-10-05 01:00:47.367992+00	2026-10-05 01:00:47.397418+00	4162.3	4170.6246	4152.296638982384	4162.3	4170.6246	4152.296638982384	20.33	t	variant=ME_SHORT_GEOM_A_V1	RANGE	{"rr_ratio": 0.30011132369806043, "body_ratio": 0.8379310344827013, "volume_ratio": 0.21869959419009571, "_shadow_control": true, "rsi_confirmation": 0.2534820002563843, "stop_distance_atr": 0.0, "exhaustion_magnitude": 0.16052138115875011, "_shadow_control_reason": "oos_experiment_baseline"}	{}
ME_SHORT_GEOM_B_V1	233307211	7327	XAUUSDT	SHORT	2026-10-05 01:00:47.367992+00	2026-10-05 01:00:47.397418+00	4162.3	4170.6246	4152.296638982384	4162.3	4193.51725	4152.296638982384	20.33	t	variant=ME_SHORT_GEOM_B_V1	RANGE	{"rr_ratio": 0.30011132369806043, "body_ratio": 0.8379310344827013, "volume_ratio": 0.21869959419009571, "_shadow_control": true, "rsi_confirmation": 0.2534820002563843, "stop_distance_atr": 0.0, "exhaustion_magnitude": 0.16052138115875011, "_shadow_control_reason": "oos_experiment_baseline"}	{}
ME_SHORT_GEOM_A_V1	239326031	8946	SPCXUSDT	SHORT	2026-10-06 08:30:43.766514+00	2026-10-06 08:30:43.819974+00	172.74	173.08548000000002	170.5654490614612	172.74	173.08548000000002	170.5654490614612	37.2	t	variant=ME_SHORT_GEOM_A_V1	TREND_UP	{"rr_ratio": 1.0, "body_ratio": 1.0, "volume_ratio": 0.003480554323369551, "_actual_regime": "TREND_UP", "_shadow_control": true, "_rejection_stage": "regime_filter", "_required_regime": "TREND_UP", "rsi_confirmation": 0.6469443547486757, "stop_distance_atr": 0.6698531629440272, "exhaustion_magnitude": 0.1073272611243269, "_shadow_control_reason": "oos_experiment_baseline", "_regime_counterfactual_oos": true}	{}
ME_SHORT_GEOM_B_V1	239326031	8947	SPCXUSDT	SHORT	2026-10-06 08:30:43.766514+00	2026-10-06 08:30:43.819974+00	172.74	173.08548000000002	170.5654490614612	172.74	174.03555	170.5654490614612	37.2	t	variant=ME_SHORT_GEOM_B_V1	TREND_UP	{"rr_ratio": 1.0, "body_ratio": 1.0, "volume_ratio": 0.003480554323369551, "_actual_regime": "TREND_UP", "_shadow_control": true, "_rejection_stage": "regime_filter", "_required_regime": "TREND_UP", "rsi_confirmation": 0.6469443547486757, "stop_distance_atr": 0.6698531629440272, "exhaustion_magnitude": 0.1073272611243269, "_shadow_control_reason": "oos_experiment_baseline", "_regime_counterfactual_oos": true}	{}
ME_SHORT_GEOM_A_V1	242783089	7882	LITUSDT	SHORT	2026-10-05 13:07:59.621546+00	2026-10-05 13:07:59.687112+00	3.921	3.928842	3.755905939507754	3.921	3.928842	3.755905939507754	36.56	t	variant=ME_SHORT_GEOM_A_V1	HIGH_VOLATILITY	{"rr_ratio": 1.0, "body_ratio": 0.5624999999999931, "volume_ratio": 0.29590999950952, "_shadow_control": true, "rsi_confirmation": 0.17652574102903695, "stop_distance_atr": 0.6908112306654582, "exhaustion_magnitude": 0.01275510204081492, "_shadow_control_reason": "oos_experiment_baseline"}	{}
ME_SHORT_GEOM_B_V1	242783089	7883	LITUSDT	SHORT	2026-10-05 13:07:59.621546+00	2026-10-05 13:07:59.687112+00	3.921	3.928842	3.755905939507754	3.921	3.9504075	3.755905939507754	36.56	t	variant=ME_SHORT_GEOM_B_V1	HIGH_VOLATILITY	{"rr_ratio": 1.0, "body_ratio": 0.5624999999999931, "volume_ratio": 0.29590999950952, "_shadow_control": true, "rsi_confirmation": 0.17652574102903695, "stop_distance_atr": 0.6908112306654582, "exhaustion_magnitude": 0.01275510204081492, "_shadow_control_reason": "oos_experiment_baseline"}	{}
ME_SHORT_GEOM_A_V1	244378679	5666	STRKUSDT	SHORT	2026-10-04 02:02:04.472078+00	2026-10-04 02:02:04.506032+00	0.05391	0.05401782	0.04968521501917576	0.05391	0.05401782	0.04968521501917576	37.76	t	variant=ME_SHORT_GEOM_A_V1	HIGH_VOLATILITY	{"rr_ratio": 1.0, "body_ratio": 0.6190476190476049, "volume_ratio": 0.10285008596774273, "_shadow_control": true, "rsi_confirmation": 0.43877940915526586, "stop_distance_atr": 0.6850113114997942, "exhaustion_magnitude": 0.38317757009345854, "_shadow_control_reason": "oos_experiment_baseline"}	{}
ME_SHORT_GEOM_B_V1	244378679	5667	STRKUSDT	SHORT	2026-10-04 02:02:04.472078+00	2026-10-04 02:02:04.506032+00	0.05391	0.05401782	0.04968521501917576	0.05391	0.054314325	0.04968521501917576	37.76	t	variant=ME_SHORT_GEOM_B_V1	HIGH_VOLATILITY	{"rr_ratio": 1.0, "body_ratio": 0.6190476190476049, "volume_ratio": 0.10285008596774273, "_shadow_control": true, "rsi_confirmation": 0.43877940915526586, "stop_distance_atr": 0.6850113114997942, "exhaustion_magnitude": 0.38317757009345854, "_shadow_control_reason": "oos_experiment_baseline"}	{}
ME_SHORT_GEOM_A_V1	251124546	6964	KLACUSDT	SHORT	2026-10-04 21:10:09.286535+00	2026-10-04 21:10:09.32077+00	207.44	207.85488	206.13478205144926	207.44	207.85488	206.13478205144926	25.89	t	variant=ME_SHORT_GEOM_A_V1	TREND_UP	{"rr_ratio": 0.6640330437370828, "body_ratio": 0.0, "volume_ratio": 0.0, "_actual_regime": "TREND_UP", "_shadow_control": true, "_rejection_stage": "regime_filter", "_required_regime": "TREND_UP", "rsi_confirmation": 0.26515705018410546, "stop_distance_atr": 0.49801694888950454, "exhaustion_magnitude": 0.03135401090154731, "_shadow_control_reason": "oos_experiment_baseline", "_regime_counterfactual_oos": true}	{}
ME_SHORT_GEOM_B_V1	251124546	6965	KLACUSDT	SHORT	2026-10-04 21:10:09.286535+00	2026-10-04 21:10:09.32077+00	207.44	207.85488	206.13478205144926	207.44	208.9958	206.13478205144926	25.89	t	variant=ME_SHORT_GEOM_B_V1	TREND_UP	{"rr_ratio": 0.6640330437370828, "body_ratio": 0.0, "volume_ratio": 0.0, "_actual_regime": "TREND_UP", "_shadow_control": true, "_rejection_stage": "regime_filter", "_required_regime": "TREND_UP", "rsi_confirmation": 0.26515705018410546, "stop_distance_atr": 0.49801694888950454, "exhaustion_magnitude": 0.03135401090154731, "_shadow_control_reason": "oos_experiment_baseline", "_regime_counterfactual_oos": true}	{}
ME_SHORT_GEOM_A_V1	258347743	3274	MSTRUSDT	SHORT	2026-10-02 00:45:12.598464+00	2026-10-02 00:45:12.632736+00	161.48	161.80295999999998	157.66544239280813	161.48	161.80295999999998	157.66544239280813	33.86	t	variant=ME_SHORT_GEOM_A_V1	RANGE	{"rr_ratio": 1.0, "body_ratio": 0.0, "volume_ratio": 0.0, "_shadow_control": true, "rsi_confirmation": 0.21715533691405728, "stop_distance_atr": 0.8193894719547276, "exhaustion_magnitude": 0.003096550442803897, "_shadow_control_reason": "oos_experiment_baseline"}	{}
ME_SHORT_GEOM_B_V1	258347743	3275	MSTRUSDT	SHORT	2026-10-02 00:45:12.598464+00	2026-10-02 00:45:12.632736+00	161.48	161.80295999999998	157.66544239280813	161.48	162.69109999999998	157.66544239280813	33.86	t	variant=ME_SHORT_GEOM_B_V1	RANGE	{"rr_ratio": 1.0, "body_ratio": 0.0, "volume_ratio": 0.0, "_shadow_control": true, "rsi_confirmation": 0.21715533691405728, "stop_distance_atr": 0.8193894719547276, "exhaustion_magnitude": 0.003096550442803897, "_shadow_control_reason": "oos_experiment_baseline"}	{}
ME_SHORT_GEOM_A_V1	260008331	4224	SANDUSDT	SHORT	2026-10-02 16:21:50.060183+00	2026-10-02 16:21:50.10504+00	0.06504	0.06517008	0.05708372470903453	0.06504	0.06517008	0.05708372470903453	37.12	t	variant=ME_SHORT_GEOM_A_V1	HIGH_VOLATILITY	{"rr_ratio": 1.0, "body_ratio": 0.611650485436878, "volume_ratio": 0.2003797193597984, "_shadow_control": true, "rsi_confirmation": 0.16651349228768975, "stop_distance_atr": 0.8031341319412189, "exhaustion_magnitude": 0.03076923076922951, "_shadow_control_reason": "oos_experiment_baseline"}	{}
ME_SHORT_GEOM_B_V1	260008331	4225	SANDUSDT	SHORT	2026-10-02 16:21:50.060183+00	2026-10-02 16:21:50.10504+00	0.06504	0.06517008	0.05708372470903453	0.06504	0.0655278	0.05708372470903453	37.12	t	variant=ME_SHORT_GEOM_B_V1	HIGH_VOLATILITY	{"rr_ratio": 1.0, "body_ratio": 0.611650485436878, "volume_ratio": 0.2003797193597984, "_shadow_control": true, "rsi_confirmation": 0.16651349228768975, "stop_distance_atr": 0.8031341319412189, "exhaustion_magnitude": 0.03076923076922951, "_shadow_control_reason": "oos_experiment_baseline"}	{}
ME_SHORT_GEOM_A_V1	263416739	9038	ORCAUSDT	SHORT	2026-10-06 10:41:09.839532+00	2026-10-06 10:41:09.876952+00	2.5999	2.6050998	2.33576694915275	2.5999	2.6050998	2.33576694915275	40.58	t	variant=ME_SHORT_GEOM_A_V1	HIGH_VOLATILITY	{"rr_ratio": 1.0, "body_ratio": 0.5304347826086955, "volume_ratio": 0.21554757139512293, "_shadow_control": true, "rsi_confirmation": 0.6152687974161798, "stop_distance_atr": 0.7439769672488226, "exhaustion_magnitude": 0.5954929358190896, "_shadow_control_reason": "oos_experiment_baseline"}	{}
ME_SHORT_GEOM_B_V1	263416739	9039	ORCAUSDT	SHORT	2026-10-06 10:41:09.839532+00	2026-10-06 10:41:09.876952+00	2.5999	2.6050998	2.33576694915275	2.5999	2.61939925	2.33576694915275	40.58	t	variant=ME_SHORT_GEOM_B_V1	HIGH_VOLATILITY	{"rr_ratio": 1.0, "body_ratio": 0.5304347826086955, "volume_ratio": 0.21554757139512293, "_shadow_control": true, "rsi_confirmation": 0.6152687974161798, "stop_distance_atr": 0.7439769672488226, "exhaustion_magnitude": 0.5954929358190896, "_shadow_control_reason": "oos_experiment_baseline"}	{}
ME_SHORT_GEOM_A_V1	266197789	5251	SPCXUSDT	SHORT	2026-10-03 14:00:38.966696+00	2026-10-03 14:00:39.005971+00	159.19	159.50838	158.34387039208025	159.19	159.50838	158.34387039208025	29.83	t	variant=ME_SHORT_GEOM_A_V1	TREND_UP	{"rr_ratio": 0.7497903602505689, "body_ratio": 0.0, "volume_ratio": 0.0, "_actual_regime": "TREND_UP", "_shadow_control": true, "_rejection_stage": "regime_filter", "_required_regime": "TREND_UP", "rsi_confirmation": 0.9939313495808828, "stop_distance_atr": 0.5554312898582165, "exhaustion_magnitude": 0.00942447851218935, "_shadow_control_reason": "oos_experiment_baseline", "_regime_counterfactual_oos": true}	{}
ME_SHORT_GEOM_B_V1	266197789	5252	SPCXUSDT	SHORT	2026-10-03 14:00:38.966696+00	2026-10-03 14:00:39.005971+00	159.19	159.50838	158.34387039208025	159.19	160.383925	158.34387039208025	29.83	t	variant=ME_SHORT_GEOM_B_V1	TREND_UP	{"rr_ratio": 0.7497903602505689, "body_ratio": 0.0, "volume_ratio": 0.0, "_actual_regime": "TREND_UP", "_shadow_control": true, "_rejection_stage": "regime_filter", "_required_regime": "TREND_UP", "rsi_confirmation": 0.9939313495808828, "stop_distance_atr": 0.5554312898582165, "exhaustion_magnitude": 0.00942447851218935, "_shadow_control_reason": "oos_experiment_baseline", "_regime_counterfactual_oos": true}	{}
ME_SHORT_GEOM_A_V1	280023554	8471	RLCUSDT	SHORT	2026-10-06 00:14:24.561675+00	2026-10-06 00:14:24.604505+00	0.778	0.779556	0.6485616891563791	0.778	0.779556	0.6485616891563791	42.61	t	variant=ME_SHORT_GEOM_A_V1	HIGH_VOLATILITY	{"rr_ratio": 0.8482006606380645, "body_ratio": 0.8395061728395101, "volume_ratio": 0.41260153671908456, "_shadow_control": true, "rsi_confirmation": 1.0, "stop_distance_atr": 0.6070112311836906, "exhaustion_magnitude": 1.0, "_shadow_control_reason": "oos_experiment_baseline"}	{}
ME_SHORT_GEOM_B_V1	280023554	8472	RLCUSDT	SHORT	2026-10-06 00:14:24.561675+00	2026-10-06 00:14:24.604505+00	0.778	0.779556	0.6485616891563791	0.778	0.7838350000000001	0.6485616891563791	42.61	t	variant=ME_SHORT_GEOM_B_V1	HIGH_VOLATILITY	{"rr_ratio": 0.8482006606380645, "body_ratio": 0.8395061728395101, "volume_ratio": 0.41260153671908456, "_shadow_control": true, "rsi_confirmation": 1.0, "stop_distance_atr": 0.6070112311836906, "exhaustion_magnitude": 1.0, "_shadow_control_reason": "oos_experiment_baseline"}	{}
ME_SHORT_GEOM_A_V1	286610536	4035	XAUTUSDT	SHORT	2026-10-02 12:51:43.329216+00	2026-10-02 12:51:43.35415+00	4218.8	4227.2376	4172.979843882818	4218.8	4227.2376	4172.979843882818	22.51	t	variant=ME_SHORT_GEOM_A_V1	RANGE	{"rr_ratio": 0.4190678508833483, "body_ratio": 0.48235294117640637, "volume_ratio": 0.11201710024473026, "_shadow_control": true, "rsi_confirmation": 0.0863716279105868, "stop_distance_atr": 0.2045838576480965, "exhaustion_magnitude": 0.316055625790139, "_shadow_control_reason": "oos_experiment_baseline"}	{}
ME_SHORT_GEOM_B_V1	286610536	4036	XAUTUSDT	SHORT	2026-10-02 12:51:43.329216+00	2026-10-02 12:51:43.35415+00	4218.8	4227.2376	4172.979843882818	4218.8	4250.441	4172.979843882818	22.51	t	variant=ME_SHORT_GEOM_B_V1	RANGE	{"rr_ratio": 0.4190678508833483, "body_ratio": 0.48235294117640637, "volume_ratio": 0.11201710024473026, "_shadow_control": true, "rsi_confirmation": 0.0863716279105868, "stop_distance_atr": 0.2045838576480965, "exhaustion_magnitude": 0.316055625790139, "_shadow_control_reason": "oos_experiment_baseline"}	{}
ME_SHORT_GEOM_A_V1	296845377	9079	SPCXUSDT	SHORT	2026-10-06 11:40:50.627037+00	2026-10-06 11:40:50.669982+00	173.49	173.83698	170.9304864177078	173.49	173.83698	170.9304864177078	27.54	t	variant=ME_SHORT_GEOM_A_V1	TREND_UP	{"rr_ratio": 0.5340333107403199, "body_ratio": 0.33333333333325443, "volume_ratio": 0.16083859952837454, "_actual_regime": "TREND_UP", "_shadow_control": true, "_rejection_stage": "regime_filter", "_required_regime": "TREND_UP", "rsi_confirmation": 0.6188457511950011, "stop_distance_atr": 0.3758192108442814, "exhaustion_magnitude": 0.324882520160122, "_shadow_control_reason": "oos_experiment_baseline", "_regime_counterfactual_oos": true}	{}
ME_SHORT_GEOM_B_V1	296845377	9080	SPCXUSDT	SHORT	2026-10-06 11:40:50.627037+00	2026-10-06 11:40:50.669982+00	173.49	173.83698	170.9304864177078	173.49	174.791175	170.9304864177078	27.54	t	variant=ME_SHORT_GEOM_B_V1	TREND_UP	{"rr_ratio": 0.5340333107403199, "body_ratio": 0.33333333333325443, "volume_ratio": 0.16083859952837454, "_actual_regime": "TREND_UP", "_shadow_control": true, "_rejection_stage": "regime_filter", "_required_regime": "TREND_UP", "rsi_confirmation": 0.6188457511950011, "stop_distance_atr": 0.3758192108442814, "exhaustion_magnitude": 0.324882520160122, "_shadow_control_reason": "oos_experiment_baseline", "_regime_counterfactual_oos": true}	{}
ME_SHORT_GEOM_A_V1	298575758	4169	SANDUSDT	SHORT	2026-10-02 14:36:52.333661+00	2026-10-02 14:36:52.366036+00	0.06794	0.06807588	0.057939036542138236	0.06794	0.06807588	0.057939036542138236	34.26	t	variant=ME_SHORT_GEOM_A_V1	HIGH_VOLATILITY	{"rr_ratio": 0.5858881372498332, "body_ratio": 0.9365079365079396, "volume_ratio": 0.24647347297228916, "_shadow_control": true, "rsi_confirmation": 0.45892297936131093, "stop_distance_atr": 0.43106318059620674, "exhaustion_magnitude": 1.0, "_shadow_control_reason": "oos_experiment_baseline"}	{}
ME_SHORT_GEOM_B_V1	298575758	4170	SANDUSDT	SHORT	2026-10-02 14:36:52.333661+00	2026-10-02 14:36:52.366036+00	0.06794	0.06807588	0.057939036542138236	0.06794	0.06844955	0.057939036542138236	34.26	t	variant=ME_SHORT_GEOM_B_V1	HIGH_VOLATILITY	{"rr_ratio": 0.5858881372498332, "body_ratio": 0.9365079365079396, "volume_ratio": 0.24647347297228916, "_shadow_control": true, "rsi_confirmation": 0.45892297936131093, "stop_distance_atr": 0.43106318059620674, "exhaustion_magnitude": 1.0, "_shadow_control_reason": "oos_experiment_baseline"}	{}
ME_SHORT_GEOM_A_V1	298637476	8549	RLCUSDT	SHORT	2026-10-06 00:39:28.782324+00	2026-10-06 00:39:28.819653+00	0.7534	0.7549068	0.6292188320135219	0.7534	0.7549068	0.6292188320135219	41.6	t	variant=ME_SHORT_GEOM_A_V1	HIGH_VOLATILITY	{"rr_ratio": 1.0, "body_ratio": 0.6016949152542352, "volume_ratio": 0.1855495871474975, "_shadow_control": true, "rsi_confirmation": 0.989911633420806, "stop_distance_atr": 0.6739141260170025, "exhaustion_magnitude": 0.7203446882994433, "_shadow_control_reason": "oos_experiment_baseline"}	{}
ME_SHORT_GEOM_B_V1	298637476	8550	RLCUSDT	SHORT	2026-10-06 00:39:28.782324+00	2026-10-06 00:39:28.819653+00	0.7534	0.7549068	0.6292188320135219	0.7534	0.7590505	0.6292188320135219	41.6	t	variant=ME_SHORT_GEOM_B_V1	HIGH_VOLATILITY	{"rr_ratio": 1.0, "body_ratio": 0.6016949152542352, "volume_ratio": 0.1855495871474975, "_shadow_control": true, "rsi_confirmation": 0.989911633420806, "stop_distance_atr": 0.6739141260170025, "exhaustion_magnitude": 0.7203446882994433, "_shadow_control_reason": "oos_experiment_baseline"}	{}
ME_SHORT_GEOM_A_V1	306351088	5770	STRKUSDT	SHORT	2026-10-04 03:17:17.977288+00	2026-10-04 03:17:18.008066+00	0.05363	0.053737259999999995	0.0493972915131603	0.05363	0.053737259999999995	0.0493972915131603	37.24	t	variant=ME_SHORT_GEOM_A_V1	HIGH_VOLATILITY	{"rr_ratio": 1.0, "body_ratio": 0.8285714285714336, "volume_ratio": 0.15217761947388314, "_shadow_control": true, "rsi_confirmation": 0.3169471462438101, "stop_distance_atr": 0.6977653449206567, "exhaustion_magnitude": 0.12149532710280203, "_shadow_control_reason": "oos_experiment_baseline"}	{}
ME_SHORT_GEOM_B_V1	306351088	5771	STRKUSDT	SHORT	2026-10-04 03:17:17.977288+00	2026-10-04 03:17:18.008066+00	0.05363	0.053737259999999995	0.0493972915131603	0.05363	0.054032224999999996	0.0493972915131603	37.24	t	variant=ME_SHORT_GEOM_B_V1	HIGH_VOLATILITY	{"rr_ratio": 1.0, "body_ratio": 0.8285714285714336, "volume_ratio": 0.15217761947388314, "_shadow_control": true, "rsi_confirmation": 0.3169471462438101, "stop_distance_atr": 0.6977653449206567, "exhaustion_magnitude": 0.12149532710280203, "_shadow_control_reason": "oos_experiment_baseline"}	{}
ME_SHORT_GEOM_A_V1	319101275	5650	STRKUSDT	SHORT	2026-10-04 01:47:01.388482+00	2026-10-04 01:47:01.428317+00	0.05474	0.05484948	0.05010407776437168	0.05474	0.05484948	0.05010407776437168	39.64	t	variant=ME_SHORT_GEOM_A_V1	HIGH_VOLATILITY	{"rr_ratio": 0.8933632770905932, "body_ratio": 0.7777777777777921, "volume_ratio": 0.06651678175151332, "_shadow_control": true, "rsi_confirmation": 0.7009226189989534, "stop_distance_atr": 0.6268781783611073, "exhaustion_magnitude": 1.0, "_shadow_control_reason": "oos_experiment_baseline"}	{}
ME_SHORT_GEOM_B_V1	319101275	5651	STRKUSDT	SHORT	2026-10-04 01:47:01.388482+00	2026-10-04 01:47:01.428317+00	0.05474	0.05484948	0.05010407776437168	0.05474	0.05515055	0.05010407776437168	39.64	t	variant=ME_SHORT_GEOM_B_V1	HIGH_VOLATILITY	{"rr_ratio": 0.8933632770905932, "body_ratio": 0.7777777777777921, "volume_ratio": 0.06651678175151332, "_shadow_control": true, "rsi_confirmation": 0.7009226189989534, "stop_distance_atr": 0.6268781783611073, "exhaustion_magnitude": 1.0, "_shadow_control_reason": "oos_experiment_baseline"}	{}
ME_SHORT_GEOM_A_V1	322051802	4120	BTCUSDT	SHORT	2026-10-02 13:46:34.396472+00	2026-10-02 13:46:34.424825+00	87130.0	87304.26	85831.9954116811	87130.0	87304.26	85831.9954116811	34.3	t	variant=ME_SHORT_GEOM_A_V1	TREND_UP	{"rr_ratio": 0.7733163369254824, "body_ratio": 0.9423233143786208, "volume_ratio": 0.1194722807852559, "_actual_regime": "TREND_UP", "_shadow_control": true, "_rejection_stage": "regime_filter", "_required_regime": "TREND_UP", "rsi_confirmation": 0.6140133300736333, "stop_distance_atr": 0.5689560437083435, "exhaustion_magnitude": 0.27691831861705535, "_shadow_control_reason": "oos_experiment_baseline", "_regime_counterfactual_oos": true}	{}
ME_SHORT_GEOM_B_V1	322051802	4121	BTCUSDT	SHORT	2026-10-02 13:46:34.396472+00	2026-10-02 13:46:34.424825+00	87130.0	87304.26	85831.9954116811	87130.0	87783.475	85831.9954116811	34.3	t	variant=ME_SHORT_GEOM_B_V1	TREND_UP	{"rr_ratio": 0.7733163369254824, "body_ratio": 0.9423233143786208, "volume_ratio": 0.1194722807852559, "_actual_regime": "TREND_UP", "_shadow_control": true, "_rejection_stage": "regime_filter", "_required_regime": "TREND_UP", "rsi_confirmation": 0.6140133300736333, "stop_distance_atr": 0.5689560437083435, "exhaustion_magnitude": 0.27691831861705535, "_shadow_control_reason": "oos_experiment_baseline", "_regime_counterfactual_oos": true}	{}
ME_SHORT_GEOM_A_V1	332690896	725	PUMPFUNUSDT	SHORT	2026-09-29 22:31:29.479052+00	2026-09-29 22:31:29.501296+00	0.00592	0.00593184	0.005407442858497342	0.00592	0.00593184	0.005407442858497342	38.68	t	variant=ME_SHORT_GEOM_A_V1	HIGH_VOLATILITY	{"rr_ratio": 1.0, "body_ratio": 0.5714285714285803, "volume_ratio": 0.05594781849256328, "_shadow_control": true, "rsi_confirmation": 0.17664206195525195, "stop_distance_atr": 0.7820498350753283, "exhaustion_magnitude": 0.6329113924050657, "_shadow_control_reason": "oos_experiment_baseline"}	{}
ME_SHORT_GEOM_B_V1	332690896	726	PUMPFUNUSDT	SHORT	2026-09-29 22:31:29.479052+00	2026-09-29 22:31:29.501296+00	0.00592	0.00593184	0.005407442858497342	0.00592	0.0059644	0.005407442858497342	38.68	t	variant=ME_SHORT_GEOM_B_V1	HIGH_VOLATILITY	{"rr_ratio": 1.0, "body_ratio": 0.5714285714285803, "volume_ratio": 0.05594781849256328, "_shadow_control": true, "rsi_confirmation": 0.17664206195525195, "stop_distance_atr": 0.7820498350753283, "exhaustion_magnitude": 0.6329113924050657, "_shadow_control_reason": "oos_experiment_baseline"}	{}
ME_SHORT_GEOM_A_V1	341092418	7045	XRPUSDT	SHORT	2026-10-04 21:49:58.93531+00	2026-10-04 21:49:58.974913+00	1.513	1.5160259999999999	1.497023939995729	1.513	1.5160259999999999	1.497023939995729	29.12	t	variant=ME_SHORT_GEOM_A_V1	RANGE	{"rr_ratio": 0.6523529413980381, "body_ratio": 0.8235294117647058, "volume_ratio": 0.07390785208526562, "_shadow_control": true, "rsi_confirmation": 0.2616435487907249, "stop_distance_atr": 0.4890291555688001, "exhaustion_magnitude": 0.11925268318536589, "_shadow_control_reason": "oos_experiment_baseline"}	{}
ME_SHORT_GEOM_B_V1	341092418	7046	XRPUSDT	SHORT	2026-10-04 21:49:58.93531+00	2026-10-04 21:49:58.974913+00	1.513	1.5160259999999999	1.497023939995729	1.513	1.5243475	1.497023939995729	29.12	t	variant=ME_SHORT_GEOM_B_V1	RANGE	{"rr_ratio": 0.6523529413980381, "body_ratio": 0.8235294117647058, "volume_ratio": 0.07390785208526562, "_shadow_control": true, "rsi_confirmation": 0.2616435487907249, "stop_distance_atr": 0.4890291555688001, "exhaustion_magnitude": 0.11925268318536589, "_shadow_control_reason": "oos_experiment_baseline"}	{}
ME_SHORT_GEOM_A_V1	345606166	3521	ZROUSDT	SHORT	2026-10-02 05:15:43.300408+00	2026-10-02 05:15:43.327973+00	1.8925	1.896285	1.7812988282329938	1.8925	1.896285	1.7812988282329938	37.46	t	variant=ME_SHORT_GEOM_A_V1	HIGH_VOLATILITY	{"rr_ratio": 1.0, "body_ratio": 0.5499999999999945, "volume_ratio": 0.035849769731425236, "_shadow_control": true, "rsi_confirmation": 0.004619563430179596, "stop_distance_atr": 0.8803811116403758, "exhaustion_magnitude": 0.34047986380805834, "_shadow_control_reason": "oos_experiment_baseline"}	{}
ME_SHORT_GEOM_B_V1	345606166	3522	ZROUSDT	SHORT	2026-10-02 05:15:43.300408+00	2026-10-02 05:15:43.327973+00	1.8925	1.896285	1.7812988282329938	1.8925	1.90669375	1.7812988282329938	37.46	t	variant=ME_SHORT_GEOM_B_V1	HIGH_VOLATILITY	{"rr_ratio": 1.0, "body_ratio": 0.5499999999999945, "volume_ratio": 0.035849769731425236, "_shadow_control": true, "rsi_confirmation": 0.004619563430179596, "stop_distance_atr": 0.8803811116403758, "exhaustion_magnitude": 0.34047986380805834, "_shadow_control_reason": "oos_experiment_baseline"}	{}
ME_SHORT_GEOM_A_V1	352839455	6596	BTCUSDT	SHORT	2026-10-04 15:23:57.664465+00	2026-10-04 15:23:57.704079+00	85450.0	85620.9	84943.35475197295	85450.0	85620.9	84943.35475197295	29.39	t	variant=ME_SHORT_GEOM_A_V1	TREND_UP	{"rr_ratio": 0.45607042762095723, "body_ratio": 0.4001736111111718, "volume_ratio": 1.0, "_actual_regime": "TREND_UP", "_shadow_control": true, "_rejection_stage": "regime_filter", "_required_regime": "TREND_UP", "rsi_confirmation": 0.12844686865159172, "stop_distance_atr": 0.26911873003447095, "exhaustion_magnitude": 0.05506349875814237, "_shadow_control_reason": "oos_experiment_baseline", "_regime_counterfactual_oos": true}	{}
ME_SHORT_GEOM_B_V1	352839455	6597	BTCUSDT	SHORT	2026-10-04 15:23:57.664465+00	2026-10-04 15:23:57.704079+00	85450.0	85620.9	84943.35475197295	85450.0	86090.875	84943.35475197295	29.39	t	variant=ME_SHORT_GEOM_B_V1	TREND_UP	{"rr_ratio": 0.45607042762095723, "body_ratio": 0.4001736111111718, "volume_ratio": 1.0, "_actual_regime": "TREND_UP", "_shadow_control": true, "_rejection_stage": "regime_filter", "_required_regime": "TREND_UP", "rsi_confirmation": 0.12844686865159172, "stop_distance_atr": 0.26911873003447095, "exhaustion_magnitude": 0.05506349875814237, "_shadow_control_reason": "oos_experiment_baseline", "_regime_counterfactual_oos": true}	{}
ME_SHORT_GEOM_A_V1	359895462	6411	SOLUSDT	SHORT	2026-10-04 13:03:38.3167+00	2026-10-04 13:03:38.360827+00	121.54	121.78308000000001	120.2561499171958	121.54	121.78308000000001	120.2561499171958	30.8	t	variant=ME_SHORT_GEOM_A_V1	TREND_UP	{"rr_ratio": 0.6783878526968402, "body_ratio": 1.0, "volume_ratio": 0.19771809485361444, "_actual_regime": "TREND_UP", "_shadow_control": true, "_rejection_stage": "regime_filter", "_required_regime": "TREND_UP", "rsi_confirmation": 0.161162373786082, "stop_distance_atr": 0.5086390005242387, "exhaustion_magnitude": 0.09479845025142361, "_shadow_control_reason": "oos_experiment_baseline", "_regime_counterfactual_oos": true}	{}
ME_SHORT_GEOM_B_V1	359895462	6412	SOLUSDT	SHORT	2026-10-04 13:03:38.3167+00	2026-10-04 13:03:38.360827+00	121.54	121.78308000000001	120.2561499171958	121.54	122.45155000000001	120.2561499171958	30.8	t	variant=ME_SHORT_GEOM_B_V1	TREND_UP	{"rr_ratio": 0.6783878526968402, "body_ratio": 1.0, "volume_ratio": 0.19771809485361444, "_actual_regime": "TREND_UP", "_shadow_control": true, "_rejection_stage": "regime_filter", "_required_regime": "TREND_UP", "rsi_confirmation": 0.161162373786082, "stop_distance_atr": 0.5086390005242387, "exhaustion_magnitude": 0.09479845025142361, "_shadow_control_reason": "oos_experiment_baseline", "_regime_counterfactual_oos": true}	{}
ME_SHORT_GEOM_A_V1	371153118	6857	XRPUSDT	SHORT	2026-10-04 19:24:36.725085+00	2026-10-04 19:24:36.783063+00	1.5081	1.5111162	1.4947205804603976	1.5081	1.5111162	1.4947205804603976	35.81	t	variant=ME_SHORT_GEOM_A_V1	RANGE	{"rr_ratio": 0.9629065303355313, "body_ratio": 0.7857142857141611, "volume_ratio": 0.21075009675953907, "_shadow_control": true, "rsi_confirmation": 0.09676665190923663, "stop_distance_atr": 0.6538258669642822, "exhaustion_magnitude": 0.09966115208291447, "_shadow_control_reason": "oos_experiment_baseline"}	{}
ME_SHORT_GEOM_B_V1	371153118	6858	XRPUSDT	SHORT	2026-10-04 19:24:36.725085+00	2026-10-04 19:24:36.783063+00	1.5081	1.5111162	1.4947205804603976	1.5081	1.51941075	1.4947205804603976	35.81	t	variant=ME_SHORT_GEOM_B_V1	RANGE	{"rr_ratio": 0.9629065303355313, "body_ratio": 0.7857142857141611, "volume_ratio": 0.21075009675953907, "_shadow_control": true, "rsi_confirmation": 0.09676665190923663, "stop_distance_atr": 0.6538258669642822, "exhaustion_magnitude": 0.09966115208291447, "_shadow_control_reason": "oos_experiment_baseline"}	{}
ME_SHORT_GEOM_A_V1	375504835	7594	NILUSDT	SHORT	2026-10-05 07:12:00.625382+00	2026-10-05 07:12:00.668201+00	0.109	0.109218	0.09658897717590291	0.109	0.109218	0.09658897717590291	29.25	t	variant=ME_SHORT_GEOM_A_V1	HIGH_VOLATILITY	{"rr_ratio": 0.5665542841739405, "body_ratio": 0.582191780821919, "volume_ratio": 0.15793427734533574, "_shadow_control": true, "rsi_confirmation": 0.4514424003618103, "stop_distance_atr": 0.4116480227144572, "exhaustion_magnitude": 0.45361970005554286, "_shadow_control_reason": "oos_experiment_baseline"}	{}
ME_SHORT_GEOM_B_V1	375504835	7595	NILUSDT	SHORT	2026-10-05 07:12:00.625382+00	2026-10-05 07:12:00.668201+00	0.109	0.109218	0.09658897717590291	0.109	0.1098175	0.09658897717590291	29.25	t	variant=ME_SHORT_GEOM_B_V1	HIGH_VOLATILITY	{"rr_ratio": 0.5665542841739405, "body_ratio": 0.582191780821919, "volume_ratio": 0.15793427734533574, "_shadow_control": true, "rsi_confirmation": 0.4514424003618103, "stop_distance_atr": 0.4116480227144572, "exhaustion_magnitude": 0.45361970005554286, "_shadow_control_reason": "oos_experiment_baseline"}	{}
ME_SHORT_GEOM_A_V1	380036248	7367	XAUUSDT	SHORT	2026-10-05 01:40:56.40021+00	2026-10-05 01:40:56.442276+00	4163.17	4171.49634	4150.005210410955	4163.17	4171.49634	4150.005210410955	17.39	t	variant=ME_SHORT_GEOM_A_V1	RANGE	{"rr_ratio": 0.2653217159979394, "body_ratio": 0.5652173913038321, "volume_ratio": 0.053379472831689, "_shadow_control": true, "rsi_confirmation": 0.14541442681569378, "stop_distance_atr": 0.0, "exhaustion_magnitude": 0.171005885783982, "_shadow_control_reason": "oos_experiment_baseline"}	{}
ME_SHORT_GEOM_B_V1	380036248	7368	XAUUSDT	SHORT	2026-10-05 01:40:56.40021+00	2026-10-05 01:40:56.442276+00	4163.17	4171.49634	4150.005210410955	4163.17	4194.3937750000005	4150.005210410955	17.39	t	variant=ME_SHORT_GEOM_B_V1	RANGE	{"rr_ratio": 0.2653217159979394, "body_ratio": 0.5652173913038321, "volume_ratio": 0.053379472831689, "_shadow_control": true, "rsi_confirmation": 0.14541442681569378, "stop_distance_atr": 0.0, "exhaustion_magnitude": 0.171005885783982, "_shadow_control_reason": "oos_experiment_baseline"}	{}
ME_SHORT_GEOM_A_V1	386075798	5693	USELESSUSDT	SHORT	2026-10-04 02:12:18.966007+00	2026-10-04 02:12:19.042283+00	0.24527	0.24576054	0.23398203850045654	0.24527	0.24576054	0.23398203850045654	37.72	t	variant=ME_SHORT_GEOM_A_V1	HIGH_VOLATILITY	{"rr_ratio": 1.0, "body_ratio": 0.6078431372548987, "volume_ratio": 0.10649221176782028, "_shadow_control": true, "rsi_confirmation": 0.16841623450634605, "stop_distance_atr": 0.7854662549343039, "exhaustion_magnitude": 0.33657595534211193, "_shadow_control_reason": "oos_experiment_baseline"}	{}
ME_SHORT_GEOM_B_V1	386075798	5694	USELESSUSDT	SHORT	2026-10-04 02:12:18.966007+00	2026-10-04 02:12:19.042283+00	0.24527	0.24576054	0.23398203850045654	0.24527	0.247109525	0.23398203850045654	37.72	t	variant=ME_SHORT_GEOM_B_V1	HIGH_VOLATILITY	{"rr_ratio": 1.0, "body_ratio": 0.6078431372548987, "volume_ratio": 0.10649221176782028, "_shadow_control": true, "rsi_confirmation": 0.16841623450634605, "stop_distance_atr": 0.7854662549343039, "exhaustion_magnitude": 0.33657595534211193, "_shadow_control_reason": "oos_experiment_baseline"}	{}
ME_SHORT_GEOM_A_V1	386208500	7423	HBARUSDT	SHORT	2026-10-05 03:41:24.523094+00	2026-10-05 03:41:24.565231+00	0.10446	0.10466892	0.10258511723840265	0.10446	0.10466892	0.10258511723840265	35.19	t	variant=ME_SHORT_GEOM_A_V1	RANGE	{"rr_ratio": 1.0, "body_ratio": 0.466666666666679, "volume_ratio": 0.005704511374002449, "_shadow_control": true, "rsi_confirmation": 0.03468808124828039, "stop_distance_atr": 0.7632357520105433, "exhaustion_magnitude": 0.20184544405997873, "_shadow_control_reason": "oos_experiment_baseline"}	{}
ME_SHORT_GEOM_B_V1	386208500	7424	HBARUSDT	SHORT	2026-10-05 03:41:24.523094+00	2026-10-05 03:41:24.565231+00	0.10446	0.10466892	0.10258511723840265	0.10446	0.10524345	0.10258511723840265	35.19	t	variant=ME_SHORT_GEOM_B_V1	RANGE	{"rr_ratio": 1.0, "body_ratio": 0.466666666666679, "volume_ratio": 0.005704511374002449, "_shadow_control": true, "rsi_confirmation": 0.03468808124828039, "stop_distance_atr": 0.7632357520105433, "exhaustion_magnitude": 0.20184544405997873, "_shadow_control_reason": "oos_experiment_baseline"}	{}
ME_SHORT_GEOM_A_V1	388007803	1716	USUSDT	SHORT	2026-09-30 21:48:06.224189+00	2026-09-30 21:48:06.252382+00	0.02719	0.02724438	0.02309241735869762	0.02719	0.02724438	0.02309241735869762	42.91	t	variant=ME_SHORT_GEOM_A_V1	HIGH_VOLATILITY	{"rr_ratio": 1.0, "body_ratio": 0.5526315789473706, "volume_ratio": 0.7584684614101508, "_shadow_control": true, "rsi_confirmation": 0.07179501819933876, "stop_distance_atr": 0.8679293563708237, "exhaustion_magnitude": 0.25878003696857255, "_shadow_control_reason": "oos_experiment_baseline"}	{}
ME_SHORT_GEOM_B_V1	388007803	1717	USUSDT	SHORT	2026-09-30 21:48:06.224189+00	2026-09-30 21:48:06.252382+00	0.02719	0.02724438	0.02309241735869762	0.02719	0.027393925	0.02309241735869762	42.91	t	variant=ME_SHORT_GEOM_B_V1	HIGH_VOLATILITY	{"rr_ratio": 1.0, "body_ratio": 0.5526315789473706, "volume_ratio": 0.7584684614101508, "_shadow_control": true, "rsi_confirmation": 0.07179501819933876, "stop_distance_atr": 0.8679293563708237, "exhaustion_magnitude": 0.25878003696857255, "_shadow_control_reason": "oos_experiment_baseline"}	{}
ME_SHORT_GEOM_A_V1	389343869	3745	HYPEUSDT	SHORT	2026-10-02 10:54:07.060367+00	2026-10-02 10:54:07.084472+00	91.12	91.30224	88.94243051314635	91.12	91.30224	88.94243051314635	38.19	t	variant=ME_SHORT_GEOM_A_V1	RANGE	{"rr_ratio": 1.0, "body_ratio": 0.3684210526316223, "volume_ratio": 0.4256674464848798, "_shadow_control": true, "rsi_confirmation": 0.0532346116153775, "stop_distance_atr": 0.7945207040152117, "exhaustion_magnitude": 0.11549884501155427, "_shadow_control_reason": "oos_experiment_baseline"}	{}
ME_SHORT_GEOM_B_V1	389343869	3746	HYPEUSDT	SHORT	2026-10-02 10:54:07.060367+00	2026-10-02 10:54:07.084472+00	91.12	91.30224	88.94243051314635	91.12	91.80340000000001	88.94243051314635	38.19	t	variant=ME_SHORT_GEOM_B_V1	RANGE	{"rr_ratio": 1.0, "body_ratio": 0.3684210526316223, "volume_ratio": 0.4256674464848798, "_shadow_control": true, "rsi_confirmation": 0.0532346116153775, "stop_distance_atr": 0.7945207040152117, "exhaustion_magnitude": 0.11549884501155427, "_shadow_control_reason": "oos_experiment_baseline"}	{}
ME_SHORT_GEOM_A_V1	392683745	764	SOONUSDT	SHORT	2026-09-29 23:36:51.074009+00	2026-09-29 23:36:51.100691+00	0.4344	0.4352688	0.37082045512278516	0.4344	0.4352688	0.37082045512278516	35.37	t	variant=ME_SHORT_GEOM_A_V1	HIGH_VOLATILITY	{"rr_ratio": 0.7060488091102674, "body_ratio": 0.6842105263157972, "volume_ratio": 0.20628927902081076, "_shadow_control": true, "rsi_confirmation": 0.26648671769742693, "stop_distance_atr": 0.5278891076193643, "exhaustion_magnitude": 1.0, "_shadow_control_reason": "oos_experiment_baseline"}	{}
ME_SHORT_GEOM_B_V1	392683745	765	SOONUSDT	SHORT	2026-09-29 23:36:51.074009+00	2026-09-29 23:36:51.100691+00	0.4344	0.4352688	0.37082045512278516	0.4344	0.437658	0.37082045512278516	35.37	t	variant=ME_SHORT_GEOM_B_V1	HIGH_VOLATILITY	{"rr_ratio": 0.7060488091102674, "body_ratio": 0.6842105263157972, "volume_ratio": 0.20628927902081076, "_shadow_control": true, "rsi_confirmation": 0.26648671769742693, "stop_distance_atr": 0.5278891076193643, "exhaustion_magnitude": 1.0, "_shadow_control_reason": "oos_experiment_baseline"}	{}
ME_SHORT_GEOM_A_V1	396892869	6275	NEARUSDT	SHORT	2026-10-04 11:23:28.562181+00	2026-10-04 11:23:28.595164+00	4.938	4.947876	4.76310479803316	4.938	4.947876	4.76310479803316	37.97	t	variant=ME_SHORT_GEOM_A_V1	RANGE	{"rr_ratio": 1.0, "body_ratio": 0.7777777777777705, "volume_ratio": 0.2014320017797272, "_shadow_control": true, "rsi_confirmation": 0.15349041234924718, "stop_distance_atr": 0.6885912409542069, "exhaustion_magnitude": 0.3363914373088631, "_shadow_control_reason": "oos_experiment_baseline"}	{}
ME_SHORT_GEOM_B_V1	396892869	6276	NEARUSDT	SHORT	2026-10-04 11:23:28.562181+00	2026-10-04 11:23:28.595164+00	4.938	4.947876	4.76310479803316	4.938	4.975035	4.76310479803316	37.97	t	variant=ME_SHORT_GEOM_B_V1	RANGE	{"rr_ratio": 1.0, "body_ratio": 0.7777777777777705, "volume_ratio": 0.2014320017797272, "_shadow_control": true, "rsi_confirmation": 0.15349041234924718, "stop_distance_atr": 0.6885912409542069, "exhaustion_magnitude": 0.3363914373088631, "_shadow_control_reason": "oos_experiment_baseline"}	{}
ME_SHORT_GEOM_A_V1	399679040	6869	BTCUSDT	SHORT	2026-10-04 19:44:35.494472+00	2026-10-04 19:44:35.543792+00	85554.5	85725.609	85001.94105357146	85554.5	85725.609	85001.94105357146	26.58	t	variant=ME_SHORT_GEOM_A_V1	TREND_UP	{"rr_ratio": 0.38095810932739455, "body_ratio": 0.36203090507727154, "volume_ratio": 0.983920746808916, "_actual_regime": "TREND_UP", "_shadow_control": true, "_rejection_stage": "regime_filter", "_required_regime": "TREND_UP", "rsi_confirmation": 0.11726233409649657, "stop_distance_atr": 0.1250131571635028, "exhaustion_magnitude": 0.061146869514335865, "_shadow_control_reason": "oos_experiment_baseline", "_regime_counterfactual_oos": true}	{}
ME_SHORT_GEOM_B_V1	399679040	6870	BTCUSDT	SHORT	2026-10-04 19:44:35.494472+00	2026-10-04 19:44:35.543792+00	85554.5	85725.609	85001.94105357146	85554.5	86196.15875	85001.94105357146	26.58	t	variant=ME_SHORT_GEOM_B_V1	TREND_UP	{"rr_ratio": 0.38095810932739455, "body_ratio": 0.36203090507727154, "volume_ratio": 0.983920746808916, "_actual_regime": "TREND_UP", "_shadow_control": true, "_rejection_stage": "regime_filter", "_required_regime": "TREND_UP", "rsi_confirmation": 0.11726233409649657, "stop_distance_atr": 0.1250131571635028, "exhaustion_magnitude": 0.061146869514335865, "_shadow_control_reason": "oos_experiment_baseline", "_regime_counterfactual_oos": true}	{}
ME_SHORT_GEOM_A_V1	400682355	7786	ADAUSDT	SHORT	2026-10-05 11:12:25.898207+00	2026-10-05 11:12:25.941705+00	0.2755	0.27605100000000005	0.2648208811721908	0.2755	0.27605100000000005	0.2648208811721908	37.67	t	variant=ME_SHORT_GEOM_A_V1	HIGH_VOLATILITY	{"rr_ratio": 0.935176643827977, "body_ratio": 0.8571428571428799, "volume_ratio": 0.19797890020448397, "_shadow_control": true, "rsi_confirmation": 0.5617724194118182, "stop_distance_atr": 0.6435611009606772, "exhaustion_magnitude": 0.2737226277372265, "_shadow_control_reason": "oos_experiment_baseline"}	{}
ME_SHORT_GEOM_B_V1	400682355	7787	ADAUSDT	SHORT	2026-10-05 11:12:25.898207+00	2026-10-05 11:12:25.941705+00	0.2755	0.27605100000000005	0.2648208811721908	0.2755	0.27756625	0.2648208811721908	37.67	t	variant=ME_SHORT_GEOM_B_V1	HIGH_VOLATILITY	{"rr_ratio": 0.935176643827977, "body_ratio": 0.8571428571428799, "volume_ratio": 0.19797890020448397, "_shadow_control": true, "rsi_confirmation": 0.5617724194118182, "stop_distance_atr": 0.6435611009606772, "exhaustion_magnitude": 0.2737226277372265, "_shadow_control_reason": "oos_experiment_baseline"}	{}
ME_SHORT_GEOM_A_V1	405285085	8411	ZROUSDT	SHORT	2026-10-05 23:24:26.921048+00	2026-10-05 23:24:26.9545+00	2.1215	2.1257430000000004	2.013159933777188	2.1215	2.1257430000000004	2.013159933777188	41.42	t	variant=ME_SHORT_GEOM_A_V1	HIGH_VOLATILITY	{"rr_ratio": 1.0, "body_ratio": 0.913043478260878, "volume_ratio": 0.4138306382291955, "_shadow_control": true, "rsi_confirmation": 0.06691090773106984, "stop_distance_atr": 0.838632253829437, "exhaustion_magnitude": 0.3560408260147193, "_shadow_control_reason": "oos_experiment_baseline"}	{}
ME_SHORT_GEOM_B_V1	405285085	8412	ZROUSDT	SHORT	2026-10-05 23:24:26.921048+00	2026-10-05 23:24:26.9545+00	2.1215	2.1257430000000004	2.013159933777188	2.1215	2.13741125	2.013159933777188	41.42	t	variant=ME_SHORT_GEOM_B_V1	HIGH_VOLATILITY	{"rr_ratio": 1.0, "body_ratio": 0.913043478260878, "volume_ratio": 0.4138306382291955, "_shadow_control": true, "rsi_confirmation": 0.06691090773106984, "stop_distance_atr": 0.838632253829437, "exhaustion_magnitude": 0.3560408260147193, "_shadow_control_reason": "oos_experiment_baseline"}	{}
ME_SHORT_GEOM_A_V1	412527593	8195	NEARUSDT	SHORT	2026-10-05 19:28:43.68378+00	2026-10-05 19:28:43.738985+00	5.2	5.2104	4.984945157299417	5.2	5.2104	4.984945157299417	39.36	t	variant=ME_SHORT_GEOM_A_V1	RANGE	{"rr_ratio": 1.0, "body_ratio": 0.782608695652184, "volume_ratio": 0.39427607806128356, "_shadow_control": true, "rsi_confirmation": 0.003955902307090279, "stop_distance_atr": 0.8558776855682146, "exhaustion_magnitude": 0.057758952637661023, "_shadow_control_reason": "oos_experiment_baseline"}	{}
ME_SHORT_GEOM_B_V1	412527593	8196	NEARUSDT	SHORT	2026-10-05 19:28:43.68378+00	2026-10-05 19:28:43.738985+00	5.2	5.2104	4.984945157299417	5.2	5.239	4.984945157299417	39.36	t	variant=ME_SHORT_GEOM_B_V1	RANGE	{"rr_ratio": 1.0, "body_ratio": 0.782608695652184, "volume_ratio": 0.39427607806128356, "_shadow_control": true, "rsi_confirmation": 0.003955902307090279, "stop_distance_atr": 0.8558776855682146, "exhaustion_magnitude": 0.057758952637661023, "_shadow_control_reason": "oos_experiment_baseline"}	{}
ME_SHORT_GEOM_A_V1	413344405	9377	SPCXUSDT	SHORT	2026-10-06 16:56:03.111846+00	2026-10-06 16:56:03.143232+00	174.14	174.48827999999997	170.7851620248324	174.14	174.48827999999997	170.7851620248324	33.56	t	variant=ME_SHORT_GEOM_A_V1	TREND_UP	{"rr_ratio": 0.9683630626564727, "body_ratio": 0.3636363636362462, "volume_ratio": 0.03935273086816029, "_actual_regime": "TREND_UP", "_shadow_control": true, "_rejection_stage": "regime_filter", "_required_regime": "TREND_UP", "rsi_confirmation": 0.044472264264183534, "stop_distance_atr": 0.655776489017544, "exhaustion_magnitude": 0.1873306818836755, "_shadow_control_reason": "oos_experiment_baseline", "_regime_counterfactual_oos": true}	{}
ME_SHORT_GEOM_B_V1	413344405	9378	SPCXUSDT	SHORT	2026-10-06 16:56:03.111846+00	2026-10-06 16:56:03.143232+00	174.14	174.48827999999997	170.7851620248324	174.14	175.44604999999999	170.7851620248324	33.56	t	variant=ME_SHORT_GEOM_B_V1	TREND_UP	{"rr_ratio": 0.9683630626564727, "body_ratio": 0.3636363636362462, "volume_ratio": 0.03935273086816029, "_actual_regime": "TREND_UP", "_shadow_control": true, "_rejection_stage": "regime_filter", "_required_regime": "TREND_UP", "rsi_confirmation": 0.044472264264183534, "stop_distance_atr": 0.655776489017544, "exhaustion_magnitude": 0.1873306818836755, "_shadow_control_reason": "oos_experiment_baseline", "_regime_counterfactual_oos": true}	{}
ME_SHORT_GEOM_A_V1	415260652	9116	SPCXUSDT	SHORT	2026-10-06 12:20:56.173392+00	2026-10-06 12:20:56.223197+00	172.45	172.79489999999998	170.4156555836465	172.45	172.79489999999998	170.4156555836465	36.63	t	variant=ME_SHORT_GEOM_A_V1	TREND_UP	{"rr_ratio": 1.0, "body_ratio": 1.0, "volume_ratio": 0.02161088957858091, "_actual_regime": "TREND_UP", "_shadow_control": true, "_rejection_stage": "regime_filter", "_required_regime": "TREND_UP", "rsi_confirmation": 0.19193722634867924, "stop_distance_atr": 0.7763256363728015, "exhaustion_magnitude": 0.023205894297146857, "_shadow_control_reason": "oos_experiment_baseline", "_regime_counterfactual_oos": true}	{}
ME_SHORT_GEOM_B_V1	415260652	9117	SPCXUSDT	SHORT	2026-10-06 12:20:56.173392+00	2026-10-06 12:20:56.223197+00	172.45	172.79489999999998	170.4156555836465	172.45	173.743375	170.4156555836465	36.63	t	variant=ME_SHORT_GEOM_B_V1	TREND_UP	{"rr_ratio": 1.0, "body_ratio": 1.0, "volume_ratio": 0.02161088957858091, "_actual_regime": "TREND_UP", "_shadow_control": true, "_rejection_stage": "regime_filter", "_required_regime": "TREND_UP", "rsi_confirmation": 0.19193722634867924, "stop_distance_atr": 0.7763256363728015, "exhaustion_magnitude": 0.023205894297146857, "_shadow_control_reason": "oos_experiment_baseline", "_regime_counterfactual_oos": true}	{}
ME_SHORT_GEOM_A_V1	419385148	3006	MONUSDT	SHORT	2026-10-01 20:14:36.051855+00	2026-10-01 20:14:36.075957+00	0.03524	0.03531048	0.032274145259139714	0.03524	0.03531048	0.032274145259139714	39.53	t	variant=ME_SHORT_GEOM_A_V1	HIGH_VOLATILITY	{"rr_ratio": 0.8161664625584145, "body_ratio": 0.7222222222222522, "volume_ratio": 0.4992209627872349, "_shadow_control": true, "rsi_confirmation": 0.06977072092021407, "stop_distance_atr": 0.5915865835892811, "exhaustion_magnitude": 1.0, "_shadow_control_reason": "oos_experiment_baseline"}	{}
ME_SHORT_GEOM_B_V1	419385148	3007	MONUSDT	SHORT	2026-10-01 20:14:36.051855+00	2026-10-01 20:14:36.075957+00	0.03524	0.03531048	0.032274145259139714	0.03524	0.0355043	0.032274145259139714	39.53	t	variant=ME_SHORT_GEOM_B_V1	HIGH_VOLATILITY	{"rr_ratio": 0.8161664625584145, "body_ratio": 0.7222222222222522, "volume_ratio": 0.4992209627872349, "_shadow_control": true, "rsi_confirmation": 0.06977072092021407, "stop_distance_atr": 0.5915865835892811, "exhaustion_magnitude": 1.0, "_shadow_control_reason": "oos_experiment_baseline"}	{}
ME_SHORT_GEOM_A_V1	422165386	7432	AKTUSDT	SHORT	2026-10-05 03:51:26.681443+00	2026-10-05 03:51:26.726133+00	0.845	0.8466899999999999	0.753479024823384	0.845	0.8466899999999999	0.753479024823384	23.56	t	variant=ME_SHORT_GEOM_A_V1	HIGH_VOLATILITY	{"rr_ratio": 0.3588102411570205, "body_ratio": 0.4912280701754297, "volume_ratio": 0.03235401166760643, "_shadow_control": true, "rsi_confirmation": 0.24496908182304272, "stop_distance_atr": 0.07100384799924886, "exhaustion_magnitude": 1.0, "_shadow_control_reason": "oos_experiment_baseline"}	{}
ME_SHORT_GEOM_B_V1	422165386	7433	AKTUSDT	SHORT	2026-10-05 03:51:26.681443+00	2026-10-05 03:51:26.726133+00	0.845	0.8466899999999999	0.753479024823384	0.845	0.8513375	0.753479024823384	23.56	t	variant=ME_SHORT_GEOM_B_V1	HIGH_VOLATILITY	{"rr_ratio": 0.3588102411570205, "body_ratio": 0.4912280701754297, "volume_ratio": 0.03235401166760643, "_shadow_control": true, "rsi_confirmation": 0.24496908182304272, "stop_distance_atr": 0.07100384799924886, "exhaustion_magnitude": 1.0, "_shadow_control_reason": "oos_experiment_baseline"}	{}
ME_SHORT_GEOM_A_V1	427028984	12183	NMRUSDT	SHORT	2026-10-07 02:37:50.369183+00	2026-10-07 02:37:50.406514+00	17.949	17.984898	14.945659711668824	17.949	17.984898	14.945659711668824	26.52	t	variant=ME_SHORT_GEOM_A_V1	HIGH_VOLATILITY	{"rr_ratio": 0.3898309723075659, "body_ratio": 0.719817767653756, "volume_ratio": 0.2188857722781832, "_shadow_control": true, "rsi_confirmation": 0.10387532119762947, "stop_distance_atr": 0.14492855362363977, "exhaustion_magnitude": 1.0, "_shadow_control_reason": "oos_experiment_baseline"}	{}
ME_SHORT_GEOM_B_V1	427028984	12184	NMRUSDT	SHORT	2026-10-07 02:37:50.369183+00	2026-10-07 02:37:50.406514+00	17.949	17.984898	14.945659711668824	17.949	18.083617500000003	14.945659711668824	26.52	t	variant=ME_SHORT_GEOM_B_V1	HIGH_VOLATILITY	{"rr_ratio": 0.3898309723075659, "body_ratio": 0.719817767653756, "volume_ratio": 0.2188857722781832, "_shadow_control": true, "rsi_confirmation": 0.10387532119762947, "stop_distance_atr": 0.14492855362363977, "exhaustion_magnitude": 1.0, "_shadow_control_reason": "oos_experiment_baseline"}	{}
ME_SHORT_GEOM_A_V1	433361786	7041	KLACUSDT	SHORT	2026-10-04 21:45:16.933559+00	2026-10-04 21:45:16.978534+00	207.49	207.90498000000002	206.17478205144926	207.49	207.90498000000002	206.17478205144926	27.27	t	variant=ME_SHORT_GEOM_A_V1	TREND_UP	{"rr_ratio": 0.7058620422061318, "body_ratio": 0.0, "volume_ratio": 0.0, "_actual_regime": "TREND_UP", "_shadow_control": true, "_rejection_stage": "regime_filter", "_required_regime": "TREND_UP", "rsi_confirmation": 0.3962860386352039, "stop_distance_atr": 0.5277641898811904, "exhaustion_magnitude": 0.04341324586368405, "_shadow_control_reason": "oos_experiment_baseline", "_regime_counterfactual_oos": true}	{}
ME_SHORT_GEOM_B_V1	433361786	7042	KLACUSDT	SHORT	2026-10-04 21:45:16.933559+00	2026-10-04 21:45:16.978534+00	207.49	207.90498000000002	206.17478205144926	207.49	209.046175	206.17478205144926	27.27	t	variant=ME_SHORT_GEOM_B_V1	TREND_UP	{"rr_ratio": 0.7058620422061318, "body_ratio": 0.0, "volume_ratio": 0.0, "_actual_regime": "TREND_UP", "_shadow_control": true, "_rejection_stage": "regime_filter", "_required_regime": "TREND_UP", "rsi_confirmation": 0.3962860386352039, "stop_distance_atr": 0.5277641898811904, "exhaustion_magnitude": 0.04341324586368405, "_shadow_control_reason": "oos_experiment_baseline", "_regime_counterfactual_oos": true}	{}
ME_SHORT_GEOM_A_V1	433712819	531	GRASSUSDT	SHORT	2026-09-29 14:57:09.631329+00	2026-09-29 14:57:09.653094+00	0.7084	0.7098168	0.6452426961394693	0.7084	0.7098168	0.6452426961394693	38.18	t	variant=ME_SHORT_GEOM_A_V1	HIGH_VOLATILITY	{"rr_ratio": 1.0, "body_ratio": 0.8181818181817953, "volume_ratio": 0.05359702658906329, "_shadow_control": true, "rsi_confirmation": 0.14429341564922046, "stop_distance_atr": 0.9157651593539523, "exhaustion_magnitude": 0.14156285390713488, "_shadow_control_reason": "oos_experiment_baseline"}	{}
ME_SHORT_GEOM_B_V1	433712819	532	GRASSUSDT	SHORT	2026-09-29 14:57:09.631329+00	2026-09-29 14:57:09.653094+00	0.7084	0.7098168	0.6452426961394693	0.7084	0.713713	0.6452426961394693	38.18	t	variant=ME_SHORT_GEOM_B_V1	HIGH_VOLATILITY	{"rr_ratio": 1.0, "body_ratio": 0.8181818181817953, "volume_ratio": 0.05359702658906329, "_shadow_control": true, "rsi_confirmation": 0.14429341564922046, "stop_distance_atr": 0.9157651593539523, "exhaustion_magnitude": 0.14156285390713488, "_shadow_control_reason": "oos_experiment_baseline"}	{}
ME_SHORT_GEOM_A_V1	438192658	2169	NEARUSDT	SHORT	2026-10-01 06:08:50.482315+00	2026-10-01 06:08:50.517589+00	5.525	5.53605	5.225515752877907	5.525	5.53605	5.225515752877907	41.18	t	variant=ME_SHORT_GEOM_A_V1	TREND_UP	{"rr_ratio": 1.0, "body_ratio": 0.6571428571428621, "volume_ratio": 0.4693959232895943, "_actual_regime": "TREND_UP", "_shadow_control": true, "_rejection_stage": "regime_filter", "_required_regime": "TREND_UP", "rsi_confirmation": 0.03154977782377084, "stop_distance_atr": 0.8124169981945502, "exhaustion_magnitude": 0.44740686632578863, "_shadow_control_reason": "oos_experiment_baseline", "_regime_counterfactual_oos": true}	{}
ME_SHORT_GEOM_B_V1	438192658	2170	NEARUSDT	SHORT	2026-10-01 06:08:50.482315+00	2026-10-01 06:08:50.517589+00	5.525	5.53605	5.225515752877907	5.525	5.5664375	5.225515752877907	41.18	t	variant=ME_SHORT_GEOM_B_V1	TREND_UP	{"rr_ratio": 1.0, "body_ratio": 0.6571428571428621, "volume_ratio": 0.4693959232895943, "_actual_regime": "TREND_UP", "_shadow_control": true, "_rejection_stage": "regime_filter", "_required_regime": "TREND_UP", "rsi_confirmation": 0.03154977782377084, "stop_distance_atr": 0.8124169981945502, "exhaustion_magnitude": 0.44740686632578863, "_shadow_control_reason": "oos_experiment_baseline", "_regime_counterfactual_oos": true}	{}
ME_SHORT_GEOM_A_V1	439586831	3762	HYPEUSDT	SHORT	2026-10-02 11:04:10.363557+00	2026-10-02 11:04:10.391902+00	91.12	91.30224	89.02082829179183	91.12	91.30224	89.02082829179183	38.61	t	variant=ME_SHORT_GEOM_A_V1	RANGE	{"rr_ratio": 1.0, "body_ratio": 0.8636363636363578, "volume_ratio": 0.33349853809913926, "_shadow_control": true, "rsi_confirmation": 0.03860577925265716, "stop_distance_atr": 0.7662521019106281, "exhaustion_magnitude": 0.11549884501155427, "_shadow_control_reason": "oos_experiment_baseline"}	{}
ME_SHORT_GEOM_B_V1	439586831	3763	HYPEUSDT	SHORT	2026-10-02 11:04:10.363557+00	2026-10-02 11:04:10.391902+00	91.12	91.30224	89.02082829179183	91.12	91.80340000000001	89.02082829179183	38.61	t	variant=ME_SHORT_GEOM_B_V1	RANGE	{"rr_ratio": 1.0, "body_ratio": 0.8636363636363578, "volume_ratio": 0.33349853809913926, "_shadow_control": true, "rsi_confirmation": 0.03860577925265716, "stop_distance_atr": 0.7662521019106281, "exhaustion_magnitude": 0.11549884501155427, "_shadow_control_reason": "oos_experiment_baseline"}	{}
ME_SHORT_GEOM_A_V1	447224520	3819	XRPUSDT	SHORT	2026-10-02 11:29:11.333938+00	2026-10-02 11:29:11.357108+00	1.544	1.547088	1.5092962618168797	1.544	1.547088	1.5092962618168797	34.15	t	variant=ME_SHORT_GEOM_A_V1	RANGE	{"rr_ratio": 0.7632236009494111, "body_ratio": 0.31034482758623594, "volume_ratio": 0.7061433110801358, "_shadow_control": true, "rsi_confirmation": 0.07714415682996692, "stop_distance_atr": 0.5632559935008777, "exhaustion_magnitude": 0.05186721991701393, "_shadow_control_reason": "oos_experiment_baseline"}	{}
ME_SHORT_GEOM_B_V1	447224520	3820	XRPUSDT	SHORT	2026-10-02 11:29:11.333938+00	2026-10-02 11:29:11.357108+00	1.544	1.547088	1.5092962618168797	1.544	1.55558	1.5092962618168797	34.15	t	variant=ME_SHORT_GEOM_B_V1	RANGE	{"rr_ratio": 0.7632236009494111, "body_ratio": 0.31034482758623594, "volume_ratio": 0.7061433110801358, "_shadow_control": true, "rsi_confirmation": 0.07714415682996692, "stop_distance_atr": 0.5632559935008777, "exhaustion_magnitude": 0.05186721991701393, "_shadow_control_reason": "oos_experiment_baseline"}	{}
ME_SHORT_GEOM_A_V1	452005399	5984	STRKUSDT	SHORT	2026-10-04 06:57:48.438241+00	2026-10-04 06:57:48.465356+00	0.0537	0.0538074	0.05015295435717805	0.0537	0.0538074	0.05015295435717805	41.58	t	variant=ME_SHORT_GEOM_A_V1	HIGH_VOLATILITY	{"rr_ratio": 1.0, "body_ratio": 0.909090909090912, "volume_ratio": 0.3150363209798535, "_shadow_control": true, "rsi_confirmation": 0.3845727807094278, "stop_distance_atr": 0.9242282774316292, "exhaustion_magnitude": 0.18691588785046617, "_shadow_control_reason": "oos_experiment_baseline"}	{}
ME_SHORT_GEOM_B_V1	452005399	5985	STRKUSDT	SHORT	2026-10-04 06:57:48.438241+00	2026-10-04 06:57:48.465356+00	0.0537	0.0538074	0.05015295435717805	0.0537	0.05410275	0.05015295435717805	41.58	t	variant=ME_SHORT_GEOM_B_V1	HIGH_VOLATILITY	{"rr_ratio": 1.0, "body_ratio": 0.909090909090912, "volume_ratio": 0.3150363209798535, "_shadow_control": true, "rsi_confirmation": 0.3845727807094278, "stop_distance_atr": 0.9242282774316292, "exhaustion_magnitude": 0.18691588785046617, "_shadow_control_reason": "oos_experiment_baseline"}	{}
ME_SHORT_GEOM_A_V1	464542579	3825	HYPEUSDT	SHORT	2026-10-02 11:34:17.536832+00	2026-10-02 11:34:17.56172+00	91.42	91.60284	89.12368543464898	91.42	91.60284	89.12368543464898	39.12	t	variant=ME_SHORT_GEOM_A_V1	RANGE	{"rr_ratio": 1.0, "body_ratio": 0.9629629629629435, "volume_ratio": 0.31556749745873774, "_shadow_control": true, "rsi_confirmation": 0.10176880460366154, "stop_distance_atr": 0.6995039483976682, "exhaustion_magnitude": 0.28049719502805254, "_shadow_control_reason": "oos_experiment_baseline"}	{}
ME_SHORT_GEOM_B_V1	464542579	3826	HYPEUSDT	SHORT	2026-10-02 11:34:17.536832+00	2026-10-02 11:34:17.56172+00	91.42	91.60284	89.12368543464898	91.42	92.10565	89.12368543464898	39.12	t	variant=ME_SHORT_GEOM_B_V1	RANGE	{"rr_ratio": 1.0, "body_ratio": 0.9629629629629435, "volume_ratio": 0.31556749745873774, "_shadow_control": true, "rsi_confirmation": 0.10176880460366154, "stop_distance_atr": 0.6995039483976682, "exhaustion_magnitude": 0.28049719502805254, "_shadow_control_reason": "oos_experiment_baseline"}	{}
ME_SHORT_GEOM_A_V1	471630326	6647	XRPUSDT	SHORT	2026-10-04 15:59:04.666731+00	2026-10-04 15:59:04.691752+00	1.5055	1.5085110000000002	1.492467264841324	1.5055	1.5085110000000002	1.492467264841324	36.89	t	variant=ME_SHORT_GEOM_A_V1	RANGE	{"rr_ratio": 1.0, "body_ratio": 1.0, "volume_ratio": 0.09217657437098524, "_shadow_control": true, "rsi_confirmation": 0.14453838693664997, "stop_distance_atr": 0.7299872151869371, "exhaustion_magnitude": 0.08316699933466963, "_shadow_control_reason": "oos_experiment_baseline"}	{}
ME_SHORT_GEOM_B_V1	471630326	6648	XRPUSDT	SHORT	2026-10-04 15:59:04.666731+00	2026-10-04 15:59:04.691752+00	1.5055	1.5085110000000002	1.492467264841324	1.5055	1.51679125	1.492467264841324	36.89	t	variant=ME_SHORT_GEOM_B_V1	RANGE	{"rr_ratio": 1.0, "body_ratio": 1.0, "volume_ratio": 0.09217657437098524, "_shadow_control": true, "rsi_confirmation": 0.14453838693664997, "stop_distance_atr": 0.7299872151869371, "exhaustion_magnitude": 0.08316699933466963, "_shadow_control_reason": "oos_experiment_baseline"}	{}
ME_SHORT_GEOM_A_V1	474829792	1193	QNTUSDT	SHORT	2026-09-30 10:32:58.428462+00	2026-09-30 10:32:58.463428+00	298.47	299.06694000000005	262.28644499603064	298.47	299.06694000000005	262.28644499603064	40.92	t	variant=ME_SHORT_GEOM_A_V1	HIGH_VOLATILITY	{"rr_ratio": 1.0, "body_ratio": 0.6470588235294228, "volume_ratio": 0.5167260880999427, "_shadow_control": true, "rsi_confirmation": 0.05188443713276267, "stop_distance_atr": 0.8794481585092927, "exhaustion_magnitude": 0.17989240080700236, "_shadow_control_reason": "oos_experiment_baseline"}	{}
ME_SHORT_GEOM_B_V1	474829792	1194	QNTUSDT	SHORT	2026-09-30 10:32:58.428462+00	2026-09-30 10:32:58.463428+00	298.47	299.06694000000005	262.28644499603064	298.47	300.708525	262.28644499603064	40.92	t	variant=ME_SHORT_GEOM_B_V1	HIGH_VOLATILITY	{"rr_ratio": 1.0, "body_ratio": 0.6470588235294228, "volume_ratio": 0.5167260880999427, "_shadow_control": true, "rsi_confirmation": 0.05188443713276267, "stop_distance_atr": 0.8794481585092927, "exhaustion_magnitude": 0.17989240080700236, "_shadow_control_reason": "oos_experiment_baseline"}	{}
ME_SHORT_GEOM_A_V1	479197829	8954	SPCXUSDT	SHORT	2026-10-06 08:40:45.477998+00	2026-10-06 08:40:45.523307+00	172.66	173.00531999999998	170.6611633471755	172.66	173.00531999999998	170.6611633471755	38.69	t	variant=ME_SHORT_GEOM_A_V1	TREND_UP	{"rr_ratio": 1.0, "body_ratio": 1.0, "volume_ratio": 0.04058798413892811, "_actual_regime": "TREND_UP", "_shadow_control": true, "_rejection_stage": "regime_filter", "_required_regime": "TREND_UP", "rsi_confirmation": 0.7197895701371578, "stop_distance_atr": 0.7783448636058193, "exhaustion_magnitude": 0.08412136682717179, "_shadow_control_reason": "oos_experiment_baseline", "_regime_counterfactual_oos": true}	{}
ME_SHORT_GEOM_B_V1	479197829	8955	SPCXUSDT	SHORT	2026-10-06 08:40:45.477998+00	2026-10-06 08:40:45.523307+00	172.66	173.00531999999998	170.6611633471755	172.66	173.95495	170.6611633471755	38.69	t	variant=ME_SHORT_GEOM_B_V1	TREND_UP	{"rr_ratio": 1.0, "body_ratio": 1.0, "volume_ratio": 0.04058798413892811, "_actual_regime": "TREND_UP", "_shadow_control": true, "_rejection_stage": "regime_filter", "_required_regime": "TREND_UP", "rsi_confirmation": 0.7197895701371578, "stop_distance_atr": 0.7783448636058193, "exhaustion_magnitude": 0.08412136682717179, "_shadow_control_reason": "oos_experiment_baseline", "_regime_counterfactual_oos": true}	{}
ME_SHORT_GEOM_A_V1	479478417	6631	SOLUSDT	SHORT	2026-10-04 15:38:59.258402+00	2026-10-04 15:38:59.297474+00	122.12	122.36424000000001	120.5343770535819	122.12	122.36424000000001	120.5343770535819	26.24	t	variant=ME_SHORT_GEOM_A_V1	TREND_UP	{"rr_ratio": 0.5452595386888698, "body_ratio": 0.7777777777777953, "volume_ratio": 0.051395085299721824, "_actual_regime": "TREND_UP", "_shadow_control": true, "_rejection_stage": "regime_filter", "_required_regime": "TREND_UP", "rsi_confirmation": 0.2585177140325726, "stop_distance_atr": 0.38867033094943204, "exhaustion_magnitude": 0.13136288998358267, "_shadow_control_reason": "oos_experiment_baseline", "_regime_counterfactual_oos": true}	{}
ME_SHORT_GEOM_B_V1	479478417	6632	SOLUSDT	SHORT	2026-10-04 15:38:59.258402+00	2026-10-04 15:38:59.297474+00	122.12	122.36424000000001	120.5343770535819	122.12	123.0359	120.5343770535819	26.24	t	variant=ME_SHORT_GEOM_B_V1	TREND_UP	{"rr_ratio": 0.5452595386888698, "body_ratio": 0.7777777777777953, "volume_ratio": 0.051395085299721824, "_actual_regime": "TREND_UP", "_shadow_control": true, "_rejection_stage": "regime_filter", "_required_regime": "TREND_UP", "rsi_confirmation": 0.2585177140325726, "stop_distance_atr": 0.38867033094943204, "exhaustion_magnitude": 0.13136288998358267, "_shadow_control_reason": "oos_experiment_baseline", "_regime_counterfactual_oos": true}	{}
ME_SHORT_GEOM_A_V1	493072408	4258	SPCXUSDT	SHORT	2026-10-02 17:12:11.036094+00	2026-10-02 17:12:11.060271+00	158.07	158.38613999999998	155.3607865215645	158.07	158.38613999999998	155.3607865215645	36.91	t	variant=ME_SHORT_GEOM_A_V1	HIGH_VOLATILITY	{"rr_ratio": 0.9023016796282964, "body_ratio": 0.9499999999999076, "volume_ratio": 0.11886069437995735, "_shadow_control": true, "rsi_confirmation": 1.0, "stop_distance_atr": 0.6305744066988217, "exhaustion_magnitude": 0.053831538948697744, "_shadow_control_reason": "oos_experiment_baseline"}	{}
ME_SHORT_GEOM_B_V1	493072408	4259	SPCXUSDT	SHORT	2026-10-02 17:12:11.036094+00	2026-10-02 17:12:11.060271+00	158.07	158.38613999999998	155.3607865215645	158.07	159.255525	155.3607865215645	36.91	t	variant=ME_SHORT_GEOM_B_V1	HIGH_VOLATILITY	{"rr_ratio": 0.9023016796282964, "body_ratio": 0.9499999999999076, "volume_ratio": 0.11886069437995735, "_shadow_control": true, "rsi_confirmation": 1.0, "stop_distance_atr": 0.6305744066988217, "exhaustion_magnitude": 0.053831538948697744, "_shadow_control_reason": "oos_experiment_baseline"}	{}
ME_SHORT_GEOM_A_V1	496162361	685	PUMPFUNUSDT	SHORT	2026-09-29 21:36:24.154835+00	2026-09-29 21:36:24.204166+00	0.005901	0.005912802	0.005368817574949175	0.005901	0.005912802	0.005368817574949175	38.01	t	variant=ME_SHORT_GEOM_A_V1	HIGH_VOLATILITY	{"rr_ratio": 1.0, "body_ratio": 0.8333333333333093, "volume_ratio": 0.021172954270779157, "_shadow_control": true, "rsi_confirmation": 0.1337208285456048, "stop_distance_atr": 0.7585434879371796, "exhaustion_magnitude": 0.47040711597673934, "_shadow_control_reason": "oos_experiment_baseline"}	{}
ME_SHORT_GEOM_B_V1	496162361	686	PUMPFUNUSDT	SHORT	2026-09-29 21:36:24.154835+00	2026-09-29 21:36:24.204166+00	0.005901	0.005912802	0.005368817574949175	0.005901	0.0059452575	0.005368817574949175	38.01	t	variant=ME_SHORT_GEOM_B_V1	HIGH_VOLATILITY	{"rr_ratio": 1.0, "body_ratio": 0.8333333333333093, "volume_ratio": 0.021172954270779157, "_shadow_control": true, "rsi_confirmation": 0.1337208285456048, "stop_distance_atr": 0.7585434879371796, "exhaustion_magnitude": 0.47040711597673934, "_shadow_control_reason": "oos_experiment_baseline"}	{}
ME_SHORT_GEOM_A_V1	498206918	9536	PONSUSDT	SHORT	2026-10-06 18:41:34.411826+00	2026-10-06 18:41:34.441447+00	0.425	0.42585	0.3955396198718922	0.425	0.42585	0.3955396198718922	37.59	t	variant=ME_SHORT_GEOM_A_V1	HIGH_VOLATILITY	{"rr_ratio": 0.9873803977389048, "body_ratio": 0.7272727272727548, "volume_ratio": 0.024977469500104828, "_shadow_control": true, "rsi_confirmation": 0.06437078569417168, "stop_distance_atr": 0.6624063693216262, "exhaustion_magnitude": 0.7159904534606212, "_shadow_control_reason": "oos_experiment_baseline"}	{}
ME_SHORT_GEOM_B_V1	498206918	9537	PONSUSDT	SHORT	2026-10-06 18:41:34.411826+00	2026-10-06 18:41:34.441447+00	0.425	0.42585	0.3955396198718922	0.425	0.4281875	0.3955396198718922	37.59	t	variant=ME_SHORT_GEOM_B_V1	HIGH_VOLATILITY	{"rr_ratio": 0.9873803977389048, "body_ratio": 0.7272727272727548, "volume_ratio": 0.024977469500104828, "_shadow_control": true, "rsi_confirmation": 0.06437078569417168, "stop_distance_atr": 0.6624063693216262, "exhaustion_magnitude": 0.7159904534606212, "_shadow_control_reason": "oos_experiment_baseline"}	{}
ME_SHORT_GEOM_A_V1	508603824	8139	HYPEUSDT	SHORT	2026-10-05 18:18:32.196954+00	2026-10-05 18:18:32.238541+00	93.99	94.17797999999999	91.9634750988419	93.99	94.17797999999999	91.9634750988419	36.48	t	variant=ME_SHORT_GEOM_A_V1	TREND_UP	{"rr_ratio": 1.0, "body_ratio": 0.78260869565219, "volume_ratio": 0.07062296315417098, "_actual_regime": "TREND_UP", "_shadow_control": true, "_rejection_stage": "regime_filter", "_required_regime": "TREND_UP", "rsi_confirmation": 0.12435750744462173, "stop_distance_atr": 0.7098906053363936, "exhaustion_magnitude": 0.21906390254327665, "_shadow_control_reason": "oos_experiment_baseline", "_regime_counterfactual_oos": true}	{}
ME_SHORT_GEOM_B_V1	508603824	8140	HYPEUSDT	SHORT	2026-10-05 18:18:32.196954+00	2026-10-05 18:18:32.238541+00	93.99	94.17797999999999	91.9634750988419	93.99	94.694925	91.9634750988419	36.48	t	variant=ME_SHORT_GEOM_B_V1	TREND_UP	{"rr_ratio": 1.0, "body_ratio": 0.78260869565219, "volume_ratio": 0.07062296315417098, "_actual_regime": "TREND_UP", "_shadow_control": true, "_rejection_stage": "regime_filter", "_required_regime": "TREND_UP", "rsi_confirmation": 0.12435750744462173, "stop_distance_atr": 0.7098906053363936, "exhaustion_magnitude": 0.21906390254327665, "_shadow_control_reason": "oos_experiment_baseline", "_regime_counterfactual_oos": true}	{}
ME_SHORT_GEOM_A_V1	512390773	3863	HYPEUSDT	SHORT	2026-10-02 11:59:19.308051+00	2026-10-02 11:59:19.345946+00	91.34	91.52268000000001	88.95368543464897	91.34	91.52268000000001	88.95368543464897	38.81	t	variant=ME_SHORT_GEOM_A_V1	RANGE	{"rr_ratio": 0.9588914535678353, "body_ratio": 0.35000000000003195, "volume_ratio": 0.6993466131888066, "_shadow_control": true, "rsi_confirmation": 0.024074463897653685, "stop_distance_atr": 0.652376364297472, "exhaustion_magnitude": 0.2364976350236535, "_shadow_control_reason": "oos_experiment_baseline"}	{}
ME_SHORT_GEOM_B_V1	512390773	3864	HYPEUSDT	SHORT	2026-10-02 11:59:19.308051+00	2026-10-02 11:59:19.345946+00	91.34	91.52268000000001	88.95368543464897	91.34	92.02505000000001	88.95368543464897	38.81	t	variant=ME_SHORT_GEOM_B_V1	RANGE	{"rr_ratio": 0.9588914535678353, "body_ratio": 0.35000000000003195, "volume_ratio": 0.6993466131888066, "_shadow_control": true, "rsi_confirmation": 0.024074463897653685, "stop_distance_atr": 0.652376364297472, "exhaustion_magnitude": 0.2364976350236535, "_shadow_control_reason": "oos_experiment_baseline"}	{}
ME_SHORT_GEOM_A_V1	515688270	6037	ETHUSDT	SHORT	2026-10-04 08:02:55.051381+00	2026-10-04 08:02:55.096633+00	2706.64	2712.05328	2688.046026212783	2706.64	2712.05328	2688.046026212783	34.22	t	variant=ME_SHORT_GEOM_A_V1	TREND_UP	{"rr_ratio": 0.5989929951881718, "body_ratio": 0.7883064516128682, "volume_ratio": 0.9204790799434059, "_actual_regime": "TREND_UP", "_shadow_control": true, "_rejection_stage": "regime_filter", "_required_regime": "TREND_UP", "rsi_confirmation": 0.03840213788682074, "stop_distance_atr": 0.4435104650453904, "exhaustion_magnitude": 0.19062736429853108, "_shadow_control_reason": "oos_experiment_baseline", "_regime_counterfactual_oos": true}	{}
ME_SHORT_GEOM_B_V1	515688270	6038	ETHUSDT	SHORT	2026-10-04 08:02:55.051381+00	2026-10-04 08:02:55.096633+00	2706.64	2712.05328	2688.046026212783	2706.64	2726.9397999999997	2688.046026212783	34.22	t	variant=ME_SHORT_GEOM_B_V1	TREND_UP	{"rr_ratio": 0.5989929951881718, "body_ratio": 0.7883064516128682, "volume_ratio": 0.9204790799434059, "_actual_regime": "TREND_UP", "_shadow_control": true, "_rejection_stage": "regime_filter", "_required_regime": "TREND_UP", "rsi_confirmation": 0.03840213788682074, "stop_distance_atr": 0.4435104650453904, "exhaustion_magnitude": 0.19062736429853108, "_shadow_control_reason": "oos_experiment_baseline", "_regime_counterfactual_oos": true}	{}
ME_SHORT_GEOM_A_V1	517170622	8887	AVAXUSDT	SHORT	2026-10-06 07:45:39.72091+00	2026-10-06 07:45:39.769555+00	11.317	11.339634	11.083694396127374	11.317	11.339634	11.083694396127374	37.28	t	variant=ME_SHORT_GEOM_A_V1	TREND_UP	{"rr_ratio": 1.0, "body_ratio": 0.6000000000000355, "volume_ratio": 0.05399265563903995, "_actual_regime": "TREND_UP", "_shadow_control": true, "_rejection_stage": "regime_filter", "_required_regime": "TREND_UP", "rsi_confirmation": 0.3636471091483514, "stop_distance_atr": 0.8538594668738625, "exhaustion_magnitude": 0.08408567888121848, "_shadow_control_reason": "oos_experiment_baseline", "_regime_counterfactual_oos": true}	{}
ME_SHORT_GEOM_B_V1	517170622	8888	AVAXUSDT	SHORT	2026-10-06 07:45:39.72091+00	2026-10-06 07:45:39.769555+00	11.317	11.339634	11.083694396127374	11.317	11.4018775	11.083694396127374	37.28	t	variant=ME_SHORT_GEOM_B_V1	TREND_UP	{"rr_ratio": 1.0, "body_ratio": 0.6000000000000355, "volume_ratio": 0.05399265563903995, "_actual_regime": "TREND_UP", "_shadow_control": true, "_rejection_stage": "regime_filter", "_required_regime": "TREND_UP", "rsi_confirmation": 0.3636471091483514, "stop_distance_atr": 0.8538594668738625, "exhaustion_magnitude": 0.08408567888121848, "_shadow_control_reason": "oos_experiment_baseline", "_regime_counterfactual_oos": true}	{}
ME_SHORT_GEOM_A_V1	517597430	5378	ZROUSDT	SHORT	2026-10-03 19:31:12.227922+00	2026-10-03 19:31:12.256463+00	2.1462	2.1504924	1.959359990002855	2.1462	2.1504924	1.959359990002855	32.69	t	variant=ME_SHORT_GEOM_A_V1	HIGH_VOLATILITY	{"rr_ratio": 0.6454415057013544, "body_ratio": 0.959999999999974, "volume_ratio": 0.05369533107854661, "_shadow_control": true, "rsi_confirmation": 0.4089827056984404, "stop_distance_atr": 0.4835576417244438, "exhaustion_magnitude": 0.7279947054930442, "_shadow_control_reason": "oos_experiment_baseline"}	{}
ME_SHORT_GEOM_B_V1	517597430	5379	ZROUSDT	SHORT	2026-10-03 19:31:12.227922+00	2026-10-03 19:31:12.256463+00	2.1462	2.1504924	1.959359990002855	2.1462	2.1622965	1.959359990002855	32.69	t	variant=ME_SHORT_GEOM_B_V1	HIGH_VOLATILITY	{"rr_ratio": 0.6454415057013544, "body_ratio": 0.959999999999974, "volume_ratio": 0.05369533107854661, "_shadow_control": true, "rsi_confirmation": 0.4089827056984404, "stop_distance_atr": 0.4835576417244438, "exhaustion_magnitude": 0.7279947054930442, "_shadow_control_reason": "oos_experiment_baseline"}	{}
ME_SHORT_GEOM_A_V1	517769822	7303	DOGEUSDT	SHORT	2026-10-05 00:50:34.470819+00	2026-10-05 00:50:34.507946+00	0.09632	0.09651264	0.09489684677184719	0.09632	0.09651264	0.09489684677184719	39.3	t	variant=ME_SHORT_GEOM_A_V1	RANGE	{"rr_ratio": 1.0, "body_ratio": 1.0, "volume_ratio": 0.12491188481102374, "_shadow_control": true, "rsi_confirmation": 0.5296735123613208, "stop_distance_atr": 0.8401898689240406, "exhaustion_magnitude": 0.06237006237006704, "_shadow_control_reason": "oos_experiment_baseline"}	{}
ME_SHORT_GEOM_B_V1	517769822	7304	DOGEUSDT	SHORT	2026-10-05 00:50:34.470819+00	2026-10-05 00:50:34.507946+00	0.09632	0.09651264	0.09489684677184719	0.09632	0.0970424	0.09489684677184719	39.3	t	variant=ME_SHORT_GEOM_B_V1	RANGE	{"rr_ratio": 1.0, "body_ratio": 1.0, "volume_ratio": 0.12491188481102374, "_shadow_control": true, "rsi_confirmation": 0.5296735123613208, "stop_distance_atr": 0.8401898689240406, "exhaustion_magnitude": 0.06237006237006704, "_shadow_control_reason": "oos_experiment_baseline"}	{}
ME_SHORT_GEOM_A_V1	518592603	6460	STRKUSDT	SHORT	2026-10-04 13:53:50.229004+00	2026-10-04 13:53:50.269272+00	0.05696	0.05707392	0.05219307270228882	0.05696	0.05707392	0.05219307270228882	39.45	t	variant=ME_SHORT_GEOM_A_V1	HIGH_VOLATILITY	{"rr_ratio": 1.0, "body_ratio": 0.43076923076922535, "volume_ratio": 0.37173275576488257, "_shadow_control": true, "rsi_confirmation": 0.28919083874682483, "stop_distance_atr": 0.7145270596428333, "exhaustion_magnitude": 0.4338586860279771, "_shadow_control_reason": "oos_experiment_baseline"}	{}
ME_SHORT_GEOM_B_V1	518592603	6461	STRKUSDT	SHORT	2026-10-04 13:53:50.229004+00	2026-10-04 13:53:50.269272+00	0.05696	0.05707392	0.05219307270228882	0.05696	0.0573872	0.05219307270228882	39.45	t	variant=ME_SHORT_GEOM_B_V1	HIGH_VOLATILITY	{"rr_ratio": 1.0, "body_ratio": 0.43076923076922535, "volume_ratio": 0.37173275576488257, "_shadow_control": true, "rsi_confirmation": 0.28919083874682483, "stop_distance_atr": 0.7145270596428333, "exhaustion_magnitude": 0.4338586860279771, "_shadow_control_reason": "oos_experiment_baseline"}	{}
ME_SHORT_GEOM_A_V1	520401456	7148	KLACUSDT	SHORT	2026-10-04 22:20:24.649567+00	2026-10-04 22:20:24.680025+00	208.0	208.416	206.20158329878862	208.0	208.416	206.20158329878862	19.76	t	variant=ME_SHORT_GEOM_A_V1	TREND_UP	{"rr_ratio": 0.40040314818137057, "body_ratio": 0.0, "volume_ratio": 0.0, "_actual_regime": "TREND_UP", "_shadow_control": true, "_rejection_stage": "regime_filter", "_required_regime": "TREND_UP", "rsi_confirmation": 0.4140475237746623, "stop_distance_atr": 0.16750571306111162, "exhaustion_magnitude": 0.1664174424774487, "_shadow_control_reason": "oos_experiment_baseline", "_regime_counterfactual_oos": true}	{}
ME_SHORT_GEOM_B_V1	520401456	7149	KLACUSDT	SHORT	2026-10-04 22:20:24.649567+00	2026-10-04 22:20:24.680025+00	208.0	208.416	206.20158329878862	208.0	209.56	206.20158329878862	19.76	t	variant=ME_SHORT_GEOM_B_V1	TREND_UP	{"rr_ratio": 0.40040314818137057, "body_ratio": 0.0, "volume_ratio": 0.0, "_actual_regime": "TREND_UP", "_shadow_control": true, "_rejection_stage": "regime_filter", "_required_regime": "TREND_UP", "rsi_confirmation": 0.4140475237746623, "stop_distance_atr": 0.16750571306111162, "exhaustion_magnitude": 0.1664174424774487, "_shadow_control_reason": "oos_experiment_baseline", "_regime_counterfactual_oos": true}	{}
ME_SHORT_GEOM_A_V1	523207500	7731	ADAUSDT	SHORT	2026-10-05 10:17:16.747325+00	2026-10-05 10:17:16.789047+00	0.2753	0.2758506	0.26549941051511045	0.2753	0.2758506	0.26549941051511045	44.9	t	variant=ME_SHORT_GEOM_A_V1	HIGH_VOLATILITY	{"rr_ratio": 1.0, "body_ratio": 0.6923076923077186, "volume_ratio": 0.7744216808747639, "_shadow_control": true, "rsi_confirmation": 0.8740065722258767, "stop_distance_atr": 0.7822974508662532, "exhaustion_magnitude": 0.2372262773722569, "_shadow_control_reason": "oos_experiment_baseline"}	{}
ME_SHORT_GEOM_B_V1	523207500	7732	ADAUSDT	SHORT	2026-10-05 10:17:16.747325+00	2026-10-05 10:17:16.789047+00	0.2753	0.2758506	0.26549941051511045	0.2753	0.27736475	0.26549941051511045	44.9	t	variant=ME_SHORT_GEOM_B_V1	HIGH_VOLATILITY	{"rr_ratio": 1.0, "body_ratio": 0.6923076923077186, "volume_ratio": 0.7744216808747639, "_shadow_control": true, "rsi_confirmation": 0.8740065722258767, "stop_distance_atr": 0.7822974508662532, "exhaustion_magnitude": 0.2372262773722569, "_shadow_control_reason": "oos_experiment_baseline"}	{}
ME_SHORT_GEOM_A_V1	525442902	10770	ORCAUSDT	SHORT	2026-10-06 23:32:16.64624+00	2026-10-06 23:32:16.679289+00	3.2209	3.2273418	2.7845791028932325	3.2209	3.2273418	2.7845791028932325	38.0	t	variant=ME_SHORT_GEOM_A_V1	HIGH_VOLATILITY	{"rr_ratio": 1.0, "body_ratio": 0.644999999999995, "volume_ratio": 0.2151890127148337, "_shadow_control": true, "rsi_confirmation": 0.4060821537948148, "stop_distance_atr": 0.8101643832710315, "exhaustion_magnitude": 0.004657517232809801, "_shadow_control_reason": "oos_experiment_baseline"}	{}
ME_SHORT_GEOM_B_V1	525442902	10771	ORCAUSDT	SHORT	2026-10-06 23:32:16.64624+00	2026-10-06 23:32:16.679289+00	3.2209	3.2273418	2.7845791028932325	3.2209	3.24505675	2.7845791028932325	38.0	t	variant=ME_SHORT_GEOM_B_V1	HIGH_VOLATILITY	{"rr_ratio": 1.0, "body_ratio": 0.644999999999995, "volume_ratio": 0.2151890127148337, "_shadow_control": true, "rsi_confirmation": 0.4060821537948148, "stop_distance_atr": 0.8101643832710315, "exhaustion_magnitude": 0.004657517232809801, "_shadow_control_reason": "oos_experiment_baseline"}	{}
ME_SHORT_GEOM_A_V1	525535835	6969	KLACUSDT	SHORT	2026-10-04 21:15:10.456894+00	2026-10-04 21:15:10.492893+00	207.44	207.85488	206.20478205144926	207.44	207.85488	206.20478205144926	28.28	t	variant=ME_SHORT_GEOM_A_V1	TREND_UP	{"rr_ratio": 0.7560991051013475, "body_ratio": 0.0, "volume_ratio": 0.0, "_actual_regime": "TREND_UP", "_shadow_control": true, "_rejection_stage": "regime_filter", "_required_regime": "TREND_UP", "rsi_confirmation": 0.3962860386352039, "stop_distance_atr": 0.5591406852827184, "exhaustion_magnitude": 0.03135401090154731, "_shadow_control_reason": "oos_experiment_baseline", "_regime_counterfactual_oos": true}	{}
ME_SHORT_GEOM_B_V1	525535835	6970	KLACUSDT	SHORT	2026-10-04 21:15:10.456894+00	2026-10-04 21:15:10.492893+00	207.44	207.85488	206.20478205144926	207.44	208.9958	206.20478205144926	28.28	t	variant=ME_SHORT_GEOM_B_V1	TREND_UP	{"rr_ratio": 0.7560991051013475, "body_ratio": 0.0, "volume_ratio": 0.0, "_actual_regime": "TREND_UP", "_shadow_control": true, "_rejection_stage": "regime_filter", "_required_regime": "TREND_UP", "rsi_confirmation": 0.3962860386352039, "stop_distance_atr": 0.5591406852827184, "exhaustion_magnitude": 0.03135401090154731, "_shadow_control_reason": "oos_experiment_baseline", "_regime_counterfactual_oos": true}	{}
ME_SHORT_GEOM_A_V1	530001843	4026	XRPUSDT	SHORT	2026-10-02 12:51:29.009514+00	2026-10-02 12:51:29.038013+00	1.5565	1.559613	1.5127057118219038	1.5565	1.559613	1.5127057118219038	28.38	t	variant=ME_SHORT_GEOM_A_V1	RANGE	{"rr_ratio": 0.5544065591342836, "body_ratio": 0.9444444444444513, "volume_ratio": 0.05628576768751766, "_shadow_control": true, "rsi_confirmation": 0.1682890386924877, "stop_distance_atr": 0.3987565120913448, "exhaustion_magnitude": 0.45707987551867224, "_shadow_control_reason": "oos_experiment_baseline"}	{}
ME_SHORT_GEOM_B_V1	530001843	4027	XRPUSDT	SHORT	2026-10-02 12:51:29.009514+00	2026-10-02 12:51:29.038013+00	1.5565	1.559613	1.5127057118219038	1.5565	1.56817375	1.5127057118219038	28.38	t	variant=ME_SHORT_GEOM_B_V1	RANGE	{"rr_ratio": 0.5544065591342836, "body_ratio": 0.9444444444444513, "volume_ratio": 0.05628576768751766, "_shadow_control": true, "rsi_confirmation": 0.1682890386924877, "stop_distance_atr": 0.3987565120913448, "exhaustion_magnitude": 0.45707987551867224, "_shadow_control_reason": "oos_experiment_baseline"}	{}
ME_SHORT_GEOM_A_V1	530166857	387	CRVUSDT	SHORT	2026-09-29 12:26:52.728521+00	2026-09-29 12:26:52.774467+00	0.4015	0.402303	0.3801256246128656	0.4015	0.402303	0.3801256246128656	39.35	t	variant=ME_SHORT_GEOM_A_V1	HIGH_VOLATILITY	{"rr_ratio": 1.0, "body_ratio": 0.9500000000000055, "volume_ratio": 0.16782152747022366, "_shadow_control": true, "rsi_confirmation": 0.3787320827834321, "stop_distance_atr": 0.8897086913957283, "exhaustion_magnitude": 0.024919013207081175, "_shadow_control_reason": "oos_experiment_baseline"}	{}
ME_SHORT_GEOM_B_V1	530166857	388	CRVUSDT	SHORT	2026-09-29 12:26:52.728521+00	2026-09-29 12:26:52.774467+00	0.4015	0.402303	0.3801256246128656	0.4015	0.40451125000000004	0.3801256246128656	39.35	t	variant=ME_SHORT_GEOM_B_V1	HIGH_VOLATILITY	{"rr_ratio": 1.0, "body_ratio": 0.9500000000000055, "volume_ratio": 0.16782152747022366, "_shadow_control": true, "rsi_confirmation": 0.3787320827834321, "stop_distance_atr": 0.8897086913957283, "exhaustion_magnitude": 0.024919013207081175, "_shadow_control_reason": "oos_experiment_baseline"}	{}
ME_SHORT_GEOM_A_V1	531265576	7230	DOGEUSDT	SHORT	2026-10-04 23:25:22.350956+00	2026-10-04 23:25:22.38652+00	0.09651	0.09670302	0.09492429651913138	0.09651	0.09670302	0.09492429651913138	36.89	t	variant=ME_SHORT_GEOM_A_V1	RANGE	{"rr_ratio": 0.9471898124405279, "body_ratio": 1.0, "volume_ratio": 0.0011324819816909055, "_shadow_control": true, "rsi_confirmation": 0.7949363391368782, "stop_distance_atr": 0.6480818005480171, "exhaustion_magnitude": 0.16112266112266357, "_shadow_control_reason": "oos_experiment_baseline"}	{}
ME_SHORT_GEOM_B_V1	531265576	7231	DOGEUSDT	SHORT	2026-10-04 23:25:22.350956+00	2026-10-04 23:25:22.38652+00	0.09651	0.09670302	0.09492429651913138	0.09651	0.097233825	0.09492429651913138	36.89	t	variant=ME_SHORT_GEOM_B_V1	RANGE	{"rr_ratio": 0.9471898124405279, "body_ratio": 1.0, "volume_ratio": 0.0011324819816909055, "_shadow_control": true, "rsi_confirmation": 0.7949363391368782, "stop_distance_atr": 0.6480818005480171, "exhaustion_magnitude": 0.16112266112266357, "_shadow_control_reason": "oos_experiment_baseline"}	{}
ME_SHORT_GEOM_A_V1	538804136	8536	RLCUSDT	SHORT	2026-10-06 00:34:29.166532+00	2026-10-06 00:34:29.205034+00	0.7534	0.7549068	0.6345188320135219	0.7534	0.7549068	0.6345188320135219	45.68	t	variant=ME_SHORT_GEOM_A_V1	HIGH_VOLATILITY	{"rr_ratio": 1.0, "body_ratio": 0.9272727272727253, "volume_ratio": 0.49975964379034926, "_shadow_control": true, "rsi_confirmation": 1.0, "stop_distance_atr": 0.7298324071755138, "exhaustion_magnitude": 0.7203446882994433, "_shadow_control_reason": "oos_experiment_baseline"}	{}
ME_SHORT_GEOM_B_V1	538804136	8537	RLCUSDT	SHORT	2026-10-06 00:34:29.166532+00	2026-10-06 00:34:29.205034+00	0.7534	0.7549068	0.6345188320135219	0.7534	0.7590505	0.6345188320135219	45.68	t	variant=ME_SHORT_GEOM_B_V1	HIGH_VOLATILITY	{"rr_ratio": 1.0, "body_ratio": 0.9272727272727253, "volume_ratio": 0.49975964379034926, "_shadow_control": true, "rsi_confirmation": 1.0, "stop_distance_atr": 0.7298324071755138, "exhaustion_magnitude": 0.7203446882994433, "_shadow_control_reason": "oos_experiment_baseline"}	{}
ME_SHORT_GEOM_A_V1	540274194	7160	KLACUSDT	SHORT	2026-10-04 22:25:24.402919+00	2026-10-04 22:25:24.44983+00	208.03	208.44606	206.5972975845029	208.03	208.44606	206.5972975845029	27.22	t	variant=ME_SHORT_GEOM_A_V1	TREND_UP	{"rr_ratio": 0.6355283125790634, "body_ratio": 0.0, "volume_ratio": 0.0, "_actual_regime": "TREND_UP", "_shadow_control": true, "_rejection_stage": "regime_filter", "_required_regime": "TREND_UP", "rsi_confirmation": 0.6884952201013628, "stop_distance_atr": 0.47550199301015794, "exhaustion_magnitude": 0.17365298345472935, "_shadow_control_reason": "oos_experiment_baseline", "_regime_counterfactual_oos": true}	{}
ME_SHORT_GEOM_B_V1	540274194	7161	KLACUSDT	SHORT	2026-10-04 22:25:24.402919+00	2026-10-04 22:25:24.44983+00	208.03	208.44606	206.5972975845029	208.03	209.590225	206.5972975845029	27.22	t	variant=ME_SHORT_GEOM_B_V1	TREND_UP	{"rr_ratio": 0.6355283125790634, "body_ratio": 0.0, "volume_ratio": 0.0, "_actual_regime": "TREND_UP", "_shadow_control": true, "_rejection_stage": "regime_filter", "_required_regime": "TREND_UP", "rsi_confirmation": 0.6884952201013628, "stop_distance_atr": 0.47550199301015794, "exhaustion_magnitude": 0.17365298345472935, "_shadow_control_reason": "oos_experiment_baseline", "_regime_counterfactual_oos": true}	{}
ME_SHORT_GEOM_A_V1	542267177	9396	SPCXUSDT	SHORT	2026-10-06 17:11:06.206168+00	2026-10-06 17:11:06.232158+00	173.81	174.15762	171.1305074262038	173.81	174.15762	171.1305074262038	37.03	t	variant=ME_SHORT_GEOM_A_V1	TREND_UP	{"rr_ratio": 1.0, "body_ratio": 0.8333333333334912, "volume_ratio": 0.0752770854324654, "_actual_regime": "TREND_UP", "_shadow_control": true, "_rejection_stage": "regime_filter", "_required_regime": "TREND_UP", "rsi_confirmation": 0.05333535714288852, "stop_distance_atr": 0.8310016393063222, "exhaustion_magnitude": 0.09222433569657996, "_shadow_control_reason": "oos_experiment_baseline", "_regime_counterfactual_oos": true}	{}
ME_SHORT_GEOM_B_V1	542267177	9397	SPCXUSDT	SHORT	2026-10-06 17:11:06.206168+00	2026-10-06 17:11:06.232158+00	173.81	174.15762	171.1305074262038	173.81	175.113575	171.1305074262038	37.03	t	variant=ME_SHORT_GEOM_B_V1	TREND_UP	{"rr_ratio": 1.0, "body_ratio": 0.8333333333334912, "volume_ratio": 0.0752770854324654, "_actual_regime": "TREND_UP", "_shadow_control": true, "_rejection_stage": "regime_filter", "_required_regime": "TREND_UP", "rsi_confirmation": 0.05333535714288852, "stop_distance_atr": 0.8310016393063222, "exhaustion_magnitude": 0.09222433569657996, "_shadow_control_reason": "oos_experiment_baseline", "_regime_counterfactual_oos": true}	{}
ME_SHORT_GEOM_A_V1	543566980	7222	BNBUSDT	SHORT	2026-10-04 23:20:28.977422+00	2026-10-04 23:20:29.034702+00	796.9	798.4938	790.02901711194	796.9	798.4938	790.02901711194	32.81	t	variant=ME_SHORT_GEOM_A_V1	TREND_UP	{"rr_ratio": 0.8453759556716207, "body_ratio": 0.3333333333334596, "volume_ratio": 0.08804819817654504, "_actual_regime": "TREND_UP", "_shadow_control": true, "_rejection_stage": "regime_filter", "_required_regime": "TREND_UP", "rsi_confirmation": 0.5912527780172108, "stop_distance_atr": 0.6056981144341694, "exhaustion_magnitude": 0.11949685534591052, "_shadow_control_reason": "oos_experiment_baseline", "_regime_counterfactual_oos": true}	{}
ME_SHORT_GEOM_B_V1	543566980	7223	BNBUSDT	SHORT	2026-10-04 23:20:28.977422+00	2026-10-04 23:20:29.034702+00	796.9	798.4938	790.02901711194	796.9	802.87675	790.02901711194	32.81	t	variant=ME_SHORT_GEOM_B_V1	TREND_UP	{"rr_ratio": 0.8453759556716207, "body_ratio": 0.3333333333334596, "volume_ratio": 0.08804819817654504, "_actual_regime": "TREND_UP", "_shadow_control": true, "_rejection_stage": "regime_filter", "_required_regime": "TREND_UP", "rsi_confirmation": 0.5912527780172108, "stop_distance_atr": 0.6056981144341694, "exhaustion_magnitude": 0.11949685534591052, "_shadow_control_reason": "oos_experiment_baseline", "_regime_counterfactual_oos": true}	{}
ME_SHORT_GEOM_A_V1	543902117	9121	ORCAUSDT	SHORT	2026-10-06 12:20:59.88671+00	2026-10-06 12:20:59.914101+00	2.611	2.616222	2.3335411094188	2.611	2.616222	2.3335411094188	42.05	t	variant=ME_SHORT_GEOM_A_V1	HIGH_VOLATILITY	{"rr_ratio": 1.0, "body_ratio": 0.5882352941176522, "volume_ratio": 0.2867291994151079, "_shadow_control": true, "rsi_confirmation": 0.5295377706004037, "stop_distance_atr": 0.7349758613498525, "exhaustion_magnitude": 0.8115050792044539, "_shadow_control_reason": "oos_experiment_baseline"}	{}
ME_SHORT_GEOM_B_V1	543902117	9122	ORCAUSDT	SHORT	2026-10-06 12:20:59.88671+00	2026-10-06 12:20:59.914101+00	2.611	2.616222	2.3335411094188	2.611	2.6305825	2.3335411094188	42.05	t	variant=ME_SHORT_GEOM_B_V1	HIGH_VOLATILITY	{"rr_ratio": 1.0, "body_ratio": 0.5882352941176522, "volume_ratio": 0.2867291994151079, "_shadow_control": true, "rsi_confirmation": 0.5295377706004037, "stop_distance_atr": 0.7349758613498525, "exhaustion_magnitude": 0.8115050792044539, "_shadow_control_reason": "oos_experiment_baseline"}	{}
ME_SHORT_GEOM_A_V1	549065693	556	CRVUSDT	SHORT	2026-09-29 15:37:12.45509+00	2026-09-29 15:37:12.489326+00	0.4136	0.41442720000000005	0.37956601217070524	0.4136	0.41442720000000005	0.37956601217070524	30.14	t	variant=ME_SHORT_GEOM_A_V1	HIGH_VOLATILITY	{"rr_ratio": 0.5194020740209448, "body_ratio": 0.8095238095238082, "volume_ratio": 0.13091239498936327, "_shadow_control": true, "rsi_confirmation": 0.09841464390649435, "stop_distance_atr": 0.3582364222136478, "exhaustion_magnitude": 1.0, "_shadow_control_reason": "oos_experiment_baseline"}	{}
ME_SHORT_GEOM_B_V1	549065693	557	CRVUSDT	SHORT	2026-09-29 15:37:12.45509+00	2026-09-29 15:37:12.489326+00	0.4136	0.41442720000000005	0.37956601217070524	0.4136	0.416702	0.37956601217070524	30.14	t	variant=ME_SHORT_GEOM_B_V1	HIGH_VOLATILITY	{"rr_ratio": 0.5194020740209448, "body_ratio": 0.8095238095238082, "volume_ratio": 0.13091239498936327, "_shadow_control": true, "rsi_confirmation": 0.09841464390649435, "stop_distance_atr": 0.3582364222136478, "exhaustion_magnitude": 1.0, "_shadow_control_reason": "oos_experiment_baseline"}	{}
ME_SHORT_GEOM_A_V1	550419300	1500	ASTERUSDT	SHORT	2026-09-30 15:42:57.150434+00	2026-09-30 15:42:57.185775+00	0.7787	0.7802574	0.7470263739973373	0.7787	0.7802574	0.7470263739973373	37.07	t	variant=ME_SHORT_GEOM_A_V1	HIGH_VOLATILITY	{"rr_ratio": 1.0, "body_ratio": 0.46428571428569876, "volume_ratio": 0.03288484538108662, "_shadow_control": true, "rsi_confirmation": 0.4846259325803705, "stop_distance_atr": 0.6954732710926528, "exhaustion_magnitude": 0.401294498381876, "_shadow_control_reason": "oos_experiment_baseline"}	{}
ME_SHORT_GEOM_B_V1	550419300	1501	ASTERUSDT	SHORT	2026-09-30 15:42:57.150434+00	2026-09-30 15:42:57.185775+00	0.7787	0.7802574	0.7470263739973373	0.7787	0.7845402499999999	0.7470263739973373	37.07	t	variant=ME_SHORT_GEOM_B_V1	HIGH_VOLATILITY	{"rr_ratio": 1.0, "body_ratio": 0.46428571428569876, "volume_ratio": 0.03288484538108662, "_shadow_control": true, "rsi_confirmation": 0.4846259325803705, "stop_distance_atr": 0.6954732710926528, "exhaustion_magnitude": 0.401294498381876, "_shadow_control_reason": "oos_experiment_baseline"}	{}
ME_SHORT_GEOM_A_V1	551340501	3365	MSTRUSDT	SHORT	2026-10-02 02:35:22.823059+00	2026-10-02 02:35:22.842166+00	162.06	162.38412	158.24004975809024	162.06	162.38412	158.24004975809024	36.15	t	variant=ME_SHORT_GEOM_A_V1	RANGE	{"rr_ratio": 1.0, "body_ratio": 0.7000000000000568, "volume_ratio": 0.002061721814132609, "_shadow_control": true, "rsi_confirmation": 0.2740995454118888, "stop_distance_atr": 0.759241922256845, "exhaustion_magnitude": 0.12371644191513229, "_shadow_control_reason": "oos_experiment_baseline"}	{}
ME_SHORT_GEOM_B_V1	551340501	3366	MSTRUSDT	SHORT	2026-10-02 02:35:22.823059+00	2026-10-02 02:35:22.842166+00	162.06	162.38412	158.24004975809024	162.06	163.27545	158.24004975809024	36.15	t	variant=ME_SHORT_GEOM_B_V1	RANGE	{"rr_ratio": 1.0, "body_ratio": 0.7000000000000568, "volume_ratio": 0.002061721814132609, "_shadow_control": true, "rsi_confirmation": 0.2740995454118888, "stop_distance_atr": 0.759241922256845, "exhaustion_magnitude": 0.12371644191513229, "_shadow_control_reason": "oos_experiment_baseline"}	{}
ME_SHORT_GEOM_A_V1	556957075	7389	XRPUSDT	SHORT	2026-10-05 02:30:51.018+00	2026-10-05 02:30:51.047486+00	1.5289	1.5319578	1.505933775112407	1.5289	1.5319578	1.505933775112407	27.75	t	variant=ME_SHORT_GEOM_A_V1	RANGE	{"rr_ratio": 0.5206581768884718, "body_ratio": 1.0, "volume_ratio": 0.12460849911852934, "_shadow_control": true, "rsi_confirmation": 0.6495811500205898, "stop_distance_atr": 0.3597846953535213, "exhaustion_magnitude": 0.07861120209629734, "_shadow_control_reason": "oos_experiment_baseline"}	{}
ME_SHORT_GEOM_B_V1	556957075	7390	XRPUSDT	SHORT	2026-10-05 02:30:51.018+00	2026-10-05 02:30:51.047486+00	1.5289	1.5319578	1.505933775112407	1.5289	1.54036675	1.505933775112407	27.75	t	variant=ME_SHORT_GEOM_B_V1	RANGE	{"rr_ratio": 0.5206581768884718, "body_ratio": 1.0, "volume_ratio": 0.12460849911852934, "_shadow_control": true, "rsi_confirmation": 0.6495811500205898, "stop_distance_atr": 0.3597846953535213, "exhaustion_magnitude": 0.07861120209629734, "_shadow_control_reason": "oos_experiment_baseline"}	{}
ME_SHORT_GEOM_A_V1	563778458	1445	SOONUSDT	SHORT	2026-09-30 14:28:39.292129+00	2026-09-30 14:28:39.321372+00	0.4784	0.47935679999999997	0.41295896566246043	0.4784	0.47935679999999997	0.41295896566246043	42.55	t	variant=ME_SHORT_GEOM_A_V1	HIGH_VOLATILITY	{"rr_ratio": 1.0, "body_ratio": 1.0, "volume_ratio": 0.3056874033695547, "_shadow_control": true, "rsi_confirmation": 0.05579836006049656, "stop_distance_atr": 0.6940109460260667, "exhaustion_magnitude": 1.0, "_shadow_control_reason": "oos_experiment_baseline"}	{}
ME_SHORT_GEOM_B_V1	563778458	1446	SOONUSDT	SHORT	2026-09-30 14:28:39.292129+00	2026-09-30 14:28:39.321372+00	0.4784	0.47935679999999997	0.41295896566246043	0.4784	0.48198799999999997	0.41295896566246043	42.55	t	variant=ME_SHORT_GEOM_B_V1	HIGH_VOLATILITY	{"rr_ratio": 1.0, "body_ratio": 1.0, "volume_ratio": 0.3056874033695547, "_shadow_control": true, "rsi_confirmation": 0.05579836006049656, "stop_distance_atr": 0.6940109460260667, "exhaustion_magnitude": 1.0, "_shadow_control_reason": "oos_experiment_baseline"}	{}
ME_SHORT_GEOM_A_V1	567455246	5220	SPCXUSDT	SHORT	2026-10-03 13:15:25.752973+00	2026-10-03 13:15:25.829728+00	159.17	159.48834	158.30614625168658	159.17	159.48834	158.30614625168658	32.18	t	variant=ME_SHORT_GEOM_A_V1	TREND_UP	{"rr_ratio": 0.8668389964807003, "body_ratio": 0.0, "volume_ratio": 0.001657864197238472, "_actual_regime": "TREND_UP", "_shadow_control": true, "_rejection_stage": "regime_filter", "_required_regime": "TREND_UP", "rsi_confirmation": 0.9983373566739071, "stop_distance_atr": 0.6154610779087715, "exhaustion_magnitude": 0.0031414928373934736, "_shadow_control_reason": "oos_experiment_baseline", "_regime_counterfactual_oos": true}	{}
ME_SHORT_GEOM_B_V1	567455246	5221	SPCXUSDT	SHORT	2026-10-03 13:15:25.752973+00	2026-10-03 13:15:25.829728+00	159.17	159.48834	158.30614625168658	159.17	160.36377499999998	158.30614625168658	32.18	t	variant=ME_SHORT_GEOM_B_V1	TREND_UP	{"rr_ratio": 0.8668389964807003, "body_ratio": 0.0, "volume_ratio": 0.001657864197238472, "_actual_regime": "TREND_UP", "_shadow_control": true, "_rejection_stage": "regime_filter", "_required_regime": "TREND_UP", "rsi_confirmation": 0.9983373566739071, "stop_distance_atr": 0.6154610779087715, "exhaustion_magnitude": 0.0031414928373934736, "_shadow_control_reason": "oos_experiment_baseline", "_regime_counterfactual_oos": true}	{}
ME_SHORT_GEOM_A_V1	574359263	5943	STRKUSDT	SHORT	2026-10-04 06:17:41.699002+00	2026-10-04 06:17:41.744033+00	0.05384	0.05394768	0.04956295435717804	0.05384	0.05394768	0.04956295435717804	38.29	t	variant=ME_SHORT_GEOM_A_V1	HIGH_VOLATILITY	{"rr_ratio": 1.0, "body_ratio": 0.4888888888888855, "volume_ratio": 0.3600849201554402, "_shadow_control": true, "rsi_confirmation": 0.10116162828346091, "stop_distance_atr": 0.7054424105224713, "exhaustion_magnitude": 0.31775700934579443, "_shadow_control_reason": "oos_experiment_baseline"}	{}
ME_SHORT_GEOM_B_V1	574359263	5944	STRKUSDT	SHORT	2026-10-04 06:17:41.699002+00	2026-10-04 06:17:41.744033+00	0.05384	0.05394768	0.04956295435717804	0.05384	0.0542438	0.04956295435717804	38.29	t	variant=ME_SHORT_GEOM_B_V1	HIGH_VOLATILITY	{"rr_ratio": 1.0, "body_ratio": 0.4888888888888855, "volume_ratio": 0.3600849201554402, "_shadow_control": true, "rsi_confirmation": 0.10116162828346091, "stop_distance_atr": 0.7054424105224713, "exhaustion_magnitude": 0.31775700934579443, "_shadow_control_reason": "oos_experiment_baseline"}	{}
ME_SHORT_GEOM_A_V1	575735960	5898	PUMPFUNUSDT	SHORT	2026-10-04 05:27:32.20897+00	2026-10-04 05:27:32.247465+00	0.00645	0.0064629	0.006094156055885243	0.00645	0.0064629	0.006094156055885243	40.63	t	variant=ME_SHORT_GEOM_A_V1	HIGH_VOLATILITY	{"rr_ratio": 1.0, "body_ratio": 0.7368421052631675, "volume_ratio": 0.37057683640258254, "_shadow_control": true, "rsi_confirmation": 0.23858529502988782, "stop_distance_atr": 0.8648581856139174, "exhaustion_magnitude": 0.21800062285892438, "_shadow_control_reason": "oos_experiment_baseline"}	{}
ME_SHORT_GEOM_B_V1	575735960	5899	PUMPFUNUSDT	SHORT	2026-10-04 05:27:32.20897+00	2026-10-04 05:27:32.247465+00	0.00645	0.0064629	0.006094156055885243	0.00645	0.006498375	0.006094156055885243	40.63	t	variant=ME_SHORT_GEOM_B_V1	HIGH_VOLATILITY	{"rr_ratio": 1.0, "body_ratio": 0.7368421052631675, "volume_ratio": 0.37057683640258254, "_shadow_control": true, "rsi_confirmation": 0.23858529502988782, "stop_distance_atr": 0.8648581856139174, "exhaustion_magnitude": 0.21800062285892438, "_shadow_control_reason": "oos_experiment_baseline"}	{}
ME_SHORT_GEOM_A_V1	584564504	6472	STRKUSDT	SHORT	2026-10-04 13:58:50.753434+00	2026-10-04 13:58:50.814388+00	0.05668	0.05679336	0.05209307270228882	0.05668	0.05679336	0.05209307270228882	37.45	t	variant=ME_SHORT_GEOM_A_V1	HIGH_VOLATILITY	{"rr_ratio": 1.0, "body_ratio": 0.6571428571428741, "volume_ratio": 0.14095370872873345, "_shadow_control": true, "rsi_confirmation": 0.2658197673309407, "stop_distance_atr": 0.7620813017556191, "exhaustion_magnitude": 0.1859394368691357, "_shadow_control_reason": "oos_experiment_baseline"}	{}
ME_SHORT_GEOM_B_V1	584564504	6473	STRKUSDT	SHORT	2026-10-04 13:58:50.753434+00	2026-10-04 13:58:50.814388+00	0.05668	0.05679336	0.05209307270228882	0.05668	0.0571051	0.05209307270228882	37.45	t	variant=ME_SHORT_GEOM_B_V1	HIGH_VOLATILITY	{"rr_ratio": 1.0, "body_ratio": 0.6571428571428741, "volume_ratio": 0.14095370872873345, "_shadow_control": true, "rsi_confirmation": 0.2658197673309407, "stop_distance_atr": 0.7620813017556191, "exhaustion_magnitude": 0.1859394368691357, "_shadow_control_reason": "oos_experiment_baseline"}	{}
ME_SHORT_GEOM_A_V1	586061331	465	CRVUSDT	SHORT	2026-09-29 13:41:59.726266+00	2026-09-29 13:41:59.745535+00	0.4033	0.4041066	0.3815268549488101	0.4033	0.4041066	0.3815268549488101	39.44	t	variant=ME_SHORT_GEOM_A_V1	HIGH_VOLATILITY	{"rr_ratio": 1.0, "body_ratio": 0.8461538461538232, "volume_ratio": 0.09971406749447868, "_shadow_control": true, "rsi_confirmation": 0.4256141271915065, "stop_distance_atr": 0.8580600105479373, "exhaustion_magnitude": 0.2491901320707702, "_shadow_control_reason": "oos_experiment_baseline"}	{}
ME_SHORT_GEOM_B_V1	586061331	466	CRVUSDT	SHORT	2026-09-29 13:41:59.726266+00	2026-09-29 13:41:59.745535+00	0.4033	0.4041066	0.3815268549488101	0.4033	0.40632475	0.3815268549488101	39.44	t	variant=ME_SHORT_GEOM_B_V1	HIGH_VOLATILITY	{"rr_ratio": 1.0, "body_ratio": 0.8461538461538232, "volume_ratio": 0.09971406749447868, "_shadow_control": true, "rsi_confirmation": 0.4256141271915065, "stop_distance_atr": 0.8580600105479373, "exhaustion_magnitude": 0.2491901320707702, "_shadow_control_reason": "oos_experiment_baseline"}	{}
ME_SHORT_GEOM_A_V1	590760510	4306	SANDUSDT	SHORT	2026-10-02 17:36:59.902921+00	2026-10-02 17:36:59.932293+00	0.0655	0.06563100000000001	0.05661488719500442	0.0655	0.06563100000000001	0.05661488719500442	39.03	t	variant=ME_SHORT_GEOM_A_V1	HIGH_VOLATILITY	{"rr_ratio": 0.950464588494312, "body_ratio": 0.7222222222222222, "volume_ratio": 0.4828492842625795, "_shadow_control": true, "rsi_confirmation": 0.10920936655965269, "stop_distance_atr": 0.6492943163075788, "exhaustion_magnitude": 0.3846153846153849, "_shadow_control_reason": "oos_experiment_baseline"}	{}
ME_SHORT_GEOM_B_V1	590760510	4307	SANDUSDT	SHORT	2026-10-02 17:36:59.902921+00	2026-10-02 17:36:59.932293+00	0.0655	0.06563100000000001	0.05661488719500442	0.0655	0.06599125	0.05661488719500442	39.03	t	variant=ME_SHORT_GEOM_B_V1	HIGH_VOLATILITY	{"rr_ratio": 0.950464588494312, "body_ratio": 0.7222222222222222, "volume_ratio": 0.4828492842625795, "_shadow_control": true, "rsi_confirmation": 0.10920936655965269, "stop_distance_atr": 0.6492943163075788, "exhaustion_magnitude": 0.3846153846153849, "_shadow_control_reason": "oos_experiment_baseline"}	{}
ME_SHORT_GEOM_A_V1	590760637	3271	MSTRUSDT	SHORT	2026-10-02 00:40:10.431641+00	2026-10-02 00:40:10.480883+00	161.6	161.9232	157.40544239280814	161.6	161.9232	157.40544239280814	32.61	t	variant=ME_SHORT_GEOM_A_V1	RANGE	{"rr_ratio": 1.0, "body_ratio": 0.0, "volume_ratio": 0.0, "_shadow_control": true, "rsi_confirmation": 0.0983267969280026, "stop_distance_atr": 0.7108907561054838, "exhaustion_magnitude": 0.04025515575648587, "_shadow_control_reason": "oos_experiment_baseline"}	{}
ME_SHORT_GEOM_B_V1	590760637	3272	MSTRUSDT	SHORT	2026-10-02 00:40:10.431641+00	2026-10-02 00:40:10.480883+00	161.6	161.9232	157.40544239280814	161.6	162.81199999999998	157.40544239280814	32.61	t	variant=ME_SHORT_GEOM_B_V1	RANGE	{"rr_ratio": 1.0, "body_ratio": 0.0, "volume_ratio": 0.0, "_shadow_control": true, "rsi_confirmation": 0.0983267969280026, "stop_distance_atr": 0.7108907561054838, "exhaustion_magnitude": 0.04025515575648587, "_shadow_control_reason": "oos_experiment_baseline"}	{}
ME_SHORT_GEOM_A_V1	596477569	7182	LINKUSDT	SHORT	2026-10-04 22:55:20.257414+00	2026-10-04 22:55:20.284868+00	14.257	14.285514	14.052006353996958	14.257	14.285514	14.052006353996958	37.09	t	variant=ME_SHORT_GEOM_A_V1	RANGE	{"rr_ratio": 1.0, "body_ratio": 1.0, "volume_ratio": 0.00943399664366551, "_shadow_control": true, "rsi_confirmation": 0.0645212077654397, "stop_distance_atr": 0.8085958358087899, "exhaustion_magnitude": 0.14773126978543727, "_shadow_control_reason": "oos_experiment_baseline"}	{}
ME_SHORT_GEOM_B_V1	596477569	7183	LINKUSDT	SHORT	2026-10-04 22:55:20.257414+00	2026-10-04 22:55:20.284868+00	14.257	14.285514	14.052006353996958	14.257	14.363927499999999	14.052006353996958	37.09	t	variant=ME_SHORT_GEOM_B_V1	RANGE	{"rr_ratio": 1.0, "body_ratio": 1.0, "volume_ratio": 0.00943399664366551, "_shadow_control": true, "rsi_confirmation": 0.0645212077654397, "stop_distance_atr": 0.8085958358087899, "exhaustion_magnitude": 0.14773126978543727, "_shadow_control_reason": "oos_experiment_baseline"}	{}
ME_SHORT_GEOM_A_V1	597556018	8492	RLCUSDT	SHORT	2026-10-06 00:19:25.681012+00	2026-10-06 00:19:25.717234+00	0.778	0.779556	0.6417616891563791	0.778	0.779556	0.6417616891563791	39.04	t	variant=ME_SHORT_GEOM_A_V1	HIGH_VOLATILITY	{"rr_ratio": 0.7163841213671335, "body_ratio": 0.47976878612716667, "volume_ratio": 0.4385483523319758, "_shadow_control": true, "rsi_confirmation": 1.0, "stop_distance_atr": 0.5347002768609577, "exhaustion_magnitude": 1.0, "_shadow_control_reason": "oos_experiment_baseline"}	{}
ME_SHORT_GEOM_B_V1	597556018	8493	RLCUSDT	SHORT	2026-10-06 00:19:25.681012+00	2026-10-06 00:19:25.717234+00	0.778	0.779556	0.6417616891563791	0.778	0.7838350000000001	0.6417616891563791	39.04	t	variant=ME_SHORT_GEOM_B_V1	HIGH_VOLATILITY	{"rr_ratio": 0.7163841213671335, "body_ratio": 0.47976878612716667, "volume_ratio": 0.4385483523319758, "_shadow_control": true, "rsi_confirmation": 1.0, "stop_distance_atr": 0.5347002768609577, "exhaustion_magnitude": 1.0, "_shadow_control_reason": "oos_experiment_baseline"}	{}
ME_SHORT_GEOM_A_V1	606561241	870	SOONUSDT	SHORT	2026-09-30 01:32:04.36922+00	2026-09-30 01:32:04.409293+00	0.4245	0.425349	0.36876355573496805	0.4245	0.425349	0.36876355573496805	36.7	t	variant=ME_SHORT_GEOM_A_V1	HIGH_VOLATILITY	{"rr_ratio": 1.0, "body_ratio": 0.5245901639344235, "volume_ratio": 0.14022899466373426, "_shadow_control": true, "rsi_confirmation": 0.011037873462487368, "stop_distance_atr": 0.7435632366526088, "exhaustion_magnitude": 0.3081298885991931, "_shadow_control_reason": "oos_experiment_baseline"}	{}
ME_SHORT_GEOM_B_V1	606561241	871	SOONUSDT	SHORT	2026-09-30 01:32:04.36922+00	2026-09-30 01:32:04.409293+00	0.4245	0.425349	0.36876355573496805	0.4245	0.42768375	0.36876355573496805	36.7	t	variant=ME_SHORT_GEOM_B_V1	HIGH_VOLATILITY	{"rr_ratio": 1.0, "body_ratio": 0.5245901639344235, "volume_ratio": 0.14022899466373426, "_shadow_control": true, "rsi_confirmation": 0.011037873462487368, "stop_distance_atr": 0.7435632366526088, "exhaustion_magnitude": 0.3081298885991931, "_shadow_control_reason": "oos_experiment_baseline"}	{}
ME_SHORT_GEOM_A_V1	610536496	8950	AVAXUSDT	SHORT	2026-10-06 08:30:47.3924+00	2026-10-06 08:30:47.444486+00	11.352	11.374704	11.067216226041364	11.352	11.374704	11.067216226041364	33.94	t	variant=ME_SHORT_GEOM_A_V1	TREND_UP	{"rr_ratio": 0.9526237660955436, "body_ratio": 0.5, "volume_ratio": 0.009819269625817154, "_actual_regime": "TREND_UP", "_shadow_control": true, "_rejection_stage": "regime_filter", "_required_regime": "TREND_UP", "rsi_confirmation": 0.12708324489631576, "stop_distance_atr": 0.6500892112952993, "exhaustion_magnitude": 0.23898035050451527, "_shadow_control_reason": "oos_experiment_baseline", "_regime_counterfactual_oos": true}	{}
ME_SHORT_GEOM_B_V1	610536496	8951	AVAXUSDT	SHORT	2026-10-06 08:30:47.3924+00	2026-10-06 08:30:47.444486+00	11.352	11.374704	11.067216226041364	11.352	11.43714	11.067216226041364	33.94	t	variant=ME_SHORT_GEOM_B_V1	TREND_UP	{"rr_ratio": 0.9526237660955436, "body_ratio": 0.5, "volume_ratio": 0.009819269625817154, "_actual_regime": "TREND_UP", "_shadow_control": true, "_rejection_stage": "regime_filter", "_required_regime": "TREND_UP", "rsi_confirmation": 0.12708324489631576, "stop_distance_atr": 0.6500892112952993, "exhaustion_magnitude": 0.23898035050451527, "_shadow_control_reason": "oos_experiment_baseline", "_regime_counterfactual_oos": true}	{}
ME_SHORT_GEOM_A_V1	614029014	6887	BTCUSDT	SHORT	2026-10-04 19:59:38.597288+00	2026-10-04 19:59:38.634635+00	85514.8	85685.8296	84999.44105357146	85514.8	85685.8296	84999.44105357146	21.93	t	variant=ME_SHORT_GEOM_A_V1	TREND_UP	{"rr_ratio": 0.42823004838020196, "body_ratio": 0.683823529411686, "volume_ratio": 0.08961214101411945, "_actual_regime": "TREND_UP", "_shadow_control": true, "_rejection_stage": "regime_filter", "_required_regime": "TREND_UP", "rsi_confirmation": 0.11178122561775013, "stop_distance_atr": 0.22160218650189234, "exhaustion_magnitude": 0.03791691047396308, "_shadow_control_reason": "oos_experiment_baseline", "_regime_counterfactual_oos": true}	{}
ME_SHORT_GEOM_B_V1	614029014	6888	BTCUSDT	SHORT	2026-10-04 19:59:38.597288+00	2026-10-04 19:59:38.634635+00	85514.8	85685.8296	84999.44105357146	85514.8	86156.16100000001	84999.44105357146	21.93	t	variant=ME_SHORT_GEOM_B_V1	TREND_UP	{"rr_ratio": 0.42823004838020196, "body_ratio": 0.683823529411686, "volume_ratio": 0.08961214101411945, "_actual_regime": "TREND_UP", "_shadow_control": true, "_rejection_stage": "regime_filter", "_required_regime": "TREND_UP", "rsi_confirmation": 0.11178122561775013, "stop_distance_atr": 0.22160218650189234, "exhaustion_magnitude": 0.03791691047396308, "_shadow_control_reason": "oos_experiment_baseline", "_regime_counterfactual_oos": true}	{}
ME_SHORT_GEOM_A_V1	614721171	1512	ASTERUSDT	SHORT	2026-09-30 15:58:00.036616+00	2026-09-30 15:58:00.07155+00	0.7774	0.7789548	0.7480263739973372	0.7774	0.7789548	0.7480263739973372	38.56	t	variant=ME_SHORT_GEOM_A_V1	HIGH_VOLATILITY	{"rr_ratio": 1.0, "body_ratio": 0.5882352941176355, "volume_ratio": 0.07932161007562598, "_shadow_control": true, "rsi_confirmation": 0.5706955419963464, "stop_distance_atr": 0.7858647999531045, "exhaustion_magnitude": 0.31715210355987156, "_shadow_control_reason": "oos_experiment_baseline"}	{}
ME_SHORT_GEOM_B_V1	614721171	1513	ASTERUSDT	SHORT	2026-09-30 15:58:00.036616+00	2026-09-30 15:58:00.07155+00	0.7774	0.7789548	0.7480263739973372	0.7774	0.7832304999999999	0.7480263739973372	38.56	t	variant=ME_SHORT_GEOM_B_V1	HIGH_VOLATILITY	{"rr_ratio": 1.0, "body_ratio": 0.5882352941176355, "volume_ratio": 0.07932161007562598, "_shadow_control": true, "rsi_confirmation": 0.5706955419963464, "stop_distance_atr": 0.7858647999531045, "exhaustion_magnitude": 0.31715210355987156, "_shadow_control_reason": "oos_experiment_baseline"}	{}
ME_SHORT_GEOM_A_V1	620260785	4680	MAGMAUSDT	SHORT	2026-10-03 02:53:44.483349+00	2026-10-03 02:53:44.532808+00	0.3792	0.3799584	0.3044890928732821	0.3792	0.3799584	0.3044890928732821	33.65	t	variant=ME_SHORT_GEOM_A_V1	HIGH_VOLATILITY	{"rr_ratio": 0.7868014807632177, "body_ratio": 0.6049382716049336, "volume_ratio": 0.216632446446719, "_shadow_control": true, "rsi_confirmation": 0.13599146521822073, "stop_distance_atr": 0.5763437900371114, "exhaustion_magnitude": 0.4255319148936144, "_shadow_control_reason": "oos_experiment_baseline"}	{}
ME_SHORT_GEOM_B_V1	620260785	4681	MAGMAUSDT	SHORT	2026-10-03 02:53:44.483349+00	2026-10-03 02:53:44.532808+00	0.3792	0.3799584	0.3044890928732821	0.3792	0.382044	0.3044890928732821	33.65	t	variant=ME_SHORT_GEOM_B_V1	HIGH_VOLATILITY	{"rr_ratio": 0.7868014807632177, "body_ratio": 0.6049382716049336, "volume_ratio": 0.216632446446719, "_shadow_control": true, "rsi_confirmation": 0.13599146521822073, "stop_distance_atr": 0.5763437900371114, "exhaustion_magnitude": 0.4255319148936144, "_shadow_control_reason": "oos_experiment_baseline"}	{}
ME_SHORT_GEOM_A_V1	620859650	3870	WLDUSDT	SHORT	2026-10-02 11:59:25.116201+00	2026-10-02 11:59:25.141297+00	0.545	0.5460900000000001	0.518990145586058	0.545	0.5460900000000001	0.518990145586058	42.11	t	variant=ME_SHORT_GEOM_A_V1	HIGH_VOLATILITY	{"rr_ratio": 1.0, "body_ratio": 0.6756756756756845, "volume_ratio": 0.7630551496474575, "_shadow_control": true, "rsi_confirmation": 0.10811306128529452, "stop_distance_atr": 0.8014140242658341, "exhaustion_magnitude": 0.12877115526122773, "_shadow_control_reason": "oos_experiment_baseline"}	{}
ME_SHORT_GEOM_B_V1	620859650	3871	WLDUSDT	SHORT	2026-10-02 11:59:25.116201+00	2026-10-02 11:59:25.141297+00	0.545	0.5460900000000001	0.518990145586058	0.545	0.5490875000000001	0.518990145586058	42.11	t	variant=ME_SHORT_GEOM_B_V1	HIGH_VOLATILITY	{"rr_ratio": 1.0, "body_ratio": 0.6756756756756845, "volume_ratio": 0.7630551496474575, "_shadow_control": true, "rsi_confirmation": 0.10811306128529452, "stop_distance_atr": 0.8014140242658341, "exhaustion_magnitude": 0.12877115526122773, "_shadow_control_reason": "oos_experiment_baseline"}	{}
ME_SHORT_GEOM_A_V1	631218840	8377	ZROUSDT	SHORT	2026-10-05 23:14:25.827202+00	2026-10-05 23:14:25.883703+00	2.1215	2.1257430000000004	2.0131027909200454	2.1215	2.1257430000000004	2.0131027909200454	44.86	t	variant=ME_SHORT_GEOM_A_V1	HIGH_VOLATILITY	{"rr_ratio": 1.0, "body_ratio": 0.5073529411764859, "volume_ratio": 1.0, "_shadow_control": true, "rsi_confirmation": 0.06408816994108785, "stop_distance_atr": 0.8363279256645313, "exhaustion_magnitude": 0.3560408260147193, "_shadow_control_reason": "oos_experiment_baseline"}	{}
ME_SHORT_GEOM_B_V1	631218840	8378	ZROUSDT	SHORT	2026-10-05 23:14:25.827202+00	2026-10-05 23:14:25.883703+00	2.1215	2.1257430000000004	2.0131027909200454	2.1215	2.13741125	2.0131027909200454	44.86	t	variant=ME_SHORT_GEOM_B_V1	HIGH_VOLATILITY	{"rr_ratio": 1.0, "body_ratio": 0.5073529411764859, "volume_ratio": 1.0, "_shadow_control": true, "rsi_confirmation": 0.06408816994108785, "stop_distance_atr": 0.8363279256645313, "exhaustion_magnitude": 0.3560408260147193, "_shadow_control_reason": "oos_experiment_baseline"}	{}
ME_SHORT_GEOM_A_V1	633130900	6214	SOLUSDT	SHORT	2026-10-04 10:23:17.091444+00	2026-10-04 10:23:17.131896+00	121.62	121.86324	120.42274203121836	121.62	121.86324	120.42274203121836	38.0	t	variant=ME_SHORT_GEOM_A_V1	TREND_UP	{"rr_ratio": 0.9885640061498583, "body_ratio": 1.0, "volume_ratio": 0.222235117956904, "_actual_regime": "TREND_UP", "_shadow_control": true, "_rejection_stage": "regime_filter", "_required_regime": "TREND_UP", "rsi_confirmation": 0.36020163269589794, "stop_distance_atr": 0.6628105704236974, "exhaustion_magnitude": 0.1360375958446691, "_shadow_control_reason": "oos_experiment_baseline", "_regime_counterfactual_oos": true}	{}
ME_SHORT_GEOM_B_V1	633130900	6215	SOLUSDT	SHORT	2026-10-04 10:23:17.091444+00	2026-10-04 10:23:17.131896+00	121.62	121.86324	120.42274203121836	121.62	122.53215	120.42274203121836	38.0	t	variant=ME_SHORT_GEOM_B_V1	TREND_UP	{"rr_ratio": 0.9885640061498583, "body_ratio": 1.0, "volume_ratio": 0.222235117956904, "_actual_regime": "TREND_UP", "_shadow_control": true, "_rejection_stage": "regime_filter", "_required_regime": "TREND_UP", "rsi_confirmation": 0.36020163269589794, "stop_distance_atr": 0.6628105704236974, "exhaustion_magnitude": 0.1360375958446691, "_shadow_control_reason": "oos_experiment_baseline", "_regime_counterfactual_oos": true}	{}
ME_SHORT_GEOM_A_V1	645924074	6616	XRPUSDT	SHORT	2026-10-04 15:29:01.568749+00	2026-10-04 15:29:01.597312+00	1.5094	1.5124188	1.492667264841324	1.5094	1.5124188	1.492667264841324	31.17	t	variant=ME_SHORT_GEOM_A_V1	RANGE	{"rr_ratio": 0.5915198796930273, "body_ratio": 0.9047619047619149, "volume_ratio": 0.4595851417177336, "_shadow_control": true, "rsi_confirmation": 0.15776391632621198, "stop_distance_atr": 0.43647991424004773, "exhaustion_magnitude": 0.21290751829674595, "_shadow_control_reason": "oos_experiment_baseline"}	{}
ME_SHORT_GEOM_B_V1	645924074	6617	XRPUSDT	SHORT	2026-10-04 15:29:01.568749+00	2026-10-04 15:29:01.597312+00	1.5094	1.5124188	1.492667264841324	1.5094	1.5207205000000001	1.492667264841324	31.17	t	variant=ME_SHORT_GEOM_B_V1	RANGE	{"rr_ratio": 0.5915198796930273, "body_ratio": 0.9047619047619149, "volume_ratio": 0.4595851417177336, "_shadow_control": true, "rsi_confirmation": 0.15776391632621198, "stop_distance_atr": 0.43647991424004773, "exhaustion_magnitude": 0.21290751829674595, "_shadow_control_reason": "oos_experiment_baseline"}	{}
ME_SHORT_GEOM_A_V1	646768170	1754	MOVRUSDT	SHORT	2026-09-30 22:17:54.682225+00	2026-09-30 22:17:54.709398+00	2.137	2.141274	1.7427068281501046	2.137	2.141274	1.7427068281501046	40.6	t	variant=ME_SHORT_GEOM_A_V1	HIGH_VOLATILITY	{"rr_ratio": 1.0, "body_ratio": 0.3200000000000075, "volume_ratio": 0.16773792848855182, "_shadow_control": true, "rsi_confirmation": 0.46404410798737294, "stop_distance_atr": 0.6901869357538386, "exhaustion_magnitude": 1.0, "_shadow_control_reason": "oos_experiment_baseline"}	{}
ME_SHORT_GEOM_B_V1	646768170	1755	MOVRUSDT	SHORT	2026-09-30 22:17:54.682225+00	2026-09-30 22:17:54.709398+00	2.137	2.141274	1.7427068281501046	2.137	2.1530275	1.7427068281501046	40.6	t	variant=ME_SHORT_GEOM_B_V1	HIGH_VOLATILITY	{"rr_ratio": 1.0, "body_ratio": 0.3200000000000075, "volume_ratio": 0.16773792848855182, "_shadow_control": true, "rsi_confirmation": 0.46404410798737294, "stop_distance_atr": 0.6901869357538386, "exhaustion_magnitude": 1.0, "_shadow_control_reason": "oos_experiment_baseline"}	{}
ME_SHORT_GEOM_A_V1	647596981	4029	XAUUSDT	SHORT	2026-10-02 12:51:33.917031+00	2026-10-02 12:51:33.949981+00	4229.99	4238.449979999999	4177.679916605676	4229.99	4238.449979999999	4177.679916605676	22.52	t	variant=ME_SHORT_GEOM_A_V1	RANGE	{"rr_ratio": 0.4270534161352653, "body_ratio": 0.4578313253012547, "volume_ratio": 0.08077896954654966, "_shadow_control": true, "rsi_confirmation": 0.06065812441589173, "stop_distance_atr": 0.2194575181017896, "exhaustion_magnitude": 0.3429996881820982, "_shadow_control_reason": "oos_experiment_baseline"}	{}
ME_SHORT_GEOM_B_V1	647596981	4030	XAUUSDT	SHORT	2026-10-02 12:51:33.917031+00	2026-10-02 12:51:33.949981+00	4229.99	4238.449979999999	4177.679916605676	4229.99	4261.714925	4177.679916605676	22.52	t	variant=ME_SHORT_GEOM_B_V1	RANGE	{"rr_ratio": 0.4270534161352653, "body_ratio": 0.4578313253012547, "volume_ratio": 0.08077896954654966, "_shadow_control": true, "rsi_confirmation": 0.06065812441589173, "stop_distance_atr": 0.2194575181017896, "exhaustion_magnitude": 0.3429996881820982, "_shadow_control_reason": "oos_experiment_baseline"}	{}
ME_SHORT_GEOM_A_V1	650191005	7702	VIRTUALUSDT	SHORT	2026-10-05 09:22:21.30232+00	2026-10-05 09:22:21.331583+00	0.8849	0.8866698000000001	0.84729816297699	0.8849	0.8866698000000001	0.84729816297699	32.51	t	variant=ME_SHORT_GEOM_A_V1	HIGH_VOLATILITY	{"rr_ratio": 0.736274892364714, "body_ratio": 0.7777777777777743, "volume_ratio": 0.12972549032059866, "_shadow_control": true, "rsi_confirmation": 0.4756920605426634, "stop_distance_atr": 0.5472705414919725, "exhaustion_magnitude": 0.2384466901328478, "_shadow_control_reason": "oos_experiment_baseline"}	{}
ME_SHORT_GEOM_B_V1	650191005	7703	VIRTUALUSDT	SHORT	2026-10-05 09:22:21.30232+00	2026-10-05 09:22:21.331583+00	0.8849	0.8866698000000001	0.84729816297699	0.8849	0.89153675	0.84729816297699	32.51	t	variant=ME_SHORT_GEOM_B_V1	HIGH_VOLATILITY	{"rr_ratio": 0.736274892364714, "body_ratio": 0.7777777777777743, "volume_ratio": 0.12972549032059866, "_shadow_control": true, "rsi_confirmation": 0.4756920605426634, "stop_distance_atr": 0.5472705414919725, "exhaustion_magnitude": 0.2384466901328478, "_shadow_control_reason": "oos_experiment_baseline"}	{}
ME_SHORT_GEOM_A_V1	656483060	4177	SANDUSDT	SHORT	2026-10-02 14:56:54.90295+00	2026-10-02 14:56:54.941721+00	0.06528	0.06541056	0.057101893684995374	0.06528	0.06541056	0.057101893684995374	38.32	t	variant=ME_SHORT_GEOM_A_V1	HIGH_VOLATILITY	{"rr_ratio": 1.0, "body_ratio": 0.8333333333333237, "volume_ratio": 0.15461350184747477, "_shadow_control": true, "rsi_confirmation": 0.3463898815525473, "stop_distance_atr": 0.7464494502456032, "exhaustion_magnitude": 0.21538461538461728, "_shadow_control_reason": "oos_experiment_baseline"}	{}
ME_SHORT_GEOM_B_V1	656483060	4178	SANDUSDT	SHORT	2026-10-02 14:56:54.90295+00	2026-10-02 14:56:54.941721+00	0.06528	0.06541056	0.057101893684995374	0.06528	0.06576960000000001	0.057101893684995374	38.32	t	variant=ME_SHORT_GEOM_B_V1	HIGH_VOLATILITY	{"rr_ratio": 1.0, "body_ratio": 0.8333333333333237, "volume_ratio": 0.15461350184747477, "_shadow_control": true, "rsi_confirmation": 0.3463898815525473, "stop_distance_atr": 0.7464494502456032, "exhaustion_magnitude": 0.21538461538461728, "_shadow_control_reason": "oos_experiment_baseline"}	{}
ME_SHORT_GEOM_A_V1	658891068	1431	SOONUSDT	SHORT	2026-09-30 14:23:38.862108+00	2026-09-30 14:23:38.887658+00	0.4784	0.47935679999999997	0.4131161085196033	0.4784	0.47935679999999997	0.4131161085196033	41.79	t	variant=ME_SHORT_GEOM_A_V1	HIGH_VOLATILITY	{"rr_ratio": 1.0, "body_ratio": 0.5057471264367778, "volume_ratio": 0.39472940726477707, "_shadow_control": true, "rsi_confirmation": 0.053111027053708425, "stop_distance_atr": 0.6956357705284058, "exhaustion_magnitude": 1.0, "_shadow_control_reason": "oos_experiment_baseline"}	{}
ME_SHORT_GEOM_B_V1	658891068	1432	SOONUSDT	SHORT	2026-09-30 14:23:38.862108+00	2026-09-30 14:23:38.887658+00	0.4784	0.47935679999999997	0.4131161085196033	0.4784	0.48198799999999997	0.4131161085196033	41.79	t	variant=ME_SHORT_GEOM_B_V1	HIGH_VOLATILITY	{"rr_ratio": 1.0, "body_ratio": 0.5057471264367778, "volume_ratio": 0.39472940726477707, "_shadow_control": true, "rsi_confirmation": 0.053111027053708425, "stop_distance_atr": 0.6956357705284058, "exhaustion_magnitude": 1.0, "_shadow_control_reason": "oos_experiment_baseline"}	{}
ME_SHORT_GEOM_A_V1	667576206	8791	SPCXUSDT	SHORT	2026-10-06 05:45:18.534064+00	2026-10-06 05:45:18.597342+00	172.19	172.53438	170.25313410649076	172.19	172.53438	170.25313410649076	35.5	t	variant=ME_SHORT_GEOM_A_V1	HIGH_VOLATILITY	{"rr_ratio": 1.0, "body_ratio": 0.0, "volume_ratio": 0.00017197259444734887, "_shadow_control": true, "rsi_confirmation": 1.0, "stop_distance_atr": 0.7444060116605167, "exhaustion_magnitude": 0.011617775196047645, "_shadow_control_reason": "oos_experiment_baseline"}	{}
ME_SHORT_GEOM_B_V1	667576206	8792	SPCXUSDT	SHORT	2026-10-06 05:45:18.534064+00	2026-10-06 05:45:18.597342+00	172.19	172.53438	170.25313410649076	172.19	173.481425	170.25313410649076	35.5	t	variant=ME_SHORT_GEOM_B_V1	HIGH_VOLATILITY	{"rr_ratio": 1.0, "body_ratio": 0.0, "volume_ratio": 0.00017197259444734887, "_shadow_control": true, "rsi_confirmation": 1.0, "stop_distance_atr": 0.7444060116605167, "exhaustion_magnitude": 0.011617775196047645, "_shadow_control_reason": "oos_experiment_baseline"}	{}
ME_SHORT_GEOM_A_V1	695570333	4253	SPCXUSDT	SHORT	2026-10-02 17:07:09.375428+00	2026-10-02 17:07:09.40177+00	158.07	158.38613999999998	155.54364366442164	158.07	158.38613999999998	155.54364366442164	37.7	t	variant=ME_SHORT_GEOM_A_V1	HIGH_VOLATILITY	{"rr_ratio": 1.0, "body_ratio": 0.41666666666662067, "volume_ratio": 0.14790965395939415, "_shadow_control": true, "rsi_confirmation": 1.0, "stop_distance_atr": 0.6998933845674209, "exhaustion_magnitude": 0.053831538948697744, "_shadow_control_reason": "oos_experiment_baseline"}	{}
ME_SHORT_GEOM_B_V1	695570333	4254	SPCXUSDT	SHORT	2026-10-02 17:07:09.375428+00	2026-10-02 17:07:09.40177+00	158.07	158.38613999999998	155.54364366442164	158.07	159.255525	155.54364366442164	37.7	t	variant=ME_SHORT_GEOM_B_V1	HIGH_VOLATILITY	{"rr_ratio": 1.0, "body_ratio": 0.41666666666662067, "volume_ratio": 0.14790965395939415, "_shadow_control": true, "rsi_confirmation": 1.0, "stop_distance_atr": 0.6998933845674209, "exhaustion_magnitude": 0.053831538948697744, "_shadow_control_reason": "oos_experiment_baseline"}	{}
ME_SHORT_GEOM_A_V1	698146388	7605	ADAUSDT	SHORT	2026-10-05 07:46:50.352201+00	2026-10-05 07:46:50.398393+00	0.2731	0.2736462	0.26343773890123595	0.2731	0.2736462	0.26343773890123595	39.81	t	variant=ME_SHORT_GEOM_A_V1	HIGH_VOLATILITY	{"rr_ratio": 1.0, "body_ratio": 0.4444444444444513, "volume_ratio": 0.17351584337123488, "_shadow_control": true, "rsi_confirmation": 1.0, "stop_distance_atr": 0.8349512775641889, "exhaustion_magnitude": 0.1468968049944956, "_shadow_control_reason": "oos_experiment_baseline"}	{}
ME_SHORT_GEOM_B_V1	698146388	7606	ADAUSDT	SHORT	2026-10-05 07:46:50.352201+00	2026-10-05 07:46:50.398393+00	0.2731	0.2736462	0.26343773890123595	0.2731	0.27514825	0.26343773890123595	39.81	t	variant=ME_SHORT_GEOM_B_V1	HIGH_VOLATILITY	{"rr_ratio": 1.0, "body_ratio": 0.4444444444444513, "volume_ratio": 0.17351584337123488, "_shadow_control": true, "rsi_confirmation": 1.0, "stop_distance_atr": 0.8349512775641889, "exhaustion_magnitude": 0.1468968049944956, "_shadow_control_reason": "oos_experiment_baseline"}	{}
ME_SHORT_GEOM_A_V1	711445776	9349	SPCXUSDT	SHORT	2026-10-06 16:35:59.920906+00	2026-10-06 16:35:59.963458+00	174.18	174.52836000000002	170.86516202483241	174.18	174.52836000000002	170.86516202483241	35.69	t	variant=ME_SHORT_GEOM_A_V1	TREND_UP	{"rr_ratio": 1.0, "body_ratio": 0.8181818181819591, "volume_ratio": 0.052835382593829486, "_actual_regime": "TREND_UP", "_shadow_control": true, "_rejection_stage": "regime_filter", "_required_regime": "TREND_UP", "rsi_confirmation": 0.039954327366914795, "stop_distance_atr": 0.670267359391704, "exhaustion_magnitude": 0.19885872384575415, "_shadow_control_reason": "oos_experiment_baseline", "_regime_counterfactual_oos": true}	{}
ME_SHORT_GEOM_B_V1	711445776	9350	SPCXUSDT	SHORT	2026-10-06 16:35:59.920906+00	2026-10-06 16:35:59.963458+00	174.18	174.52836000000002	170.86516202483241	174.18	175.48635000000002	170.86516202483241	35.69	t	variant=ME_SHORT_GEOM_B_V1	TREND_UP	{"rr_ratio": 1.0, "body_ratio": 0.8181818181819591, "volume_ratio": 0.052835382593829486, "_actual_regime": "TREND_UP", "_shadow_control": true, "_rejection_stage": "regime_filter", "_required_regime": "TREND_UP", "rsi_confirmation": 0.039954327366914795, "stop_distance_atr": 0.670267359391704, "exhaustion_magnitude": 0.19885872384575415, "_shadow_control_reason": "oos_experiment_baseline", "_regime_counterfactual_oos": true}	{}
ME_SHORT_GEOM_A_V1	717857594	5078	SPCXUSDT	SHORT	2026-10-03 09:54:53.680369+00	2026-10-03 09:54:53.708098+00	159.09	159.40818000000002	157.9520506276449	159.09	159.40818000000002	157.9520506276449	38.28	t	variant=ME_SHORT_GEOM_A_V1	TREND_UP	{"rr_ratio": 0.9501202005703328, "body_ratio": 1.0, "volume_ratio": 0.2049831172235156, "_actual_regime": "TREND_UP", "_shadow_control": true, "_rejection_stage": "regime_filter", "_required_regime": "TREND_UP", "rsi_confirmation": 0.9457493904527079, "stop_distance_atr": 0.6491671968102111, "exhaustion_magnitude": 0.012574662055954745, "_shadow_control_reason": "oos_experiment_baseline", "_regime_counterfactual_oos": true}	{}
ME_SHORT_GEOM_B_V1	717857594	5079	SPCXUSDT	SHORT	2026-10-03 09:54:53.680369+00	2026-10-03 09:54:53.708098+00	159.09	159.40818000000002	157.9520506276449	159.09	160.283175	157.9520506276449	38.28	t	variant=ME_SHORT_GEOM_B_V1	TREND_UP	{"rr_ratio": 0.9501202005703328, "body_ratio": 1.0, "volume_ratio": 0.2049831172235156, "_actual_regime": "TREND_UP", "_shadow_control": true, "_rejection_stage": "regime_filter", "_required_regime": "TREND_UP", "rsi_confirmation": 0.9457493904527079, "stop_distance_atr": 0.6491671968102111, "exhaustion_magnitude": 0.012574662055954745, "_shadow_control_reason": "oos_experiment_baseline", "_regime_counterfactual_oos": true}	{}
ME_SHORT_GEOM_A_V1	718742424	9091	ORCAUSDT	SHORT	2026-10-06 11:55:56.107297+00	2026-10-06 11:55:56.141629+00	2.7118	2.7172236	2.321951963347118	2.7118	2.7172236	2.321951963347118	28.75	t	variant=ME_SHORT_GEOM_A_V1	HIGH_VOLATILITY	{"rr_ratio": 0.46122915486272204, "body_ratio": 0.4444444444444342, "volume_ratio": 0.09492434119552763, "_shadow_control": true, "rsi_confirmation": 0.6564373653146144, "stop_distance_atr": 0.27729344552699586, "exhaustion_magnitude": 1.0, "_shadow_control_reason": "oos_experiment_baseline"}	{}
ME_SHORT_GEOM_B_V1	718742424	9092	ORCAUSDT	SHORT	2026-10-06 11:55:56.107297+00	2026-10-06 11:55:56.141629+00	2.7118	2.7172236	2.321951963347118	2.7118	2.7321385	2.321951963347118	28.75	t	variant=ME_SHORT_GEOM_B_V1	HIGH_VOLATILITY	{"rr_ratio": 0.46122915486272204, "body_ratio": 0.4444444444444342, "volume_ratio": 0.09492434119552763, "_shadow_control": true, "rsi_confirmation": 0.6564373653146144, "stop_distance_atr": 0.27729344552699586, "exhaustion_magnitude": 1.0, "_shadow_control_reason": "oos_experiment_baseline"}	{}
ME_SHORT_GEOM_A_V1	721718485	6373	SOLUSDT	SHORT	2026-10-04 12:28:34.373644+00	2026-10-04 12:28:34.426262+00	121.8	122.0436	120.38046920680836	121.8	122.0436	120.38046920680836	29.41	t	variant=ME_SHORT_GEOM_A_V1	TREND_UP	{"rr_ratio": 0.6165928679413007, "body_ratio": 0.7692307692307524, "volume_ratio": 0.1707769714120894, "_actual_regime": "TREND_UP", "_shadow_control": true, "_rejection_stage": "regime_filter", "_required_regime": "TREND_UP", "rsi_confirmation": 0.2949107999833577, "stop_distance_atr": 0.4593947632798958, "exhaustion_magnitude": 0.2019619157530273, "_shadow_control_reason": "oos_experiment_baseline", "_regime_counterfactual_oos": true}	{}
ME_SHORT_GEOM_B_V1	721718485	6374	SOLUSDT	SHORT	2026-10-04 12:28:34.373644+00	2026-10-04 12:28:34.426262+00	121.8	122.0436	120.38046920680836	121.8	122.7135	120.38046920680836	29.41	t	variant=ME_SHORT_GEOM_B_V1	TREND_UP	{"rr_ratio": 0.6165928679413007, "body_ratio": 0.7692307692307524, "volume_ratio": 0.1707769714120894, "_actual_regime": "TREND_UP", "_shadow_control": true, "_rejection_stage": "regime_filter", "_required_regime": "TREND_UP", "rsi_confirmation": 0.2949107999833577, "stop_distance_atr": 0.4593947632798958, "exhaustion_magnitude": 0.2019619157530273, "_shadow_control_reason": "oos_experiment_baseline", "_regime_counterfactual_oos": true}	{}
ME_SHORT_GEOM_A_V1	721995258	7439	AKTUSDT	SHORT	2026-10-05 03:56:28.604101+00	2026-10-05 03:56:28.666839+00	0.8082	0.8098164	0.7495790248233841	0.8082	0.8098164	0.7495790248233841	36.76	t	variant=ME_SHORT_GEOM_A_V1	HIGH_VOLATILITY	{"rr_ratio": 1.0, "body_ratio": 0.3636363636363673, "volume_ratio": 0.030520190595407035, "_shadow_control": true, "rsi_confirmation": 0.18464161745395416, "stop_distance_atr": 0.7533907385675719, "exhaustion_magnitude": 0.4683402023229713, "_shadow_control_reason": "oos_experiment_baseline"}	{}
ME_SHORT_GEOM_B_V1	721995258	7440	AKTUSDT	SHORT	2026-10-05 03:56:28.604101+00	2026-10-05 03:56:28.666839+00	0.8082	0.8098164	0.7495790248233841	0.8082	0.8142615000000001	0.7495790248233841	36.76	t	variant=ME_SHORT_GEOM_B_V1	HIGH_VOLATILITY	{"rr_ratio": 1.0, "body_ratio": 0.3636363636363673, "volume_ratio": 0.030520190595407035, "_shadow_control": true, "rsi_confirmation": 0.18464161745395416, "stop_distance_atr": 0.7533907385675719, "exhaustion_magnitude": 0.4683402023229713, "_shadow_control_reason": "oos_experiment_baseline"}	{}
ME_SHORT_GEOM_A_V1	723556248	7354	XAUUSDT	SHORT	2026-10-05 01:30:54.819461+00	2026-10-05 01:30:54.863164+00	4164.42	4172.74884	4150.935210410956	4164.42	4172.74884	4150.935210410956	17.44	t	variant=ME_SHORT_GEOM_A_V1	RANGE	{"rr_ratio": 0.25835879245028215, "body_ratio": 0.6033519553072342, "volume_ratio": 0.03396952249371786, "_shadow_control": true, "rsi_confirmation": 0.18517594183113506, "stop_distance_atr": 0.0, "exhaustion_magnitude": 0.18606982921104115, "_shadow_control_reason": "oos_experiment_baseline"}	{}
ME_SHORT_GEOM_B_V1	723556248	7355	XAUUSDT	SHORT	2026-10-05 01:30:54.819461+00	2026-10-05 01:30:54.863164+00	4164.42	4172.74884	4150.935210410956	4164.42	4195.65315	4150.935210410956	17.44	t	variant=ME_SHORT_GEOM_B_V1	RANGE	{"rr_ratio": 0.25835879245028215, "body_ratio": 0.6033519553072342, "volume_ratio": 0.03396952249371786, "_shadow_control": true, "rsi_confirmation": 0.18517594183113506, "stop_distance_atr": 0.0, "exhaustion_magnitude": 0.18606982921104115, "_shadow_control_reason": "oos_experiment_baseline"}	{}
ME_SHORT_GEOM_A_V1	728515427	5673	STRKUSDT	SHORT	2026-10-04 02:07:06.83981+00	2026-10-04 02:07:06.869839+00	0.05376	0.05386752	0.0494937864477472	0.05376	0.05386752	0.0494937864477472	36.39	t	variant=ME_SHORT_GEOM_A_V1	HIGH_VOLATILITY	{"rr_ratio": 1.0, "body_ratio": 0.304347826086967, "volume_ratio": 0.12079175692721458, "_shadow_control": true, "rsi_confirmation": 0.4025329371681323, "stop_distance_atr": 0.7083704306413241, "exhaustion_magnitude": 0.24299065420561056, "_shadow_control_reason": "oos_experiment_baseline"}	{}
ME_SHORT_GEOM_B_V1	728515427	5674	STRKUSDT	SHORT	2026-10-04 02:07:06.83981+00	2026-10-04 02:07:06.869839+00	0.05376	0.05386752	0.0494937864477472	0.05376	0.0541632	0.0494937864477472	36.39	t	variant=ME_SHORT_GEOM_B_V1	HIGH_VOLATILITY	{"rr_ratio": 1.0, "body_ratio": 0.304347826086967, "volume_ratio": 0.12079175692721458, "_shadow_control": true, "rsi_confirmation": 0.4025329371681323, "stop_distance_atr": 0.7083704306413241, "exhaustion_magnitude": 0.24299065420561056, "_shadow_control_reason": "oos_experiment_baseline"}	{}
ME_SHORT_GEOM_A_V1	731008689	7164	KLACUSDT	SHORT	2026-10-04 22:30:25.790448+00	2026-10-04 22:30:25.836787+00	208.03	208.44606	206.4772975845029	208.03	208.44606	206.4772975845029	24.5	t	variant=ME_SHORT_GEOM_A_V1	TREND_UP	{"rr_ratio": 0.5346588081620972, "body_ratio": 0.0, "volume_ratio": 0.0, "_actual_regime": "TREND_UP", "_shadow_control": true, "_rejection_stage": "regime_filter", "_required_regime": "TREND_UP", "rsi_confirmation": 0.6147716573108596, "stop_distance_atr": 0.37654944004536717, "exhaustion_magnitude": 0.17365298345472935, "_shadow_control_reason": "oos_experiment_baseline", "_regime_counterfactual_oos": true}	{}
ME_SHORT_GEOM_B_V1	731008689	7165	KLACUSDT	SHORT	2026-10-04 22:30:25.790448+00	2026-10-04 22:30:25.836787+00	208.03	208.44606	206.4772975845029	208.03	209.590225	206.4772975845029	24.5	t	variant=ME_SHORT_GEOM_B_V1	TREND_UP	{"rr_ratio": 0.5346588081620972, "body_ratio": 0.0, "volume_ratio": 0.0, "_actual_regime": "TREND_UP", "_shadow_control": true, "_rejection_stage": "regime_filter", "_required_regime": "TREND_UP", "rsi_confirmation": 0.6147716573108596, "stop_distance_atr": 0.37654944004536717, "exhaustion_magnitude": 0.17365298345472935, "_shadow_control_reason": "oos_experiment_baseline", "_regime_counterfactual_oos": true}	{}
ME_SHORT_GEOM_A_V1	735072533	5247	SPCXUSDT	SHORT	2026-10-03 13:55:33.556059+00	2026-10-03 13:55:33.593823+00	159.19	159.50838	158.27186053740084	159.19	159.50838	158.27186053740084	30.57	t	variant=ME_SHORT_GEOM_A_V1	TREND_UP	{"rr_ratio": 0.7855470461653197, "body_ratio": 0.0, "volume_ratio": 0.001201716738197425, "_actual_regime": "TREND_UP", "_shadow_control": true, "_rejection_stage": "regime_filter", "_required_regime": "TREND_UP", "rsi_confirmation": 0.9894968606796984, "stop_distance_atr": 0.5756672563909221, "exhaustion_magnitude": 0.00942447851218935, "_shadow_control_reason": "oos_experiment_baseline", "_regime_counterfactual_oos": true}	{}
ME_SHORT_GEOM_B_V1	735072533	5248	SPCXUSDT	SHORT	2026-10-03 13:55:33.556059+00	2026-10-03 13:55:33.593823+00	159.19	159.50838	158.27186053740084	159.19	160.383925	158.27186053740084	30.57	t	variant=ME_SHORT_GEOM_B_V1	TREND_UP	{"rr_ratio": 0.7855470461653197, "body_ratio": 0.0, "volume_ratio": 0.001201716738197425, "_actual_regime": "TREND_UP", "_shadow_control": true, "_rejection_stage": "regime_filter", "_required_regime": "TREND_UP", "rsi_confirmation": 0.9894968606796984, "stop_distance_atr": 0.5756672563909221, "exhaustion_magnitude": 0.00942447851218935, "_shadow_control_reason": "oos_experiment_baseline", "_regime_counterfactual_oos": true}	{}
ME_SHORT_GEOM_A_V1	735745381	7560	1000PEPEUSDT	SHORT	2026-10-05 06:51:49.618976+00	2026-10-05 06:51:49.665701+00	0.004448	0.004456896	0.004341210156389268	0.004448	0.004456896	0.004341210156389268	36.48	t	variant=ME_SHORT_GEOM_A_V1	TREND_UP	{"rr_ratio": 1.0, "body_ratio": 0.6363636363636077, "volume_ratio": 0.17742886956886517, "_actual_regime": "TREND_UP", "_shadow_control": true, "_rejection_stage": "regime_filter", "_required_regime": "TREND_UP", "rsi_confirmation": 0.0754890557625951, "stop_distance_atr": 0.7532488566738729, "exhaustion_magnitude": 0.07881107858590478, "_shadow_control_reason": "oos_experiment_baseline", "_regime_counterfactual_oos": true}	{}
ME_SHORT_GEOM_B_V1	735745381	7561	1000PEPEUSDT	SHORT	2026-10-05 06:51:49.618976+00	2026-10-05 06:51:49.665701+00	0.004448	0.004456896	0.004341210156389268	0.004448	0.004481359999999999	0.004341210156389268	36.48	t	variant=ME_SHORT_GEOM_B_V1	TREND_UP	{"rr_ratio": 1.0, "body_ratio": 0.6363636363636077, "volume_ratio": 0.17742886956886517, "_actual_regime": "TREND_UP", "_shadow_control": true, "_rejection_stage": "regime_filter", "_required_regime": "TREND_UP", "rsi_confirmation": 0.0754890557625951, "stop_distance_atr": 0.7532488566738729, "exhaustion_magnitude": 0.07881107858590478, "_shadow_control_reason": "oos_experiment_baseline", "_regime_counterfactual_oos": true}	{}
ME_SHORT_GEOM_A_V1	737571006	5847	STRKUSDT	SHORT	2026-10-04 04:47:27.573008+00	2026-10-04 04:47:27.606732+00	0.05408	0.054188160000000006	0.04963585235349539	0.05408	0.054188160000000006	0.04963585235349539	38.63	t	variant=ME_SHORT_GEOM_A_V1	HIGH_VOLATILITY	{"rr_ratio": 1.0, "body_ratio": 0.5151515151515094, "volume_ratio": 0.20152266223821186, "_shadow_control": true, "rsi_confirmation": 0.3023284965434338, "stop_distance_atr": 0.6858794396081882, "exhaustion_magnitude": 0.542056074766359, "_shadow_control_reason": "oos_experiment_baseline"}	{}
ME_SHORT_GEOM_B_V1	737571006	5848	STRKUSDT	SHORT	2026-10-04 04:47:27.573008+00	2026-10-04 04:47:27.606732+00	0.05408	0.054188160000000006	0.04963585235349539	0.05408	0.0544856	0.04963585235349539	38.63	t	variant=ME_SHORT_GEOM_B_V1	HIGH_VOLATILITY	{"rr_ratio": 1.0, "body_ratio": 0.5151515151515094, "volume_ratio": 0.20152266223821186, "_shadow_control": true, "rsi_confirmation": 0.3023284965434338, "stop_distance_atr": 0.6858794396081882, "exhaustion_magnitude": 0.542056074766359, "_shadow_control_reason": "oos_experiment_baseline"}	{}
ME_SHORT_GEOM_A_V1	752110022	8970	SPCXUSDT	SHORT	2026-10-06 09:00:47.91717+00	2026-10-06 09:00:47.946813+00	172.91	173.25582	171.02393724944946	172.91	173.25582	171.02393724944946	38.92	t	variant=ME_SHORT_GEOM_A_V1	TREND_UP	{"rr_ratio": 1.0, "body_ratio": 1.0, "volume_ratio": 0.005150463124076048, "_actual_regime": "TREND_UP", "_shadow_control": true, "_rejection_stage": "regime_filter", "_required_regime": "TREND_UP", "rsi_confirmation": 0.8655377857904265, "stop_distance_atr": 0.750389509068158, "exhaustion_magnitude": 0.15663978650577015, "_shadow_control_reason": "oos_experiment_baseline", "_regime_counterfactual_oos": true}	{}
ME_SHORT_GEOM_B_V1	752110022	8971	SPCXUSDT	SHORT	2026-10-06 09:00:47.91717+00	2026-10-06 09:00:47.946813+00	172.91	173.25582	171.02393724944946	172.91	174.206825	171.02393724944946	38.92	t	variant=ME_SHORT_GEOM_B_V1	TREND_UP	{"rr_ratio": 1.0, "body_ratio": 1.0, "volume_ratio": 0.005150463124076048, "_actual_regime": "TREND_UP", "_shadow_control": true, "_rejection_stage": "regime_filter", "_required_regime": "TREND_UP", "rsi_confirmation": 0.8655377857904265, "stop_distance_atr": 0.750389509068158, "exhaustion_magnitude": 0.15663978650577015, "_shadow_control_reason": "oos_experiment_baseline", "_regime_counterfactual_oos": true}	{}
ME_SHORT_GEOM_A_V1	753977274	6255	SOLUSDT	SHORT	2026-10-04 10:58:22.794061+00	2026-10-04 10:58:22.862337+00	121.43	121.67286	120.2013134597898	121.43	121.67286	120.2013134597898	34.18	t	variant=ME_SHORT_GEOM_A_V1	TREND_UP	{"rr_ratio": 0.9478543420660488, "body_ratio": 0.44444444444449704, "volume_ratio": 0.14861161697138942, "_actual_regime": "TREND_UP", "_shadow_control": true, "_rejection_stage": "regime_filter", "_required_regime": "TREND_UP", "rsi_confirmation": 0.222981175556248, "stop_distance_atr": 0.648328526293646, "exhaustion_magnitude": 0.05771291944925409, "_shadow_control_reason": "oos_experiment_baseline", "_regime_counterfactual_oos": true}	{}
ME_SHORT_GEOM_B_V1	753977274	6256	SOLUSDT	SHORT	2026-10-04 10:58:22.794061+00	2026-10-04 10:58:22.862337+00	121.43	121.67286	120.2013134597898	121.43	122.340725	120.2013134597898	34.18	t	variant=ME_SHORT_GEOM_B_V1	TREND_UP	{"rr_ratio": 0.9478543420660488, "body_ratio": 0.44444444444449704, "volume_ratio": 0.14861161697138942, "_actual_regime": "TREND_UP", "_shadow_control": true, "_rejection_stage": "regime_filter", "_required_regime": "TREND_UP", "rsi_confirmation": 0.222981175556248, "stop_distance_atr": 0.648328526293646, "exhaustion_magnitude": 0.05771291944925409, "_shadow_control_reason": "oos_experiment_baseline", "_regime_counterfactual_oos": true}	{}
ME_SHORT_GEOM_A_V1	754076323	6950	HYPEUSDT	SHORT	2026-10-04 21:04:53.188985+00	2026-10-04 21:04:53.227538+00	90.8	90.9816	89.77977707461028	90.8	90.9816	89.77977707461028	37.05	t	variant=ME_SHORT_GEOM_A_V1	TREND_UP	{"rr_ratio": 0.9949413410585174, "body_ratio": 0.7777777777778304, "volume_ratio": 0.3020193571606803, "_actual_regime": "TREND_UP", "_shadow_control": true, "_rejection_stage": "regime_filter", "_required_regime": "TREND_UP", "rsi_confirmation": 0.17760437604801022, "stop_distance_atr": 0.6649718736396055, "exhaustion_magnitude": 0.03857599470957411, "_shadow_control_reason": "oos_experiment_baseline", "_regime_counterfactual_oos": true}	{}
ME_SHORT_GEOM_B_V1	754076323	6951	HYPEUSDT	SHORT	2026-10-04 21:04:53.188985+00	2026-10-04 21:04:53.227538+00	90.8	90.9816	89.77977707461028	90.8	91.481	89.77977707461028	37.05	t	variant=ME_SHORT_GEOM_B_V1	TREND_UP	{"rr_ratio": 0.9949413410585174, "body_ratio": 0.7777777777778304, "volume_ratio": 0.3020193571606803, "_actual_regime": "TREND_UP", "_shadow_control": true, "_rejection_stage": "regime_filter", "_required_regime": "TREND_UP", "rsi_confirmation": 0.17760437604801022, "stop_distance_atr": 0.6649718736396055, "exhaustion_magnitude": 0.03857599470957411, "_shadow_control_reason": "oos_experiment_baseline", "_regime_counterfactual_oos": true}	{}
ME_SHORT_GEOM_A_V1	754774268	7740	1000PEPEUSDT	SHORT	2026-10-05 10:32:26.851366+00	2026-10-05 10:32:26.892382+00	0.004537	0.004546074000000001	0.004384676813587851	0.004537	0.004546074000000001	0.004384676813587851	34.13	t	variant=ME_SHORT_GEOM_A_V1	TREND_UP	{"rr_ratio": 0.5773729357085842, "body_ratio": 0.4444444444444391, "volume_ratio": 0.8011391439831924, "_actual_regime": "TREND_UP", "_shadow_control": true, "_rejection_stage": "regime_filter", "_required_regime": "TREND_UP", "rsi_confirmation": 0.03124439948763893, "stop_distance_atr": 0.42267239643948773, "exhaustion_magnitude": 0.6814119749776618, "_shadow_control_reason": "oos_experiment_baseline", "_regime_counterfactual_oos": true}	{}
ME_SHORT_GEOM_B_V1	754774268	7741	1000PEPEUSDT	SHORT	2026-10-05 10:32:26.851366+00	2026-10-05 10:32:26.892382+00	0.004537	0.004546074000000001	0.004384676813587851	0.004537	0.0045710275	0.004384676813587851	34.13	t	variant=ME_SHORT_GEOM_B_V1	TREND_UP	{"rr_ratio": 0.5773729357085842, "body_ratio": 0.4444444444444391, "volume_ratio": 0.8011391439831924, "_actual_regime": "TREND_UP", "_shadow_control": true, "_rejection_stage": "regime_filter", "_required_regime": "TREND_UP", "rsi_confirmation": 0.03124439948763893, "stop_distance_atr": 0.42267239643948773, "exhaustion_magnitude": 0.6814119749776618, "_shadow_control_reason": "oos_experiment_baseline", "_regime_counterfactual_oos": true}	{}
ME_SHORT_GEOM_A_V1	768450503	7794	ADAUSDT	SHORT	2026-10-05 11:22:27.04599+00	2026-10-05 11:22:27.083542+00	0.2755	0.27605100000000005	0.26440659545790507	0.2755	0.27605100000000005	0.26440659545790507	35.58	t	variant=ME_SHORT_GEOM_A_V1	HIGH_VOLATILITY	{"rr_ratio": 0.8605972051773572, "body_ratio": 1.0, "volume_ratio": 0.08221202409530425, "_shadow_control": true, "rsi_confirmation": 0.5070740595294002, "stop_distance_atr": 0.6126720708270965, "exhaustion_magnitude": 0.2737226277372265, "_shadow_control_reason": "oos_experiment_baseline"}	{}
ME_SHORT_GEOM_B_V1	768450503	7795	ADAUSDT	SHORT	2026-10-05 11:22:27.04599+00	2026-10-05 11:22:27.083542+00	0.2755	0.27605100000000005	0.26440659545790507	0.2755	0.27756625	0.26440659545790507	35.58	t	variant=ME_SHORT_GEOM_B_V1	HIGH_VOLATILITY	{"rr_ratio": 0.8605972051773572, "body_ratio": 1.0, "volume_ratio": 0.08221202409530425, "_shadow_control": true, "rsi_confirmation": 0.5070740595294002, "stop_distance_atr": 0.6126720708270965, "exhaustion_magnitude": 0.2737226277372265, "_shadow_control_reason": "oos_experiment_baseline"}	{}
ME_SHORT_GEOM_A_V1	768990586	8344	ZROUSDT	SHORT	2026-10-05 22:34:21.382888+00	2026-10-05 22:34:21.430434+00	2.1077	2.1119154	2.0018063052965918	2.1077	2.1119154	2.0018063052965918	39.07	t	variant=ME_SHORT_GEOM_A_V1	HIGH_VOLATILITY	{"rr_ratio": 1.0, "body_ratio": 0.6290322580645069, "volume_ratio": 0.3486016614488671, "_shadow_control": true, "rsi_confirmation": 0.04375043002138076, "stop_distance_atr": 0.9118976728132104, "exhaustion_magnitude": 0.028483266081174168, "_shadow_control_reason": "oos_experiment_baseline"}	{}
ME_SHORT_GEOM_B_V1	768990586	8345	ZROUSDT	SHORT	2026-10-05 22:34:21.382888+00	2026-10-05 22:34:21.430434+00	2.1077	2.1119154	2.0018063052965918	2.1077	2.12350775	2.0018063052965918	39.07	t	variant=ME_SHORT_GEOM_B_V1	HIGH_VOLATILITY	{"rr_ratio": 1.0, "body_ratio": 0.6290322580645069, "volume_ratio": 0.3486016614488671, "_shadow_control": true, "rsi_confirmation": 0.04375043002138076, "stop_distance_atr": 0.9118976728132104, "exhaustion_magnitude": 0.028483266081174168, "_shadow_control_reason": "oos_experiment_baseline"}	{}
ME_SHORT_GEOM_A_V1	770382726	7790	XAGUSDT	SHORT	2026-10-05 11:12:35.121302+00	2026-10-05 11:12:35.159891+00	61.98	62.103959999999994	61.34250654392298	61.98	62.103959999999994	61.34250654392298	32.0	t	variant=ME_SHORT_GEOM_A_V1	RANGE	{"rr_ratio": 0.799984306836108, "body_ratio": 0.6000000000001137, "volume_ratio": 0.05570037885775857, "_shadow_control": true, "rsi_confirmation": 0.31664740321677226, "stop_distance_atr": 0.5833251596501332, "exhaustion_magnitude": 0.19436345966957796, "_shadow_control_reason": "oos_experiment_baseline"}	{}
ME_SHORT_GEOM_B_V1	770382726	7791	XAGUSDT	SHORT	2026-10-05 11:12:35.121302+00	2026-10-05 11:12:35.159891+00	61.98	62.103959999999994	61.34250654392298	61.98	62.444849999999995	61.34250654392298	32.0	t	variant=ME_SHORT_GEOM_B_V1	RANGE	{"rr_ratio": 0.799984306836108, "body_ratio": 0.6000000000001137, "volume_ratio": 0.05570037885775857, "_shadow_control": true, "rsi_confirmation": 0.31664740321677226, "stop_distance_atr": 0.5833251596501332, "exhaustion_magnitude": 0.19436345966957796, "_shadow_control_reason": "oos_experiment_baseline"}	{}
ME_SHORT_GEOM_A_V1	770418564	6981	KLACUSDT	SHORT	2026-10-04 21:20:12.222861+00	2026-10-04 21:20:12.268323+00	207.47	207.88494	206.24049633716353	207.47	207.88494	206.24049633716353	28.92	t	variant=ME_SHORT_GEOM_A_V1	TREND_UP	{"rr_ratio": 0.77417037946446, "body_ratio": 0.0, "volume_ratio": 0.0, "_actual_regime": "TREND_UP", "_shadow_control": true, "_rejection_stage": "regime_filter", "_required_regime": "TREND_UP", "rsi_confirmation": 0.4746301832640493, "stop_distance_atr": 0.5694315590272045, "exhaustion_magnitude": 0.03858955187882798, "_shadow_control_reason": "oos_experiment_baseline", "_regime_counterfactual_oos": true}	{}
ME_SHORT_GEOM_B_V1	770418564	6982	KLACUSDT	SHORT	2026-10-04 21:20:12.222861+00	2026-10-04 21:20:12.268323+00	207.47	207.88494	206.24049633716353	207.47	209.026025	206.24049633716353	28.92	t	variant=ME_SHORT_GEOM_B_V1	TREND_UP	{"rr_ratio": 0.77417037946446, "body_ratio": 0.0, "volume_ratio": 0.0, "_actual_regime": "TREND_UP", "_shadow_control": true, "_rejection_stage": "regime_filter", "_required_regime": "TREND_UP", "rsi_confirmation": 0.4746301832640493, "stop_distance_atr": 0.5694315590272045, "exhaustion_magnitude": 0.03858955187882798, "_shadow_control_reason": "oos_experiment_baseline", "_regime_counterfactual_oos": true}	{}
ME_SHORT_GEOM_A_V1	771080247	7459	AKTUSDT	SHORT	2026-10-05 04:11:31.612393+00	2026-10-05 04:11:31.64972+00	0.8049	0.8065097999999999	0.7475590940774258	0.8049	0.8065097999999999	0.7475590940774258	36.5	t	variant=ME_SHORT_GEOM_A_V1	HIGH_VOLATILITY	{"rr_ratio": 1.0, "body_ratio": 0.7407407407407522, "volume_ratio": 0.06217236424698475, "_shadow_control": true, "rsi_confirmation": 0.06259509087272287, "stop_distance_atr": 0.7278905159716087, "exhaustion_magnitude": 0.2622705133008606, "_shadow_control_reason": "oos_experiment_baseline"}	{}
ME_SHORT_GEOM_B_V1	771080247	7460	AKTUSDT	SHORT	2026-10-05 04:11:31.612393+00	2026-10-05 04:11:31.64972+00	0.8049	0.8065097999999999	0.7475590940774258	0.8049	0.81093675	0.7475590940774258	36.5	t	variant=ME_SHORT_GEOM_B_V1	HIGH_VOLATILITY	{"rr_ratio": 1.0, "body_ratio": 0.7407407407407522, "volume_ratio": 0.06217236424698475, "_shadow_control": true, "rsi_confirmation": 0.06259509087272287, "stop_distance_atr": 0.7278905159716087, "exhaustion_magnitude": 0.2622705133008606, "_shadow_control_reason": "oos_experiment_baseline"}	{}
ME_SHORT_GEOM_A_V1	772515494	5053	SPCXUSDT	SHORT	2026-10-03 09:29:46.84488+00	2026-10-03 09:29:46.870648+00	159.16	159.47832	157.9720506276449	159.16	159.47832	157.9720506276449	34.72	t	variant=ME_SHORT_GEOM_A_V1	TREND_UP	{"rr_ratio": 0.8388972204233162, "body_ratio": 1.0, "volume_ratio": 0.009421207065186123, "_actual_regime": "TREND_UP", "_shadow_control": true, "_rejection_stage": "regime_filter", "_required_regime": "TREND_UP", "rsi_confirmation": 0.9527676351113115, "stop_distance_atr": 0.6026529529265446, "exhaustion_magnitude": 0.034580320653877776, "_shadow_control_reason": "oos_experiment_baseline", "_regime_counterfactual_oos": true}	{}
ME_SHORT_GEOM_B_V1	772515494	5054	SPCXUSDT	SHORT	2026-10-03 09:29:46.84488+00	2026-10-03 09:29:46.870648+00	159.16	159.47832	157.9720506276449	159.16	160.3537	157.9720506276449	34.72	t	variant=ME_SHORT_GEOM_B_V1	TREND_UP	{"rr_ratio": 0.8388972204233162, "body_ratio": 1.0, "volume_ratio": 0.009421207065186123, "_actual_regime": "TREND_UP", "_shadow_control": true, "_rejection_stage": "regime_filter", "_required_regime": "TREND_UP", "rsi_confirmation": 0.9527676351113115, "stop_distance_atr": 0.6026529529265446, "exhaustion_magnitude": 0.034580320653877776, "_shadow_control_reason": "oos_experiment_baseline", "_regime_counterfactual_oos": true}	{}
ME_SHORT_GEOM_A_V1	786108694	7208	KLACUSDT	SHORT	2026-10-04 23:10:36.025861+00	2026-10-04 23:10:36.068304+00	207.94	208.35587999999998	206.75820484637143	207.94	208.35587999999998	206.75820484637143	32.61	t	variant=ME_SHORT_GEOM_A_V1	TREND_UP	{"rr_ratio": 0.8884671267539744, "body_ratio": 0.0, "volume_ratio": 0.0, "_actual_regime": "TREND_UP", "_shadow_control": true, "_rejection_stage": "regime_filter", "_required_regime": "TREND_UP", "rsi_confirmation": 0.7586449349670886, "stop_distance_atr": 0.6248219846341705, "exhaustion_magnitude": 0.15194636052288732, "_shadow_control_reason": "oos_experiment_baseline", "_regime_counterfactual_oos": true}	{}
ME_SHORT_GEOM_B_V1	786108694	7209	KLACUSDT	SHORT	2026-10-04 23:10:36.025861+00	2026-10-04 23:10:36.068304+00	207.94	208.35587999999998	206.75820484637143	207.94	209.49955	206.75820484637143	32.61	t	variant=ME_SHORT_GEOM_B_V1	TREND_UP	{"rr_ratio": 0.8884671267539744, "body_ratio": 0.0, "volume_ratio": 0.0, "_actual_regime": "TREND_UP", "_shadow_control": true, "_rejection_stage": "regime_filter", "_required_regime": "TREND_UP", "rsi_confirmation": 0.7586449349670886, "stop_distance_atr": 0.6248219846341705, "exhaustion_magnitude": 0.15194636052288732, "_shadow_control_reason": "oos_experiment_baseline", "_regime_counterfactual_oos": true}	{}
ME_SHORT_GEOM_A_V1	791378608	6013	STRKUSDT	SHORT	2026-10-04 07:22:54.060573+00	2026-10-04 07:22:54.100246+00	0.05444	0.05454888	0.050204171947432735	0.05444	0.05454888	0.050204171947432735	42.01	t	variant=ME_SHORT_GEOM_A_V1	HIGH_VOLATILITY	{"rr_ratio": 1.0, "body_ratio": 0.8064516129032099, "volume_ratio": 0.2740596859817854, "_shadow_control": true, "rsi_confirmation": 0.3680088716775127, "stop_distance_atr": 0.6897064673774632, "exhaustion_magnitude": 0.8785046728971994, "_shadow_control_reason": "oos_experiment_baseline"}	{}
ME_SHORT_GEOM_B_V1	791378608	6014	STRKUSDT	SHORT	2026-10-04 07:22:54.060573+00	2026-10-04 07:22:54.100246+00	0.05444	0.05454888	0.050204171947432735	0.05444	0.0548483	0.050204171947432735	42.01	t	variant=ME_SHORT_GEOM_B_V1	HIGH_VOLATILITY	{"rr_ratio": 1.0, "body_ratio": 0.8064516129032099, "volume_ratio": 0.2740596859817854, "_shadow_control": true, "rsi_confirmation": 0.3680088716775127, "stop_distance_atr": 0.6897064673774632, "exhaustion_magnitude": 0.8785046728971994, "_shadow_control_reason": "oos_experiment_baseline"}	{}
ME_SHORT_GEOM_A_V1	791413279	7358	DOGEUSDT	SHORT	2026-10-05 01:35:44.593062+00	2026-10-05 01:35:44.634014+00	0.09693	0.09712386	0.09467850057555909	0.09693	0.09712386	0.09467850057555909	24.24	t	variant=ME_SHORT_GEOM_A_V1	RANGE	{"rr_ratio": 0.4627909494269782, "body_ratio": 0.5000000000001157, "volume_ratio": 0.032834508484797076, "_shadow_control": true, "rsi_confirmation": 0.2800460293825296, "stop_distance_atr": 0.27973238511672793, "exhaustion_magnitude": 0.3794178794178838, "_shadow_control_reason": "oos_experiment_baseline"}	{}
ME_SHORT_GEOM_B_V1	791413279	7359	DOGEUSDT	SHORT	2026-10-05 01:35:44.593062+00	2026-10-05 01:35:44.634014+00	0.09693	0.09712386	0.09467850057555909	0.09693	0.09765697500000001	0.09467850057555909	24.24	t	variant=ME_SHORT_GEOM_B_V1	RANGE	{"rr_ratio": 0.4627909494269782, "body_ratio": 0.5000000000001157, "volume_ratio": 0.032834508484797076, "_shadow_control": true, "rsi_confirmation": 0.2800460293825296, "stop_distance_atr": 0.27973238511672793, "exhaustion_magnitude": 0.3794178794178838, "_shadow_control_reason": "oos_experiment_baseline"}	{}
ME_SHORT_GEOM_A_V1	797025988	7278	ADAUSDT	SHORT	2026-10-05 00:30:29.942288+00	2026-10-05 00:30:29.984143+00	0.2602	0.26072039999999996	0.25104583209111636	0.2602	0.26072039999999996	0.25104583209111636	36.16	t	variant=ME_SHORT_GEOM_A_V1	HIGH_VOLATILITY	{"rr_ratio": 0.9461683210183153, "body_ratio": 0.5, "volume_ratio": 0.03729896537109731, "_shadow_control": true, "rsi_confirmation": 0.3899983922391707, "stop_distance_atr": 0.6477018666461132, "exhaustion_magnitude": 0.504658385093166, "_shadow_control_reason": "oos_experiment_baseline"}	{}
ME_SHORT_GEOM_B_V1	797025988	7279	ADAUSDT	SHORT	2026-10-05 00:30:29.942288+00	2026-10-05 00:30:29.984143+00	0.2602	0.26072039999999996	0.25104583209111636	0.2602	0.2621515	0.25104583209111636	36.16	t	variant=ME_SHORT_GEOM_B_V1	HIGH_VOLATILITY	{"rr_ratio": 0.9461683210183153, "body_ratio": 0.5, "volume_ratio": 0.03729896537109731, "_shadow_control": true, "rsi_confirmation": 0.3899983922391707, "stop_distance_atr": 0.6477018666461132, "exhaustion_magnitude": 0.504658385093166, "_shadow_control_reason": "oos_experiment_baseline"}	{}
ME_SHORT_GEOM_A_V1	802739099	7059	KLACUSDT	SHORT	2026-10-04 21:55:18.202715+00	2026-10-04 21:55:18.252679+00	207.36	207.77472	206.18478205144928	207.36	207.77472	206.18478205144928	31.95	t	variant=ME_SHORT_GEOM_A_V1	TREND_UP	{"rr_ratio": 0.9445874715075, "body_ratio": 0.0, "volume_ratio": 0.0, "_actual_regime": "TREND_UP", "_shadow_control": true, "_rejection_stage": "regime_filter", "_required_regime": "TREND_UP", "rsi_confirmation": 0.41563173483560073, "stop_distance_atr": 0.6471122649961134, "exhaustion_magnitude": 0.012059234962136744, "_shadow_control_reason": "oos_experiment_baseline", "_regime_counterfactual_oos": true}	{}
ME_SHORT_GEOM_B_V1	802739099	7060	KLACUSDT	SHORT	2026-10-04 21:55:18.202715+00	2026-10-04 21:55:18.252679+00	207.36	207.77472	206.18478205144928	207.36	208.91520000000003	206.18478205144928	31.95	t	variant=ME_SHORT_GEOM_B_V1	TREND_UP	{"rr_ratio": 0.9445874715075, "body_ratio": 0.0, "volume_ratio": 0.0, "_actual_regime": "TREND_UP", "_shadow_control": true, "_rejection_stage": "regime_filter", "_required_regime": "TREND_UP", "rsi_confirmation": 0.41563173483560073, "stop_distance_atr": 0.6471122649961134, "exhaustion_magnitude": 0.012059234962136744, "_shadow_control_reason": "oos_experiment_baseline", "_regime_counterfactual_oos": true}	{}
ME_SHORT_GEOM_A_V1	812912938	7756	XAGUSDT	SHORT	2026-10-05 10:52:32.455549+00	2026-10-05 10:52:32.501863+00	61.8	61.9236	61.223798253894685	61.8	61.9236	61.223798253894685	36.11	t	variant=ME_SHORT_GEOM_A_V1	RANGE	{"rr_ratio": 1.0, "body_ratio": 1.0, "volume_ratio": 0.03436613213893998, "_shadow_control": true, "rsi_confirmation": 0.21424820636138311, "stop_distance_atr": 0.6948909600009554, "exhaustion_magnitude": 0.04859086491739161, "_shadow_control_reason": "oos_experiment_baseline"}	{}
ME_SHORT_GEOM_B_V1	812912938	7757	XAGUSDT	SHORT	2026-10-05 10:52:32.455549+00	2026-10-05 10:52:32.501863+00	61.8	61.9236	61.223798253894685	61.8	62.2635	61.223798253894685	36.11	t	variant=ME_SHORT_GEOM_B_V1	RANGE	{"rr_ratio": 1.0, "body_ratio": 1.0, "volume_ratio": 0.03436613213893998, "_shadow_control": true, "rsi_confirmation": 0.21424820636138311, "stop_distance_atr": 0.6948909600009554, "exhaustion_magnitude": 0.04859086491739161, "_shadow_control_reason": "oos_experiment_baseline"}	{}
ME_SHORT_GEOM_A_V1	824494610	5636	MONUSDT	SHORT	2026-10-04 01:32:11.677091+00	2026-10-04 01:32:11.71213+00	0.0346	0.0346692	0.03297812409294487	0.0346	0.0346692	0.03297812409294487	37.03	t	variant=ME_SHORT_GEOM_A_V1	HIGH_VOLATILITY	{"rr_ratio": 1.0, "body_ratio": 0.33333333333329473, "volume_ratio": 0.08054367151849037, "_shadow_control": true, "rsi_confirmation": 0.1642556341564936, "stop_distance_atr": 0.8588275853571743, "exhaustion_magnitude": 0.2614758861127246, "_shadow_control_reason": "oos_experiment_baseline"}	{}
ME_SHORT_GEOM_B_V1	824494610	5637	MONUSDT	SHORT	2026-10-04 01:32:11.677091+00	2026-10-04 01:32:11.71213+00	0.0346	0.0346692	0.03297812409294487	0.0346	0.0348595	0.03297812409294487	37.03	t	variant=ME_SHORT_GEOM_B_V1	HIGH_VOLATILITY	{"rr_ratio": 1.0, "body_ratio": 0.33333333333329473, "volume_ratio": 0.08054367151849037, "_shadow_control": true, "rsi_confirmation": 0.1642556341564936, "stop_distance_atr": 0.8588275853571743, "exhaustion_magnitude": 0.2614758861127246, "_shadow_control_reason": "oos_experiment_baseline"}	{}
ME_SHORT_GEOM_A_V1	826456123	1215	SOONUSDT	SHORT	2026-09-30 11:03:13.386304+00	2026-09-30 11:03:13.413481+00	0.4697	0.4706394	0.4030644976335595	0.4697	0.4706394	0.4030644976335595	36.61	t	variant=ME_SHORT_GEOM_A_V1	HIGH_VOLATILITY	{"rr_ratio": 0.7633378184763678, "body_ratio": 0.8666666666666629, "volume_ratio": 0.21101365281513904, "_shadow_control": true, "rsi_confirmation": 0.08011872336398937, "stop_distance_atr": 0.5633213430998729, "exhaustion_magnitude": 1.0, "_shadow_control_reason": "oos_experiment_baseline"}	{}
ME_SHORT_GEOM_B_V1	826456123	1216	SOONUSDT	SHORT	2026-09-30 11:03:13.386304+00	2026-09-30 11:03:13.413481+00	0.4697	0.4706394	0.4030644976335595	0.4697	0.47322275	0.4030644976335595	36.61	t	variant=ME_SHORT_GEOM_B_V1	HIGH_VOLATILITY	{"rr_ratio": 0.7633378184763678, "body_ratio": 0.8666666666666629, "volume_ratio": 0.21101365281513904, "_shadow_control": true, "rsi_confirmation": 0.08011872336398937, "stop_distance_atr": 0.5633213430998729, "exhaustion_magnitude": 1.0, "_shadow_control_reason": "oos_experiment_baseline"}	{}
ME_SHORT_GEOM_A_V1	834708586	8633	RLCUSDT	SHORT	2026-10-06 01:44:37.252314+00	2026-10-06 01:44:37.282286+00	0.7888	0.7903775999999999	0.6531368744297555	0.7888	0.7903775999999999	0.6531368744297555	41.65	t	variant=ME_SHORT_GEOM_A_V1	HIGH_VOLATILITY	{"rr_ratio": 0.9311758801969972, "body_ratio": 0.8840579710144897, "volume_ratio": 0.26687644285795753, "_shadow_control": true, "rsi_confirmation": 1.0, "stop_distance_atr": 0.6420296740688622, "exhaustion_magnitude": 0.6940874035989666, "_shadow_control_reason": "oos_experiment_baseline"}	{}
ME_SHORT_GEOM_B_V1	834708586	8634	RLCUSDT	SHORT	2026-10-06 01:44:37.252314+00	2026-10-06 01:44:37.282286+00	0.7888	0.7903775999999999	0.6531368744297555	0.7888	0.794716	0.6531368744297555	41.65	t	variant=ME_SHORT_GEOM_B_V1	HIGH_VOLATILITY	{"rr_ratio": 0.9311758801969972, "body_ratio": 0.8840579710144897, "volume_ratio": 0.26687644285795753, "_shadow_control": true, "rsi_confirmation": 1.0, "stop_distance_atr": 0.6420296740688622, "exhaustion_magnitude": 0.6940874035989666, "_shadow_control_reason": "oos_experiment_baseline"}	{}
ME_SHORT_GEOM_A_V1	845442335	819	ICPUSDT	SHORT	2026-09-30 00:37:05.687679+00	2026-09-30 00:37:05.729844+00	3.477	3.4839539999999998	3.3156322026367975	3.477	3.4839539999999998	3.3156322026367975	39.98	t	variant=ME_SHORT_GEOM_A_V1	TREND_UP	{"rr_ratio": 1.0, "body_ratio": 0.7777777777777997, "volume_ratio": 0.3919508981373028, "_actual_regime": "TREND_UP", "_shadow_control": true, "_rejection_stage": "regime_filter", "_required_regime": "TREND_UP", "rsi_confirmation": 0.06715951031647857, "stop_distance_atr": 0.9096054990849675, "exhaustion_magnitude": 0.04317789291882081, "_shadow_control_reason": "oos_experiment_baseline", "_regime_counterfactual_oos": true}	{}
ME_SHORT_GEOM_B_V1	845442335	820	ICPUSDT	SHORT	2026-09-30 00:37:05.687679+00	2026-09-30 00:37:05.729844+00	3.477	3.4839539999999998	3.3156322026367975	3.477	3.5030775	3.3156322026367975	39.98	t	variant=ME_SHORT_GEOM_B_V1	TREND_UP	{"rr_ratio": 1.0, "body_ratio": 0.7777777777777997, "volume_ratio": 0.3919508981373028, "_actual_regime": "TREND_UP", "_shadow_control": true, "_rejection_stage": "regime_filter", "_required_regime": "TREND_UP", "rsi_confirmation": 0.06715951031647857, "stop_distance_atr": 0.9096054990849675, "exhaustion_magnitude": 0.04317789291882081, "_shadow_control_reason": "oos_experiment_baseline", "_regime_counterfactual_oos": true}	{}
ME_SHORT_GEOM_A_V1	864690112	6172	BNBUSDT	SHORT	2026-10-04 09:58:18.012321+00	2026-10-04 09:58:18.048293+00	793.7	795.2874	784.1854369011436	793.7	795.2874	784.1854369011436	27.25	t	variant=ME_SHORT_GEOM_A_V1	TREND_UP	{"rr_ratio": 0.5298131811708988, "body_ratio": 0.4285714285714982, "volume_ratio": 0.2610510222001839, "_actual_regime": "TREND_UP", "_shadow_control": true, "_rejection_stage": "regime_filter", "_required_regime": "TREND_UP", "rsi_confirmation": 0.3078379915966641, "stop_distance_atr": 0.37084741342852745, "exhaustion_magnitude": 0.2596251266464047, "_shadow_control_reason": "oos_experiment_baseline", "_regime_counterfactual_oos": true}	{}
ME_SHORT_GEOM_B_V1	864690112	6173	BNBUSDT	SHORT	2026-10-04 09:58:18.012321+00	2026-10-04 09:58:18.048293+00	793.7	795.2874	784.1854369011436	793.7	799.6527500000001	784.1854369011436	27.25	t	variant=ME_SHORT_GEOM_B_V1	TREND_UP	{"rr_ratio": 0.5298131811708988, "body_ratio": 0.4285714285714982, "volume_ratio": 0.2610510222001839, "_actual_regime": "TREND_UP", "_shadow_control": true, "_rejection_stage": "regime_filter", "_required_regime": "TREND_UP", "rsi_confirmation": 0.3078379915966641, "stop_distance_atr": 0.37084741342852745, "exhaustion_magnitude": 0.2596251266464047, "_shadow_control_reason": "oos_experiment_baseline", "_regime_counterfactual_oos": true}	{}
ME_SHORT_GEOM_A_V1	869330929	9490	PONSUSDT	SHORT	2026-10-06 18:11:30.284598+00	2026-10-06 18:11:30.317411+00	0.4226	0.42344519999999997	0.397596762729035	0.4226	0.42344519999999997	0.397596762729035	38.88	t	variant=ME_SHORT_GEOM_A_V1	HIGH_VOLATILITY	{"rr_ratio": 1.0, "body_ratio": 0.5999999999999833, "volume_ratio": 0.16237474556326914, "_shadow_control": true, "rsi_confirmation": 0.12559407050889224, "stop_distance_atr": 0.8252438969481075, "exhaustion_magnitude": 0.4295942720763714, "_shadow_control_reason": "oos_experiment_baseline"}	{}
ME_SHORT_GEOM_B_V1	869330929	9491	PONSUSDT	SHORT	2026-10-06 18:11:30.284598+00	2026-10-06 18:11:30.317411+00	0.4226	0.42344519999999997	0.397596762729035	0.4226	0.42576949999999997	0.397596762729035	38.88	t	variant=ME_SHORT_GEOM_B_V1	HIGH_VOLATILITY	{"rr_ratio": 1.0, "body_ratio": 0.5999999999999833, "volume_ratio": 0.16237474556326914, "_shadow_control": true, "rsi_confirmation": 0.12559407050889224, "stop_distance_atr": 0.8252438969481075, "exhaustion_magnitude": 0.4295942720763714, "_shadow_control_reason": "oos_experiment_baseline"}	{}
ME_SHORT_GEOM_A_V1	870168857	7386	HBARUSDT	SHORT	2026-10-05 02:26:10.73972+00	2026-10-05 02:26:10.775589+00	0.10449	0.10469898	0.10265671954011411	0.10449	0.10469898	0.10265671954011411	35.76	t	variant=ME_SHORT_GEOM_A_V1	RANGE	{"rr_ratio": 1.0, "body_ratio": 0.7500000000000867, "volume_ratio": 0.033693420090365196, "_shadow_control": true, "rsi_confirmation": 0.04508005705842303, "stop_distance_atr": 0.7019094738937975, "exhaustion_magnitude": 0.21626297577854958, "_shadow_control_reason": "oos_experiment_baseline"}	{}
ME_SHORT_GEOM_B_V1	870168857	7387	HBARUSDT	SHORT	2026-10-05 02:26:10.73972+00	2026-10-05 02:26:10.775589+00	0.10449	0.10469898	0.10265671954011411	0.10449	0.105273675	0.10265671954011411	35.76	t	variant=ME_SHORT_GEOM_B_V1	RANGE	{"rr_ratio": 1.0, "body_ratio": 0.7500000000000867, "volume_ratio": 0.033693420090365196, "_shadow_control": true, "rsi_confirmation": 0.04508005705842303, "stop_distance_atr": 0.7019094738937975, "exhaustion_magnitude": 0.21626297577854958, "_shadow_control_reason": "oos_experiment_baseline"}	{}
ME_SHORT_GEOM_A_V1	876183273	7551	1000PEPEUSDT	SHORT	2026-10-05 06:26:44.746844+00	2026-10-05 06:26:44.818799+00	0.004468	0.004476936	0.004355210156389268	0.004468	0.004476936	0.004355210156389268	36.18	t	variant=ME_SHORT_GEOM_A_V1	TREND_UP	{"rr_ratio": 1.0, "body_ratio": 0.3999999999999827, "volume_ratio": 0.13122491603121778, "_actual_regime": "TREND_UP", "_shadow_control": true, "_rejection_stage": "regime_filter", "_required_regime": "TREND_UP", "rsi_confirmation": 0.17786144695025521, "stop_distance_atr": 0.6881555257125828, "exhaustion_magnitude": 0.3039855888313456, "_shadow_control_reason": "oos_experiment_baseline", "_regime_counterfactual_oos": true}	{}
ME_SHORT_GEOM_B_V1	876183273	7552	1000PEPEUSDT	SHORT	2026-10-05 06:26:44.746844+00	2026-10-05 06:26:44.818799+00	0.004468	0.004476936	0.004355210156389268	0.004468	0.004501509999999999	0.004355210156389268	36.18	t	variant=ME_SHORT_GEOM_B_V1	TREND_UP	{"rr_ratio": 1.0, "body_ratio": 0.3999999999999827, "volume_ratio": 0.13122491603121778, "_actual_regime": "TREND_UP", "_shadow_control": true, "_rejection_stage": "regime_filter", "_required_regime": "TREND_UP", "rsi_confirmation": 0.17786144695025521, "stop_distance_atr": 0.6881555257125828, "exhaustion_magnitude": 0.3039855888313456, "_shadow_control_reason": "oos_experiment_baseline", "_regime_counterfactual_oos": true}	{}
ME_SHORT_GEOM_A_V1	881649485	7218	DOGEUSDT	SHORT	2026-10-04 23:20:23.150675+00	2026-10-04 23:20:23.207376+00	0.09651	0.09670302	0.09503429651913138	0.09651	0.09670302	0.09503429651913138	37.99	t	variant=ME_SHORT_GEOM_A_V1	RANGE	{"rr_ratio": 1.0, "body_ratio": 0.6666666666666667, "volume_ratio": 0.0074374565538340084, "_shadow_control": true, "rsi_confirmation": 0.9356684097636977, "stop_distance_atr": 0.7316872645446441, "exhaustion_magnitude": 0.16112266112266357, "_shadow_control_reason": "oos_experiment_baseline"}	{}
ME_SHORT_GEOM_B_V1	881649485	7219	DOGEUSDT	SHORT	2026-10-04 23:20:23.150675+00	2026-10-04 23:20:23.207376+00	0.09651	0.09670302	0.09503429651913138	0.09651	0.097233825	0.09503429651913138	37.99	t	variant=ME_SHORT_GEOM_B_V1	RANGE	{"rr_ratio": 1.0, "body_ratio": 0.6666666666666667, "volume_ratio": 0.0074374565538340084, "_shadow_control": true, "rsi_confirmation": 0.9356684097636977, "stop_distance_atr": 0.7316872645446441, "exhaustion_magnitude": 0.16112266112266357, "_shadow_control_reason": "oos_experiment_baseline"}	{}
ME_SHORT_GEOM_A_V1	882335704	7969	ADAUSDT	SHORT	2026-10-05 13:52:54.242638+00	2026-10-05 13:52:54.277332+00	0.2762	0.2767524	0.2657909640739198	0.2762	0.2767524	0.2657909640739198	36.81	t	variant=ME_SHORT_GEOM_A_V1	HIGH_VOLATILITY	{"rr_ratio": 1.0, "body_ratio": 0.42857142857139463, "volume_ratio": 0.09111992029149416, "_shadow_control": true, "rsi_confirmation": 0.5203265378351755, "stop_distance_atr": 0.6964693667101767, "exhaustion_magnitude": 0.25473071324599933, "_shadow_control_reason": "oos_experiment_baseline"}	{}
ME_SHORT_GEOM_B_V1	882335704	7970	ADAUSDT	SHORT	2026-10-05 13:52:54.242638+00	2026-10-05 13:52:54.277332+00	0.2762	0.2767524	0.2657909640739198	0.2762	0.2782715	0.2657909640739198	36.81	t	variant=ME_SHORT_GEOM_B_V1	HIGH_VOLATILITY	{"rr_ratio": 1.0, "body_ratio": 0.42857142857139463, "volume_ratio": 0.09111992029149416, "_shadow_control": true, "rsi_confirmation": 0.5203265378351755, "stop_distance_atr": 0.6964693667101767, "exhaustion_magnitude": 0.25473071324599933, "_shadow_control_reason": "oos_experiment_baseline"}	{}
ME_SHORT_GEOM_A_V1	886965895	14843	SANDUSDT	SHORT	2026-10-07 07:53:59.134731+00	2026-10-07 07:53:59.170286+00	0.07386	0.07400772	0.06854913198445081	0.07386	0.07400772	0.06854913198445081	39.32	t	variant=ME_SHORT_GEOM_A_V1	HIGH_VOLATILITY	{"rr_ratio": 0.9873481828792476, "body_ratio": 0.8448275862068841, "volume_ratio": 0.23581766350292693, "_shadow_control": true, "rsi_confirmation": 0.12555129930652623, "stop_distance_atr": 0.662395354431822, "exhaustion_magnitude": 0.6167763157894723, "_shadow_control_reason": "oos_experiment_baseline"}	{}
ME_SHORT_GEOM_B_V1	886965895	14844	SANDUSDT	SHORT	2026-10-07 07:53:59.134731+00	2026-10-07 07:53:59.170286+00	0.07386	0.07400772	0.06854913198445081	0.07386	0.07441394999999999	0.06854913198445081	39.32	t	variant=ME_SHORT_GEOM_B_V1	HIGH_VOLATILITY	{"rr_ratio": 0.9873481828792476, "body_ratio": 0.8448275862068841, "volume_ratio": 0.23581766350292693, "_shadow_control": true, "rsi_confirmation": 0.12555129930652623, "stop_distance_atr": 0.662395354431822, "exhaustion_magnitude": 0.6167763157894723, "_shadow_control_reason": "oos_experiment_baseline"}	{}
ME_SHORT_GEOM_A_V1	893859448	1742	MOVRUSDT	SHORT	2026-09-30 22:07:54.575306+00	2026-09-30 22:07:54.636513+00	2.228	2.232456	1.7929925424358188	2.228	2.232456	1.7929925424358188	38.66	t	variant=ME_SHORT_GEOM_A_V1	HIGH_VOLATILITY	{"rr_ratio": 0.702238287439632, "body_ratio": 0.962962962962967, "volume_ratio": 0.3697145458527191, "_shadow_control": true, "rsi_confirmation": 0.6763265455845603, "stop_distance_atr": 0.525327315107426, "exhaustion_magnitude": 1.0, "_shadow_control_reason": "oos_experiment_baseline"}	{}
ME_SHORT_GEOM_B_V1	893859448	1743	MOVRUSDT	SHORT	2026-09-30 22:07:54.575306+00	2026-09-30 22:07:54.636513+00	2.228	2.232456	1.7929925424358188	2.228	2.2447100000000004	1.7929925424358188	38.66	t	variant=ME_SHORT_GEOM_B_V1	HIGH_VOLATILITY	{"rr_ratio": 0.702238287439632, "body_ratio": 0.962962962962967, "volume_ratio": 0.3697145458527191, "_shadow_control": true, "rsi_confirmation": 0.6763265455845603, "stop_distance_atr": 0.525327315107426, "exhaustion_magnitude": 1.0, "_shadow_control_reason": "oos_experiment_baseline"}	{}
ME_SHORT_GEOM_A_V1	894172321	688	SOONUSDT	SHORT	2026-09-29 21:41:37.216576+00	2026-09-29 21:41:37.249725+00	0.4219	0.4227438	0.3615178057663027	0.4219	0.4227438	0.3615178057663027	34.73	t	variant=ME_SHORT_GEOM_A_V1	HIGH_VOLATILITY	{"rr_ratio": 0.9077827556829373, "body_ratio": 0.8333333333333179, "volume_ratio": 0.05255873425185724, "_shadow_control": true, "rsi_confirmation": 0.14489754955500397, "stop_distance_atr": 0.6328049511333116, "exhaustion_magnitude": 0.2860548271752102, "_shadow_control_reason": "oos_experiment_baseline"}	{}
ME_SHORT_GEOM_B_V1	894172321	689	SOONUSDT	SHORT	2026-09-29 21:41:37.216576+00	2026-09-29 21:41:37.249725+00	0.4219	0.4227438	0.3615178057663027	0.4219	0.42506425	0.3615178057663027	34.73	t	variant=ME_SHORT_GEOM_B_V1	HIGH_VOLATILITY	{"rr_ratio": 0.9077827556829373, "body_ratio": 0.8333333333333179, "volume_ratio": 0.05255873425185724, "_shadow_control": true, "rsi_confirmation": 0.14489754955500397, "stop_distance_atr": 0.6328049511333116, "exhaustion_magnitude": 0.2860548271752102, "_shadow_control_reason": "oos_experiment_baseline"}	{}
ME_SHORT_GEOM_A_V1	895507268	8358	ZROUSDT	SHORT	2026-10-05 22:54:23.895057+00	2026-10-05 22:54:23.932047+00	2.1144	2.1186287999999998	2.0074491624394484	2.1144	2.1186287999999998	2.0074491624394484	38.48	t	variant=ME_SHORT_GEOM_A_V1	HIGH_VOLATILITY	{"rr_ratio": 1.0, "body_ratio": 0.7142857142857324, "volume_ratio": 0.12708421376632656, "_shadow_control": true, "rsi_confirmation": 0.08985375115832046, "stop_distance_atr": 0.9116130595145842, "exhaustion_magnitude": 0.18751483503441244, "_shadow_control_reason": "oos_experiment_baseline"}	{}
ME_SHORT_GEOM_B_V1	895507268	8359	ZROUSDT	SHORT	2026-10-05 22:54:23.895057+00	2026-10-05 22:54:23.932047+00	2.1144	2.1186287999999998	2.0074491624394484	2.1144	2.130258	2.0074491624394484	38.48	t	variant=ME_SHORT_GEOM_B_V1	HIGH_VOLATILITY	{"rr_ratio": 1.0, "body_ratio": 0.7142857142857324, "volume_ratio": 0.12708421376632656, "_shadow_control": true, "rsi_confirmation": 0.08985375115832046, "stop_distance_atr": 0.9116130595145842, "exhaustion_magnitude": 0.18751483503441244, "_shadow_control_reason": "oos_experiment_baseline"}	{}
ME_SHORT_GEOM_A_V1	905713041	7719	ADAUSDT	SHORT	2026-10-05 10:12:15.859818+00	2026-10-05 10:12:15.900623+00	0.2743	0.2748486	0.2652422676579676	0.2743	0.2748486	0.2652422676579676	42.05	t	variant=ME_SHORT_GEOM_A_V1	HIGH_VOLATILITY	{"rr_ratio": 1.0, "body_ratio": 0.8333333333333641, "volume_ratio": 0.40409578350053754, "_shadow_control": true, "rsi_confirmation": 0.8452247080407242, "stop_distance_atr": 0.8506054095893245, "exhaustion_magnitude": 0.05474452554743922, "_shadow_control_reason": "oos_experiment_baseline"}	{}
ME_SHORT_GEOM_B_V1	905713041	7720	ADAUSDT	SHORT	2026-10-05 10:12:15.859818+00	2026-10-05 10:12:15.900623+00	0.2743	0.2748486	0.2652422676579676	0.2743	0.27635725	0.2652422676579676	42.05	t	variant=ME_SHORT_GEOM_B_V1	HIGH_VOLATILITY	{"rr_ratio": 1.0, "body_ratio": 0.8333333333333641, "volume_ratio": 0.40409578350053754, "_shadow_control": true, "rsi_confirmation": 0.8452247080407242, "stop_distance_atr": 0.8506054095893245, "exhaustion_magnitude": 0.05474452554743922, "_shadow_control_reason": "oos_experiment_baseline"}	{}
ME_SHORT_GEOM_A_V1	906436872	7945	ADAUSDT	SHORT	2026-10-05 13:42:51.41275+00	2026-10-05 13:42:51.463272+00	0.2768	0.2773536	0.2651909640739198	0.2768	0.2773536	0.2651909640739198	32.73	t	variant=ME_SHORT_GEOM_A_V1	HIGH_VOLATILITY	{"rr_ratio": 0.7467529772378777, "body_ratio": 0.5454545454545638, "volume_ratio": 0.13791107785162973, "_shadow_control": true, "rsi_confirmation": 0.4779092699892184, "stop_distance_atr": 0.5536230273011022, "exhaustion_magnitude": 0.3639010189228533, "_shadow_control_reason": "oos_experiment_baseline"}	{}
ME_SHORT_GEOM_B_V1	906436872	7946	ADAUSDT	SHORT	2026-10-05 13:42:51.41275+00	2026-10-05 13:42:51.463272+00	0.2768	0.2773536	0.2651909640739198	0.2768	0.278876	0.2651909640739198	32.73	t	variant=ME_SHORT_GEOM_B_V1	HIGH_VOLATILITY	{"rr_ratio": 0.7467529772378777, "body_ratio": 0.5454545454545638, "volume_ratio": 0.13791107785162973, "_shadow_control": true, "rsi_confirmation": 0.4779092699892184, "stop_distance_atr": 0.5536230273011022, "exhaustion_magnitude": 0.3639010189228533, "_shadow_control_reason": "oos_experiment_baseline"}	{}
ME_SHORT_GEOM_A_V1	911488928	7666	ADAUSDT	SHORT	2026-10-05 08:57:03.213361+00	2026-10-05 08:57:03.244911+00	0.273	0.273546	0.2624401452586223	0.273	0.273546	0.2624401452586223	38.76	t	variant=ME_SHORT_GEOM_A_V1	HIGH_VOLATILITY	{"rr_ratio": 1.0, "body_ratio": 0.7499999999999479, "volume_ratio": 0.13940541483618735, "_shadow_control": true, "rsi_confirmation": 0.76235446294662, "stop_distance_atr": 0.7464969725168671, "exhaustion_magnitude": 0.1285347043701862, "_shadow_control_reason": "oos_experiment_baseline"}	{}
ME_SHORT_GEOM_B_V1	911488928	7667	ADAUSDT	SHORT	2026-10-05 08:57:03.213361+00	2026-10-05 08:57:03.244911+00	0.273	0.273546	0.2624401452586223	0.273	0.2750475	0.2624401452586223	38.76	t	variant=ME_SHORT_GEOM_B_V1	HIGH_VOLATILITY	{"rr_ratio": 1.0, "body_ratio": 0.7499999999999479, "volume_ratio": 0.13940541483618735, "_shadow_control": true, "rsi_confirmation": 0.76235446294662, "stop_distance_atr": 0.7464969725168671, "exhaustion_magnitude": 0.1285347043701862, "_shadow_control_reason": "oos_experiment_baseline"}	{}
ME_SHORT_GEOM_A_V1	918588487	5683	STRKUSDT	SHORT	2026-10-04 02:12:06.939934+00	2026-10-04 02:12:06.965056+00	0.05361	0.053717219999999996	0.04962235787631862	0.05361	0.053717219999999996	0.04962235787631862	37.81	t	variant=ME_SHORT_GEOM_A_V1	HIGH_VOLATILITY	{"rr_ratio": 1.0, "body_ratio": 0.7499999999999913, "volume_ratio": 0.09728622084280703, "_shadow_control": true, "rsi_confirmation": 0.4525152906849295, "stop_distance_atr": 0.7912353270564918, "exhaustion_magnitude": 0.10280373831775608, "_shadow_control_reason": "oos_experiment_baseline"}	{}
ME_SHORT_GEOM_B_V1	918588487	5684	STRKUSDT	SHORT	2026-10-04 02:12:06.939934+00	2026-10-04 02:12:06.965056+00	0.05361	0.053717219999999996	0.04962235787631862	0.05361	0.054012075	0.04962235787631862	37.81	t	variant=ME_SHORT_GEOM_B_V1	HIGH_VOLATILITY	{"rr_ratio": 1.0, "body_ratio": 0.7499999999999913, "volume_ratio": 0.09728622084280703, "_shadow_control": true, "rsi_confirmation": 0.4525152906849295, "stop_distance_atr": 0.7912353270564918, "exhaustion_magnitude": 0.10280373831775608, "_shadow_control_reason": "oos_experiment_baseline"}	{}
ME_SHORT_GEOM_A_V1	923830045	3721	XRPUSDT	SHORT	2026-10-02 10:34:00.733241+00	2026-10-02 10:34:00.785614+00	1.5469	1.5499938	1.5170135581620272	1.5469	1.5499938	1.5170135581620272	42.1	t	variant=ME_SHORT_GEOM_A_V1	RANGE	{"rr_ratio": 1.0, "body_ratio": 0.7692307692307955, "volume_ratio": 0.6769509985229613, "_shadow_control": true, "rsi_confirmation": 0.3811543570854932, "stop_distance_atr": 0.7501065114997547, "exhaustion_magnitude": 0.14587655601659583, "_shadow_control_reason": "oos_experiment_baseline"}	{}
ME_SHORT_GEOM_B_V1	923830045	3722	XRPUSDT	SHORT	2026-10-02 10:34:00.733241+00	2026-10-02 10:34:00.785614+00	1.5469	1.5499938	1.5170135581620272	1.5469	1.55850175	1.5170135581620272	42.1	t	variant=ME_SHORT_GEOM_B_V1	RANGE	{"rr_ratio": 1.0, "body_ratio": 0.7692307692307955, "volume_ratio": 0.6769509985229613, "_shadow_control": true, "rsi_confirmation": 0.3811543570854932, "stop_distance_atr": 0.7501065114997547, "exhaustion_magnitude": 0.14587655601659583, "_shadow_control_reason": "oos_experiment_baseline"}	{}
ME_SHORT_GEOM_A_V1	924166039	5834	USELESSUSDT	SHORT	2026-10-04 04:37:39.819479+00	2026-10-04 04:37:39.84957+00	0.24366	0.24414732	0.23322986270290658	0.24366	0.24414732	0.23322986270290658	40.98	t	variant=ME_SHORT_GEOM_A_V1	RANGE	{"rr_ratio": 1.0, "body_ratio": 0.5555555555555342, "volume_ratio": 0.7013803356244067, "_shadow_control": true, "rsi_confirmation": 0.055177087582014415, "stop_distance_atr": 0.8286162586362159, "exhaustion_magnitude": 0.04929751047571897, "_shadow_control_reason": "oos_experiment_baseline"}	{}
ME_SHORT_GEOM_B_V1	924166039	5835	USELESSUSDT	SHORT	2026-10-04 04:37:39.819479+00	2026-10-04 04:37:39.84957+00	0.24366	0.24414732	0.23322986270290658	0.24366	0.24548745	0.23322986270290658	40.98	t	variant=ME_SHORT_GEOM_B_V1	RANGE	{"rr_ratio": 1.0, "body_ratio": 0.5555555555555342, "volume_ratio": 0.7013803356244067, "_shadow_control": true, "rsi_confirmation": 0.055177087582014415, "stop_distance_atr": 0.8286162586362159, "exhaustion_magnitude": 0.04929751047571897, "_shadow_control_reason": "oos_experiment_baseline"}	{}
ME_SHORT_GEOM_A_V1	924930017	5660	STRKUSDT	SHORT	2026-10-04 01:57:04.526693+00	2026-10-04 01:57:04.565407+00	0.05391	0.05401782	0.04964407776437167	0.05391	0.05401782	0.04964407776437167	39.0	t	variant=ME_SHORT_GEOM_A_V1	HIGH_VOLATILITY	{"rr_ratio": 1.0, "body_ratio": 0.5581395348837146, "volume_ratio": 0.16176880269274518, "_shadow_control": true, "rsi_confirmation": 0.5190241562836547, "stop_distance_atr": 0.7560184945766577, "exhaustion_magnitude": 0.38317757009345854, "_shadow_control_reason": "oos_experiment_baseline"}	{}
ME_SHORT_GEOM_B_V1	924930017	5661	STRKUSDT	SHORT	2026-10-04 01:57:04.526693+00	2026-10-04 01:57:04.565407+00	0.05391	0.05401782	0.04964407776437167	0.05391	0.054314325	0.04964407776437167	39.0	t	variant=ME_SHORT_GEOM_B_V1	HIGH_VOLATILITY	{"rr_ratio": 1.0, "body_ratio": 0.5581395348837146, "volume_ratio": 0.16176880269274518, "_shadow_control": true, "rsi_confirmation": 0.5190241562836547, "stop_distance_atr": 0.7560184945766577, "exhaustion_magnitude": 0.38317757009345854, "_shadow_control_reason": "oos_experiment_baseline"}	{}
ME_SHORT_GEOM_A_V1	926060936	9388	SPCXUSDT	SHORT	2026-10-06 17:06:03.953495+00	2026-10-06 17:06:03.985977+00	173.88	174.22776	171.05765028334665	173.88	174.22776	171.05765028334665	36.55	t	variant=ME_SHORT_GEOM_A_V1	TREND_UP	{"rr_ratio": 1.0, "body_ratio": 0.7857142857142567, "volume_ratio": 0.10058877444812105, "_actual_regime": "TREND_UP", "_shadow_control": true, "_rejection_stage": "regime_filter", "_required_regime": "TREND_UP", "rsi_confirmation": 0.03336475529961073, "stop_distance_atr": 0.7723933376608163, "exhaustion_magnitude": 0.11239840913020528, "_shadow_control_reason": "oos_experiment_baseline", "_regime_counterfactual_oos": true}	{}
ME_SHORT_GEOM_B_V1	926060936	9389	SPCXUSDT	SHORT	2026-10-06 17:06:03.953495+00	2026-10-06 17:06:03.985977+00	173.88	174.22776	171.05765028334665	173.88	175.1841	171.05765028334665	36.55	t	variant=ME_SHORT_GEOM_B_V1	TREND_UP	{"rr_ratio": 1.0, "body_ratio": 0.7857142857142567, "volume_ratio": 0.10058877444812105, "_actual_regime": "TREND_UP", "_shadow_control": true, "_rejection_stage": "regime_filter", "_required_regime": "TREND_UP", "rsi_confirmation": 0.03336475529961073, "stop_distance_atr": 0.7723933376608163, "exhaustion_magnitude": 0.11239840913020528, "_shadow_control_reason": "oos_experiment_baseline", "_regime_counterfactual_oos": true}	{}
ME_SHORT_GEOM_A_V1	937647621	6240	SOLUSDT	SHORT	2026-10-04 10:48:21.017277+00	2026-10-04 10:48:21.065693+00	121.43	121.67286	120.2513134597898	121.43	121.67286	120.2513134597898	37.16	t	variant=ME_SHORT_GEOM_A_V1	TREND_UP	{"rr_ratio": 1.0, "body_ratio": 0.7000000000000142, "volume_ratio": 0.2568540765005721, "_actual_regime": "TREND_UP", "_shadow_control": true, "_rejection_stage": "regime_filter", "_required_regime": "TREND_UP", "rsi_confirmation": 0.2573556586421015, "stop_distance_atr": 0.6942554282560265, "exhaustion_magnitude": 0.05771291944925409, "_shadow_control_reason": "oos_experiment_baseline", "_regime_counterfactual_oos": true}	{}
ME_SHORT_GEOM_B_V1	937647621	6241	SOLUSDT	SHORT	2026-10-04 10:48:21.017277+00	2026-10-04 10:48:21.065693+00	121.43	121.67286	120.2513134597898	121.43	122.340725	120.2513134597898	37.16	t	variant=ME_SHORT_GEOM_B_V1	TREND_UP	{"rr_ratio": 1.0, "body_ratio": 0.7000000000000142, "volume_ratio": 0.2568540765005721, "_actual_regime": "TREND_UP", "_shadow_control": true, "_rejection_stage": "regime_filter", "_required_regime": "TREND_UP", "rsi_confirmation": 0.2573556586421015, "stop_distance_atr": 0.6942554282560265, "exhaustion_magnitude": 0.05771291944925409, "_shadow_control_reason": "oos_experiment_baseline", "_regime_counterfactual_oos": true}	{}
ME_SHORT_GEOM_A_V1	940119127	7688	VIRTUALUSDT	SHORT	2026-10-05 09:12:18.854768+00	2026-10-05 09:12:18.89033+00	0.8849	0.8866698000000001	0.8525410201198471	0.8849	0.8866698000000001	0.8525410201198471	39.35	t	variant=ME_SHORT_GEOM_A_V1	HIGH_VOLATILITY	{"rr_ratio": 1.0, "body_ratio": 0.6521739130434636, "volume_ratio": 0.22441397396878845, "_shadow_control": true, "rsi_confirmation": 0.7351720017119637, "stop_distance_atr": 0.7198017315898411, "exhaustion_magnitude": 0.2384466901328478, "_shadow_control_reason": "oos_experiment_baseline"}	{}
ME_SHORT_GEOM_B_V1	940119127	7689	VIRTUALUSDT	SHORT	2026-10-05 09:12:18.854768+00	2026-10-05 09:12:18.89033+00	0.8849	0.8866698000000001	0.8525410201198471	0.8849	0.89153675	0.8525410201198471	39.35	t	variant=ME_SHORT_GEOM_B_V1	HIGH_VOLATILITY	{"rr_ratio": 1.0, "body_ratio": 0.6521739130434636, "volume_ratio": 0.22441397396878845, "_shadow_control": true, "rsi_confirmation": 0.7351720017119637, "stop_distance_atr": 0.7198017315898411, "exhaustion_magnitude": 0.2384466901328478, "_shadow_control_reason": "oos_experiment_baseline"}	{}
ME_SHORT_GEOM_A_V1	943259796	7186	BNBUSDT	SHORT	2026-10-04 22:55:23.063029+00	2026-10-04 22:55:23.105256+00	796.1	797.6922000000001	788.8927879032553	796.1	797.6922000000001	788.8927879032553	28.73	t	variant=ME_SHORT_GEOM_A_V1	TREND_UP	{"rr_ratio": 0.7561612679524181, "body_ratio": 0.0, "volume_ratio": 0.0, "_actual_regime": "TREND_UP", "_shadow_control": true, "_rejection_stage": "regime_filter", "_required_regime": "TREND_UP", "rsi_confirmation": 0.4849504514603116, "stop_distance_atr": 0.5591769276467233, "exhaustion_magnitude": 0.06918238993710835, "_shadow_control_reason": "oos_experiment_baseline", "_regime_counterfactual_oos": true}	{}
ME_SHORT_GEOM_B_V1	943259796	7187	BNBUSDT	SHORT	2026-10-04 22:55:23.063029+00	2026-10-04 22:55:23.105256+00	796.1	797.6922000000001	788.8927879032553	796.1	802.07075	788.8927879032553	28.73	t	variant=ME_SHORT_GEOM_B_V1	TREND_UP	{"rr_ratio": 0.7561612679524181, "body_ratio": 0.0, "volume_ratio": 0.0, "_actual_regime": "TREND_UP", "_shadow_control": true, "_rejection_stage": "regime_filter", "_required_regime": "TREND_UP", "rsi_confirmation": 0.4849504514603116, "stop_distance_atr": 0.5591769276467233, "exhaustion_magnitude": 0.06918238993710835, "_shadow_control_reason": "oos_experiment_baseline", "_regime_counterfactual_oos": true}	{}
ME_SHORT_GEOM_A_V1	944029323	9306	SPCXUSDT	SHORT	2026-10-06 15:50:50.33688+00	2026-10-06 15:50:50.366318+00	174.45	174.79889999999997	171.21940529097316	174.45	174.79889999999997	171.21940529097316	36.04	t	variant=ME_SHORT_GEOM_A_V1	TREND_UP	{"rr_ratio": 1.0, "body_ratio": 0.7000000000000568, "volume_ratio": 0.006143316566339573, "_actual_regime": "TREND_UP", "_shadow_control": true, "_rejection_stage": "regime_filter", "_required_regime": "TREND_UP", "rsi_confirmation": 0.19000153306543932, "stop_distance_atr": 0.6938985552161977, "exhaustion_magnitude": 0.27667300708973985, "_shadow_control_reason": "oos_experiment_baseline", "_regime_counterfactual_oos": true}	{}
ME_SHORT_GEOM_B_V1	944029323	9307	SPCXUSDT	SHORT	2026-10-06 15:50:50.33688+00	2026-10-06 15:50:50.366318+00	174.45	174.79889999999997	171.21940529097316	174.45	175.758375	171.21940529097316	36.04	t	variant=ME_SHORT_GEOM_B_V1	TREND_UP	{"rr_ratio": 1.0, "body_ratio": 0.7000000000000568, "volume_ratio": 0.006143316566339573, "_actual_regime": "TREND_UP", "_shadow_control": true, "_rejection_stage": "regime_filter", "_required_regime": "TREND_UP", "rsi_confirmation": 0.19000153306543932, "stop_distance_atr": 0.6938985552161977, "exhaustion_magnitude": 0.27667300708973985, "_shadow_control_reason": "oos_experiment_baseline", "_regime_counterfactual_oos": true}	{}
ME_SHORT_GEOM_A_V1	946421187	5225	SPCXUSDT	SHORT	2026-10-03 13:25:25.741679+00	2026-10-03 13:25:25.794939+00	159.27	159.58854000000002	158.37186053740086	159.27	159.58854000000002	158.37186053740086	31.61	t	variant=ME_SHORT_GEOM_A_V1	TREND_UP	{"rr_ratio": 0.8302628704492175, "body_ratio": 0.0, "volume_ratio": 0.0, "_actual_regime": "TREND_UP", "_shadow_control": true, "_rejection_stage": "regime_filter", "_required_regime": "TREND_UP", "rsi_confirmation": 1.0, "stop_distance_atr": 0.5985207273535121, "exhaustion_magnitude": 0.03455642121136392, "_shadow_control_reason": "oos_experiment_baseline", "_regime_counterfactual_oos": true}	{}
ME_SHORT_GEOM_B_V1	946421187	5226	SPCXUSDT	SHORT	2026-10-03 13:25:25.741679+00	2026-10-03 13:25:25.794939+00	159.27	159.58854000000002	158.37186053740086	159.27	160.464525	158.37186053740086	31.61	t	variant=ME_SHORT_GEOM_B_V1	TREND_UP	{"rr_ratio": 0.8302628704492175, "body_ratio": 0.0, "volume_ratio": 0.0, "_actual_regime": "TREND_UP", "_shadow_control": true, "_rejection_stage": "regime_filter", "_required_regime": "TREND_UP", "rsi_confirmation": 1.0, "stop_distance_atr": 0.5985207273535121, "exhaustion_magnitude": 0.03455642121136392, "_shadow_control_reason": "oos_experiment_baseline", "_regime_counterfactual_oos": true}	{}
ME_SHORT_GEOM_A_V1	953401619	5751	STRKUSDT	SHORT	2026-10-04 03:02:17.038688+00	2026-10-04 03:02:17.085571+00	0.05363	0.053737259999999995	0.0494672915131603	0.05363	0.053737259999999995	0.0494672915131603	40.1	t	variant=ME_SHORT_GEOM_A_V1	HIGH_VOLATILITY	{"rr_ratio": 1.0, "body_ratio": 0.4400000000000094, "volume_ratio": 0.636697703665569, "_shadow_control": true, "rsi_confirmation": 0.3498603084380117, "stop_distance_atr": 0.7032048224414922, "exhaustion_magnitude": 0.12149532710280203, "_shadow_control_reason": "oos_experiment_baseline"}	{}
ME_SHORT_GEOM_B_V1	953401619	5752	STRKUSDT	SHORT	2026-10-04 03:02:17.038688+00	2026-10-04 03:02:17.085571+00	0.05363	0.053737259999999995	0.0494672915131603	0.05363	0.054032224999999996	0.0494672915131603	40.1	t	variant=ME_SHORT_GEOM_B_V1	HIGH_VOLATILITY	{"rr_ratio": 1.0, "body_ratio": 0.4400000000000094, "volume_ratio": 0.636697703665569, "_shadow_control": true, "rsi_confirmation": 0.3498603084380117, "stop_distance_atr": 0.7032048224414922, "exhaustion_magnitude": 0.12149532710280203, "_shadow_control_reason": "oos_experiment_baseline"}	{}
ME_SHORT_GEOM_A_V1	959927522	6999	KLACUSDT	SHORT	2026-10-04 21:25:12.875754+00	2026-10-04 21:25:12.91231+00	207.47	207.88494	206.19049633716355	207.47	207.88494	206.19049633716355	27.13	t	variant=ME_SHORT_GEOM_A_V1	TREND_UP	{"rr_ratio": 0.7031377539034623, "body_ratio": 0.0, "volume_ratio": 0.0, "_actual_regime": "TREND_UP", "_shadow_control": true, "_rejection_stage": "regime_filter", "_required_regime": "TREND_UP", "rsi_confirmation": 0.3770973187646225, "stop_distance_atr": 0.5259345249450293, "exhaustion_magnitude": 0.03858955187882798, "_shadow_control_reason": "oos_experiment_baseline", "_regime_counterfactual_oos": true}	{}
ME_SHORT_GEOM_B_V1	959927522	7000	KLACUSDT	SHORT	2026-10-04 21:25:12.875754+00	2026-10-04 21:25:12.91231+00	207.47	207.88494	206.19049633716355	207.47	209.026025	206.19049633716355	27.13	t	variant=ME_SHORT_GEOM_B_V1	TREND_UP	{"rr_ratio": 0.7031377539034623, "body_ratio": 0.0, "volume_ratio": 0.0, "_actual_regime": "TREND_UP", "_shadow_control": true, "_rejection_stage": "regime_filter", "_required_regime": "TREND_UP", "rsi_confirmation": 0.3770973187646225, "stop_distance_atr": 0.5259345249450293, "exhaustion_magnitude": 0.03858955187882798, "_shadow_control_reason": "oos_experiment_baseline", "_regime_counterfactual_oos": true}	{}
ME_SHORT_GEOM_A_V1	962874854	7629	ADAUSDT	SHORT	2026-10-05 08:26:56.079381+00	2026-10-05 08:26:56.114748+00	0.2748	0.27534959999999997	0.26355443097290804	0.2748	0.27534959999999997	0.26355443097290804	40.67	t	variant=ME_SHORT_GEOM_A_V1	HIGH_VOLATILITY	{"rr_ratio": 0.9149912186830105, "body_ratio": 0.8888888888889026, "volume_ratio": 0.347586376079266, "_shadow_control": true, "rsi_confirmation": 0.9470629660688891, "stop_distance_atr": 0.6356977788124392, "exhaustion_magnitude": 0.459052515607786, "_shadow_control_reason": "oos_experiment_baseline"}	{}
ME_SHORT_GEOM_B_V1	962874854	7630	ADAUSDT	SHORT	2026-10-05 08:26:56.079381+00	2026-10-05 08:26:56.114748+00	0.2748	0.27534959999999997	0.26355443097290804	0.2748	0.27686099999999997	0.26355443097290804	40.67	t	variant=ME_SHORT_GEOM_B_V1	HIGH_VOLATILITY	{"rr_ratio": 0.9149912186830105, "body_ratio": 0.8888888888889026, "volume_ratio": 0.347586376079266, "_shadow_control": true, "rsi_confirmation": 0.9470629660688891, "stop_distance_atr": 0.6356977788124392, "exhaustion_magnitude": 0.459052515607786, "_shadow_control_reason": "oos_experiment_baseline"}	{}
ME_SHORT_GEOM_A_V1	963696186	824	ICPUSDT	SHORT	2026-09-30 00:47:06.521331+00	2026-09-30 00:47:06.545231+00	3.484	3.490968	3.3096322026367972	3.484	3.490968	3.3096322026367972	36.77	t	variant=ME_SHORT_GEOM_A_V1	TREND_UP	{"rr_ratio": 1.0, "body_ratio": 0.5714285714285487, "volume_ratio": 0.1191121403232164, "_actual_regime": "TREND_UP", "_shadow_control": true, "_rejection_stage": "regime_filter", "_required_regime": "TREND_UP", "rsi_confirmation": 0.018578526592341403, "stop_distance_atr": 0.8328611176787495, "exhaustion_magnitude": 0.14392630972941545, "_shadow_control_reason": "oos_experiment_baseline", "_regime_counterfactual_oos": true}	{}
ME_SHORT_GEOM_B_V1	963696186	825	ICPUSDT	SHORT	2026-09-30 00:47:06.521331+00	2026-09-30 00:47:06.545231+00	3.484	3.490968	3.3096322026367972	3.484	3.51013	3.3096322026367972	36.77	t	variant=ME_SHORT_GEOM_B_V1	TREND_UP	{"rr_ratio": 1.0, "body_ratio": 0.5714285714285487, "volume_ratio": 0.1191121403232164, "_actual_regime": "TREND_UP", "_shadow_control": true, "_rejection_stage": "regime_filter", "_required_regime": "TREND_UP", "rsi_confirmation": 0.018578526592341403, "stop_distance_atr": 0.8328611176787495, "exhaustion_magnitude": 0.14392630972941545, "_shadow_control_reason": "oos_experiment_baseline", "_regime_counterfactual_oos": true}	{}
ME_SHORT_GEOM_A_V1	969195725	7341	FARTCOINUSDT	SHORT	2026-10-05 01:10:52.032965+00	2026-10-05 01:10:52.070562+00	0.1849	0.1852698	0.17923100424538344	0.1849	0.1852698	0.17923100424538344	32.09	t	variant=ME_SHORT_GEOM_A_V1	RANGE	{"rr_ratio": 0.8371120197341749, "body_ratio": 0.5000000000000867, "volume_ratio": 0.024911771598987605, "_shadow_control": true, "rsi_confirmation": 0.048130209846784545, "stop_distance_atr": 0.6018055821977297, "exhaustion_magnitude": 0.3348396580824329, "_shadow_control_reason": "oos_experiment_baseline"}	{}
ME_SHORT_GEOM_B_V1	969195725	7342	FARTCOINUSDT	SHORT	2026-10-05 01:10:52.032965+00	2026-10-05 01:10:52.070562+00	0.1849	0.1852698	0.17923100424538344	0.1849	0.18628675	0.17923100424538344	32.09	t	variant=ME_SHORT_GEOM_B_V1	RANGE	{"rr_ratio": 0.8371120197341749, "body_ratio": 0.5000000000000867, "volume_ratio": 0.024911771598987605, "_shadow_control": true, "rsi_confirmation": 0.048130209846784545, "stop_distance_atr": 0.6018055821977297, "exhaustion_magnitude": 0.3348396580824329, "_shadow_control_reason": "oos_experiment_baseline"}	{}
ME_SHORT_GEOM_A_V1	969551056	5820	USELESSUSDT	SHORT	2026-10-04 04:27:39.416077+00	2026-10-04 04:27:39.437108+00	0.24366	0.24414732	0.23300986270290658	0.24366	0.24414732	0.23300986270290658	37.6	t	variant=ME_SHORT_GEOM_A_V1	RANGE	{"rr_ratio": 1.0, "body_ratio": 0.7228915662650497, "volume_ratio": 0.2586086624920651, "_shadow_control": true, "rsi_confirmation": 0.022757939545565858, "stop_distance_atr": 0.8050114561545392, "exhaustion_magnitude": 0.04929751047571897, "_shadow_control_reason": "oos_experiment_baseline"}	{}
ME_SHORT_GEOM_B_V1	969551056	5821	USELESSUSDT	SHORT	2026-10-04 04:27:39.416077+00	2026-10-04 04:27:39.437108+00	0.24366	0.24414732	0.23300986270290658	0.24366	0.24548745	0.23300986270290658	37.6	t	variant=ME_SHORT_GEOM_B_V1	RANGE	{"rr_ratio": 1.0, "body_ratio": 0.7228915662650497, "volume_ratio": 0.2586086624920651, "_shadow_control": true, "rsi_confirmation": 0.022757939545565858, "stop_distance_atr": 0.8050114561545392, "exhaustion_magnitude": 0.04929751047571897, "_shadow_control_reason": "oos_experiment_baseline"}	{}
ME_SHORT_GEOM_A_V1	971963273	9314	SPCXUSDT	SHORT	2026-10-06 16:00:52.986285+00	2026-10-06 16:00:53.018345+00	174.45	174.79889999999997	171.10944773911814	174.45	174.79889999999997	171.10944773911814	31.98	t	variant=ME_SHORT_GEOM_A_V1	TREND_UP	{"rr_ratio": 0.7757093398508769, "body_ratio": 0.9600000000000364, "volume_ratio": 0.02041974219047645, "_actual_regime": "TREND_UP", "_shadow_control": true, "_rejection_stage": "regime_filter", "_required_regime": "TREND_UP", "rsi_confirmation": 0.07177713786750531, "stop_distance_atr": 0.5702857807572443, "exhaustion_magnitude": 0.27667300708973985, "_shadow_control_reason": "oos_experiment_baseline", "_regime_counterfactual_oos": true}	{}
ME_SHORT_GEOM_B_V1	971963273	9315	SPCXUSDT	SHORT	2026-10-06 16:00:52.986285+00	2026-10-06 16:00:53.018345+00	174.45	174.79889999999997	171.10944773911814	174.45	175.758375	171.10944773911814	31.98	t	variant=ME_SHORT_GEOM_B_V1	TREND_UP	{"rr_ratio": 0.7757093398508769, "body_ratio": 0.9600000000000364, "volume_ratio": 0.02041974219047645, "_actual_regime": "TREND_UP", "_shadow_control": true, "_rejection_stage": "regime_filter", "_required_regime": "TREND_UP", "rsi_confirmation": 0.07177713786750531, "stop_distance_atr": 0.5702857807572443, "exhaustion_magnitude": 0.27667300708973985, "_shadow_control_reason": "oos_experiment_baseline", "_regime_counterfactual_oos": true}	{}
ME_SHORT_GEOM_A_V1	989195104	9097	SPCXUSDT	SHORT	2026-10-06 12:05:54.24474+00	2026-10-06 12:05:54.293184+00	172.53	172.87506	170.13136986936075	172.53	172.87506	170.13136986936075	30.58	t	variant=ME_SHORT_GEOM_A_V1	TREND_UP	{"rr_ratio": 0.7887477120863399, "body_ratio": 0.7272727272726802, "volume_ratio": 0.021788068764599204, "_actual_regime": "TREND_UP", "_shadow_control": true, "_rejection_stage": "regime_filter", "_required_regime": "TREND_UP", "rsi_confirmation": 0.1287457979536138, "stop_distance_atr": 0.5773891597712206, "exhaustion_magnitude": 0.046411788594301964, "_shadow_control_reason": "oos_experiment_baseline", "_regime_counterfactual_oos": true}	{}
ME_SHORT_GEOM_B_V1	989195104	9098	SPCXUSDT	SHORT	2026-10-06 12:05:54.24474+00	2026-10-06 12:05:54.293184+00	172.53	172.87506	170.13136986936075	172.53	173.823975	170.13136986936075	30.58	t	variant=ME_SHORT_GEOM_B_V1	TREND_UP	{"rr_ratio": 0.7887477120863399, "body_ratio": 0.7272727272726802, "volume_ratio": 0.021788068764599204, "_actual_regime": "TREND_UP", "_shadow_control": true, "_rejection_stage": "regime_filter", "_required_regime": "TREND_UP", "rsi_confirmation": 0.1287457979536138, "stop_distance_atr": 0.5773891597712206, "exhaustion_magnitude": 0.046411788594301964, "_shadow_control_reason": "oos_experiment_baseline", "_regime_counterfactual_oos": true}	{}
ME_SHORT_GEOM_A_V1	993686916	7307	XAUUSDT	SHORT	2026-10-05 00:50:46.393251+00	2026-10-05 00:50:46.442692+00	4161.42	4169.74284	4151.914842029755	4161.42	4169.74284	4151.914842029755	19.14	t	variant=ME_SHORT_GEOM_A_V1	RANGE	{"rr_ratio": 0.33267278020018914, "body_ratio": 0.819999999999709, "volume_ratio": 0.011778542967001355, "_shadow_control": true, "rsi_confirmation": 0.2816462308129587, "stop_distance_atr": 0.0, "exhaustion_magnitude": 0.14991636498609912, "_shadow_control_reason": "oos_experiment_baseline"}	{}
ME_SHORT_GEOM_B_V1	993686916	7308	XAUUSDT	SHORT	2026-10-05 00:50:46.393251+00	2026-10-05 00:50:46.442692+00	4161.42	4169.74284	4151.914842029755	4161.42	4192.63065	4151.914842029755	19.14	t	variant=ME_SHORT_GEOM_B_V1	RANGE	{"rr_ratio": 0.33267278020018914, "body_ratio": 0.819999999999709, "volume_ratio": 0.011778542967001355, "_shadow_control": true, "rsi_confirmation": 0.2816462308129587, "stop_distance_atr": 0.0, "exhaustion_magnitude": 0.14991636498609912, "_shadow_control_reason": "oos_experiment_baseline"}	{}
ME_SHORT_GEOM_A_V1	996024118	5067	SPCXUSDT	SHORT	2026-10-03 09:44:49.853851+00	2026-10-03 09:44:49.8957+00	159.15	159.4683	157.9520506276449	159.15	159.4683	157.9520506276449	35.01	t	variant=ME_SHORT_GEOM_A_V1	TREND_UP	{"rr_ratio": 0.819795704886388, "body_ratio": 0.3333333333330175, "volume_ratio": 0.34865443507954147, "_actual_regime": "TREND_UP", "_shadow_control": true, "_rejection_stage": "regime_filter", "_required_regime": "TREND_UP", "rsi_confirmation": 0.9457493904527079, "stop_distance_atr": 0.5933946331427419, "exhaustion_magnitude": 0.03143665513989132, "_shadow_control_reason": "oos_experiment_baseline", "_regime_counterfactual_oos": true}	{}
ME_SHORT_GEOM_B_V1	996024118	5068	SPCXUSDT	SHORT	2026-10-03 09:44:49.853851+00	2026-10-03 09:44:49.8957+00	159.15	159.4683	157.9520506276449	159.15	160.343625	157.9520506276449	35.01	t	variant=ME_SHORT_GEOM_B_V1	TREND_UP	{"rr_ratio": 0.819795704886388, "body_ratio": 0.3333333333330175, "volume_ratio": 0.34865443507954147, "_actual_regime": "TREND_UP", "_shadow_control": true, "_rejection_stage": "regime_filter", "_required_regime": "TREND_UP", "rsi_confirmation": 0.9457493904527079, "stop_distance_atr": 0.5933946331427419, "exhaustion_magnitude": 0.03143665513989132, "_shadow_control_reason": "oos_experiment_baseline", "_regime_counterfactual_oos": true}	{}
ME_SHORT_GEOM_A_V1	1003838510	6719	NEARUSDT	SHORT	2026-10-04 17:09:14.210429+00	2026-10-04 17:09:14.248671+00	5.018	5.028036	4.795794575928109	5.018	5.028036	4.795794575928109	38.55	t	variant=ME_SHORT_GEOM_A_V1	RANGE	{"rr_ratio": 0.6586935263719802, "body_ratio": 0.4624999999999986, "volume_ratio": 1.0, "_shadow_control": true, "rsi_confirmation": 0.09734978594776748, "stop_distance_atr": 0.49394776176213473, "exhaustion_magnitude": 0.8100445524503854, "_shadow_control_reason": "oos_experiment_baseline"}	{}
ME_SHORT_GEOM_B_V1	1003838510	6720	NEARUSDT	SHORT	2026-10-04 17:09:14.210429+00	2026-10-04 17:09:14.248671+00	5.018	5.028036	4.795794575928109	5.018	5.055635	4.795794575928109	38.55	t	variant=ME_SHORT_GEOM_B_V1	RANGE	{"rr_ratio": 0.6586935263719802, "body_ratio": 0.4624999999999986, "volume_ratio": 1.0, "_shadow_control": true, "rsi_confirmation": 0.09734978594776748, "stop_distance_atr": 0.49394776176213473, "exhaustion_magnitude": 0.8100445524503854, "_shadow_control_reason": "oos_experiment_baseline"}	{}
ME_SHORT_GEOM_A_V1	1007696928	6509	SOLUSDT	SHORT	2026-10-04 14:13:49.962446+00	2026-10-04 14:13:50.024294+00	121.88	122.12375999999999	120.51866979079216	121.88	122.12375999999999	120.51866979079216	30.8	t	variant=ME_SHORT_GEOM_A_V1	TREND_UP	{"rr_ratio": 0.6690461438398471, "body_ratio": 0.8461538461538713, "volume_ratio": 0.22708079090115854, "_actual_regime": "TREND_UP", "_shadow_control": true, "_rejection_stage": "regime_filter", "_required_regime": "TREND_UP", "rsi_confirmation": 0.28426857388858384, "stop_distance_atr": 0.5017782608831148, "exhaustion_magnitude": 0.10689031409307305, "_shadow_control_reason": "oos_experiment_baseline", "_regime_counterfactual_oos": true}	{}
ME_SHORT_GEOM_B_V1	1007696928	6510	SOLUSDT	SHORT	2026-10-04 14:13:49.962446+00	2026-10-04 14:13:50.024294+00	121.88	122.12375999999999	120.51866979079216	121.88	122.7941	120.51866979079216	30.8	t	variant=ME_SHORT_GEOM_B_V1	TREND_UP	{"rr_ratio": 0.6690461438398471, "body_ratio": 0.8461538461538713, "volume_ratio": 0.22708079090115854, "_actual_regime": "TREND_UP", "_shadow_control": true, "_rejection_stage": "regime_filter", "_required_regime": "TREND_UP", "rsi_confirmation": 0.28426857388858384, "stop_distance_atr": 0.5017782608831148, "exhaustion_magnitude": 0.10689031409307305, "_shadow_control_reason": "oos_experiment_baseline", "_regime_counterfactual_oos": true}	{}
ME_SHORT_GEOM_A_V1	1009036891	6946	KLACUSDT	SHORT	2026-10-04 21:00:09.437435+00	2026-10-04 21:00:09.493508+00	207.43	207.84486	206.3033534800207	207.43	207.84486	206.3033534800207	32.59	t	variant=ME_SHORT_GEOM_A_V1	TREND_UP	{"rr_ratio": 0.9052423467991654, "body_ratio": 0.0, "volume_ratio": 0.14026402640264027, "_actual_regime": "TREND_UP", "_shadow_control": true, "_rejection_stage": "regime_filter", "_required_regime": "TREND_UP", "rsi_confirmation": 0.4746301832640493, "stop_distance_atr": 0.6317744805996317, "exhaustion_magnitude": 0.028942163909122704, "_shadow_control_reason": "oos_experiment_baseline", "_regime_counterfactual_oos": true}	{}
ME_SHORT_GEOM_B_V1	1009036891	6947	KLACUSDT	SHORT	2026-10-04 21:00:09.437435+00	2026-10-04 21:00:09.493508+00	207.43	207.84486	206.3033534800207	207.43	208.985725	206.3033534800207	32.59	t	variant=ME_SHORT_GEOM_B_V1	TREND_UP	{"rr_ratio": 0.9052423467991654, "body_ratio": 0.0, "volume_ratio": 0.14026402640264027, "_actual_regime": "TREND_UP", "_shadow_control": true, "_rejection_stage": "regime_filter", "_required_regime": "TREND_UP", "rsi_confirmation": 0.4746301832640493, "stop_distance_atr": 0.6317744805996317, "exhaustion_magnitude": 0.028942163909122704, "_shadow_control_reason": "oos_experiment_baseline", "_regime_counterfactual_oos": true}	{}
ME_SHORT_GEOM_A_V1	1009612387	7692	FARTCOINUSDT	SHORT	2026-10-05 09:12:23.365188+00	2026-10-05 09:12:23.39507+00	0.18996	0.19033992	0.18370472503572044	0.18996	0.19033992	0.18370472503572044	37.12	t	variant=ME_SHORT_GEOM_A_V1	HIGH_VOLATILITY	{"rr_ratio": 1.0, "body_ratio": 0.35555555555559804, "volume_ratio": 0.13785073804922837, "_shadow_control": true, "rsi_confirmation": 0.11908199204694939, "stop_distance_atr": 0.7792347198833867, "exhaustion_magnitude": 0.36055143160127257, "_shadow_control_reason": "oos_experiment_baseline"}	{}
ME_SHORT_GEOM_B_V1	1009612387	7693	FARTCOINUSDT	SHORT	2026-10-05 09:12:23.365188+00	2026-10-05 09:12:23.39507+00	0.18996	0.19033992	0.18370472503572044	0.18996	0.1913847	0.18370472503572044	37.12	t	variant=ME_SHORT_GEOM_B_V1	HIGH_VOLATILITY	{"rr_ratio": 1.0, "body_ratio": 0.35555555555559804, "volume_ratio": 0.13785073804922837, "_shadow_control": true, "rsi_confirmation": 0.11908199204694939, "stop_distance_atr": 0.7792347198833867, "exhaustion_magnitude": 0.36055143160127257, "_shadow_control_reason": "oos_experiment_baseline"}	{}
ME_SHORT_GEOM_A_V1	1017978849	3822	HYPEUSDT	SHORT	2026-10-02 11:29:13.538635+00	2026-10-02 11:29:13.583918+00	91.42	91.60284	89.15368543464898	91.42	91.60284	89.15368543464898	37.17	t	variant=ME_SHORT_GEOM_A_V1	RANGE	{"rr_ratio": 1.0, "body_ratio": 0.6111111111111638, "volume_ratio": 0.1857658350304503, "_shadow_control": true, "rsi_confirmation": 0.09810886141047585, "stop_distance_atr": 0.7152411202922118, "exhaustion_magnitude": 0.28049719502805254, "_shadow_control_reason": "oos_experiment_baseline"}	{}
ME_SHORT_GEOM_B_V1	1017978849	3823	HYPEUSDT	SHORT	2026-10-02 11:29:13.538635+00	2026-10-02 11:29:13.583918+00	91.42	91.60284	89.15368543464898	91.42	92.10565	89.15368543464898	37.17	t	variant=ME_SHORT_GEOM_B_V1	RANGE	{"rr_ratio": 1.0, "body_ratio": 0.6111111111111638, "volume_ratio": 0.1857658350304503, "_shadow_control": true, "rsi_confirmation": 0.09810886141047585, "stop_distance_atr": 0.7152411202922118, "exhaustion_magnitude": 0.28049719502805254, "_shadow_control_reason": "oos_experiment_baseline"}	{}
ME_SHORT_GEOM_A_V1	1021920214	9055	ORCAUSDT	SHORT	2026-10-06 10:56:14.110739+00	2026-10-06 10:56:14.149315+00	2.5999	2.6050998	2.3302098062956076	2.5999	2.6050998	2.3302098062956076	38.26	t	variant=ME_SHORT_GEOM_A_V1	HIGH_VOLATILITY	{"rr_ratio": 1.0, "body_ratio": 0.3814432989690514, "volume_ratio": 0.028656234140206096, "_shadow_control": true, "rsi_confirmation": 0.5705048295711634, "stop_distance_atr": 0.7201929987422366, "exhaustion_magnitude": 0.5954929358190896, "_shadow_control_reason": "oos_experiment_baseline"}	{}
ME_SHORT_GEOM_B_V1	1021920214	9056	ORCAUSDT	SHORT	2026-10-06 10:56:14.110739+00	2026-10-06 10:56:14.149315+00	2.5999	2.6050998	2.3302098062956076	2.5999	2.61939925	2.3302098062956076	38.26	t	variant=ME_SHORT_GEOM_B_V1	HIGH_VOLATILITY	{"rr_ratio": 1.0, "body_ratio": 0.3814432989690514, "volume_ratio": 0.028656234140206096, "_shadow_control": true, "rsi_confirmation": 0.5705048295711634, "stop_distance_atr": 0.7201929987422366, "exhaustion_magnitude": 0.5954929358190896, "_shadow_control_reason": "oos_experiment_baseline"}	{}
ME_SHORT_GEOM_A_V1	1024437763	6130	SOLUSDT	SHORT	2026-10-04 09:33:08.284324+00	2026-10-04 09:33:08.339327+00	121.39	121.63278	120.08152434276984	121.39	121.63278	120.08152434276984	32.61	t	variant=ME_SHORT_GEOM_A_V1	TREND_UP	{"rr_ratio": 0.760378792976407, "body_ratio": 0.8124999999999889, "volume_ratio": 0.31493299785572765, "_actual_regime": "TREND_UP", "_shadow_control": true, "_rejection_stage": "regime_filter", "_required_regime": "TREND_UP", "rsi_confirmation": 0.14212152364837985, "stop_distance_atr": 0.561622001544068, "exhaustion_magnitude": 0.04122351389232184, "_shadow_control_reason": "oos_experiment_baseline", "_regime_counterfactual_oos": true}	{}
ME_SHORT_GEOM_B_V1	1024437763	6131	SOLUSDT	SHORT	2026-10-04 09:33:08.284324+00	2026-10-04 09:33:08.339327+00	121.39	121.63278	120.08152434276984	121.39	122.300425	120.08152434276984	32.61	t	variant=ME_SHORT_GEOM_B_V1	TREND_UP	{"rr_ratio": 0.760378792976407, "body_ratio": 0.8124999999999889, "volume_ratio": 0.31493299785572765, "_actual_regime": "TREND_UP", "_shadow_control": true, "_rejection_stage": "regime_filter", "_required_regime": "TREND_UP", "rsi_confirmation": 0.14212152364837985, "stop_distance_atr": 0.561622001544068, "exhaustion_magnitude": 0.04122351389232184, "_shadow_control_reason": "oos_experiment_baseline", "_regime_counterfactual_oos": true}	{}
ME_SHORT_GEOM_A_V1	1029440956	6279	HYPEUSDT	SHORT	2026-10-04 11:23:31.066609+00	2026-10-04 11:23:31.100994+00	90.68	90.86136	89.41902101344557	90.68	90.86136	89.41902101344557	33.07	t	variant=ME_SHORT_GEOM_A_V1	RANGE	{"rr_ratio": 0.8076854206651541, "body_ratio": 0.38888888888886697, "volume_ratio": 0.24378638629572785, "_shadow_control": true, "rsi_confirmation": 0.2024196718877145, "stop_distance_atr": 0.5872980682766042, "exhaustion_magnitude": 0.27164874154563096, "_shadow_control_reason": "oos_experiment_baseline"}	{}
ME_SHORT_GEOM_B_V1	1029440956	6280	HYPEUSDT	SHORT	2026-10-04 11:23:31.066609+00	2026-10-04 11:23:31.100994+00	90.68	90.86136	89.41902101344557	90.68	91.3601	89.41902101344557	33.07	t	variant=ME_SHORT_GEOM_B_V1	RANGE	{"rr_ratio": 0.8076854206651541, "body_ratio": 0.38888888888886697, "volume_ratio": 0.24378638629572785, "_shadow_control": true, "rsi_confirmation": 0.2024196718877145, "stop_distance_atr": 0.5872980682766042, "exhaustion_magnitude": 0.27164874154563096, "_shadow_control_reason": "oos_experiment_baseline"}	{}
ME_SHORT_GEOM_A_V1	1032496179	9331	SPCXUSDT	SHORT	2026-10-06 16:15:54.7702+00	2026-10-06 16:15:54.818562+00	174.18	174.52836000000002	171.1251620248324	174.18	174.52836000000002	171.1251620248324	40.3	t	variant=ME_SHORT_GEOM_A_V1	TREND_UP	{"rr_ratio": 1.0, "body_ratio": 0.8000000000000114, "volume_ratio": 0.4882396035500089, "_actual_regime": "TREND_UP", "_shadow_control": true, "_rejection_stage": "regime_filter", "_required_regime": "TREND_UP", "rsi_confirmation": 0.11785874111245676, "stop_distance_atr": 0.7646467756563484, "exhaustion_magnitude": 0.19885872384575415, "_shadow_control_reason": "oos_experiment_baseline", "_regime_counterfactual_oos": true}	{}
ME_SHORT_GEOM_B_V1	1032496179	9332	SPCXUSDT	SHORT	2026-10-06 16:15:54.7702+00	2026-10-06 16:15:54.818562+00	174.18	174.52836000000002	171.1251620248324	174.18	175.48635000000002	171.1251620248324	40.3	t	variant=ME_SHORT_GEOM_B_V1	TREND_UP	{"rr_ratio": 1.0, "body_ratio": 0.8000000000000114, "volume_ratio": 0.4882396035500089, "_actual_regime": "TREND_UP", "_shadow_control": true, "_rejection_stage": "regime_filter", "_required_regime": "TREND_UP", "rsi_confirmation": 0.11785874111245676, "stop_distance_atr": 0.7646467756563484, "exhaustion_magnitude": 0.19885872384575415, "_shadow_control_reason": "oos_experiment_baseline", "_regime_counterfactual_oos": true}	{}
ME_SHORT_GEOM_A_V1	1044177567	5862	STRKUSDT	SHORT	2026-10-04 05:07:30.471678+00	2026-10-04 05:07:30.509709+00	0.05368	0.05378736	0.050100434371223766	0.05368	0.05378736	0.050100434371223766	38.27	t	variant=ME_SHORT_GEOM_A_V1	HIGH_VOLATILITY	{"rr_ratio": 1.0, "body_ratio": 0.5454545454545425, "volume_ratio": 0.12049820594826278, "_shadow_control": true, "rsi_confirmation": 0.355435178550448, "stop_distance_atr": 0.8757884286791942, "exhaustion_magnitude": 0.1682242990654202, "_shadow_control_reason": "oos_experiment_baseline"}	{}
ME_SHORT_GEOM_B_V1	1044177567	5863	STRKUSDT	SHORT	2026-10-04 05:07:30.471678+00	2026-10-04 05:07:30.509709+00	0.05368	0.05378736	0.050100434371223766	0.05368	0.0540826	0.050100434371223766	38.27	t	variant=ME_SHORT_GEOM_B_V1	HIGH_VOLATILITY	{"rr_ratio": 1.0, "body_ratio": 0.5454545454545425, "volume_ratio": 0.12049820594826278, "_shadow_control": true, "rsi_confirmation": 0.355435178550448, "stop_distance_atr": 0.8757884286791942, "exhaustion_magnitude": 0.1682242990654202, "_shadow_control_reason": "oos_experiment_baseline"}	{}
ME_SHORT_GEOM_A_V1	1047244752	5915	HYPEUSDT	SHORT	2026-10-04 05:47:36.230843+00	2026-10-04 05:47:36.271123+00	90.07	90.25013999999999	88.86585860942361	90.07	90.25013999999999	88.86585860942361	36.79	t	variant=ME_SHORT_GEOM_A_V1	RANGE	{"rr_ratio": 1.0, "body_ratio": 0.42857142857144304, "volume_ratio": 0.2982774497812003, "_shadow_control": true, "rsi_confirmation": 0.011540918731700838, "stop_distance_atr": 0.7112670615610774, "exhaustion_magnitude": 0.1950512706197026, "_shadow_control_reason": "oos_experiment_baseline"}	{}
ME_SHORT_GEOM_B_V1	1047244752	5916	HYPEUSDT	SHORT	2026-10-04 05:47:36.230843+00	2026-10-04 05:47:36.271123+00	90.07	90.25013999999999	88.86585860942361	90.07	90.74552499999999	88.86585860942361	36.79	t	variant=ME_SHORT_GEOM_B_V1	RANGE	{"rr_ratio": 1.0, "body_ratio": 0.42857142857144304, "volume_ratio": 0.2982774497812003, "_shadow_control": true, "rsi_confirmation": 0.011540918731700838, "stop_distance_atr": 0.7112670615610774, "exhaustion_magnitude": 0.1950512706197026, "_shadow_control_reason": "oos_experiment_baseline"}	{}
ME_SHORT_GEOM_A_V1	1048347965	3352	MSTRUSDT	SHORT	2026-10-02 02:20:24.337069+00	2026-10-02 02:20:24.373849+00	162.32	162.64463999999998	158.5800497580902	162.32	162.64463999999998	158.5800497580902	37.95	t	variant=ME_SHORT_GEOM_A_V1	RANGE	{"rr_ratio": 1.0, "body_ratio": 0.7142857142855403, "volume_ratio": 0.12226462943604545, "_shadow_control": true, "rsi_confirmation": 0.33944089639392605, "stop_distance_atr": 0.7793840908629741, "exhaustion_magnitude": 0.2041321291599643, "_shadow_control_reason": "oos_experiment_baseline"}	{}
ME_SHORT_GEOM_B_V1	1048347965	3353	MSTRUSDT	SHORT	2026-10-02 02:20:24.337069+00	2026-10-02 02:20:24.373849+00	162.32	162.64463999999998	158.5800497580902	162.32	163.5374	158.5800497580902	37.95	t	variant=ME_SHORT_GEOM_B_V1	RANGE	{"rr_ratio": 1.0, "body_ratio": 0.7142857142855403, "volume_ratio": 0.12226462943604545, "_shadow_control": true, "rsi_confirmation": 0.33944089639392605, "stop_distance_atr": 0.7793840908629741, "exhaustion_magnitude": 0.2041321291599643, "_shadow_control_reason": "oos_experiment_baseline"}	{}
ME_SHORT_GEOM_A_V1	1053790576	561	CRVUSDT	SHORT	2026-09-29 15:42:12.873672+00	2026-09-29 15:42:12.903263+00	0.4077	0.40851540000000003	0.37876601217070527	0.4077	0.40851540000000003	0.37876601217070527	35.32	t	variant=ME_SHORT_GEOM_A_V1	HIGH_VOLATILITY	{"rr_ratio": 0.8311994672121387, "body_ratio": 0.37499999999999567, "volume_ratio": 0.19423578074729042, "_shadow_control": true, "rsi_confirmation": 0.06572562421335988, "stop_distance_atr": 0.5989731147791268, "exhaustion_magnitude": 0.797408422626466, "_shadow_control_reason": "oos_experiment_baseline"}	{}
ME_SHORT_GEOM_B_V1	1053790576	562	CRVUSDT	SHORT	2026-09-29 15:42:12.873672+00	2026-09-29 15:42:12.903263+00	0.4077	0.40851540000000003	0.37876601217070527	0.4077	0.41075775000000003	0.37876601217070527	35.32	t	variant=ME_SHORT_GEOM_B_V1	HIGH_VOLATILITY	{"rr_ratio": 0.8311994672121387, "body_ratio": 0.37499999999999567, "volume_ratio": 0.19423578074729042, "_shadow_control": true, "rsi_confirmation": 0.06572562421335988, "stop_distance_atr": 0.5989731147791268, "exhaustion_magnitude": 0.797408422626466, "_shadow_control_reason": "oos_experiment_baseline"}	{}
ME_SHORT_GEOM_A_V1	1055602243	5723	USELESSUSDT	SHORT	2026-10-04 02:22:22.561085+00	2026-10-04 02:22:22.581711+00	0.24527	0.24576054	0.23416203850045653	0.24527	0.24576054	0.23416203850045653	38.62	t	variant=ME_SHORT_GEOM_A_V1	HIGH_VOLATILITY	{"rr_ratio": 1.0, "body_ratio": 1.0, "volume_ratio": 0.04293024469063302, "_shadow_control": true, "rsi_confirmation": 0.18340396667936812, "stop_distance_atr": 0.8040268565626418, "exhaustion_magnitude": 0.33657595534211193, "_shadow_control_reason": "oos_experiment_baseline"}	{}
ME_SHORT_GEOM_B_V1	1055602243	5724	USELESSUSDT	SHORT	2026-10-04 02:22:22.561085+00	2026-10-04 02:22:22.581711+00	0.24527	0.24576054	0.23416203850045653	0.24527	0.247109525	0.23416203850045653	38.62	t	variant=ME_SHORT_GEOM_B_V1	HIGH_VOLATILITY	{"rr_ratio": 1.0, "body_ratio": 1.0, "volume_ratio": 0.04293024469063302, "_shadow_control": true, "rsi_confirmation": 0.18340396667936812, "stop_distance_atr": 0.8040268565626418, "exhaustion_magnitude": 0.33657595534211193, "_shadow_control_reason": "oos_experiment_baseline"}	{}
ME_SHORT_GEOM_A_V1	1055753894	6260	SOLUSDT	SHORT	2026-10-04 11:03:23.229736+00	2026-10-04 11:03:23.261707+00	121.43	121.67286	120.12050535007597	121.43	121.67286	120.12050535007597	28.58	t	variant=ME_SHORT_GEOM_A_V1	TREND_UP	{"rr_ratio": 0.6563226930880438, "body_ratio": 0.4615384615384952, "volume_ratio": 0.2628429880970767, "_actual_regime": "TREND_UP", "_shadow_control": true, "_rejection_stage": "regime_filter", "_required_regime": "TREND_UP", "rsi_confirmation": 0.013688510289326435, "stop_distance_atr": 0.49211975017201215, "exhaustion_magnitude": 0.05771291944925409, "_shadow_control_reason": "oos_experiment_baseline", "_regime_counterfactual_oos": true}	{}
ME_SHORT_GEOM_B_V1	1055753894	6261	SOLUSDT	SHORT	2026-10-04 11:03:23.229736+00	2026-10-04 11:03:23.261707+00	121.43	121.67286	120.12050535007597	121.43	122.340725	120.12050535007597	28.58	t	variant=ME_SHORT_GEOM_B_V1	TREND_UP	{"rr_ratio": 0.6563226930880438, "body_ratio": 0.4615384615384952, "volume_ratio": 0.2628429880970767, "_actual_regime": "TREND_UP", "_shadow_control": true, "_rejection_stage": "regime_filter", "_required_regime": "TREND_UP", "rsi_confirmation": 0.013688510289326435, "stop_distance_atr": 0.49211975017201215, "exhaustion_magnitude": 0.05771291944925409, "_shadow_control_reason": "oos_experiment_baseline", "_regime_counterfactual_oos": true}	{}
ME_SHORT_GEOM_A_V1	1056970958	4202	KORUUSDT	SHORT	2026-10-02 15:22:13.329655+00	2026-10-02 15:22:13.351146+00	22.9	22.9458	21.711891800432994	22.9	22.9458	21.711891800432994	31.68	t	variant=ME_SHORT_GEOM_A_V1	HIGH_VOLATILITY	{"rr_ratio": 0.5892838339816125, "body_ratio": 0.75, "volume_ratio": 0.2140598138150229, "_shadow_control": true, "rsi_confirmation": 0.06716073755584755, "stop_distance_atr": 0.4343416294299107, "exhaustion_magnitude": 0.8662816525988383, "_shadow_control_reason": "oos_experiment_baseline"}	{}
ME_SHORT_GEOM_B_V1	1056970958	4203	KORUUSDT	SHORT	2026-10-02 15:22:13.329655+00	2026-10-02 15:22:13.351146+00	22.9	22.9458	21.711891800432994	22.9	23.071749999999998	21.711891800432994	31.68	t	variant=ME_SHORT_GEOM_B_V1	HIGH_VOLATILITY	{"rr_ratio": 0.5892838339816125, "body_ratio": 0.75, "volume_ratio": 0.2140598138150229, "_shadow_control": true, "rsi_confirmation": 0.06716073755584755, "stop_distance_atr": 0.4343416294299107, "exhaustion_magnitude": 0.8662816525988383, "_shadow_control_reason": "oos_experiment_baseline"}	{}
ME_SHORT_GEOM_A_V1	1058231757	6955	KLACUSDT	SHORT	2026-10-04 21:05:08.600572+00	2026-10-04 21:05:08.642683+00	207.44	207.85488	206.21621062287784	207.44	207.85488	206.21621062287784	28.63	t	variant=ME_SHORT_GEOM_A_V1	TREND_UP	{"rr_ratio": 0.770415304129073, "body_ratio": 0.0, "volume_ratio": 0.0, "_actual_regime": "TREND_UP", "_shadow_control": true, "_rejection_stage": "regime_filter", "_required_regime": "TREND_UP", "rsi_confirmation": 0.41563173483560073, "stop_distance_atr": 0.5673329286855825, "exhaustion_magnitude": 0.03135401090154731, "_shadow_control_reason": "oos_experiment_baseline", "_regime_counterfactual_oos": true}	{}
ME_SHORT_GEOM_B_V1	1058231757	6956	KLACUSDT	SHORT	2026-10-04 21:05:08.600572+00	2026-10-04 21:05:08.642683+00	207.44	207.85488	206.21621062287784	207.44	208.9958	206.21621062287784	28.63	t	variant=ME_SHORT_GEOM_B_V1	TREND_UP	{"rr_ratio": 0.770415304129073, "body_ratio": 0.0, "volume_ratio": 0.0, "_actual_regime": "TREND_UP", "_shadow_control": true, "_rejection_stage": "regime_filter", "_required_regime": "TREND_UP", "rsi_confirmation": 0.41563173483560073, "stop_distance_atr": 0.5673329286855825, "exhaustion_magnitude": 0.03135401090154731, "_shadow_control_reason": "oos_experiment_baseline", "_regime_counterfactual_oos": true}	{}
ME_SHORT_GEOM_A_V1	1061253955	7321	DOGEUSDT	SHORT	2026-10-05 01:00:38.352967+00	2026-10-05 01:00:38.376329+00	0.09639	0.09658278000000001	0.09500564343270194	0.09639	0.09658278000000001	0.09500564343270194	37.62	t	variant=ME_SHORT_GEOM_A_V1	RANGE	{"rr_ratio": 1.0, "body_ratio": 0.7500000000000867, "volume_ratio": 0.03423346104123966, "_shadow_control": true, "rsi_confirmation": 0.534686420324394, "stop_distance_atr": 0.8000694738869796, "exhaustion_magnitude": 0.09875259875260374, "_shadow_control_reason": "oos_experiment_baseline"}	{}
ME_SHORT_GEOM_B_V1	1061253955	7322	DOGEUSDT	SHORT	2026-10-05 01:00:38.352967+00	2026-10-05 01:00:38.376329+00	0.09639	0.09658278000000001	0.09500564343270194	0.09639	0.097112925	0.09500564343270194	37.62	t	variant=ME_SHORT_GEOM_B_V1	RANGE	{"rr_ratio": 1.0, "body_ratio": 0.7500000000000867, "volume_ratio": 0.03423346104123966, "_shadow_control": true, "rsi_confirmation": 0.534686420324394, "stop_distance_atr": 0.8000694738869796, "exhaustion_magnitude": 0.09875259875260374, "_shadow_control_reason": "oos_experiment_baseline"}	{}
ME_SHORT_GEOM_A_V1	1063216069	4431	MAGMAUSDT	SHORT	2026-10-02 22:08:00.906143+00	2026-10-02 22:08:00.941367+00	0.3733	0.3740466	0.2990322353145045	0.3733	0.3740466	0.2990322353145045	38.16	t	variant=ME_SHORT_GEOM_A_V1	HIGH_VOLATILITY	{"rr_ratio": 0.6229970587061088, "body_ratio": 0.5081967213114745, "volume_ratio": 1.0, "_shadow_control": true, "rsi_confirmation": 0.3475757524912041, "stop_distance_atr": 0.464951995077429, "exhaustion_magnitude": 0.7201086956521775, "_shadow_control_reason": "oos_experiment_baseline"}	{}
ME_SHORT_GEOM_B_V1	1063216069	4432	MAGMAUSDT	SHORT	2026-10-02 22:08:00.906143+00	2026-10-02 22:08:00.941367+00	0.3733	0.3740466	0.2990322353145045	0.3733	0.37609975	0.2990322353145045	38.16	t	variant=ME_SHORT_GEOM_B_V1	HIGH_VOLATILITY	{"rr_ratio": 0.6229970587061088, "body_ratio": 0.5081967213114745, "volume_ratio": 1.0, "_shadow_control": true, "rsi_confirmation": 0.3475757524912041, "stop_distance_atr": 0.464951995077429, "exhaustion_magnitude": 0.7201086956521775, "_shadow_control_reason": "oos_experiment_baseline"}	{}
ME_SHORT_GEOM_A_V1	1071175290	9213	AVAXUSDT	SHORT	2026-10-06 13:41:42.411099+00	2026-10-06 13:41:42.450433+00	11.45	11.4729	11.14268674921188	11.45	11.4729	11.14268674921188	35.33	t	variant=ME_SHORT_GEOM_A_V1	TREND_UP	{"rr_ratio": 1.0, "body_ratio": 0.3571428571428028, "volume_ratio": 0.05666294495207041, "_actual_regime": "TREND_UP", "_shadow_control": true, "_rejection_stage": "regime_filter", "_required_regime": "TREND_UP", "rsi_confirmation": 0.05020727634149201, "stop_distance_atr": 0.7692995041497952, "exhaustion_magnitude": 0.19288093985621035, "_shadow_control_reason": "oos_experiment_baseline", "_regime_counterfactual_oos": true}	{}
ME_SHORT_GEOM_B_V1	1071175290	9214	AVAXUSDT	SHORT	2026-10-06 13:41:42.411099+00	2026-10-06 13:41:42.450433+00	11.45	11.4729	11.14268674921188	11.45	11.535874999999999	11.14268674921188	35.33	t	variant=ME_SHORT_GEOM_B_V1	TREND_UP	{"rr_ratio": 1.0, "body_ratio": 0.3571428571428028, "volume_ratio": 0.05666294495207041, "_actual_regime": "TREND_UP", "_shadow_control": true, "_rejection_stage": "regime_filter", "_required_regime": "TREND_UP", "rsi_confirmation": 0.05020727634149201, "stop_distance_atr": 0.7692995041497952, "exhaustion_magnitude": 0.19288093985621035, "_shadow_control_reason": "oos_experiment_baseline", "_regime_counterfactual_oos": true}	{}
ME_SHORT_GEOM_A_V1	1072609953	8924	ORCAUSDT	SHORT	2026-10-06 08:10:52.791137+00	2026-10-06 08:10:52.826358+00	2.515	2.52003	2.2726542258230618	2.515	2.52003	2.2726542258230618	36.69	t	variant=ME_SHORT_GEOM_A_V1	HIGH_VOLATILITY	{"rr_ratio": 1.0, "body_ratio": 0.5714285714285261, "volume_ratio": 0.06180319327343184, "_shadow_control": true, "rsi_confirmation": 0.3766604928083647, "stop_distance_atr": 0.7768556589938063, "exhaustion_magnitude": 0.11557468515862125, "_shadow_control_reason": "oos_experiment_baseline"}	{}
ME_SHORT_GEOM_B_V1	1072609953	8925	ORCAUSDT	SHORT	2026-10-06 08:10:52.791137+00	2026-10-06 08:10:52.826358+00	2.515	2.52003	2.2726542258230618	2.515	2.5338625	2.2726542258230618	36.69	t	variant=ME_SHORT_GEOM_B_V1	HIGH_VOLATILITY	{"rr_ratio": 1.0, "body_ratio": 0.5714285714285261, "volume_ratio": 0.06180319327343184, "_shadow_control": true, "rsi_confirmation": 0.3766604928083647, "stop_distance_atr": 0.7768556589938063, "exhaustion_magnitude": 0.11557468515862125, "_shadow_control_reason": "oos_experiment_baseline"}	{}
ME_SHORT_GEOM_A_V1	1075168543	7284	XRPUSDT	SHORT	2026-10-05 00:35:27.650837+00	2026-10-05 00:35:27.685859+00	1.5198	1.5228396	1.4991590356587372	1.5198	1.5228396	1.4991590356587372	24.71	t	variant=ME_SHORT_GEOM_A_V1	RANGE	{"rr_ratio": 0.5209808628534786, "body_ratio": 0.4285714285714286, "volume_ratio": 0.02948305250900712, "_shadow_control": true, "rsi_confirmation": 0.016779611208403367, "stop_distance_atr": 0.36018123293891635, "exhaustion_magnitude": 0.3445077514244059, "_shadow_control_reason": "oos_experiment_baseline"}	{}
ME_SHORT_GEOM_B_V1	1075168543	7285	XRPUSDT	SHORT	2026-10-05 00:35:27.650837+00	2026-10-05 00:35:27.685859+00	1.5198	1.5228396	1.4991590356587372	1.5198	1.5311985000000001	1.4991590356587372	24.71	t	variant=ME_SHORT_GEOM_B_V1	RANGE	{"rr_ratio": 0.5209808628534786, "body_ratio": 0.4285714285714286, "volume_ratio": 0.02948305250900712, "_shadow_control": true, "rsi_confirmation": 0.016779611208403367, "stop_distance_atr": 0.36018123293891635, "exhaustion_magnitude": 0.3445077514244059, "_shadow_control_reason": "oos_experiment_baseline"}	{}
ME_SHORT_GEOM_A_V1	1080660051	4039	MSTRUSDT	SHORT	2026-10-02 12:56:42.413162+00	2026-10-02 12:56:42.452379+00	167.1	167.4342	162.73894268385257	167.1	167.4342	162.73894268385257	37.48	t	variant=ME_SHORT_GEOM_A_V1	TREND_UP	{"rr_ratio": 1.0, "body_ratio": 0.7741935483871204, "volume_ratio": 0.06575288804227603, "_actual_regime": "TREND_UP", "_shadow_control": true, "_rejection_stage": "regime_filter", "_required_regime": "TREND_UP", "rsi_confirmation": 0.432966651723252, "stop_distance_atr": 0.7807874745306229, "exhaustion_magnitude": 0.10494752623687986, "_shadow_control_reason": "oos_experiment_baseline", "_regime_counterfactual_oos": true}	{}
ME_SHORT_GEOM_B_V1	1080660051	4040	MSTRUSDT	SHORT	2026-10-02 12:56:42.413162+00	2026-10-02 12:56:42.452379+00	167.1	167.4342	162.73894268385257	167.1	168.35325	162.73894268385257	37.48	t	variant=ME_SHORT_GEOM_B_V1	TREND_UP	{"rr_ratio": 1.0, "body_ratio": 0.7741935483871204, "volume_ratio": 0.06575288804227603, "_actual_regime": "TREND_UP", "_shadow_control": true, "_rejection_stage": "regime_filter", "_required_regime": "TREND_UP", "rsi_confirmation": 0.432966651723252, "stop_distance_atr": 0.7807874745306229, "exhaustion_magnitude": 0.10494752623687986, "_shadow_control_reason": "oos_experiment_baseline", "_regime_counterfactual_oos": true}	{}
ME_SHORT_GEOM_A_V1	1082107758	6703	XRPUSDT	SHORT	2026-10-04 16:54:12.150837+00	2026-10-04 16:54:12.194719+00	1.5053	1.5083106000000002	1.4912124607257642	1.5053	1.5083106000000002	1.4912124607257642	38.65	t	variant=ME_SHORT_GEOM_A_V1	RANGE	{"rr_ratio": 0.9028137533969182, "body_ratio": 0.5263157894737396, "volume_ratio": 0.8945226217361634, "_shadow_control": true, "rsi_confirmation": 0.009894258383830372, "stop_distance_atr": 0.6307839439982676, "exhaustion_magnitude": 0.006644076805527139, "_shadow_control_reason": "oos_experiment_baseline"}	{}
ME_SHORT_GEOM_B_V1	1082107758	6704	XRPUSDT	SHORT	2026-10-04 16:54:12.150837+00	2026-10-04 16:54:12.194719+00	1.5053	1.5083106000000002	1.4912124607257642	1.5053	1.51658975	1.4912124607257642	38.65	t	variant=ME_SHORT_GEOM_B_V1	RANGE	{"rr_ratio": 0.9028137533969182, "body_ratio": 0.5263157894737396, "volume_ratio": 0.8945226217361634, "_shadow_control": true, "rsi_confirmation": 0.009894258383830372, "stop_distance_atr": 0.6307839439982676, "exhaustion_magnitude": 0.006644076805527139, "_shadow_control_reason": "oos_experiment_baseline"}	{}
ME_SHORT_GEOM_A_V1	1085552993	7805	XAGUSDT	SHORT	2026-10-05 11:37:37.348252+00	2026-10-05 11:37:37.386144+00	62.11	62.23422	61.32107797249441	62.11	62.23422	61.32107797249441	27.79	t	variant=ME_SHORT_GEOM_A_V1	RANGE	{"rr_ratio": 0.5259650570319747, "body_ratio": 1.0, "volume_ratio": 0.0987127988647374, "_shadow_control": true, "rsi_confirmation": 0.31664740321677226, "stop_distance_atr": 0.3662443371916423, "exhaustion_magnitude": 0.2996436669906037, "_shadow_control_reason": "oos_experiment_baseline"}	{}
ME_SHORT_GEOM_B_V1	1085552993	7806	XAGUSDT	SHORT	2026-10-05 11:37:37.348252+00	2026-10-05 11:37:37.386144+00	62.11	62.23422	61.32107797249441	62.11	62.575825	61.32107797249441	27.79	t	variant=ME_SHORT_GEOM_B_V1	RANGE	{"rr_ratio": 0.5259650570319747, "body_ratio": 1.0, "volume_ratio": 0.0987127988647374, "_shadow_control": true, "rsi_confirmation": 0.31664740321677226, "stop_distance_atr": 0.3662443371916423, "exhaustion_magnitude": 0.2996436669906037, "_shadow_control_reason": "oos_experiment_baseline"}	{}
ME_SHORT_GEOM_A_V1	1087571800	715	PUMPFUNUSDT	SHORT	2026-09-29 22:16:26.97884+00	2026-09-29 22:16:27.007339+00	0.00585	0.0058617	0.005372871429925914	0.00585	0.0058617	0.005372871429925914	37.59	t	variant=ME_SHORT_GEOM_A_V1	HIGH_VOLATILITY	{"rr_ratio": 1.0, "body_ratio": 0.5000000000000289, "volume_ratio": 0.2881510321147579, "_shadow_control": true, "rsi_confirmation": 0.0834189177450412, "stop_distance_atr": 0.836478628463937, "exhaustion_magnitude": 0.03421142661649445, "_shadow_control_reason": "oos_experiment_baseline"}	{}
ME_SHORT_GEOM_B_V1	1087571800	716	PUMPFUNUSDT	SHORT	2026-09-29 22:16:26.97884+00	2026-09-29 22:16:27.007339+00	0.00585	0.0058617	0.005372871429925914	0.00585	0.005893875	0.005372871429925914	37.59	t	variant=ME_SHORT_GEOM_B_V1	HIGH_VOLATILITY	{"rr_ratio": 1.0, "body_ratio": 0.5000000000000289, "volume_ratio": 0.2881510321147579, "_shadow_control": true, "rsi_confirmation": 0.0834189177450412, "stop_distance_atr": 0.836478628463937, "exhaustion_magnitude": 0.03421142661649445, "_shadow_control_reason": "oos_experiment_baseline"}	{}
ME_SHORT_GEOM_A_V1	1096399209	5843	PUMPFUNUSDT	SHORT	2026-10-04 04:47:27.373238+00	2026-10-04 04:47:27.403395+00	0.006425	0.00643785	0.006044772448974123	0.006425	0.00643785	0.006044772448974123	36.83	t	variant=ME_SHORT_GEOM_A_V1	HIGH_VOLATILITY	{"rr_ratio": 1.0, "body_ratio": 0.5217391304347858, "volume_ratio": 0.17800984766487543, "_shadow_control": true, "rsi_confirmation": 0.17326540693080403, "stop_distance_atr": 0.8203930022720347, "exhaustion_magnitude": 0.023357209592030508, "_shadow_control_reason": "oos_experiment_baseline"}	{}
ME_SHORT_GEOM_B_V1	1096399209	5844	PUMPFUNUSDT	SHORT	2026-10-04 04:47:27.373238+00	2026-10-04 04:47:27.403395+00	0.006425	0.00643785	0.006044772448974123	0.006425	0.0064731875	0.006044772448974123	36.83	t	variant=ME_SHORT_GEOM_B_V1	HIGH_VOLATILITY	{"rr_ratio": 1.0, "body_ratio": 0.5217391304347858, "volume_ratio": 0.17800984766487543, "_shadow_control": true, "rsi_confirmation": 0.17326540693080403, "stop_distance_atr": 0.8203930022720347, "exhaustion_magnitude": 0.023357209592030508, "_shadow_control_reason": "oos_experiment_baseline"}	{}
ME_SHORT_GEOM_A_V1	1097804400	9004	SPCXUSDT	SHORT	2026-10-06 09:35:54.057663+00	2026-10-06 09:35:54.104207+00	173.12	173.46624	170.90393724944946	173.12	173.46624	170.90393724944946	34.05	t	variant=ME_SHORT_GEOM_A_V1	TREND_UP	{"rr_ratio": 0.8591453286377688, "body_ratio": 0.4000000000001137, "volume_ratio": 0.03494054699851174, "_actual_regime": "TREND_UP", "_shadow_control": true, "_rejection_stage": "regime_filter", "_required_regime": "TREND_UP", "rsi_confirmation": 0.823749414919781, "stop_distance_atr": 0.6120175222719826, "exhaustion_magnitude": 0.21755525903579506, "_shadow_control_reason": "oos_experiment_baseline", "_regime_counterfactual_oos": true}	{}
ME_SHORT_GEOM_B_V1	1097804400	9005	SPCXUSDT	SHORT	2026-10-06 09:35:54.057663+00	2026-10-06 09:35:54.104207+00	173.12	173.46624	170.90393724944946	173.12	174.4184	170.90393724944946	34.05	t	variant=ME_SHORT_GEOM_B_V1	TREND_UP	{"rr_ratio": 0.8591453286377688, "body_ratio": 0.4000000000001137, "volume_ratio": 0.03494054699851174, "_actual_regime": "TREND_UP", "_shadow_control": true, "_rejection_stage": "regime_filter", "_required_regime": "TREND_UP", "rsi_confirmation": 0.823749414919781, "stop_distance_atr": 0.6120175222719826, "exhaustion_magnitude": 0.21755525903579506, "_shadow_control_reason": "oos_experiment_baseline", "_regime_counterfactual_oos": true}	{}
ME_SHORT_GEOM_A_V1	1106721410	7311	HBARUSDT	SHORT	2026-10-05 00:50:52.724846+00	2026-10-05 00:50:52.760811+00	0.10428	0.10448856	0.10238563762778191	0.10428	0.10448856	0.10238563762778191	35.52	t	variant=ME_SHORT_GEOM_A_V1	RANGE	{"rr_ratio": 1.0, "body_ratio": 0.31578947368424126, "volume_ratio": 0.2252212736336404, "_shadow_control": true, "rsi_confirmation": 0.04671310171651536, "stop_distance_atr": 0.7053859359309663, "exhaustion_magnitude": 0.11534025374856022, "_shadow_control_reason": "oos_experiment_baseline"}	{}
ME_SHORT_GEOM_B_V1	1106721410	7312	HBARUSDT	SHORT	2026-10-05 00:50:52.724846+00	2026-10-05 00:50:52.760811+00	0.10428	0.10448856	0.10238563762778191	0.10428	0.10506209999999999	0.10238563762778191	35.52	t	variant=ME_SHORT_GEOM_B_V1	RANGE	{"rr_ratio": 1.0, "body_ratio": 0.31578947368424126, "volume_ratio": 0.2252212736336404, "_shadow_control": true, "rsi_confirmation": 0.04671310171651536, "stop_distance_atr": 0.7053859359309663, "exhaustion_magnitude": 0.11534025374856022, "_shadow_control_reason": "oos_experiment_baseline"}	{}
ME_SHORT_GEOM_A_V1	1117612081	487	CRVUSDT	SHORT	2026-09-29 14:02:01.892014+00	2026-09-29 14:02:01.919132+00	0.4019	0.4027038	0.3795677931337415	0.4019	0.4027038	0.3795677931337415	37.48	t	variant=ME_SHORT_GEOM_A_V1	HIGH_VOLATILITY	{"rr_ratio": 1.0, "body_ratio": 0.6363636363636287, "volume_ratio": 0.21499073394486465, "_shadow_control": true, "rsi_confirmation": 0.25310071754918795, "stop_distance_atr": 0.7714659768467648, "exhaustion_magnitude": 0.07475703962122968, "_shadow_control_reason": "oos_experiment_baseline"}	{}
ME_SHORT_GEOM_B_V1	1117612081	488	CRVUSDT	SHORT	2026-09-29 14:02:01.892014+00	2026-09-29 14:02:01.919132+00	0.4019	0.4027038	0.3795677931337415	0.4019	0.40491425	0.3795677931337415	37.48	t	variant=ME_SHORT_GEOM_B_V1	HIGH_VOLATILITY	{"rr_ratio": 1.0, "body_ratio": 0.6363636363636287, "volume_ratio": 0.21499073394486465, "_shadow_control": true, "rsi_confirmation": 0.25310071754918795, "stop_distance_atr": 0.7714659768467648, "exhaustion_magnitude": 0.07475703962122968, "_shadow_control_reason": "oos_experiment_baseline"}	{}
ME_SHORT_GEOM_A_V1	1120827372	853	ICPUSDT	SHORT	2026-09-30 01:17:09.102185+00	2026-09-30 01:17:09.127982+00	3.501	3.508002	3.3303013295457022	3.501	3.508002	3.3303013295457022	37.81	t	variant=ME_SHORT_GEOM_A_V1	TREND_UP	{"rr_ratio": 1.0, "body_ratio": 0.39999999999999114, "volume_ratio": 0.13566973564335016, "_actual_regime": "TREND_UP", "_shadow_control": true, "_rejection_stage": "regime_filter", "_required_regime": "TREND_UP", "rsi_confirmation": 0.12561230200839285, "stop_distance_atr": 0.8208212460096731, "exhaustion_magnitude": 0.38860103626942555, "_shadow_control_reason": "oos_experiment_baseline", "_regime_counterfactual_oos": true}	{}
ME_SHORT_GEOM_B_V1	1120827372	854	ICPUSDT	SHORT	2026-09-30 01:17:09.102185+00	2026-09-30 01:17:09.127982+00	3.501	3.508002	3.3303013295457022	3.501	3.5272574999999997	3.3303013295457022	37.81	t	variant=ME_SHORT_GEOM_B_V1	TREND_UP	{"rr_ratio": 1.0, "body_ratio": 0.39999999999999114, "volume_ratio": 0.13566973564335016, "_actual_regime": "TREND_UP", "_shadow_control": true, "_rejection_stage": "regime_filter", "_required_regime": "TREND_UP", "rsi_confirmation": 0.12561230200839285, "stop_distance_atr": 0.8208212460096731, "exhaustion_magnitude": 0.38860103626942555, "_shadow_control_reason": "oos_experiment_baseline", "_regime_counterfactual_oos": true}	{}
ME_SHORT_GEOM_A_V1	1125833675	5829	PUMPFUNUSDT	SHORT	2026-10-04 04:37:24.899643+00	2026-10-04 04:37:24.933923+00	0.006425	0.00643785	0.006052772448974123	0.006425	0.00643785	0.006052772448974123	37.85	t	variant=ME_SHORT_GEOM_A_V1	HIGH_VOLATILITY	{"rr_ratio": 1.0, "body_ratio": 0.7600000000000013, "volume_ratio": 0.17857211623890998, "_shadow_control": true, "rsi_confirmation": 0.19197707517350107, "stop_distance_atr": 0.844400621015957, "exhaustion_magnitude": 0.023357209592030508, "_shadow_control_reason": "oos_experiment_baseline"}	{}
ME_SHORT_GEOM_B_V1	1125833675	5830	PUMPFUNUSDT	SHORT	2026-10-04 04:37:24.899643+00	2026-10-04 04:37:24.933923+00	0.006425	0.00643785	0.006052772448974123	0.006425	0.0064731875	0.006052772448974123	37.85	t	variant=ME_SHORT_GEOM_B_V1	HIGH_VOLATILITY	{"rr_ratio": 1.0, "body_ratio": 0.7600000000000013, "volume_ratio": 0.17857211623890998, "_shadow_control": true, "rsi_confirmation": 0.19197707517350107, "stop_distance_atr": 0.844400621015957, "exhaustion_magnitude": 0.023357209592030508, "_shadow_control_reason": "oos_experiment_baseline"}	{}
ME_SHORT_GEOM_A_V1	1126476880	7315	STRKUSDT	SHORT	2026-10-05 00:55:34.700623+00	2026-10-05 00:55:34.739537+00	0.05979	0.059909580000000004	0.054760491371741986	0.05979	0.059909580000000004	0.054760491371741986	36.68	t	variant=ME_SHORT_GEOM_A_V1	HIGH_VOLATILITY	{"rr_ratio": 1.0, "body_ratio": 0.45454545454546225, "volume_ratio": 0.2770923937597988, "_shadow_control": true, "rsi_confirmation": 0.18857836854070154, "stop_distance_atr": 0.6862923094146944, "exhaustion_magnitude": 0.13416065738722152, "_shadow_control_reason": "oos_experiment_baseline"}	{}
ME_SHORT_GEOM_B_V1	1126476880	7316	STRKUSDT	SHORT	2026-10-05 00:55:34.700623+00	2026-10-05 00:55:34.739537+00	0.05979	0.059909580000000004	0.054760491371741986	0.05979	0.060238425000000005	0.054760491371741986	36.68	t	variant=ME_SHORT_GEOM_B_V1	HIGH_VOLATILITY	{"rr_ratio": 1.0, "body_ratio": 0.45454545454546225, "volume_ratio": 0.2770923937597988, "_shadow_control": true, "rsi_confirmation": 0.18857836854070154, "stop_distance_atr": 0.6862923094146944, "exhaustion_magnitude": 0.13416065738722152, "_shadow_control_reason": "oos_experiment_baseline"}	{}
ME_SHORT_GEOM_A_V1	1127954735	5238	SPCXUSDT	SHORT	2026-10-03 13:40:30.01148+00	2026-10-03 13:40:30.064923+00	159.27	159.58854000000002	158.31186053740086	159.27	159.58854000000002	158.31186053740086	29.28	t	variant=ME_SHORT_GEOM_A_V1	TREND_UP	{"rr_ratio": 0.7083267755088128, "body_ratio": 0.0, "volume_ratio": 0.023786249592701206, "_actual_regime": "TREND_UP", "_shadow_control": true, "_rejection_stage": "regime_filter", "_required_regime": "TREND_UP", "rsi_confirmation": 1.0, "stop_distance_atr": 0.5294074079101507, "exhaustion_magnitude": 0.03455642121136392, "_shadow_control_reason": "oos_experiment_baseline", "_regime_counterfactual_oos": true}	{}
ME_SHORT_GEOM_B_V1	1127954735	5239	SPCXUSDT	SHORT	2026-10-03 13:40:30.01148+00	2026-10-03 13:40:30.064923+00	159.27	159.58854000000002	158.31186053740086	159.27	160.464525	158.31186053740086	29.28	t	variant=ME_SHORT_GEOM_B_V1	TREND_UP	{"rr_ratio": 0.7083267755088128, "body_ratio": 0.0, "volume_ratio": 0.023786249592701206, "_actual_regime": "TREND_UP", "_shadow_control": true, "_rejection_stage": "regime_filter", "_required_regime": "TREND_UP", "rsi_confirmation": 1.0, "stop_distance_atr": 0.5294074079101507, "exhaustion_magnitude": 0.03455642121136392, "_shadow_control_reason": "oos_experiment_baseline", "_regime_counterfactual_oos": true}	{}
ME_SHORT_GEOM_A_V1	1142805713	7683	ADAUSDT	SHORT	2026-10-05 09:12:04.824875+00	2026-10-05 09:12:04.864727+00	0.2724	0.2729448	0.26297299183195205	0.2724	0.2729448	0.26297299183195205	38.04	t	variant=ME_SHORT_GEOM_A_V1	HIGH_VOLATILITY	{"rr_ratio": 1.0, "body_ratio": 0.6666666666666667, "volume_ratio": 0.1034045771702489, "_shadow_control": true, "rsi_confirmation": 0.6987722376226164, "stop_distance_atr": 0.8024740739043147, "exhaustion_magnitude": 0.018362100624309402, "_shadow_control_reason": "oos_experiment_baseline"}	{}
ME_SHORT_GEOM_B_V1	1142805713	7684	ADAUSDT	SHORT	2026-10-05 09:12:04.824875+00	2026-10-05 09:12:04.864727+00	0.2724	0.2729448	0.26297299183195205	0.2724	0.274443	0.26297299183195205	38.04	t	variant=ME_SHORT_GEOM_B_V1	HIGH_VOLATILITY	{"rr_ratio": 1.0, "body_ratio": 0.6666666666666667, "volume_ratio": 0.1034045771702489, "_shadow_control": true, "rsi_confirmation": 0.6987722376226164, "stop_distance_atr": 0.8024740739043147, "exhaustion_magnitude": 0.018362100624309402, "_shadow_control_reason": "oos_experiment_baseline"}	{}
ME_SHORT_GEOM_A_V1	1143418807	7014	BNBUSDT	SHORT	2026-10-04 21:30:05.371004+00	2026-10-04 21:30:05.419476+00	795.7	797.2914000000001	787.123002545419	795.7	797.2914000000001	787.123002545419	19.96	t	variant=ME_SHORT_GEOM_A_V1	TREND_UP	{"rr_ratio": 0.4385084069302763, "body_ratio": 0.0, "volume_ratio": 0.0, "_actual_regime": "TREND_UP", "_shadow_control": true, "_rejection_stage": "regime_filter", "_required_regime": "TREND_UP", "rsi_confirmation": 0.25561138170440073, "stop_distance_atr": 0.23984733686910764, "exhaustion_magnitude": 0.04402515723270726, "_shadow_control_reason": "oos_experiment_baseline", "_regime_counterfactual_oos": true}	{}
ME_SHORT_GEOM_B_V1	1143418807	7015	BNBUSDT	SHORT	2026-10-04 21:30:05.371004+00	2026-10-04 21:30:05.419476+00	795.7	797.2914000000001	787.123002545419	795.7	801.6677500000001	787.123002545419	19.96	t	variant=ME_SHORT_GEOM_B_V1	TREND_UP	{"rr_ratio": 0.4385084069302763, "body_ratio": 0.0, "volume_ratio": 0.0, "_actual_regime": "TREND_UP", "_shadow_control": true, "_rejection_stage": "regime_filter", "_required_regime": "TREND_UP", "rsi_confirmation": 0.25561138170440073, "stop_distance_atr": 0.23984733686910764, "exhaustion_magnitude": 0.04402515723270726, "_shadow_control_reason": "oos_experiment_baseline", "_regime_counterfactual_oos": true}	{}
ME_SHORT_GEOM_A_V1	1144599206	4298	SPCXUSDT	SHORT	2026-10-02 17:27:12.998661+00	2026-10-02 17:27:13.023787+00	158.07	158.38613999999998	155.05935795013596	158.07	158.38613999999998	155.05935795013596	33.89	t	variant=ME_SHORT_GEOM_A_V1	HIGH_VOLATILITY	{"rr_ratio": 0.6876467888928094, "body_ratio": 0.6000000000000227, "volume_ratio": 0.4185774291686263, "_shadow_control": true, "rsi_confirmation": 1.0, "stop_distance_atr": 0.5152550135949344, "exhaustion_magnitude": 0.053831538948697744, "_shadow_control_reason": "oos_experiment_baseline"}	{}
ME_SHORT_GEOM_B_V1	1144599206	4299	SPCXUSDT	SHORT	2026-10-02 17:27:12.998661+00	2026-10-02 17:27:13.023787+00	158.07	158.38613999999998	155.05935795013596	158.07	159.255525	155.05935795013596	33.89	t	variant=ME_SHORT_GEOM_B_V1	HIGH_VOLATILITY	{"rr_ratio": 0.6876467888928094, "body_ratio": 0.6000000000000227, "volume_ratio": 0.4185774291686263, "_shadow_control": true, "rsi_confirmation": 1.0, "stop_distance_atr": 0.5152550135949344, "exhaustion_magnitude": 0.053831538948697744, "_shadow_control_reason": "oos_experiment_baseline"}	{}
ME_SHORT_GEOM_A_V1	1162725002	4425	MAGMAUSDT	SHORT	2026-10-02 22:03:01.066404+00	2026-10-02 22:03:01.112259+00	0.3733	0.3740466	0.3067750924573617	0.3733	0.3740466	0.3067750924573617	42.69	t	variant=ME_SHORT_GEOM_A_V1	HIGH_VOLATILITY	{"rr_ratio": 0.7633690938450792, "body_ratio": 0.8177339901477846, "volume_ratio": 1.0, "_shadow_control": true, "rsi_confirmation": 0.5170831400011233, "stop_distance_atr": 0.5633392339027793, "exhaustion_magnitude": 0.7201086956521775, "_shadow_control_reason": "oos_experiment_baseline"}	{}
ME_SHORT_GEOM_B_V1	1162725002	4426	MAGMAUSDT	SHORT	2026-10-02 22:03:01.066404+00	2026-10-02 22:03:01.112259+00	0.3733	0.3740466	0.3067750924573617	0.3733	0.37609975	0.3067750924573617	42.69	t	variant=ME_SHORT_GEOM_B_V1	HIGH_VOLATILITY	{"rr_ratio": 0.7633690938450792, "body_ratio": 0.8177339901477846, "volume_ratio": 1.0, "_shadow_control": true, "rsi_confirmation": 0.5170831400011233, "stop_distance_atr": 0.5633392339027793, "exhaustion_magnitude": 0.7201086956521775, "_shadow_control_reason": "oos_experiment_baseline"}	{}
ME_SHORT_GEOM_A_V1	1163825070	7009	HYPEUSDT	SHORT	2026-10-04 21:29:58.048678+00	2026-10-04 21:29:58.086347+00	90.94	91.12188	89.91406278889599	90.94	91.12188	89.91406278889599	37.53	t	variant=ME_SHORT_GEOM_A_V1	TREND_UP	{"rr_ratio": 1.0, "body_ratio": 0.6000000000001705, "volume_ratio": 0.23267581107291518, "_actual_regime": "TREND_UP", "_shadow_control": true, "_rejection_stage": "regime_filter", "_required_regime": "TREND_UP", "rsi_confirmation": 0.35334665651528213, "stop_distance_atr": 0.723152872171756, "exhaustion_magnitude": 0.11572798412873016, "_shadow_control_reason": "oos_experiment_baseline", "_regime_counterfactual_oos": true}	{}
ME_SHORT_GEOM_B_V1	1163825070	7010	HYPEUSDT	SHORT	2026-10-04 21:29:58.048678+00	2026-10-04 21:29:58.086347+00	90.94	91.12188	89.91406278889599	90.94	91.62205	89.91406278889599	37.53	t	variant=ME_SHORT_GEOM_B_V1	TREND_UP	{"rr_ratio": 1.0, "body_ratio": 0.6000000000001705, "volume_ratio": 0.23267581107291518, "_actual_regime": "TREND_UP", "_shadow_control": true, "_rejection_stage": "regime_filter", "_required_regime": "TREND_UP", "rsi_confirmation": 0.35334665651528213, "stop_distance_atr": 0.723152872171756, "exhaustion_magnitude": 0.11572798412873016, "_shadow_control_reason": "oos_experiment_baseline", "_regime_counterfactual_oos": true}	{}
ME_SHORT_GEOM_A_V1	1166057501	9197	AVAXUSDT	SHORT	2026-10-06 13:36:41.405749+00	2026-10-06 13:36:41.434228+00	11.45	11.4729	11.13468674921188	11.45	11.4729	11.13468674921188	35.66	t	variant=ME_SHORT_GEOM_A_V1	TREND_UP	{"rr_ratio": 1.0, "body_ratio": 0.32000000000003126, "volume_ratio": 0.16738081645200348, "_actual_regime": "TREND_UP", "_shadow_control": true, "_rejection_stage": "regime_filter", "_required_regime": "TREND_UP", "rsi_confirmation": 0.002087176792504882, "stop_distance_atr": 0.7394836080786894, "exhaustion_magnitude": 0.19288093985621035, "_shadow_control_reason": "oos_experiment_baseline", "_regime_counterfactual_oos": true}	{}
ME_SHORT_GEOM_B_V1	1166057501	9198	AVAXUSDT	SHORT	2026-10-06 13:36:41.405749+00	2026-10-06 13:36:41.434228+00	11.45	11.4729	11.13468674921188	11.45	11.535874999999999	11.13468674921188	35.66	t	variant=ME_SHORT_GEOM_B_V1	TREND_UP	{"rr_ratio": 1.0, "body_ratio": 0.32000000000003126, "volume_ratio": 0.16738081645200348, "_actual_regime": "TREND_UP", "_shadow_control": true, "_rejection_stage": "regime_filter", "_required_regime": "TREND_UP", "rsi_confirmation": 0.002087176792504882, "stop_distance_atr": 0.7394836080786894, "exhaustion_magnitude": 0.19288093985621035, "_shadow_control_reason": "oos_experiment_baseline", "_regime_counterfactual_oos": true}	{}
ME_SHORT_GEOM_A_V1	1167766690	4232	SANDUSDT	SHORT	2026-10-02 16:26:51.482277+00	2026-10-02 16:26:51.517684+00	0.06504	0.06517008	0.05682372470903453	0.06504	0.06517008	0.05682372470903453	36.68	t	variant=ME_SHORT_GEOM_A_V1	HIGH_VOLATILITY	{"rr_ratio": 1.0, "body_ratio": 0.9402985074626894, "volume_ratio": 0.07963537458057023, "_shadow_control": true, "rsi_confirmation": 0.14044682774336364, "stop_distance_atr": 0.7646513897788813, "exhaustion_magnitude": 0.03076923076922951, "_shadow_control_reason": "oos_experiment_baseline"}	{}
ME_SHORT_GEOM_B_V1	1167766690	4233	SANDUSDT	SHORT	2026-10-02 16:26:51.482277+00	2026-10-02 16:26:51.517684+00	0.06504	0.06517008	0.05682372470903453	0.06504	0.0655278	0.05682372470903453	36.68	t	variant=ME_SHORT_GEOM_B_V1	HIGH_VOLATILITY	{"rr_ratio": 1.0, "body_ratio": 0.9402985074626894, "volume_ratio": 0.07963537458057023, "_shadow_control": true, "rsi_confirmation": 0.14044682774336364, "stop_distance_atr": 0.7646513897788813, "exhaustion_magnitude": 0.03076923076922951, "_shadow_control_reason": "oos_experiment_baseline"}	{}
ME_SHORT_GEOM_A_V1	1171914491	10834	AVAXUSDT	SHORT	2026-10-06 23:42:20.937012+00	2026-10-06 23:42:20.976053+00	11.707	11.730414000000001	11.360311405502301	11.707	11.730414000000001	11.360311405502301	35.48	t	variant=ME_SHORT_GEOM_A_V1	TREND_UP	{"rr_ratio": 0.8831410341034216, "body_ratio": 0.8124999999999931, "volume_ratio": 0.18028721216235688, "_actual_regime": "TREND_UP", "_shadow_control": true, "_rejection_stage": "regime_filter", "_required_regime": "TREND_UP", "rsi_confirmation": 0.13615414126897746, "stop_distance_atr": 0.6225593416438422, "exhaustion_magnitude": 0.34402683409305956, "_shadow_control_reason": "oos_experiment_baseline", "_regime_counterfactual_oos": true}	{}
ME_SHORT_GEOM_B_V1	1171914491	10835	AVAXUSDT	SHORT	2026-10-06 23:42:20.937012+00	2026-10-06 23:42:20.976053+00	11.707	11.730414000000001	11.360311405502301	11.707	11.794802500000001	11.360311405502301	35.48	t	variant=ME_SHORT_GEOM_B_V1	TREND_UP	{"rr_ratio": 0.8831410341034216, "body_ratio": 0.8124999999999931, "volume_ratio": 0.18028721216235688, "_actual_regime": "TREND_UP", "_shadow_control": true, "_rejection_stage": "regime_filter", "_required_regime": "TREND_UP", "rsi_confirmation": 0.13615414126897746, "stop_distance_atr": 0.6225593416438422, "exhaustion_magnitude": 0.34402683409305956, "_shadow_control_reason": "oos_experiment_baseline", "_regime_counterfactual_oos": true}	{}
ME_SHORT_GEOM_A_V1	1173817630	7412	AKTUSDT	SHORT	2026-10-05 03:36:24.126785+00	2026-10-05 03:36:24.168965+00	0.8476	0.8492952	0.749379024823384	0.8476	0.8492952	0.749379024823384	24.2	t	variant=ME_SHORT_GEOM_A_V1	HIGH_VOLATILITY	{"rr_ratio": 0.3121800424368667, "body_ratio": 0.3858267716535432, "volume_ratio": 0.3559206242104325, "_shadow_control": true, "rsi_confirmation": 0.17035984993108474, "stop_distance_atr": 0.0, "exhaustion_magnitude": 1.0, "_shadow_control_reason": "oos_experiment_baseline"}	{}
ME_SHORT_GEOM_B_V1	1173817630	7413	AKTUSDT	SHORT	2026-10-05 03:36:24.126785+00	2026-10-05 03:36:24.168965+00	0.8476	0.8492952	0.749379024823384	0.8476	0.853957	0.749379024823384	24.2	t	variant=ME_SHORT_GEOM_B_V1	HIGH_VOLATILITY	{"rr_ratio": 0.3121800424368667, "body_ratio": 0.3858267716535432, "volume_ratio": 0.3559206242104325, "_shadow_control": true, "rsi_confirmation": 0.17035984993108474, "stop_distance_atr": 0.0, "exhaustion_magnitude": 1.0, "_shadow_control_reason": "oos_experiment_baseline"}	{}
ME_SHORT_GEOM_A_V1	1175593849	1719	MOVRUSDT	SHORT	2026-09-30 21:52:51.353894+00	2026-09-30 21:52:51.377647+00	2.231	2.235462	1.7825304324526234	2.231	2.235462	1.7825304324526234	37.37	t	variant=ME_SHORT_GEOM_A_V1	HIGH_VOLATILITY	{"rr_ratio": 0.7117663412001703, "body_ratio": 0.437500000000003, "volume_ratio": 0.37024470486295546, "_shadow_control": true, "rsi_confirmation": 0.7020995610625685, "stop_distance_atr": 0.5316815167583346, "exhaustion_magnitude": 1.0, "_shadow_control_reason": "oos_experiment_baseline"}	{}
ME_SHORT_GEOM_B_V1	1175593849	1720	MOVRUSDT	SHORT	2026-09-30 21:52:51.353894+00	2026-09-30 21:52:51.377647+00	2.231	2.235462	1.7825304324526234	2.231	2.2477324999999997	1.7825304324526234	37.37	t	variant=ME_SHORT_GEOM_B_V1	HIGH_VOLATILITY	{"rr_ratio": 0.7117663412001703, "body_ratio": 0.437500000000003, "volume_ratio": 0.37024470486295546, "_shadow_control": true, "rsi_confirmation": 0.7020995610625685, "stop_distance_atr": 0.5316815167583346, "exhaustion_magnitude": 1.0, "_shadow_control_reason": "oos_experiment_baseline"}	{}
ME_SHORT_GEOM_A_V1	1176900093	5060	SPCXUSDT	SHORT	2026-10-03 09:39:49.343762+00	2026-10-03 09:39:49.377002+00	159.16	159.47832	157.9720506276449	159.16	159.47832	157.9720506276449	36.09	t	variant=ME_SHORT_GEOM_A_V1	TREND_UP	{"rr_ratio": 0.8388972204233162, "body_ratio": 0.333333333333965, "volume_ratio": 0.43109875957432386, "_actual_regime": "TREND_UP", "_shadow_control": true, "_rejection_stage": "regime_filter", "_required_regime": "TREND_UP", "rsi_confirmation": 0.9527676351113115, "stop_distance_atr": 0.6026529529265446, "exhaustion_magnitude": 0.034580320653877776, "_shadow_control_reason": "oos_experiment_baseline", "_regime_counterfactual_oos": true}	{}
ME_SHORT_GEOM_B_V1	1176900093	5061	SPCXUSDT	SHORT	2026-10-03 09:39:49.343762+00	2026-10-03 09:39:49.377002+00	159.16	159.47832	157.9720506276449	159.16	160.3537	157.9720506276449	36.09	t	variant=ME_SHORT_GEOM_B_V1	TREND_UP	{"rr_ratio": 0.8388972204233162, "body_ratio": 0.333333333333965, "volume_ratio": 0.43109875957432386, "_actual_regime": "TREND_UP", "_shadow_control": true, "_rejection_stage": "regime_filter", "_required_regime": "TREND_UP", "rsi_confirmation": 0.9527676351113115, "stop_distance_atr": 0.6026529529265446, "exhaustion_magnitude": 0.034580320653877776, "_shadow_control_reason": "oos_experiment_baseline", "_regime_counterfactual_oos": true}	{}
ME_SHORT_GEOM_A_V1	1185741932	7251	KLACUSDT	SHORT	2026-10-05 00:00:48.648247+00	2026-10-05 00:00:48.67584+00	208.26	208.67651999999998	206.5887412151646	208.26	208.67651999999998	206.5887412151646	35.87	t	variant=ME_SHORT_GEOM_A_V1	TREND_UP	{"rr_ratio": 0.5865713111067378, "body_ratio": 0.7959183673469309, "volume_ratio": 1.0, "_actual_regime": "TREND_UP", "_shadow_control": true, "_rejection_stage": "regime_filter", "_required_regime": "TREND_UP", "rsi_confirmation": 0.4071484979387984, "stop_distance_atr": 0.43172581573346847, "exhaustion_magnitude": 0.22912546428054328, "_shadow_control_reason": "oos_experiment_baseline", "_regime_counterfactual_oos": true}	{}
ME_SHORT_GEOM_B_V1	1185741932	7252	KLACUSDT	SHORT	2026-10-05 00:00:48.648247+00	2026-10-05 00:00:48.67584+00	208.26	208.67651999999998	206.5887412151646	208.26	209.82195	206.5887412151646	35.87	t	variant=ME_SHORT_GEOM_B_V1	TREND_UP	{"rr_ratio": 0.5865713111067378, "body_ratio": 0.7959183673469309, "volume_ratio": 1.0, "_actual_regime": "TREND_UP", "_shadow_control": true, "_rejection_stage": "regime_filter", "_required_regime": "TREND_UP", "rsi_confirmation": 0.4071484979387984, "stop_distance_atr": 0.43172581573346847, "exhaustion_magnitude": 0.22912546428054328, "_shadow_control_reason": "oos_experiment_baseline", "_regime_counterfactual_oos": true}	{}
ME_SHORT_GEOM_A_V1	1208574138	7427	AKTUSDT	SHORT	2026-10-05 03:46:24.847029+00	2026-10-05 03:46:24.887624+00	0.8476	0.8492952	0.753379024823384	0.8476	0.8492952	0.753379024823384	22.52	t	variant=ME_SHORT_GEOM_A_V1	HIGH_VOLATILITY	{"rr_ratio": 0.33841630512191617, "body_ratio": 0.4166666666666512, "volume_ratio": 0.042943385411404474, "_shadow_control": true, "rsi_confirmation": 0.23486897970673984, "stop_distance_atr": 0.015019878509551776, "exhaustion_magnitude": 1.0, "_shadow_control_reason": "oos_experiment_baseline"}	{}
ME_SHORT_GEOM_B_V1	1208574138	7428	AKTUSDT	SHORT	2026-10-05 03:46:24.847029+00	2026-10-05 03:46:24.887624+00	0.8476	0.8492952	0.753379024823384	0.8476	0.853957	0.753379024823384	22.52	t	variant=ME_SHORT_GEOM_B_V1	HIGH_VOLATILITY	{"rr_ratio": 0.33841630512191617, "body_ratio": 0.4166666666666512, "volume_ratio": 0.042943385411404474, "_shadow_control": true, "rsi_confirmation": 0.23486897970673984, "stop_distance_atr": 0.015019878509551776, "exhaustion_magnitude": 1.0, "_shadow_control_reason": "oos_experiment_baseline"}	{}
ME_SHORT_GEOM_A_V1	1210931472	6680	STRKUSDT	SHORT	2026-10-04 16:24:09.369064+00	2026-10-04 16:24:09.397489+00	0.05786	0.05797572	0.0523349964911627	0.05786	0.05797572	0.0523349964911627	37.41	t	variant=ME_SHORT_GEOM_A_V1	HIGH_VOLATILITY	{"rr_ratio": 0.8524000682838717, "body_ratio": 0.41818181818181865, "volume_ratio": 0.2551957243277633, "_shadow_control": true, "rsi_confirmation": 0.07891748008002916, "stop_distance_atr": 0.6089473174205279, "exhaustion_magnitude": 1.0, "_shadow_control_reason": "oos_experiment_baseline"}	{}
ME_SHORT_GEOM_B_V1	1210931472	6681	STRKUSDT	SHORT	2026-10-04 16:24:09.369064+00	2026-10-04 16:24:09.397489+00	0.05786	0.05797572	0.0523349964911627	0.05786	0.058293950000000004	0.0523349964911627	37.41	t	variant=ME_SHORT_GEOM_B_V1	HIGH_VOLATILITY	{"rr_ratio": 0.8524000682838717, "body_ratio": 0.41818181818181865, "volume_ratio": 0.2551957243277633, "_shadow_control": true, "rsi_confirmation": 0.07891748008002916, "stop_distance_atr": 0.6089473174205279, "exhaustion_magnitude": 1.0, "_shadow_control_reason": "oos_experiment_baseline"}	{}
ME_SHORT_GEOM_A_V1	1215299146	4439	MAGMAUSDT	SHORT	2026-10-02 22:13:01.62347+00	2026-10-02 22:13:01.657589+00	0.3733	0.3740466	0.2955893781716474	0.3733	0.3740466	0.2955893781716474	34.32	t	variant=ME_SHORT_GEOM_A_V1	HIGH_VOLATILITY	{"rr_ratio": 0.5578229599380352, "body_ratio": 0.9218749999999998, "volume_ratio": 0.5941817345560123, "_shadow_control": true, "rsi_confirmation": 0.27001198567613754, "stop_distance_atr": 0.4024388430150647, "exhaustion_magnitude": 0.7201086956521775, "_shadow_control_reason": "oos_experiment_baseline"}	{}
ME_SHORT_GEOM_B_V1	1215299146	4440	MAGMAUSDT	SHORT	2026-10-02 22:13:01.62347+00	2026-10-02 22:13:01.657589+00	0.3733	0.3740466	0.2955893781716474	0.3733	0.37609975	0.2955893781716474	34.32	t	variant=ME_SHORT_GEOM_B_V1	HIGH_VOLATILITY	{"rr_ratio": 0.5578229599380352, "body_ratio": 0.9218749999999998, "volume_ratio": 0.5941817345560123, "_shadow_control": true, "rsi_confirmation": 0.27001198567613754, "stop_distance_atr": 0.4024388430150647, "exhaustion_magnitude": 0.7201086956521775, "_shadow_control_reason": "oos_experiment_baseline"}	{}
ME_SHORT_GEOM_A_V1	1220550438	7642	VIRTUALUSDT	SHORT	2026-10-05 08:37:15.485152+00	2026-10-05 08:37:15.529558+00	0.8827	0.8844654000000001	0.8502551652793815	0.8827	0.8844654000000001	0.8502551652793815	39.45	t	variant=ME_SHORT_GEOM_A_V1	HIGH_VOLATILITY	{"rr_ratio": 1.0, "body_ratio": 0.38888888888888207, "volume_ratio": 0.410736439146, "_shadow_control": true, "rsi_confirmation": 0.6938828987246637, "stop_distance_atr": 0.7350547683496346, "exhaustion_magnitude": 0.11354604292040432, "_shadow_control_reason": "oos_experiment_baseline"}	{}
ME_SHORT_GEOM_B_V1	1220550438	7643	VIRTUALUSDT	SHORT	2026-10-05 08:37:15.485152+00	2026-10-05 08:37:15.529558+00	0.8827	0.8844654000000001	0.8502551652793815	0.8827	0.88932025	0.8502551652793815	39.45	t	variant=ME_SHORT_GEOM_B_V1	HIGH_VOLATILITY	{"rr_ratio": 1.0, "body_ratio": 0.38888888888888207, "volume_ratio": 0.410736439146, "_shadow_control": true, "rsi_confirmation": 0.6938828987246637, "stop_distance_atr": 0.7350547683496346, "exhaustion_magnitude": 0.11354604292040432, "_shadow_control_reason": "oos_experiment_baseline"}	{}
ME_SHORT_GEOM_A_V1	1238106766	7601	ADAUSDT	SHORT	2026-10-05 07:41:47.949283+00	2026-10-05 07:41:47.976775+00	0.2727	0.27324539999999997	0.2636948817583788	0.2727	0.27324539999999997	0.2636948817583788	42.26	t	variant=ME_SHORT_GEOM_A_V1	HIGH_VOLATILITY	{"rr_ratio": 1.0, "body_ratio": 0.8888888888888409, "volume_ratio": 0.2744470149150352, "_shadow_control": true, "rsi_confirmation": 1.0, "stop_distance_atr": 0.9028847194794041, "exhaustion_magnitude": 0.0734484024972478, "_shadow_control_reason": "oos_experiment_baseline"}	{}
ME_SHORT_GEOM_B_V1	1238106766	7602	ADAUSDT	SHORT	2026-10-05 07:41:47.949283+00	2026-10-05 07:41:47.976775+00	0.2727	0.27324539999999997	0.2636948817583788	0.2727	0.27474525	0.2636948817583788	42.26	t	variant=ME_SHORT_GEOM_B_V1	HIGH_VOLATILITY	{"rr_ratio": 1.0, "body_ratio": 0.8888888888888409, "volume_ratio": 0.2744470149150352, "_shadow_control": true, "rsi_confirmation": 1.0, "stop_distance_atr": 0.9028847194794041, "exhaustion_magnitude": 0.0734484024972478, "_shadow_control_reason": "oos_experiment_baseline"}	{}
ME_SHORT_GEOM_A_V1	1240699133	8853	ORCAUSDT	SHORT	2026-10-06 06:35:41.644199+00	2026-10-06 06:35:41.686626+00	2.5133	2.5183266	2.272969815656979	2.5133	2.5183266	2.272969815656979	39.15	t	variant=ME_SHORT_GEOM_A_V1	HIGH_VOLATILITY	{"rr_ratio": 1.0, "body_ratio": 0.6666666666666667, "volume_ratio": 0.2138063986570834, "_shadow_control": true, "rsi_confirmation": 0.664940217850896, "stop_distance_atr": 0.8033138382564575, "exhaustion_magnitude": 0.08169934640523305, "_shadow_control_reason": "oos_experiment_baseline"}	{}
ME_SHORT_GEOM_B_V1	1240699133	8854	ORCAUSDT	SHORT	2026-10-06 06:35:41.644199+00	2026-10-06 06:35:41.686626+00	2.5133	2.5183266	2.272969815656979	2.5133	2.5321497500000003	2.272969815656979	39.15	t	variant=ME_SHORT_GEOM_B_V1	HIGH_VOLATILITY	{"rr_ratio": 1.0, "body_ratio": 0.6666666666666667, "volume_ratio": 0.2138063986570834, "_shadow_control": true, "rsi_confirmation": 0.664940217850896, "stop_distance_atr": 0.8033138382564575, "exhaustion_magnitude": 0.08169934640523305, "_shadow_control_reason": "oos_experiment_baseline"}	{}
ME_SHORT_GEOM_A_V1	1242215375	2863	MONUSDT	SHORT	2026-10-01 17:59:22.264174+00	2026-10-01 17:59:22.290981+00	0.03487	0.03493974	0.0318837344871683	0.03487	0.03493974	0.0318837344871683	40.06	t	variant=ME_SHORT_GEOM_A_V1	HIGH_VOLATILITY	{"rr_ratio": 0.9900596360813186, "body_ratio": 0.6666666666666667, "volume_ratio": 0.4536231847936821, "_shadow_control": true, "rsi_confirmation": 0.1608404670267807, "stop_distance_atr": 0.6633199443897386, "exhaustion_magnitude": 0.4923255140457574, "_shadow_control_reason": "oos_experiment_baseline"}	{}
ME_SHORT_GEOM_B_V1	1242215375	2864	MONUSDT	SHORT	2026-10-01 17:59:22.264174+00	2026-10-01 17:59:22.290981+00	0.03487	0.03493974	0.0318837344871683	0.03487	0.035131525	0.0318837344871683	40.06	t	variant=ME_SHORT_GEOM_B_V1	HIGH_VOLATILITY	{"rr_ratio": 0.9900596360813186, "body_ratio": 0.6666666666666667, "volume_ratio": 0.4536231847936821, "_shadow_control": true, "rsi_confirmation": 0.1608404670267807, "stop_distance_atr": 0.6633199443897386, "exhaustion_magnitude": 0.4923255140457574, "_shadow_control_reason": "oos_experiment_baseline"}	{}
ME_SHORT_GEOM_A_V1	1244416751	9545	PONSUSDT	SHORT	2026-10-06 18:46:36.285481+00	2026-10-06 18:46:36.320164+00	0.425	0.42585	0.39613961987189217	0.425	0.42585	0.39613961987189217	38.42	t	variant=ME_SHORT_GEOM_A_V1	HIGH_VOLATILITY	{"rr_ratio": 1.0, "body_ratio": 0.7777777777778052, "volume_ratio": 0.03872926797884049, "_shadow_control": true, "rsi_confirmation": 0.10104546467620139, "stop_distance_atr": 0.6888843011395375, "exhaustion_magnitude": 0.7159904534606212, "_shadow_control_reason": "oos_experiment_baseline"}	{}
ME_SHORT_GEOM_B_V1	1244416751	9546	PONSUSDT	SHORT	2026-10-06 18:46:36.285481+00	2026-10-06 18:46:36.320164+00	0.425	0.42585	0.39613961987189217	0.425	0.4281875	0.39613961987189217	38.42	t	variant=ME_SHORT_GEOM_B_V1	HIGH_VOLATILITY	{"rr_ratio": 1.0, "body_ratio": 0.7777777777778052, "volume_ratio": 0.03872926797884049, "_shadow_control": true, "rsi_confirmation": 0.10104546467620139, "stop_distance_atr": 0.6888843011395375, "exhaustion_magnitude": 0.7159904534606212, "_shadow_control_reason": "oos_experiment_baseline"}	{}
ME_SHORT_GEOM_A_V1	1245809045	4061	MSTRUSDT	SHORT	2026-10-02 13:16:47.1446+00	2026-10-02 13:16:47.173585+00	166.83	167.16366000000002	162.6497321960652	166.83	167.16366000000002	162.6497321960652	36.92	t	variant=ME_SHORT_GEOM_A_V1	TREND_UP	{"rr_ratio": 1.0, "body_ratio": 0.8076923076923666, "volume_ratio": 0.04176674994471243, "_actual_regime": "TREND_UP", "_shadow_control": true, "_rejection_stage": "regime_filter", "_required_regime": "TREND_UP", "rsi_confirmation": 0.4023265192794857, "stop_distance_atr": 0.7833956893495098, "exhaustion_magnitude": 0.02398800599700525, "_shadow_control_reason": "oos_experiment_baseline", "_regime_counterfactual_oos": true}	{}
ME_SHORT_GEOM_B_V1	1245809045	4062	MSTRUSDT	SHORT	2026-10-02 13:16:47.1446+00	2026-10-02 13:16:47.173585+00	166.83	167.16366000000002	162.6497321960652	166.83	168.08122500000002	162.6497321960652	36.92	t	variant=ME_SHORT_GEOM_B_V1	TREND_UP	{"rr_ratio": 1.0, "body_ratio": 0.8076923076923666, "volume_ratio": 0.04176674994471243, "_actual_regime": "TREND_UP", "_shadow_control": true, "_rejection_stage": "regime_filter", "_required_regime": "TREND_UP", "rsi_confirmation": 0.4023265192794857, "stop_distance_atr": 0.7833956893495098, "exhaustion_magnitude": 0.02398800599700525, "_shadow_control_reason": "oos_experiment_baseline", "_regime_counterfactual_oos": true}	{}
ME_SHORT_GEOM_A_V1	1246869243	7914	ADAUSDT	SHORT	2026-10-05 13:32:50.652643+00	2026-10-05 13:32:50.699286+00	0.2768	0.2773536	0.26649096407391976	0.2768	0.2773536	0.26649096407391976	45.35	t	variant=ME_SHORT_GEOM_A_V1	HIGH_VOLATILITY	{"rr_ratio": 1.0, "body_ratio": 0.576923076923058, "volume_ratio": 1.0, "_shadow_control": true, "rsi_confirmation": 0.5739552563637205, "stop_distance_atr": 0.70821863272218, "exhaustion_magnitude": 0.3639010189228533, "_shadow_control_reason": "oos_experiment_baseline"}	{}
ME_SHORT_GEOM_B_V1	1246869243	7915	ADAUSDT	SHORT	2026-10-05 13:32:50.652643+00	2026-10-05 13:32:50.699286+00	0.2768	0.2773536	0.26649096407391976	0.2768	0.278876	0.26649096407391976	45.35	t	variant=ME_SHORT_GEOM_B_V1	HIGH_VOLATILITY	{"rr_ratio": 1.0, "body_ratio": 0.576923076923058, "volume_ratio": 1.0, "_shadow_control": true, "rsi_confirmation": 0.5739552563637205, "stop_distance_atr": 0.70821863272218, "exhaustion_magnitude": 0.3639010189228533, "_shadow_control_reason": "oos_experiment_baseline"}	{}
ME_SHORT_GEOM_A_V1	1247320198	6333	SOLUSDT	SHORT	2026-10-04 11:53:29.490412+00	2026-10-04 11:53:29.534749+00	121.47	121.71294	120.17050535007597	121.47	121.71294	120.17050535007597	30.79	t	variant=ME_SHORT_GEOM_A_V1	TREND_UP	{"rr_ratio": 0.7312810769619658, "body_ratio": 0.6250000000000444, "volume_ratio": 0.22373030102306135, "_actual_regime": "TREND_UP", "_shadow_control": true, "_rejection_stage": "regime_filter", "_required_regime": "TREND_UP", "rsi_confirmation": 0.12744067374752982, "stop_distance_atr": 0.5441789158306496, "exhaustion_magnitude": 0.06594674800098779, "_shadow_control_reason": "oos_experiment_baseline", "_regime_counterfactual_oos": true}	{}
ME_SHORT_GEOM_B_V1	1247320198	6334	SOLUSDT	SHORT	2026-10-04 11:53:29.490412+00	2026-10-04 11:53:29.534749+00	121.47	121.71294	120.17050535007597	121.47	122.381025	120.17050535007597	30.79	t	variant=ME_SHORT_GEOM_B_V1	TREND_UP	{"rr_ratio": 0.7312810769619658, "body_ratio": 0.6250000000000444, "volume_ratio": 0.22373030102306135, "_actual_regime": "TREND_UP", "_shadow_control": true, "_rejection_stage": "regime_filter", "_required_regime": "TREND_UP", "rsi_confirmation": 0.12744067374752982, "stop_distance_atr": 0.5441789158306496, "exhaustion_magnitude": 0.06594674800098779, "_shadow_control_reason": "oos_experiment_baseline", "_regime_counterfactual_oos": true}	{}
ME_SHORT_GEOM_A_V1	1253220308	636	PUMPFUNUSDT	SHORT	2026-09-29 19:46:11.818516+00	2026-09-29 19:46:11.847902+00	0.006009	0.0060210179999999995	0.005378522168829037	0.006009	0.0060210179999999995	0.005378522168829037	36.75	t	variant=ME_SHORT_GEOM_A_V1	HIGH_VOLATILITY	{"rr_ratio": 0.7997083719909667, "body_ratio": 0.311475409836077, "volume_ratio": 0.4505079775301479, "_shadow_control": true, "rsi_confirmation": 0.35032890210607565, "stop_distance_atr": 0.5831813883560314, "exhaustion_magnitude": 0.6661045531197235, "_shadow_control_reason": "oos_experiment_baseline"}	{}
ME_SHORT_GEOM_B_V1	1253220308	637	PUMPFUNUSDT	SHORT	2026-09-29 19:46:11.818516+00	2026-09-29 19:46:11.847902+00	0.006009	0.0060210179999999995	0.005378522168829037	0.006009	0.0060540674999999995	0.005378522168829037	36.75	t	variant=ME_SHORT_GEOM_B_V1	HIGH_VOLATILITY	{"rr_ratio": 0.7997083719909667, "body_ratio": 0.311475409836077, "volume_ratio": 0.4505079775301479, "_shadow_control": true, "rsi_confirmation": 0.35032890210607565, "stop_distance_atr": 0.5831813883560314, "exhaustion_magnitude": 0.6661045531197235, "_shadow_control_reason": "oos_experiment_baseline"}	{}
ME_SHORT_GEOM_A_V1	1258494648	1788	HYPEUSDT	SHORT	2026-09-30 22:47:52.462453+00	2026-09-30 22:47:52.519641+00	91.57	91.75313999999999	88.70099998329297	91.57	91.75313999999999	88.70099998329297	38.69	t	variant=ME_SHORT_GEOM_A_V1	HIGH_VOLATILITY	{"rr_ratio": 1.0, "body_ratio": 0.8000000000000285, "volume_ratio": 0.22499821725316446, "_shadow_control": true, "rsi_confirmation": 0.13391842087041064, "stop_distance_atr": 0.8897271741878304, "exhaustion_magnitude": 0.03825136612021485, "_shadow_control_reason": "oos_experiment_baseline"}	{}
ME_SHORT_GEOM_B_V1	1258494648	1789	HYPEUSDT	SHORT	2026-09-30 22:47:52.462453+00	2026-09-30 22:47:52.519641+00	91.57	91.75313999999999	88.70099998329297	91.57	92.25677499999999	88.70099998329297	38.69	t	variant=ME_SHORT_GEOM_B_V1	HIGH_VOLATILITY	{"rr_ratio": 1.0, "body_ratio": 0.8000000000000285, "volume_ratio": 0.22499821725316446, "_shadow_control": true, "rsi_confirmation": 0.13391842087041064, "stop_distance_atr": 0.8897271741878304, "exhaustion_magnitude": 0.03825136612021485, "_shadow_control_reason": "oos_experiment_baseline"}	{}
ME_SHORT_GEOM_A_V1	1260081452	572	ICPUSDT	SHORT	2026-09-29 16:32:27.63842+00	2026-09-29 16:32:27.657718+00	3.404	3.410808	3.2344107780430793	3.404	3.410808	3.2344107780430793	37.44	t	variant=ME_SHORT_GEOM_A_V1	HIGH_VOLATILITY	{"rr_ratio": 1.0, "body_ratio": 0.761904761904766, "volume_ratio": 0.13458663723003547, "_shadow_control": true, "rsi_confirmation": 0.039084556619178555, "stop_distance_atr": 0.8514999964880527, "exhaustion_magnitude": 0.08828722778104447, "_shadow_control_reason": "oos_experiment_baseline"}	{}
ME_SHORT_GEOM_B_V1	1260081452	573	ICPUSDT	SHORT	2026-09-29 16:32:27.63842+00	2026-09-29 16:32:27.657718+00	3.404	3.410808	3.2344107780430793	3.404	3.4295299999999997	3.2344107780430793	37.44	t	variant=ME_SHORT_GEOM_B_V1	HIGH_VOLATILITY	{"rr_ratio": 1.0, "body_ratio": 0.761904761904766, "volume_ratio": 0.13458663723003547, "_shadow_control": true, "rsi_confirmation": 0.039084556619178555, "stop_distance_atr": 0.8514999964880527, "exhaustion_magnitude": 0.08828722778104447, "_shadow_control_reason": "oos_experiment_baseline"}	{}
ME_SHORT_GEOM_A_V1	1260974259	6535	AEROUSDT	SHORT	2026-10-04 14:24:11.870949+00	2026-10-04 14:24:11.919067+00	0.87	0.87174	0.8391158970128905	0.87	0.87174	0.8391158970128905	35.58	t	variant=ME_SHORT_GEOM_A_V1	TREND_UP	{"rr_ratio": 1.0, "body_ratio": 0.32142857142857284, "volume_ratio": 0.31894183275221194, "_actual_regime": "TREND_UP", "_shadow_control": true, "_rejection_stage": "regime_filter", "_required_regime": "TREND_UP", "rsi_confirmation": 0.12100794509740163, "stop_distance_atr": 0.6675393824194621, "exhaustion_magnitude": 0.00574778710196511, "_shadow_control_reason": "oos_experiment_baseline", "_regime_counterfactual_oos": true}	{}
ME_SHORT_GEOM_B_V1	1260974259	6536	AEROUSDT	SHORT	2026-10-04 14:24:11.870949+00	2026-10-04 14:24:11.919067+00	0.87	0.87174	0.8391158970128905	0.87	0.876525	0.8391158970128905	35.58	t	variant=ME_SHORT_GEOM_B_V1	TREND_UP	{"rr_ratio": 1.0, "body_ratio": 0.32142857142857284, "volume_ratio": 0.31894183275221194, "_actual_regime": "TREND_UP", "_shadow_control": true, "_rejection_stage": "regime_filter", "_required_regime": "TREND_UP", "rsi_confirmation": 0.12100794509740163, "stop_distance_atr": 0.6675393824194621, "exhaustion_magnitude": 0.00574778710196511, "_shadow_control_reason": "oos_experiment_baseline", "_regime_counterfactual_oos": true}	{}
ME_SHORT_GEOM_A_V1	1261538945	4065	MSTRUSDT	SHORT	2026-10-02 13:21:47.529079+00	2026-10-02 13:21:47.565643+00	166.83	167.16366000000002	162.30544648177948	166.83	167.16366000000002	162.30544648177948	35.54	t	variant=ME_SHORT_GEOM_A_V1	TREND_UP	{"rr_ratio": 1.0, "body_ratio": 0.8235294117647157, "volume_ratio": 0.020677569303011647, "_actual_regime": "TREND_UP", "_shadow_control": true, "_rejection_stage": "regime_filter", "_required_regime": "TREND_UP", "rsi_confirmation": 0.28801637059970253, "stop_distance_atr": 0.6921137373872355, "exhaustion_magnitude": 0.02398800599700525, "_shadow_control_reason": "oos_experiment_baseline", "_regime_counterfactual_oos": true}	{}
ME_SHORT_GEOM_B_V1	1261538945	4066	MSTRUSDT	SHORT	2026-10-02 13:21:47.529079+00	2026-10-02 13:21:47.565643+00	166.83	167.16366000000002	162.30544648177948	166.83	168.08122500000002	162.30544648177948	35.54	t	variant=ME_SHORT_GEOM_B_V1	TREND_UP	{"rr_ratio": 1.0, "body_ratio": 0.8235294117647157, "volume_ratio": 0.020677569303011647, "_actual_regime": "TREND_UP", "_shadow_control": true, "_rejection_stage": "regime_filter", "_required_regime": "TREND_UP", "rsi_confirmation": 0.28801637059970253, "stop_distance_atr": 0.6921137373872355, "exhaustion_magnitude": 0.02398800599700525, "_shadow_control_reason": "oos_experiment_baseline", "_regime_counterfactual_oos": true}	{}
ME_SHORT_GEOM_A_V1	1271283565	7335	FARTCOINUSDT	SHORT	2026-10-05 01:05:52.191055+00	2026-10-05 01:05:52.221624+00	0.18506	0.18543012	0.1799767185310977	0.18506	0.18543012	0.1799767185310977	37.83	t	variant=ME_SHORT_GEOM_A_V1	RANGE	{"rr_ratio": 1.0, "body_ratio": 0.8750000000000434, "volume_ratio": 0.04165543464381482, "_shadow_control": true, "rsi_confirmation": 0.2782495666175909, "stop_distance_atr": 0.7148150531920614, "exhaustion_magnitude": 0.3783960363695765, "_shadow_control_reason": "oos_experiment_baseline"}	{}
ME_SHORT_GEOM_B_V1	1271283565	7336	FARTCOINUSDT	SHORT	2026-10-05 01:05:52.191055+00	2026-10-05 01:05:52.221624+00	0.18506	0.18543012	0.1799767185310977	0.18506	0.18644795	0.1799767185310977	37.83	t	variant=ME_SHORT_GEOM_B_V1	RANGE	{"rr_ratio": 1.0, "body_ratio": 0.8750000000000434, "volume_ratio": 0.04165543464381482, "_shadow_control": true, "rsi_confirmation": 0.2782495666175909, "stop_distance_atr": 0.7148150531920614, "exhaustion_magnitude": 0.3783960363695765, "_shadow_control_reason": "oos_experiment_baseline"}	{}
ME_SHORT_GEOM_A_V1	1275203646	8163	NILUSDT	SHORT	2026-10-05 18:48:49.250042+00	2026-10-05 18:48:49.29564+00	0.11694	0.11717388000000001	0.09925157325149603	0.11694	0.11717388000000001	0.09925157325149603	28.5	t	variant=ME_SHORT_GEOM_A_V1	HIGH_VOLATILITY	{"rr_ratio": 0.38696913662057536, "body_ratio": 0.33966745843230706, "volume_ratio": 0.6422133134303102, "_shadow_control": true, "rsi_confirmation": 0.05151473758485849, "stop_distance_atr": 0.13860486072777445, "exhaustion_magnitude": 1.0, "_shadow_control_reason": "oos_experiment_baseline"}	{}
ME_SHORT_GEOM_B_V1	1275203646	8164	NILUSDT	SHORT	2026-10-05 18:48:49.250042+00	2026-10-05 18:48:49.29564+00	0.11694	0.11717388000000001	0.09925157325149603	0.11694	0.11781705	0.09925157325149603	28.5	t	variant=ME_SHORT_GEOM_B_V1	HIGH_VOLATILITY	{"rr_ratio": 0.38696913662057536, "body_ratio": 0.33966745843230706, "volume_ratio": 0.6422133134303102, "_shadow_control": true, "rsi_confirmation": 0.05151473758485849, "stop_distance_atr": 0.13860486072777445, "exhaustion_magnitude": 1.0, "_shadow_control_reason": "oos_experiment_baseline"}	{}
ME_SHORT_GEOM_A_V1	1282428912	9356	SPCXUSDT	SHORT	2026-10-06 16:41:01.037633+00	2026-10-06 16:41:01.081762+00	174.04	174.38808	171.1851620248324	174.04	174.38808	171.1851620248324	37.82	t	variant=ME_SHORT_GEOM_A_V1	TREND_UP	{"rr_ratio": 1.0, "body_ratio": 0.9090909090909796, "volume_ratio": 0.06631499287749287, "_actual_regime": "TREND_UP", "_shadow_control": true, "_rejection_stage": "regime_filter", "_required_regime": "TREND_UP", "rsi_confirmation": 0.1313542460360054, "stop_distance_atr": 0.8373479660005239, "exhaustion_magnitude": 0.15851057697849527, "_shadow_control_reason": "oos_experiment_baseline", "_regime_counterfactual_oos": true}	{}
ME_SHORT_GEOM_B_V1	1282428912	9357	SPCXUSDT	SHORT	2026-10-06 16:41:01.037633+00	2026-10-06 16:41:01.081762+00	174.04	174.38808	171.1851620248324	174.04	175.34529999999998	171.1851620248324	37.82	t	variant=ME_SHORT_GEOM_B_V1	TREND_UP	{"rr_ratio": 1.0, "body_ratio": 0.9090909090909796, "volume_ratio": 0.06631499287749287, "_actual_regime": "TREND_UP", "_shadow_control": true, "_rejection_stage": "regime_filter", "_required_regime": "TREND_UP", "rsi_confirmation": 0.1313542460360054, "stop_distance_atr": 0.8373479660005239, "exhaustion_magnitude": 0.15851057697849527, "_shadow_control_reason": "oos_experiment_baseline", "_regime_counterfactual_oos": true}	{}
ME_SHORT_GEOM_A_V1	1287082093	7173	KLACUSDT	SHORT	2026-10-04 22:45:29.50456+00	2026-10-04 22:45:29.545773+00	207.97	208.38594	206.43729758450291	207.97	208.38594	206.43729758450291	24.73	t	variant=ME_SHORT_GEOM_A_V1	TREND_UP	{"rr_ratio": 0.549275944369148, "body_ratio": 0.0, "volume_ratio": 0.0, "_actual_regime": "TREND_UP", "_shadow_control": true, "_rejection_stage": "regime_filter", "_required_regime": "TREND_UP", "rsi_confirmation": 0.5887062503747018, "stop_distance_atr": 0.3931404847591228, "exhaustion_magnitude": 0.159181901500168, "_shadow_control_reason": "oos_experiment_baseline", "_regime_counterfactual_oos": true}	{}
ME_SHORT_GEOM_B_V1	1287082093	7174	KLACUSDT	SHORT	2026-10-04 22:45:29.50456+00	2026-10-04 22:45:29.545773+00	207.97	208.38594	206.43729758450291	207.97	209.529775	206.43729758450291	24.73	t	variant=ME_SHORT_GEOM_B_V1	TREND_UP	{"rr_ratio": 0.549275944369148, "body_ratio": 0.0, "volume_ratio": 0.0, "_actual_regime": "TREND_UP", "_shadow_control": true, "_rejection_stage": "regime_filter", "_required_regime": "TREND_UP", "rsi_confirmation": 0.5887062503747018, "stop_distance_atr": 0.3931404847591228, "exhaustion_magnitude": 0.159181901500168, "_shadow_control_reason": "oos_experiment_baseline", "_regime_counterfactual_oos": true}	{}
ME_SHORT_GEOM_A_V1	1293457773	5885	STRKUSDT	SHORT	2026-10-04 05:17:32.82959+00	2026-10-04 05:17:32.860885+00	0.05368	0.05378736	0.04926043437122377	0.05368	0.05378736	0.04926043437122377	38.78	t	variant=ME_SHORT_GEOM_A_V1	HIGH_VOLATILITY	{"rr_ratio": 0.9934015699445027, "body_ratio": 0.9000000000000035, "volume_ratio": 0.43817447593138803, "_shadow_control": true, "rsi_confirmation": 0.06341230114202384, "stop_distance_atr": 0.6644525804887191, "exhaustion_magnitude": 0.1682242990654202, "_shadow_control_reason": "oos_experiment_baseline"}	{}
ME_SHORT_GEOM_B_V1	1293457773	5886	STRKUSDT	SHORT	2026-10-04 05:17:32.82959+00	2026-10-04 05:17:32.860885+00	0.05368	0.05378736	0.04926043437122377	0.05368	0.0540826	0.04926043437122377	38.78	t	variant=ME_SHORT_GEOM_B_V1	HIGH_VOLATILITY	{"rr_ratio": 0.9934015699445027, "body_ratio": 0.9000000000000035, "volume_ratio": 0.43817447593138803, "_shadow_control": true, "rsi_confirmation": 0.06341230114202384, "stop_distance_atr": 0.6644525804887191, "exhaustion_magnitude": 0.1682242990654202, "_shadow_control_reason": "oos_experiment_baseline"}	{}
ME_SHORT_GEOM_A_V1	1295746670	2938	MSTRUSDT	SHORT	2026-10-01 18:54:37.249019+00	2026-10-01 18:54:37.275999+00	160.49	160.81098	155.42787050030813	160.49	160.81098	155.42787050030813	38.83	t	variant=ME_SHORT_GEOM_A_V1	RANGE	{"rr_ratio": 1.0, "body_ratio": 0.7200000000000273, "volume_ratio": 0.2840711996804902, "_shadow_control": true, "rsi_confirmation": 0.06403425577100279, "stop_distance_atr": 0.7097453470489234, "exhaustion_magnitude": 0.42098649073201483, "_shadow_control_reason": "oos_experiment_baseline"}	{}
ME_SHORT_GEOM_B_V1	1295746670	2939	MSTRUSDT	SHORT	2026-10-01 18:54:37.249019+00	2026-10-01 18:54:37.275999+00	160.49	160.81098	155.42787050030813	160.49	161.693675	155.42787050030813	38.83	t	variant=ME_SHORT_GEOM_B_V1	RANGE	{"rr_ratio": 1.0, "body_ratio": 0.7200000000000273, "volume_ratio": 0.2840711996804902, "_shadow_control": true, "rsi_confirmation": 0.06403425577100279, "stop_distance_atr": 0.7097453470489234, "exhaustion_magnitude": 0.42098649073201483, "_shadow_control_reason": "oos_experiment_baseline"}	{}
ME_SHORT_GEOM_A_V1	1297287793	9364	SPCXUSDT	SHORT	2026-10-06 16:46:02.729769+00	2026-10-06 16:46:02.776869+00	174.14	174.48827999999997	170.8851620248324	174.14	174.48827999999997	170.8851620248324	35.29	t	variant=ME_SHORT_GEOM_A_V1	TREND_UP	{"rr_ratio": 1.0, "body_ratio": 0.6896551724137728, "volume_ratio": 0.027450085767808337, "_actual_regime": "TREND_UP", "_shadow_control": true, "_rejection_stage": "regime_filter", "_required_regime": "TREND_UP", "rsi_confirmation": 0.04899954555591345, "stop_distance_atr": 0.692076264503945, "exhaustion_magnitude": 0.1873306818836755, "_shadow_control_reason": "oos_experiment_baseline", "_regime_counterfactual_oos": true}	{}
ME_SHORT_GEOM_B_V1	1297287793	9365	SPCXUSDT	SHORT	2026-10-06 16:46:02.729769+00	2026-10-06 16:46:02.776869+00	174.14	174.48827999999997	170.8851620248324	174.14	175.44604999999999	170.8851620248324	35.29	t	variant=ME_SHORT_GEOM_B_V1	TREND_UP	{"rr_ratio": 1.0, "body_ratio": 0.6896551724137728, "volume_ratio": 0.027450085767808337, "_actual_regime": "TREND_UP", "_shadow_control": true, "_rejection_stage": "regime_filter", "_required_regime": "TREND_UP", "rsi_confirmation": 0.04899954555591345, "stop_distance_atr": 0.692076264503945, "exhaustion_magnitude": 0.1873306818836755, "_shadow_control_reason": "oos_experiment_baseline", "_regime_counterfactual_oos": true}	{}
ME_SHORT_GEOM_A_V1	1311832511	8858	ORCAUSDT	SHORT	2026-10-06 06:45:43.540649+00	2026-10-06 06:45:43.571977+00	2.5334	2.5384667999999997	2.2388983870855506	2.5334	2.5384667999999997	2.2388983870855506	33.52	t	variant=ME_SHORT_GEOM_A_V1	HIGH_VOLATILITY	{"rr_ratio": 0.7560047655001608, "body_ratio": 0.4666666666666709, "volume_ratio": 0.13285041098965467, "_shadow_control": true, "rsi_confirmation": 0.5716170067628961, "stop_distance_atr": 0.5590856717512818, "exhaustion_magnitude": 0.482225410489399, "_shadow_control_reason": "oos_experiment_baseline"}	{}
ME_SHORT_GEOM_B_V1	1311832511	8859	ORCAUSDT	SHORT	2026-10-06 06:45:43.540649+00	2026-10-06 06:45:43.571977+00	2.5334	2.5384667999999997	2.2388983870855506	2.5334	2.5524005	2.2388983870855506	33.52	t	variant=ME_SHORT_GEOM_B_V1	HIGH_VOLATILITY	{"rr_ratio": 0.7560047655001608, "body_ratio": 0.4666666666666709, "volume_ratio": 0.13285041098965467, "_shadow_control": true, "rsi_confirmation": 0.5716170067628961, "stop_distance_atr": 0.5590856717512818, "exhaustion_magnitude": 0.482225410489399, "_shadow_control_reason": "oos_experiment_baseline"}	{}
ME_SHORT_GEOM_A_V1	1314075242	6392	SOLUSDT	SHORT	2026-10-04 12:48:36.54245+00	2026-10-04 12:48:36.574875+00	121.59	121.83318	120.29046920680837	121.59	121.83318	120.29046920680837	31.88	t	variant=ME_SHORT_GEOM_A_V1	TREND_UP	{"rr_ratio": 0.7768979613337151, "body_ratio": 0.42857142857144304, "volume_ratio": 0.24550189243848786, "_actual_regime": "TREND_UP", "_shadow_control": true, "_rejection_stage": "regime_filter", "_required_regime": "TREND_UP", "rsi_confirmation": 0.2301606179446973, "stop_distance_atr": 0.5709432255928497, "exhaustion_magnitude": 0.11540680900173157, "_shadow_control_reason": "oos_experiment_baseline", "_regime_counterfactual_oos": true}	{}
ME_SHORT_GEOM_B_V1	1314075242	6393	SOLUSDT	SHORT	2026-10-04 12:48:36.54245+00	2026-10-04 12:48:36.574875+00	121.59	121.83318	120.29046920680837	121.59	122.501925	120.29046920680837	31.88	t	variant=ME_SHORT_GEOM_B_V1	TREND_UP	{"rr_ratio": 0.7768979613337151, "body_ratio": 0.42857142857144304, "volume_ratio": 0.24550189243848786, "_actual_regime": "TREND_UP", "_shadow_control": true, "_rejection_stage": "regime_filter", "_required_regime": "TREND_UP", "rsi_confirmation": 0.2301606179446973, "stop_distance_atr": 0.5709432255928497, "exhaustion_magnitude": 0.11540680900173157, "_shadow_control_reason": "oos_experiment_baseline", "_regime_counterfactual_oos": true}	{}
ME_SHORT_GEOM_A_V1	1316407480	4068	BTCUSDT	SHORT	2026-10-02 13:26:33.237239+00	2026-10-02 13:26:33.270673+00	86920.0	87093.84	85640.22398310967	86920.0	87093.84	85640.22398310967	28.74	t	variant=ME_SHORT_GEOM_A_V1	TREND_UP	{"rr_ratio": 0.7160422293140144, "body_ratio": 0.3799392097266481, "volume_ratio": 0.05141971187741376, "_actual_regime": "TREND_UP", "_shadow_control": true, "_rejection_stage": "regime_filter", "_required_regime": "TREND_UP", "rsi_confirmation": 0.3467862395735096, "stop_distance_atr": 0.5344781080123238, "exhaustion_magnitude": 0.011680132382507022, "_shadow_control_reason": "oos_experiment_baseline", "_regime_counterfactual_oos": true}	{}
ME_SHORT_GEOM_B_V1	1316407480	4069	BTCUSDT	SHORT	2026-10-02 13:26:33.237239+00	2026-10-02 13:26:33.270673+00	86920.0	87093.84	85640.22398310967	86920.0	87571.9	85640.22398310967	28.74	t	variant=ME_SHORT_GEOM_B_V1	TREND_UP	{"rr_ratio": 0.7160422293140144, "body_ratio": 0.3799392097266481, "volume_ratio": 0.05141971187741376, "_actual_regime": "TREND_UP", "_shadow_control": true, "_rejection_stage": "regime_filter", "_required_regime": "TREND_UP", "rsi_confirmation": 0.3467862395735096, "stop_distance_atr": 0.5344781080123238, "exhaustion_magnitude": 0.011680132382507022, "_shadow_control_reason": "oos_experiment_baseline", "_regime_counterfactual_oos": true}	{}
ME_SHORT_GEOM_A_V1	1320421294	1535	ASTERUSDT	SHORT	2026-09-30 16:33:02.969699+00	2026-09-30 16:33:02.99679+00	0.7746	0.7761492	0.7429887763400161	0.7746	0.7761492	0.7429887763400161	38.33	t	variant=ME_SHORT_GEOM_A_V1	HIGH_VOLATILITY	{"rr_ratio": 0.9905629146099448, "body_ratio": 0.33333333333335236, "volume_ratio": 0.6017745500132389, "_shadow_control": true, "rsi_confirmation": 0.11406240428781965, "stop_distance_atr": 0.6634910025229537, "exhaustion_magnitude": 0.1359223300970868, "_shadow_control_reason": "oos_experiment_baseline"}	{}
ME_SHORT_GEOM_B_V1	1320421294	1536	ASTERUSDT	SHORT	2026-09-30 16:33:02.969699+00	2026-09-30 16:33:02.99679+00	0.7746	0.7761492	0.7429887763400161	0.7746	0.7804095	0.7429887763400161	38.33	t	variant=ME_SHORT_GEOM_B_V1	HIGH_VOLATILITY	{"rr_ratio": 0.9905629146099448, "body_ratio": 0.33333333333335236, "volume_ratio": 0.6017745500132389, "_shadow_control": true, "rsi_confirmation": 0.11406240428781965, "stop_distance_atr": 0.6634910025229537, "exhaustion_magnitude": 0.1359223300970868, "_shadow_control_reason": "oos_experiment_baseline"}	{}
ME_SHORT_GEOM_A_V1	1320563511	7110	ETHUSDT	SHORT	2026-10-04 22:09:59.871782+00	2026-10-04 22:09:59.926277+00	2717.6	2723.0352	2695.3241750546495	2717.6	2723.0352	2695.3241750546495	29.36	t	variant=ME_SHORT_GEOM_A_V1	TREND_UP	{"rr_ratio": 0.49694462257908384, "body_ratio": 0.6804878048780172, "volume_ratio": 0.6246622001978923, "_actual_regime": "TREND_UP", "_shadow_control": true, "_rejection_stage": "regime_filter", "_required_regime": "TREND_UP", "rsi_confirmation": 0.09991501124018214, "stop_distance_atr": 0.32923444949786806, "exhaustion_magnitude": 0.25519639026554714, "_shadow_control_reason": "oos_experiment_baseline", "_regime_counterfactual_oos": true}	{}
ME_SHORT_GEOM_B_V1	1320563511	7111	ETHUSDT	SHORT	2026-10-04 22:09:59.871782+00	2026-10-04 22:09:59.926277+00	2717.6	2723.0352	2695.3241750546495	2717.6	2737.982	2695.3241750546495	29.36	t	variant=ME_SHORT_GEOM_B_V1	TREND_UP	{"rr_ratio": 0.49694462257908384, "body_ratio": 0.6804878048780172, "volume_ratio": 0.6246622001978923, "_actual_regime": "TREND_UP", "_shadow_control": true, "_rejection_stage": "regime_filter", "_required_regime": "TREND_UP", "rsi_confirmation": 0.09991501124018214, "stop_distance_atr": 0.32923444949786806, "exhaustion_magnitude": 0.25519639026554714, "_shadow_control_reason": "oos_experiment_baseline", "_regime_counterfactual_oos": true}	{}
ME_SHORT_GEOM_A_V1	1321163253	8392	ZROUSDT	SHORT	2026-10-05 23:19:26.218706+00	2026-10-05 23:19:26.252635+00	2.1215	2.1257430000000004	2.012017076634331	2.1215	2.1257430000000004	2.012017076634331	39.79	t	variant=ME_SHORT_GEOM_A_V1	HIGH_VOLATILITY	{"rr_ratio": 1.0, "body_ratio": 0.5384615384615778, "volume_ratio": 0.3727420714654302, "_shadow_control": true, "rsi_confirmation": 0.050028630532909804, "stop_distance_atr": 0.8261509932309852, "exhaustion_magnitude": 0.3560408260147193, "_shadow_control_reason": "oos_experiment_baseline"}	{}
ME_SHORT_GEOM_B_V1	1321163253	8393	ZROUSDT	SHORT	2026-10-05 23:19:26.218706+00	2026-10-05 23:19:26.252635+00	2.1215	2.1257430000000004	2.012017076634331	2.1215	2.13741125	2.012017076634331	39.79	t	variant=ME_SHORT_GEOM_B_V1	HIGH_VOLATILITY	{"rr_ratio": 1.0, "body_ratio": 0.5384615384615778, "volume_ratio": 0.3727420714654302, "_shadow_control": true, "rsi_confirmation": 0.050028630532909804, "stop_distance_atr": 0.8261509932309852, "exhaustion_magnitude": 0.3560408260147193, "_shadow_control_reason": "oos_experiment_baseline"}	{}
ME_SHORT_GEOM_A_V1	1324338628	12878	NMRUSDT	SHORT	2026-10-07 04:13:06.210294+00	2026-10-07 04:13:06.25306+00	17.029	17.063058	15.122144830166071	17.029	17.063058	15.122144830166071	41.62	t	variant=ME_SHORT_GEOM_A_V1	HIGH_VOLATILITY	{"rr_ratio": 1.0, "body_ratio": 0.7663043478260922, "volume_ratio": 0.2171106024646543, "_shadow_control": true, "rsi_confirmation": 0.15820917472422782, "stop_distance_atr": 0.8185731734160531, "exhaustion_magnitude": 0.7843254204938617, "_shadow_control_reason": "oos_experiment_baseline"}	{}
ME_SHORT_GEOM_B_V1	1324338628	12879	NMRUSDT	SHORT	2026-10-07 04:13:06.210294+00	2026-10-07 04:13:06.25306+00	17.029	17.063058	15.122144830166071	17.029	17.1567175	15.122144830166071	41.62	t	variant=ME_SHORT_GEOM_B_V1	HIGH_VOLATILITY	{"rr_ratio": 1.0, "body_ratio": 0.7663043478260922, "volume_ratio": 0.2171106024646543, "_shadow_control": true, "rsi_confirmation": 0.15820917472422782, "stop_distance_atr": 0.8185731734160531, "exhaustion_magnitude": 0.7843254204938617, "_shadow_control_reason": "oos_experiment_baseline"}	{}
ME_SHORT_GEOM_A_V1	1332499147	7874	LITUSDT	SHORT	2026-10-05 12:58:00.053504+00	2026-10-05 12:58:00.101469+00	3.921	3.928842	3.754975626014254	3.921	3.928842	3.754975626014254	36.74	t	variant=ME_SHORT_GEOM_A_V1	HIGH_VOLATILITY	{"rr_ratio": 1.0, "body_ratio": 0.4999999999999889, "volume_ratio": 0.2762443932286879, "_shadow_control": true, "rsi_confirmation": 0.21989051414610591, "stop_distance_atr": 0.7311281275852962, "exhaustion_magnitude": 0.01275510204081492, "_shadow_control_reason": "oos_experiment_baseline"}	{}
ME_SHORT_GEOM_B_V1	1332499147	7875	LITUSDT	SHORT	2026-10-05 12:58:00.053504+00	2026-10-05 12:58:00.101469+00	3.921	3.928842	3.754975626014254	3.921	3.9504075	3.754975626014254	36.74	t	variant=ME_SHORT_GEOM_B_V1	HIGH_VOLATILITY	{"rr_ratio": 1.0, "body_ratio": 0.4999999999999889, "volume_ratio": 0.2762443932286879, "_shadow_control": true, "rsi_confirmation": 0.21989051414610591, "stop_distance_atr": 0.7311281275852962, "exhaustion_magnitude": 0.01275510204081492, "_shadow_control_reason": "oos_experiment_baseline"}	{}
ME_SHORT_GEOM_A_V1	1334513595	9023	AVAXUSDT	SHORT	2026-10-06 09:40:56.965957+00	2026-10-06 09:40:57.02575+00	11.393	11.415786	11.057139557185863	11.393	11.415786	11.057139557185863	31.59	t	variant=ME_SHORT_GEOM_A_V1	TREND_UP	{"rr_ratio": 0.690323734049555, "body_ratio": 0.8461538461537936, "volume_ratio": 0.12164842844554795, "_actual_regime": "TREND_UP", "_shadow_control": true, "_rejection_stage": "regime_filter", "_required_regime": "TREND_UP", "rsi_confirmation": 0.1498851162350282, "stop_distance_atr": 0.5171347631669225, "exhaustion_magnitude": 0.42042839440609237, "_shadow_control_reason": "oos_experiment_baseline", "_regime_counterfactual_oos": true}	{}
ME_SHORT_GEOM_B_V1	1334513595	9024	AVAXUSDT	SHORT	2026-10-06 09:40:56.965957+00	2026-10-06 09:40:57.02575+00	11.393	11.415786	11.057139557185863	11.393	11.478447500000001	11.057139557185863	31.59	t	variant=ME_SHORT_GEOM_B_V1	TREND_UP	{"rr_ratio": 0.690323734049555, "body_ratio": 0.8461538461537936, "volume_ratio": 0.12164842844554795, "_actual_regime": "TREND_UP", "_shadow_control": true, "_rejection_stage": "regime_filter", "_required_regime": "TREND_UP", "rsi_confirmation": 0.1498851162350282, "stop_distance_atr": 0.5171347631669225, "exhaustion_magnitude": 0.42042839440609237, "_shadow_control_reason": "oos_experiment_baseline", "_regime_counterfactual_oos": true}	{}
ME_SHORT_GEOM_A_V1	1339606995	1454	SOONUSDT	SHORT	2026-09-30 14:33:40.122283+00	2026-09-30 14:33:40.146626+00	0.4784	0.47935679999999997	0.413230394233889	0.4784	0.47935679999999997	0.413230394233889	43.6	t	variant=ME_SHORT_GEOM_A_V1	HIGH_VOLATILITY	{"rr_ratio": 1.0, "body_ratio": 0.9433962264150954, "volume_ratio": 0.47503072194841567, "_shadow_control": true, "rsi_confirmation": 0.07199176122039716, "stop_distance_atr": 0.7127328547704144, "exhaustion_magnitude": 0.9261230572705966, "_shadow_control_reason": "oos_experiment_baseline"}	{}
ME_SHORT_GEOM_B_V1	1339606995	1455	SOONUSDT	SHORT	2026-09-30 14:33:40.122283+00	2026-09-30 14:33:40.146626+00	0.4784	0.47935679999999997	0.413230394233889	0.4784	0.48198799999999997	0.413230394233889	43.6	t	variant=ME_SHORT_GEOM_B_V1	HIGH_VOLATILITY	{"rr_ratio": 1.0, "body_ratio": 0.9433962264150954, "volume_ratio": 0.47503072194841567, "_shadow_control": true, "rsi_confirmation": 0.07199176122039716, "stop_distance_atr": 0.7127328547704144, "exhaustion_magnitude": 0.9261230572705966, "_shadow_control_reason": "oos_experiment_baseline"}	{}
ME_SHORT_GEOM_A_V1	1354485283	5905	PUMPFUNUSDT	SHORT	2026-10-04 05:32:32.798989+00	2026-10-04 05:32:32.840951+00	0.006468	0.006480936	0.006104584627313814	0.006468	0.006480936	0.006104584627313814	41.96	t	variant=ME_SHORT_GEOM_A_V1	HIGH_VOLATILITY	{"rr_ratio": 1.0, "body_ratio": 0.6428571428571532, "volume_ratio": 0.4927204344027418, "_shadow_control": true, "rsi_confirmation": 0.26490443191084123, "stop_distance_atr": 0.8505384777797144, "exhaustion_magnitude": 0.3581438804110872, "_shadow_control_reason": "oos_experiment_baseline"}	{}
ME_SHORT_GEOM_B_V1	1354485283	5906	PUMPFUNUSDT	SHORT	2026-10-04 05:32:32.798989+00	2026-10-04 05:32:32.840951+00	0.006468	0.006480936	0.006104584627313814	0.006468	0.00651651	0.006104584627313814	41.96	t	variant=ME_SHORT_GEOM_B_V1	HIGH_VOLATILITY	{"rr_ratio": 1.0, "body_ratio": 0.6428571428571532, "volume_ratio": 0.4927204344027418, "_shadow_control": true, "rsi_confirmation": 0.26490443191084123, "stop_distance_atr": 0.8505384777797144, "exhaustion_magnitude": 0.3581438804110872, "_shadow_control_reason": "oos_experiment_baseline"}	{}
ME_SHORT_GEOM_A_V1	1355550739	4459	SANDUSDT	SHORT	2026-10-02 22:57:51.193154+00	2026-10-02 22:57:51.218728+00	0.06563	0.06576125999999999	0.05845239738006183	0.06563	0.06576125999999999	0.05845239738006183	38.66	t	variant=ME_SHORT_GEOM_A_V1	HIGH_VOLATILITY	{"rr_ratio": 1.0, "body_ratio": 0.7666666666666605, "volume_ratio": 0.1689957192595495, "_shadow_control": true, "rsi_confirmation": 0.13208358032156298, "stop_distance_atr": 0.911983480796394, "exhaustion_magnitude": 0.09923664122136736, "_shadow_control_reason": "oos_experiment_baseline"}	{}
ME_SHORT_GEOM_B_V1	1355550739	4460	SANDUSDT	SHORT	2026-10-02 22:57:51.193154+00	2026-10-02 22:57:51.218728+00	0.06563	0.06576125999999999	0.05845239738006183	0.06563	0.06612222499999999	0.05845239738006183	38.66	t	variant=ME_SHORT_GEOM_B_V1	HIGH_VOLATILITY	{"rr_ratio": 1.0, "body_ratio": 0.7666666666666605, "volume_ratio": 0.1689957192595495, "_shadow_control": true, "rsi_confirmation": 0.13208358032156298, "stop_distance_atr": 0.911983480796394, "exhaustion_magnitude": 0.09923664122136736, "_shadow_control_reason": "oos_experiment_baseline"}	{}
ME_SHORT_GEOM_A_V1	1357903352	5981	PUMPFUNUSDT	SHORT	2026-10-04 06:57:47.534243+00	2026-10-04 06:57:47.585831+00	0.006546	0.006559092	0.006106093880622197	0.006546	0.006559092	0.006106093880622197	38.01	t	variant=ME_SHORT_GEOM_A_V1	HIGH_VOLATILITY	{"rr_ratio": 0.9136472527164038, "body_ratio": 0.3703703703703859, "volume_ratio": 0.16913620604808385, "_shadow_control": true, "rsi_confirmation": 0.22050358855871555, "stop_distance_atr": 0.6351618938903549, "exhaustion_magnitude": 0.9654313298037993, "_shadow_control_reason": "oos_experiment_baseline"}	{}
ME_SHORT_GEOM_B_V1	1357903352	5982	PUMPFUNUSDT	SHORT	2026-10-04 06:57:47.534243+00	2026-10-04 06:57:47.585831+00	0.006546	0.006559092	0.006106093880622197	0.006546	0.006595095	0.006106093880622197	38.01	t	variant=ME_SHORT_GEOM_B_V1	HIGH_VOLATILITY	{"rr_ratio": 0.9136472527164038, "body_ratio": 0.3703703703703859, "volume_ratio": 0.16913620604808385, "_shadow_control": true, "rsi_confirmation": 0.22050358855871555, "stop_distance_atr": 0.6351618938903549, "exhaustion_magnitude": 0.9654313298037993, "_shadow_control_reason": "oos_experiment_baseline"}	{}
ME_SHORT_GEOM_A_V1	1358699538	4051	XRPUSDT	SHORT	2026-10-02 13:11:31.757888+00	2026-10-02 13:11:31.788359+00	1.5468	1.5498935999999999	1.5136981590213572	1.5468	1.5498935999999999	1.5136981590213572	34.8	t	variant=ME_SHORT_GEOM_A_V1	RANGE	{"rr_ratio": 1.0, "body_ratio": 0.5000000000000504, "volume_ratio": 0.018379841064864573, "_shadow_control": true, "rsi_confirmation": 0.13668780071056025, "stop_distance_atr": 0.7027579647397459, "exhaustion_magnitude": 0.14263485477178292, "_shadow_control_reason": "oos_experiment_baseline"}	{}
ME_SHORT_GEOM_B_V1	1358699538	4052	XRPUSDT	SHORT	2026-10-02 13:11:31.757888+00	2026-10-02 13:11:31.788359+00	1.5468	1.5498935999999999	1.5136981590213572	1.5468	1.558401	1.5136981590213572	34.8	t	variant=ME_SHORT_GEOM_B_V1	RANGE	{"rr_ratio": 1.0, "body_ratio": 0.5000000000000504, "volume_ratio": 0.018379841064864573, "_shadow_control": true, "rsi_confirmation": 0.13668780071056025, "stop_distance_atr": 0.7027579647397459, "exhaustion_magnitude": 0.14263485477178292, "_shadow_control_reason": "oos_experiment_baseline"}	{}
ME_SHORT_GEOM_A_V1	1359358584	6482	SOLUSDT	SHORT	2026-10-04 14:03:47.976749+00	2026-10-04 14:03:48.038343+00	121.88	122.12375999999999	120.60724121936359	121.88	122.12375999999999	120.60724121936359	31.42	t	variant=ME_SHORT_GEOM_A_V1	TREND_UP	{"rr_ratio": 0.7566836155457021, "body_ratio": 0.6666666666666272, "volume_ratio": 0.09303955278805323, "_actual_regime": "TREND_UP", "_shadow_control": true, "_rejection_stage": "regime_filter", "_required_regime": "TREND_UP", "rsi_confirmation": 0.3998979974000671, "stop_distance_atr": 0.5594812329946639, "exhaustion_magnitude": 0.10689031409307305, "_shadow_control_reason": "oos_experiment_baseline", "_regime_counterfactual_oos": true}	{}
ME_SHORT_GEOM_B_V1	1359358584	6483	SOLUSDT	SHORT	2026-10-04 14:03:47.976749+00	2026-10-04 14:03:48.038343+00	121.88	122.12375999999999	120.60724121936359	121.88	122.7941	120.60724121936359	31.42	t	variant=ME_SHORT_GEOM_B_V1	TREND_UP	{"rr_ratio": 0.7566836155457021, "body_ratio": 0.6666666666666272, "volume_ratio": 0.09303955278805323, "_actual_regime": "TREND_UP", "_shadow_control": true, "_rejection_stage": "regime_filter", "_required_regime": "TREND_UP", "rsi_confirmation": 0.3998979974000671, "stop_distance_atr": 0.5594812329946639, "exhaustion_magnitude": 0.10689031409307305, "_shadow_control_reason": "oos_experiment_baseline", "_regime_counterfactual_oos": true}	{}
ME_SHORT_GEOM_A_V1	1360092836	6204	BNBUSDT	SHORT	2026-10-04 10:18:22.222634+00	2026-10-04 10:18:22.268473+00	791.9	793.4838	783.1579056587655	791.9	793.4838	783.1579056587655	25.87	t	variant=ME_SHORT_GEOM_A_V1	TREND_UP	{"rr_ratio": 0.6010183633959917, "body_ratio": 0.3333333333330807, "volume_ratio": 0.07420088212363905, "_actual_regime": "TREND_UP", "_shadow_control": true, "_rejection_stage": "regime_filter", "_required_regime": "TREND_UP", "rsi_confirmation": 0.027020552829801165, "stop_distance_atr": 0.44538577581911787, "exhaustion_magnitude": 0.14564336372846723, "_shadow_control_reason": "oos_experiment_baseline", "_regime_counterfactual_oos": true}	{}
ME_SHORT_GEOM_B_V1	1360092836	6205	BNBUSDT	SHORT	2026-10-04 10:18:22.222634+00	2026-10-04 10:18:22.268473+00	791.9	793.4838	783.1579056587655	791.9	797.83925	783.1579056587655	25.87	t	variant=ME_SHORT_GEOM_B_V1	TREND_UP	{"rr_ratio": 0.6010183633959917, "body_ratio": 0.3333333333330807, "volume_ratio": 0.07420088212363905, "_actual_regime": "TREND_UP", "_shadow_control": true, "_rejection_stage": "regime_filter", "_required_regime": "TREND_UP", "rsi_confirmation": 0.027020552829801165, "stop_distance_atr": 0.44538577581911787, "exhaustion_magnitude": 0.14564336372846723, "_shadow_control_reason": "oos_experiment_baseline", "_regime_counterfactual_oos": true}	{}
ME_SHORT_GEOM_A_V1	1370637389	9141	ORCAUSDT	SHORT	2026-10-06 12:31:02.320721+00	2026-10-06 12:31:02.347754+00	2.611	2.616222	2.259326823704514	2.611	2.616222	2.259326823704514	31.12	t	variant=ME_SHORT_GEOM_A_V1	HIGH_VOLATILITY	{"rr_ratio": 0.6321197413218567, "body_ratio": 0.5571955719557249, "volume_ratio": 0.14537237206242085, "_shadow_control": true, "rsi_confirmation": 0.007689742180273621, "stop_distance_atr": 0.4726737490648786, "exhaustion_magnitude": 0.8115050792044539, "_shadow_control_reason": "oos_experiment_baseline"}	{}
ME_SHORT_GEOM_B_V1	1370637389	9142	ORCAUSDT	SHORT	2026-10-06 12:31:02.320721+00	2026-10-06 12:31:02.347754+00	2.611	2.616222	2.259326823704514	2.611	2.6305825	2.259326823704514	31.12	t	variant=ME_SHORT_GEOM_B_V1	HIGH_VOLATILITY	{"rr_ratio": 0.6321197413218567, "body_ratio": 0.5571955719557249, "volume_ratio": 0.14537237206242085, "_shadow_control": true, "rsi_confirmation": 0.007689742180273621, "stop_distance_atr": 0.4726737490648786, "exhaustion_magnitude": 0.8115050792044539, "_shadow_control_reason": "oos_experiment_baseline"}	{}
ME_SHORT_GEOM_A_V1	1378004605	9034	ORCAUSDT	SHORT	2026-10-06 10:31:08.569846+00	2026-10-06 10:31:08.617286+00	2.5754	2.5805508	2.3426098062956076	2.5754	2.5805508	2.3426098062956076	38.71	t	variant=ME_SHORT_GEOM_A_V1	HIGH_VOLATILITY	{"rr_ratio": 1.0, "body_ratio": 0.5666666666666778, "volume_ratio": 0.07464495672570451, "_shadow_control": true, "rsi_confirmation": 0.6706091550489759, "stop_distance_atr": 0.88075273107258, "exhaustion_magnitude": 0.11870937609465601, "_shadow_control_reason": "oos_experiment_baseline"}	{}
ME_SHORT_GEOM_B_V1	1378004605	9035	ORCAUSDT	SHORT	2026-10-06 10:31:08.569846+00	2026-10-06 10:31:08.617286+00	2.5754	2.5805508	2.3426098062956076	2.5754	2.5947155	2.3426098062956076	38.71	t	variant=ME_SHORT_GEOM_B_V1	HIGH_VOLATILITY	{"rr_ratio": 1.0, "body_ratio": 0.5666666666666778, "volume_ratio": 0.07464495672570451, "_shadow_control": true, "rsi_confirmation": 0.6706091550489759, "stop_distance_atr": 0.88075273107258, "exhaustion_magnitude": 0.11870937609465601, "_shadow_control_reason": "oos_experiment_baseline"}	{}
ME_SHORT_GEOM_A_V1	1380007334	7983	ADAUSDT	SHORT	2026-10-05 14:17:58.930906+00	2026-10-05 14:17:58.976749+00	0.2758	0.2763516	0.266920181053923	0.2758	0.2763516	0.266920181053923	40.09	t	variant=ME_SHORT_GEOM_A_V1	HIGH_VOLATILITY	{"rr_ratio": 1.0, "body_ratio": 0.7000000000000333, "volume_ratio": 0.2323011207523746, "_shadow_control": true, "rsi_confirmation": 0.5848954529965539, "stop_distance_atr": 0.8469892783384618, "exhaustion_magnitude": 0.18195050946142666, "_shadow_control_reason": "oos_experiment_baseline"}	{}
ME_SHORT_GEOM_B_V1	1380007334	7984	ADAUSDT	SHORT	2026-10-05 14:17:58.930906+00	2026-10-05 14:17:58.976749+00	0.2758	0.2763516	0.266920181053923	0.2758	0.27786849999999996	0.266920181053923	40.09	t	variant=ME_SHORT_GEOM_B_V1	HIGH_VOLATILITY	{"rr_ratio": 1.0, "body_ratio": 0.7000000000000333, "volume_ratio": 0.2323011207523746, "_shadow_control": true, "rsi_confirmation": 0.5848954529965539, "stop_distance_atr": 0.8469892783384618, "exhaustion_magnitude": 0.18195050946142666, "_shadow_control_reason": "oos_experiment_baseline"}	{}
ME_SHORT_GEOM_A_V1	1380734263	6759	BTCUSDT	SHORT	2026-10-04 17:49:19.035752+00	2026-10-04 17:49:19.109845+00	85424.0	85594.848	84963.20385093275	85424.0	85594.848	84963.20385093275	32.58	t	variant=ME_SHORT_GEOM_A_V1	TREND_UP	{"rr_ratio": 0.5556251957194053, "body_ratio": 0.49561403508767643, "volume_ratio": 1.0, "_actual_regime": "TREND_UP", "_shadow_control": true, "_rejection_stage": "regime_filter", "_required_regime": "TREND_UP", "rsi_confirmation": 0.11819173262490305, "stop_distance_atr": 0.40007520195022295, "exhaustion_magnitude": 0.08078680958936083, "_shadow_control_reason": "oos_experiment_baseline", "_regime_counterfactual_oos": true}	{}
ME_SHORT_GEOM_B_V1	1380734263	6760	BTCUSDT	SHORT	2026-10-04 17:49:19.035752+00	2026-10-04 17:49:19.109845+00	85424.0	85594.848	84963.20385093275	85424.0	86064.68	84963.20385093275	32.58	t	variant=ME_SHORT_GEOM_B_V1	TREND_UP	{"rr_ratio": 0.5556251957194053, "body_ratio": 0.49561403508767643, "volume_ratio": 1.0, "_actual_regime": "TREND_UP", "_shadow_control": true, "_rejection_stage": "regime_filter", "_required_regime": "TREND_UP", "rsi_confirmation": 0.11819173262490305, "stop_distance_atr": 0.40007520195022295, "exhaustion_magnitude": 0.08078680958936083, "_shadow_control_reason": "oos_experiment_baseline", "_regime_counterfactual_oos": true}	{}
ME_SHORT_GEOM_A_V1	1390497437	5122	SPCXUSDT	SHORT	2026-10-03 10:19:57.879553+00	2026-10-03 10:19:57.951007+00	159.1	159.41819999999998	158.07190405082224	159.1	159.41819999999998	158.07190405082224	43.97	t	variant=ME_SHORT_GEOM_A_V1	TREND_UP	{"rr_ratio": 0.9935895418666028, "body_ratio": 0.5000000000003553, "volume_ratio": 1.0, "_actual_regime": "TREND_UP", "_shadow_control": true, "_rejection_stage": "regime_filter", "_required_regime": "TREND_UP", "rsi_confirmation": 0.9639557854935267, "stop_distance_atr": 0.6645160609207768, "exhaustion_magnitude": 0.006286145335674443, "_shadow_control_reason": "oos_experiment_baseline", "_regime_counterfactual_oos": true}	{}
ME_SHORT_GEOM_B_V1	1390497437	5123	SPCXUSDT	SHORT	2026-10-03 10:19:57.879553+00	2026-10-03 10:19:57.951007+00	159.1	159.41819999999998	158.07190405082224	159.1	160.29325	158.07190405082224	43.97	t	variant=ME_SHORT_GEOM_B_V1	TREND_UP	{"rr_ratio": 0.9935895418666028, "body_ratio": 0.5000000000003553, "volume_ratio": 1.0, "_actual_regime": "TREND_UP", "_shadow_control": true, "_rejection_stage": "regime_filter", "_required_regime": "TREND_UP", "rsi_confirmation": 0.9639557854935267, "stop_distance_atr": 0.6645160609207768, "exhaustion_magnitude": 0.006286145335674443, "_shadow_control_reason": "oos_experiment_baseline", "_regime_counterfactual_oos": true}	{}
ME_SHORT_GEOM_A_V1	1392334307	3421	BTCUSDT	SHORT	2026-10-02 03:35:14.18045+00	2026-10-02 03:35:14.225606+00	85444.0	85614.888	84490.5531982885	85444.0	85614.888	84490.5531982885	34.54	t	variant=ME_SHORT_GEOM_A_V1	TREND_UP	{"rr_ratio": 1.0, "body_ratio": 0.33816425120707405, "volume_ratio": 0.005489947785387122, "_actual_regime": "TREND_UP", "_shadow_control": true, "_rejection_stage": "regime_filter", "_required_regime": "TREND_UP", "rsi_confirmation": 0.29845140146913895, "stop_distance_atr": 0.7014621992146135, "exhaustion_magnitude": 0.11401813029034398, "_shadow_control_reason": "oos_experiment_baseline", "_regime_counterfactual_oos": true}	{}
ME_SHORT_GEOM_B_V1	1392334307	3422	BTCUSDT	SHORT	2026-10-02 03:35:14.18045+00	2026-10-02 03:35:14.225606+00	85444.0	85614.888	84490.5531982885	85444.0	86084.83	84490.5531982885	34.54	t	variant=ME_SHORT_GEOM_B_V1	TREND_UP	{"rr_ratio": 1.0, "body_ratio": 0.33816425120707405, "volume_ratio": 0.005489947785387122, "_actual_regime": "TREND_UP", "_shadow_control": true, "_rejection_stage": "regime_filter", "_required_regime": "TREND_UP", "rsi_confirmation": 0.29845140146913895, "stop_distance_atr": 0.7014621992146135, "exhaustion_magnitude": 0.11401813029034398, "_shadow_control_reason": "oos_experiment_baseline", "_regime_counterfactual_oos": true}	{}
ME_SHORT_GEOM_A_V1	1393039628	7226	KLACUSDT	SHORT	2026-10-04 23:20:39.561835+00	2026-10-04 23:20:39.594398+00	207.94	208.35587999999998	206.72820484637143	207.94	208.35587999999998	206.72820484637143	31.44	t	variant=ME_SHORT_GEOM_A_V1	TREND_UP	{"rr_ratio": 0.8312549394898285, "body_ratio": 0.0, "volume_ratio": 0.0, "_actual_regime": "TREND_UP", "_shadow_control": true, "_rejection_stage": "regime_filter", "_required_regime": "TREND_UP", "rsi_confirmation": 0.7410389362196231, "stop_distance_atr": 0.5989998765746694, "exhaustion_magnitude": 0.15194636052288732, "_shadow_control_reason": "oos_experiment_baseline", "_regime_counterfactual_oos": true}	{}
ME_SHORT_GEOM_B_V1	1393039628	7227	KLACUSDT	SHORT	2026-10-04 23:20:39.561835+00	2026-10-04 23:20:39.594398+00	207.94	208.35587999999998	206.72820484637143	207.94	209.49955	206.72820484637143	31.44	t	variant=ME_SHORT_GEOM_B_V1	TREND_UP	{"rr_ratio": 0.8312549394898285, "body_ratio": 0.0, "volume_ratio": 0.0, "_actual_regime": "TREND_UP", "_shadow_control": true, "_rejection_stage": "regime_filter", "_required_regime": "TREND_UP", "rsi_confirmation": 0.7410389362196231, "stop_distance_atr": 0.5989998765746694, "exhaustion_magnitude": 0.15194636052288732, "_shadow_control_reason": "oos_experiment_baseline", "_regime_counterfactual_oos": true}	{}
ME_SHORT_GEOM_A_V1	1394039360	3740	HYPEUSDT	SHORT	2026-10-02 10:44:05.144418+00	2026-10-02 10:44:05.182638+00	91.12	91.30224	89.01243051314634	91.12	91.30224	89.01243051314634	39.9	t	variant=ME_SHORT_GEOM_A_V1	RANGE	{"rr_ratio": 1.0, "body_ratio": 0.3333333333333559, "volume_ratio": 0.5978038013211189, "_shadow_control": true, "rsi_confirmation": 0.07776289973302634, "stop_distance_atr": 0.8302793324930708, "exhaustion_magnitude": 0.11549884501155427, "_shadow_control_reason": "oos_experiment_baseline"}	{}
ME_SHORT_GEOM_B_V1	1394039360	3741	HYPEUSDT	SHORT	2026-10-02 10:44:05.144418+00	2026-10-02 10:44:05.182638+00	91.12	91.30224	89.01243051314634	91.12	91.80340000000001	89.01243051314634	39.9	t	variant=ME_SHORT_GEOM_B_V1	RANGE	{"rr_ratio": 1.0, "body_ratio": 0.3333333333333559, "volume_ratio": 0.5978038013211189, "_shadow_control": true, "rsi_confirmation": 0.07776289973302634, "stop_distance_atr": 0.8302793324930708, "exhaustion_magnitude": 0.11549884501155427, "_shadow_control_reason": "oos_experiment_baseline"}	{}
ME_SHORT_GEOM_A_V1	1394786316	6295	AXSUSDT	SHORT	2026-10-04 11:33:40.709268+00	2026-10-04 11:33:40.742219+00	1.4055	1.4083109999999999	1.3119486647525511	1.4055	1.4083109999999999	1.3119486647525511	38.24	t	variant=ME_SHORT_GEOM_A_V1	HIGH_VOLATILITY	{"rr_ratio": 1.0, "body_ratio": 0.6764705882352857, "volume_ratio": 0.32495329806273054, "_shadow_control": true, "rsi_confirmation": 0.13846188632781586, "stop_distance_atr": 0.7558337769183545, "exhaustion_magnitude": 0.12839717526214595, "_shadow_control_reason": "oos_experiment_baseline"}	{}
ME_SHORT_GEOM_B_V1	1394786316	6296	AXSUSDT	SHORT	2026-10-04 11:33:40.709268+00	2026-10-04 11:33:40.742219+00	1.4055	1.4083109999999999	1.3119486647525511	1.4055	1.41604125	1.3119486647525511	38.24	t	variant=ME_SHORT_GEOM_B_V1	HIGH_VOLATILITY	{"rr_ratio": 1.0, "body_ratio": 0.6764705882352857, "volume_ratio": 0.32495329806273054, "_shadow_control": true, "rsi_confirmation": 0.13846188632781586, "stop_distance_atr": 0.7558337769183545, "exhaustion_magnitude": 0.12839717526214595, "_shadow_control_reason": "oos_experiment_baseline"}	{}
ME_SHORT_GEOM_A_V1	1396511861	6347	SOLUSDT	SHORT	2026-10-04 12:13:32.765065+00	2026-10-04 12:13:32.819096+00	121.8	122.0436	120.54046920680837	121.8	122.0436	120.54046920680837	41.91	t	variant=ME_SHORT_GEOM_A_V1	TREND_UP	{"rr_ratio": 0.8494891353412449, "body_ratio": 0.9615384615384952, "volume_ratio": 1.0, "_actual_regime": "TREND_UP", "_shadow_control": true, "_rejection_stage": "regime_filter", "_required_regime": "TREND_UP", "rsi_confirmation": 0.4006888367591245, "stop_distance_atr": 0.6076073024766434, "exhaustion_magnitude": 0.2019619157530273, "_shadow_control_reason": "oos_experiment_baseline", "_regime_counterfactual_oos": true}	{}
ME_SHORT_GEOM_B_V1	1396511861	6348	SOLUSDT	SHORT	2026-10-04 12:13:32.765065+00	2026-10-04 12:13:32.819096+00	121.8	122.0436	120.54046920680837	121.8	122.7135	120.54046920680837	41.91	t	variant=ME_SHORT_GEOM_B_V1	TREND_UP	{"rr_ratio": 0.8494891353412449, "body_ratio": 0.9615384615384952, "volume_ratio": 1.0, "_actual_regime": "TREND_UP", "_shadow_control": true, "_rejection_stage": "regime_filter", "_required_regime": "TREND_UP", "rsi_confirmation": 0.4006888367591245, "stop_distance_atr": 0.6076073024766434, "exhaustion_magnitude": 0.2019619157530273, "_shadow_control_reason": "oos_experiment_baseline", "_regime_counterfactual_oos": true}	{}
ME_SHORT_GEOM_A_V1	1405254791	5071	SPCXUSDT	SHORT	2026-10-03 09:49:51.965458+00	2026-10-03 09:49:51.994854+00	159.09	159.40818000000002	157.9520506276449	159.09	159.40818000000002	157.9520506276449	37.62	t	variant=ME_SHORT_GEOM_A_V1	TREND_UP	{"rr_ratio": 0.9501202005703328, "body_ratio": 1.0, "volume_ratio": 0.12235274421719355, "_actual_regime": "TREND_UP", "_shadow_control": true, "_rejection_stage": "regime_filter", "_required_regime": "TREND_UP", "rsi_confirmation": 0.9457493904527079, "stop_distance_atr": 0.6491671968102111, "exhaustion_magnitude": 0.012574662055954745, "_shadow_control_reason": "oos_experiment_baseline", "_regime_counterfactual_oos": true}	{}
ME_SHORT_GEOM_B_V1	1405254791	5072	SPCXUSDT	SHORT	2026-10-03 09:49:51.965458+00	2026-10-03 09:49:51.994854+00	159.09	159.40818000000002	157.9520506276449	159.09	160.283175	157.9520506276449	37.62	t	variant=ME_SHORT_GEOM_B_V1	TREND_UP	{"rr_ratio": 0.9501202005703328, "body_ratio": 1.0, "volume_ratio": 0.12235274421719355, "_actual_regime": "TREND_UP", "_shadow_control": true, "_rejection_stage": "regime_filter", "_required_regime": "TREND_UP", "rsi_confirmation": 0.9457493904527079, "stop_distance_atr": 0.6491671968102111, "exhaustion_magnitude": 0.012574662055954745, "_shadow_control_reason": "oos_experiment_baseline", "_regime_counterfactual_oos": true}	{}
ME_SHORT_GEOM_A_V1	1405327049	3407	BTCUSDT	SHORT	2026-10-02 03:10:10.920221+00	2026-10-02 03:10:10.95534+00	85489.7	85660.6794	84304.6531982885	85489.7	85660.6794	84304.6531982885	27.38	t	variant=ME_SHORT_GEOM_A_V1	TREND_UP	{"rr_ratio": 0.5887958583541081, "body_ratio": 0.9621212121212037, "volume_ratio": 0.023331508870976864, "_actual_regime": "TREND_UP", "_shadow_control": true, "_rejection_stage": "regime_filter", "_required_regime": "TREND_UP", "rsi_confirmation": 0.14335622883601218, "stop_distance_atr": 0.4338728294300256, "exhaustion_magnitude": 0.14082177511682825, "_shadow_control_reason": "oos_experiment_baseline", "_regime_counterfactual_oos": true}	{}
ME_SHORT_GEOM_B_V1	1405327049	3408	BTCUSDT	SHORT	2026-10-02 03:10:10.920221+00	2026-10-02 03:10:10.95534+00	85489.7	85660.6794	84304.6531982885	85489.7	86130.87275	84304.6531982885	27.38	t	variant=ME_SHORT_GEOM_B_V1	TREND_UP	{"rr_ratio": 0.5887958583541081, "body_ratio": 0.9621212121212037, "volume_ratio": 0.023331508870976864, "_actual_regime": "TREND_UP", "_shadow_control": true, "_rejection_stage": "regime_filter", "_required_regime": "TREND_UP", "rsi_confirmation": 0.14335622883601218, "stop_distance_atr": 0.4338728294300256, "exhaustion_magnitude": 0.14082177511682825, "_shadow_control_reason": "oos_experiment_baseline", "_regime_counterfactual_oos": true}	{}
ME_SHORT_GEOM_A_V1	1411223613	8883	ORCAUSDT	SHORT	2026-10-06 07:40:46.773043+00	2026-10-06 07:40:46.806737+00	2.5251	2.5301502	2.2795342208386895	2.5251	2.5301502	2.2795342208386895	38.38	t	variant=ME_SHORT_GEOM_A_V1	HIGH_VOLATILITY	{"rr_ratio": 1.0, "body_ratio": 0.6949152542372975, "volume_ratio": 0.0525232183828103, "_shadow_control": true, "rsi_confirmation": 0.47637421221931503, "stop_distance_atr": 0.7861621418360791, "exhaustion_magnitude": 0.31683405069345305, "_shadow_control_reason": "oos_experiment_baseline"}	{}
ME_SHORT_GEOM_B_V1	1411223613	8884	ORCAUSDT	SHORT	2026-10-06 07:40:46.773043+00	2026-10-06 07:40:46.806737+00	2.5251	2.5301502	2.2795342208386895	2.5251	2.5440382500000003	2.2795342208386895	38.38	t	variant=ME_SHORT_GEOM_B_V1	HIGH_VOLATILITY	{"rr_ratio": 1.0, "body_ratio": 0.6949152542372975, "volume_ratio": 0.0525232183828103, "_shadow_control": true, "rsi_confirmation": 0.47637421221931503, "stop_distance_atr": 0.7861621418360791, "exhaustion_magnitude": 0.31683405069345305, "_shadow_control_reason": "oos_experiment_baseline"}	{}
ME_SHORT_GEOM_A_V1	1414827455	7899	ADAUSDT	SHORT	2026-10-05 13:22:47.780937+00	2026-10-05 13:22:47.823099+00	0.2765	0.27705300000000005	0.2669338212167769	0.2765	0.27705300000000005	0.2669338212167769	41.69	t	variant=ME_SHORT_GEOM_A_V1	HIGH_VOLATILITY	{"rr_ratio": 1.0, "body_ratio": 0.6875000000000087, "volume_ratio": 0.42489141156329946, "_shadow_control": true, "rsi_confirmation": 0.59325704450582, "stop_distance_atr": 0.7904658691354536, "exhaustion_magnitude": 0.30931586608443135, "_shadow_control_reason": "oos_experiment_baseline"}	{}
ME_SHORT_GEOM_B_V1	1414827455	7900	ADAUSDT	SHORT	2026-10-05 13:22:47.780937+00	2026-10-05 13:22:47.823099+00	0.2765	0.27705300000000005	0.2669338212167769	0.2765	0.27857375	0.2669338212167769	41.69	t	variant=ME_SHORT_GEOM_B_V1	HIGH_VOLATILITY	{"rr_ratio": 1.0, "body_ratio": 0.6875000000000087, "volume_ratio": 0.42489141156329946, "_shadow_control": true, "rsi_confirmation": 0.59325704450582, "stop_distance_atr": 0.7904658691354536, "exhaustion_magnitude": 0.30931586608443135, "_shadow_control_reason": "oos_experiment_baseline"}	{}
ME_SHORT_GEOM_A_V1	1416593028	7031	XRPUSDT	SHORT	2026-10-04 21:44:58.912604+00	2026-10-04 21:44:58.951589+00	1.513	1.5160259999999999	1.497423939995729	1.513	1.5160259999999999	1.497423939995729	31.92	t	variant=ME_SHORT_GEOM_A_V1	RANGE	{"rr_ratio": 0.6956554931005261, "body_ratio": 0.8095238095238296, "volume_ratio": 0.2991370653680193, "_shadow_control": true, "rsi_confirmation": 0.28698265995283995, "stop_distance_atr": 0.5208356195856789, "exhaustion_magnitude": 0.11925268318536589, "_shadow_control_reason": "oos_experiment_baseline"}	{}
ME_SHORT_GEOM_B_V1	1416593028	7032	XRPUSDT	SHORT	2026-10-04 21:44:58.912604+00	2026-10-04 21:44:58.951589+00	1.513	1.5160259999999999	1.497423939995729	1.513	1.5243475	1.497423939995729	31.92	t	variant=ME_SHORT_GEOM_B_V1	RANGE	{"rr_ratio": 0.6956554931005261, "body_ratio": 0.8095238095238296, "volume_ratio": 0.2991370653680193, "_shadow_control": true, "rsi_confirmation": 0.28698265995283995, "stop_distance_atr": 0.5208356195856789, "exhaustion_magnitude": 0.11925268318536589, "_shadow_control_reason": "oos_experiment_baseline"}	{}
ME_SHORT_GEOM_A_V1	1418875506	9280	MSTRUSDT	SHORT	2026-10-06 15:20:58.956582+00	2026-10-06 15:20:58.992566+00	168.86	169.19772	164.99539595497058	168.86	169.19772	164.99539595497058	32.71	t	variant=ME_SHORT_GEOM_A_V1	TREND_UP	{"rr_ratio": 0.8362010166620508, "body_ratio": 0.33333333333333337, "volume_ratio": 0.09920412858297582, "_actual_regime": "TREND_UP", "_shadow_control": true, "_rejection_stage": "regime_filter", "_required_regime": "TREND_UP", "rsi_confirmation": 0.1453833796228499, "stop_distance_atr": 0.6013717674442273, "exhaustion_magnitude": 0.38491376738080224, "_shadow_control_reason": "oos_experiment_baseline", "_regime_counterfactual_oos": true}	{}
ME_SHORT_GEOM_B_V1	1418875506	9281	MSTRUSDT	SHORT	2026-10-06 15:20:58.956582+00	2026-10-06 15:20:58.992566+00	168.86	169.19772	164.99539595497058	168.86	170.12645	164.99539595497058	32.71	t	variant=ME_SHORT_GEOM_B_V1	TREND_UP	{"rr_ratio": 0.8362010166620508, "body_ratio": 0.33333333333333337, "volume_ratio": 0.09920412858297582, "_actual_regime": "TREND_UP", "_shadow_control": true, "_rejection_stage": "regime_filter", "_required_regime": "TREND_UP", "rsi_confirmation": 0.1453833796228499, "stop_distance_atr": 0.6013717674442273, "exhaustion_magnitude": 0.38491376738080224, "_shadow_control_reason": "oos_experiment_baseline", "_regime_counterfactual_oos": true}	{}
ME_SHORT_GEOM_A_V1	1421905732	4173	SANDUSDT	SHORT	2026-10-02 14:41:51.40161+00	2026-10-02 14:41:51.431396+00	0.06782	0.06795564000000001	0.057163322256423954	0.06782	0.06795564000000001	0.057163322256423954	30.76	t	variant=ME_SHORT_GEOM_A_V1	HIGH_VOLATILITY	{"rr_ratio": 0.5139922166093557, "body_ratio": 0.3119266055045914, "volume_ratio": 0.32105748999841466, "_shadow_control": true, "rsi_confirmation": 0.34284770781239143, "stop_distance_atr": 0.3514817490190262, "exhaustion_magnitude": 1.0, "_shadow_control_reason": "oos_experiment_baseline"}	{}
ME_SHORT_GEOM_B_V1	1421905732	4174	SANDUSDT	SHORT	2026-10-02 14:41:51.40161+00	2026-10-02 14:41:51.431396+00	0.06782	0.06795564000000001	0.057163322256423954	0.06782	0.06832865	0.057163322256423954	30.76	t	variant=ME_SHORT_GEOM_B_V1	HIGH_VOLATILITY	{"rr_ratio": 0.5139922166093557, "body_ratio": 0.3119266055045914, "volume_ratio": 0.32105748999841466, "_shadow_control": true, "rsi_confirmation": 0.34284770781239143, "stop_distance_atr": 0.3514817490190262, "exhaustion_magnitude": 1.0, "_shadow_control_reason": "oos_experiment_baseline"}	{}
ME_SHORT_GEOM_A_V1	1424310163	4443	MAGMAUSDT	SHORT	2026-10-02 22:18:01.120468+00	2026-10-02 22:18:01.156888+00	0.3733	0.3740466	0.29478937817164735	0.3733	0.3740466	0.29478937817164735	30.09	t	variant=ME_SHORT_GEOM_A_V1	HIGH_VOLATILITY	{"rr_ratio": 0.5430200180490513, "body_ratio": 0.6527777777777795, "volume_ratio": 0.23123063812487576, "_shadow_control": true, "rsi_confirmation": 0.22524944284201448, "stop_distance_atr": 0.38614908796378244, "exhaustion_magnitude": 0.7201086956521775, "_shadow_control_reason": "oos_experiment_baseline"}	{}
ME_SHORT_GEOM_B_V1	1424310163	4444	MAGMAUSDT	SHORT	2026-10-02 22:18:01.120468+00	2026-10-02 22:18:01.156888+00	0.3733	0.3740466	0.29478937817164735	0.3733	0.37609975	0.29478937817164735	30.09	t	variant=ME_SHORT_GEOM_B_V1	HIGH_VOLATILITY	{"rr_ratio": 0.5430200180490513, "body_ratio": 0.6527777777777795, "volume_ratio": 0.23123063812487576, "_shadow_control": true, "rsi_confirmation": 0.22524944284201448, "stop_distance_atr": 0.38614908796378244, "exhaustion_magnitude": 0.7201086956521775, "_shadow_control_reason": "oos_experiment_baseline"}	{}
ME_SHORT_GEOM_A_V1	1431787155	6623	SOLUSDT	SHORT	2026-10-04 15:33:58.970841+00	2026-10-04 15:33:59.013682+00	122.12	122.36424000000001	120.5343770535819	122.12	122.36424000000001	120.5343770535819	25.84	t	variant=ME_SHORT_GEOM_A_V1	TREND_UP	{"rr_ratio": 0.5452595386888698, "body_ratio": 0.6000000000000568, "volume_ratio": 0.06765118389571817, "_actual_regime": "TREND_UP", "_shadow_control": true, "_rejection_stage": "regime_filter", "_required_regime": "TREND_UP", "rsi_confirmation": 0.2585177140325726, "stop_distance_atr": 0.38867033094943204, "exhaustion_magnitude": 0.13136288998358267, "_shadow_control_reason": "oos_experiment_baseline", "_regime_counterfactual_oos": true}	{}
ME_SHORT_GEOM_B_V1	1431787155	6624	SOLUSDT	SHORT	2026-10-04 15:33:58.970841+00	2026-10-04 15:33:59.013682+00	122.12	122.36424000000001	120.5343770535819	122.12	123.0359	120.5343770535819	25.84	t	variant=ME_SHORT_GEOM_B_V1	TREND_UP	{"rr_ratio": 0.5452595386888698, "body_ratio": 0.6000000000000568, "volume_ratio": 0.06765118389571817, "_actual_regime": "TREND_UP", "_shadow_control": true, "_rejection_stage": "regime_filter", "_required_regime": "TREND_UP", "rsi_confirmation": 0.2585177140325726, "stop_distance_atr": 0.38867033094943204, "exhaustion_magnitude": 0.13136288998358267, "_shadow_control_reason": "oos_experiment_baseline", "_regime_counterfactual_oos": true}	{}
ME_SHORT_GEOM_A_V1	1432781249	544	GRASSUSDT	SHORT	2026-09-29 15:12:11.377132+00	2026-09-29 15:12:11.404438+00	0.7066	0.7080132	0.6440682169048529	0.7066	0.7080132	0.6440682169048529	38.39	t	variant=ME_SHORT_GEOM_A_V1	HIGH_VOLATILITY	{"rr_ratio": 1.0, "body_ratio": 0.7352941176470608, "volume_ratio": 0.28688469061994565, "_shadow_control": true, "rsi_confirmation": 0.03045885925023602, "stop_distance_atr": 0.8728543400812468, "exhaustion_magnitude": 0.014156285390711917, "_shadow_control_reason": "oos_experiment_baseline"}	{}
ME_SHORT_GEOM_B_V1	1432781249	545	GRASSUSDT	SHORT	2026-09-29 15:12:11.377132+00	2026-09-29 15:12:11.404438+00	0.7066	0.7080132	0.6440682169048529	0.7066	0.7118995	0.6440682169048529	38.39	t	variant=ME_SHORT_GEOM_B_V1	HIGH_VOLATILITY	{"rr_ratio": 1.0, "body_ratio": 0.7352941176470608, "volume_ratio": 0.28688469061994565, "_shadow_control": true, "rsi_confirmation": 0.03045885925023602, "stop_distance_atr": 0.8728543400812468, "exhaustion_magnitude": 0.014156285390711917, "_shadow_control_reason": "oos_experiment_baseline"}	{}
ME_SHORT_GEOM_A_V1	1434359385	3686	XRPUSDT	SHORT	2026-10-02 10:08:59.784469+00	2026-10-02 10:08:59.818889+00	1.5438	1.5468876	1.5151564153048842	1.5438	1.5468876	1.5151564153048842	39.72	t	variant=ME_SHORT_GEOM_A_V1	RANGE	{"rr_ratio": 1.0, "body_ratio": 0.8684210526315943, "volume_ratio": 0.42677728507246193, "_shadow_control": true, "rsi_confirmation": 0.3146199413419803, "stop_distance_atr": 0.7528807329885774, "exhaustion_magnitude": 0.04538381742738809, "_shadow_control_reason": "oos_experiment_baseline"}	{}
ME_SHORT_GEOM_B_V1	1434359385	3687	XRPUSDT	SHORT	2026-10-02 10:08:59.784469+00	2026-10-02 10:08:59.818889+00	1.5438	1.5468876	1.5151564153048842	1.5438	1.5553785	1.5151564153048842	39.72	t	variant=ME_SHORT_GEOM_B_V1	RANGE	{"rr_ratio": 1.0, "body_ratio": 0.8684210526315943, "volume_ratio": 0.42677728507246193, "_shadow_control": true, "rsi_confirmation": 0.3146199413419803, "stop_distance_atr": 0.7528807329885774, "exhaustion_magnitude": 0.04538381742738809, "_shadow_control_reason": "oos_experiment_baseline"}	{}
ME_SHORT_GEOM_A_V1	1436326850	6806	CLUSDT	SHORT	2026-10-04 18:34:46.503879+00	2026-10-04 18:34:46.564376+00	91.88	92.06376	91.27173310471954	91.88	92.06376	91.27173310471954	26.8	t	variant=ME_SHORT_GEOM_A_V1	RANGE	{"rr_ratio": 0.3924445561913161, "body_ratio": 0.3684210526316223, "volume_ratio": 0.743521726229958, "_shadow_control": true, "rsi_confirmation": 0.38362293736196024, "stop_distance_atr": 0.15062311841361098, "exhaustion_magnitude": 0.24059492563429447, "_shadow_control_reason": "oos_experiment_baseline"}	{}
ME_SHORT_GEOM_B_V1	1436326850	6807	CLUSDT	SHORT	2026-10-04 18:34:46.503879+00	2026-10-04 18:34:46.564376+00	91.88	92.06376	91.27173310471954	91.88	92.56909999999999	91.27173310471954	26.8	t	variant=ME_SHORT_GEOM_B_V1	RANGE	{"rr_ratio": 0.3924445561913161, "body_ratio": 0.3684210526316223, "volume_ratio": 0.743521726229958, "_shadow_control": true, "rsi_confirmation": 0.38362293736196024, "stop_distance_atr": 0.15062311841361098, "exhaustion_magnitude": 0.24059492563429447, "_shadow_control_reason": "oos_experiment_baseline"}	{}
ME_SHORT_GEOM_A_V1	1438227721	6687	STRKUSDT	SHORT	2026-10-04 16:29:09.720652+00	2026-10-04 16:29:09.758747+00	0.05764	0.05775528	0.0522249964911627	0.05764	0.05775528	0.0522249964911627	42.53	t	variant=ME_SHORT_GEOM_A_V1	HIGH_VOLATILITY	{"rr_ratio": 0.9600460982724561, "body_ratio": 1.0, "volume_ratio": 0.5400196858121961, "_shadow_control": true, "rsi_confirmation": 0.05988035396586326, "stop_distance_atr": 0.6527944502528096, "exhaustion_magnitude": 0.8199612061364779, "_shadow_control_reason": "oos_experiment_baseline"}	{}
ME_SHORT_GEOM_B_V1	1438227721	6688	STRKUSDT	SHORT	2026-10-04 16:29:09.720652+00	2026-10-04 16:29:09.758747+00	0.05764	0.05775528	0.0522249964911627	0.05764	0.05807229999999999	0.0522249964911627	42.53	t	variant=ME_SHORT_GEOM_B_V1	HIGH_VOLATILITY	{"rr_ratio": 0.9600460982724561, "body_ratio": 1.0, "volume_ratio": 0.5400196858121961, "_shadow_control": true, "rsi_confirmation": 0.05988035396586326, "stop_distance_atr": 0.6527944502528096, "exhaustion_magnitude": 0.8199612061364779, "_shadow_control_reason": "oos_experiment_baseline"}	{}
ME_SHORT_GEOM_A_V1	1440852907	7102	KLACUSDT	SHORT	2026-10-04 22:05:21.728786+00	2026-10-04 22:05:21.77118+00	207.36	207.77472	206.0687261559315	207.36	207.77472	206.0687261559315	24.27	t	variant=ME_SHORT_GEOM_A_V1	TREND_UP	{"rr_ratio": 0.6228554860934643, "body_ratio": 0.0, "volume_ratio": 0.0, "_actual_regime": "TREND_UP", "_shadow_control": true, "_rejection_stage": "regime_filter", "_required_regime": "TREND_UP", "rsi_confirmation": 0.07188807454812149, "stop_distance_atr": 0.4648303807613675, "exhaustion_magnitude": 0.012059234962136744, "_shadow_control_reason": "oos_experiment_baseline", "_regime_counterfactual_oos": true}	{}
ME_SHORT_GEOM_B_V1	1440852907	7103	KLACUSDT	SHORT	2026-10-04 22:05:21.728786+00	2026-10-04 22:05:21.77118+00	207.36	207.77472	206.0687261559315	207.36	208.91520000000003	206.0687261559315	24.27	t	variant=ME_SHORT_GEOM_B_V1	TREND_UP	{"rr_ratio": 0.6228554860934643, "body_ratio": 0.0, "volume_ratio": 0.0, "_actual_regime": "TREND_UP", "_shadow_control": true, "_rejection_stage": "regime_filter", "_required_regime": "TREND_UP", "rsi_confirmation": 0.07188807454812149, "stop_distance_atr": 0.4648303807613675, "exhaustion_magnitude": 0.012059234962136744, "_shadow_control_reason": "oos_experiment_baseline", "_regime_counterfactual_oos": true}	{}
ME_SHORT_GEOM_A_V1	1457776182	8893	ORCAUSDT	SHORT	2026-10-06 07:55:46.474496+00	2026-10-06 07:55:46.508949+00	2.525	2.53005	2.2819199351244035	2.525	2.53005	2.2819199351244035	37.76	t	variant=ME_SHORT_GEOM_A_V1	HIGH_VOLATILITY	{"rr_ratio": 1.0, "body_ratio": 0.47239263803680565, "volume_ratio": 0.03152174149992044, "_shadow_control": true, "rsi_confirmation": 0.4993057864849845, "stop_distance_atr": 0.801767494979968, "exhaustion_magnitude": 0.31484138370795545, "_shadow_control_reason": "oos_experiment_baseline"}	{}
ME_SHORT_GEOM_B_V1	1457776182	8894	ORCAUSDT	SHORT	2026-10-06 07:55:46.474496+00	2026-10-06 07:55:46.508949+00	2.525	2.53005	2.2819199351244035	2.525	2.5439374999999997	2.2819199351244035	37.76	t	variant=ME_SHORT_GEOM_B_V1	HIGH_VOLATILITY	{"rr_ratio": 1.0, "body_ratio": 0.47239263803680565, "volume_ratio": 0.03152174149992044, "_shadow_control": true, "rsi_confirmation": 0.4993057864849845, "stop_distance_atr": 0.801767494979968, "exhaustion_magnitude": 0.31484138370795545, "_shadow_control_reason": "oos_experiment_baseline"}	{}
ME_SHORT_GEOM_A_V1	1461129668	6316	SOLUSDT	SHORT	2026-10-04 11:43:30.393624+00	2026-10-04 11:43:30.44005+00	121.47	121.71294	120.10050535007596	121.47	121.71294	120.10050535007596	31.99	t	variant=ME_SHORT_GEOM_A_V1	TREND_UP	{"rr_ratio": 0.6387038074800285, "body_ratio": 0.8333333333332544, "volume_ratio": 0.5940864889337997, "_actual_regime": "TREND_UP", "_shadow_control": true, "_rejection_stage": "regime_filter", "_required_regime": "TREND_UP", "rsi_confirmation": 0.013688510289326435, "stop_distance_atr": 0.4781096817811652, "exhaustion_magnitude": 0.06594674800098779, "_shadow_control_reason": "oos_experiment_baseline", "_regime_counterfactual_oos": true}	{}
ME_SHORT_GEOM_B_V1	1461129668	6317	SOLUSDT	SHORT	2026-10-04 11:43:30.393624+00	2026-10-04 11:43:30.44005+00	121.47	121.71294	120.10050535007596	121.47	122.381025	120.10050535007596	31.99	t	variant=ME_SHORT_GEOM_B_V1	TREND_UP	{"rr_ratio": 0.6387038074800285, "body_ratio": 0.8333333333332544, "volume_ratio": 0.5940864889337997, "_actual_regime": "TREND_UP", "_shadow_control": true, "_rejection_stage": "regime_filter", "_required_regime": "TREND_UP", "rsi_confirmation": 0.013688510289326435, "stop_distance_atr": 0.4781096817811652, "exhaustion_magnitude": 0.06594674800098779, "_shadow_control_reason": "oos_experiment_baseline", "_regime_counterfactual_oos": true}	{}
ME_SHORT_GEOM_A_V1	1463570730	6251	SOLUSDT	SHORT	2026-10-04 10:53:22.373336+00	2026-10-04 10:53:22.423014+00	121.43	121.67286	120.2713134597898	121.43	121.67286	120.2713134597898	36.25	t	variant=ME_SHORT_GEOM_A_V1	TREND_UP	{"rr_ratio": 1.0, "body_ratio": 0.5714285714286005, "volume_ratio": 0.1636997038502405, "_actual_regime": "TREND_UP", "_shadow_control": true, "_rejection_stage": "regime_filter", "_required_regime": "TREND_UP", "rsi_confirmation": 0.27079393253122247, "stop_distance_atr": 0.712626189040976, "exhaustion_magnitude": 0.05771291944925409, "_shadow_control_reason": "oos_experiment_baseline", "_regime_counterfactual_oos": true}	{}
ME_SHORT_GEOM_B_V1	1463570730	6252	SOLUSDT	SHORT	2026-10-04 10:53:22.373336+00	2026-10-04 10:53:22.423014+00	121.43	121.67286	120.2713134597898	121.43	122.340725	120.2713134597898	36.25	t	variant=ME_SHORT_GEOM_B_V1	TREND_UP	{"rr_ratio": 1.0, "body_ratio": 0.5714285714286005, "volume_ratio": 0.1636997038502405, "_actual_regime": "TREND_UP", "_shadow_control": true, "_rejection_stage": "regime_filter", "_required_regime": "TREND_UP", "rsi_confirmation": 0.27079393253122247, "stop_distance_atr": 0.712626189040976, "exhaustion_magnitude": 0.05771291944925409, "_shadow_control_reason": "oos_experiment_baseline", "_regime_counterfactual_oos": true}	{}
ME_SHORT_GEOM_A_V1	1471655252	5825	USELESSUSDT	SHORT	2026-10-04 04:32:39.947633+00	2026-10-04 04:32:39.97972+00	0.24366	0.24414732	0.23298986270290659	0.24366	0.24414732	0.23298986270290659	37.57	t	variant=ME_SHORT_GEOM_A_V1	RANGE	{"rr_ratio": 1.0, "body_ratio": 0.340425531914881, "volume_ratio": 0.40262174284493807, "_shadow_control": true, "rsi_confirmation": 0.018795950726752154, "stop_distance_atr": 0.8028655650198422, "exhaustion_magnitude": 0.04929751047571897, "_shadow_control_reason": "oos_experiment_baseline"}	{}
ME_SHORT_GEOM_B_V1	1471655252	5826	USELESSUSDT	SHORT	2026-10-04 04:32:39.947633+00	2026-10-04 04:32:39.97972+00	0.24366	0.24414732	0.23298986270290659	0.24366	0.24548745	0.23298986270290659	37.57	t	variant=ME_SHORT_GEOM_B_V1	RANGE	{"rr_ratio": 1.0, "body_ratio": 0.340425531914881, "volume_ratio": 0.40262174284493807, "_shadow_control": true, "rsi_confirmation": 0.018795950726752154, "stop_distance_atr": 0.8028655650198422, "exhaustion_magnitude": 0.04929751047571897, "_shadow_control_reason": "oos_experiment_baseline"}	{}
ME_SHORT_GEOM_A_V1	1472280370	1475	ASTERUSDT	SHORT	2026-09-30 15:12:53.944532+00	2026-09-30 15:12:53.979563+00	0.7766	0.7781532	0.7493835168544801	0.7766	0.7781532	0.7493835168544801	38.89	t	variant=ME_SHORT_GEOM_A_V1	HIGH_VOLATILITY	{"rr_ratio": 1.0, "body_ratio": 0.5806451612903318, "volume_ratio": 0.09897167783996838, "_shadow_control": true, "rsi_confirmation": 0.589112790430884, "stop_distance_atr": 0.8265167163351003, "exhaustion_magnitude": 0.26537216828478916, "_shadow_control_reason": "oos_experiment_baseline"}	{}
ME_SHORT_GEOM_B_V1	1472280370	1476	ASTERUSDT	SHORT	2026-09-30 15:12:53.944532+00	2026-09-30 15:12:53.979563+00	0.7766	0.7781532	0.7493835168544801	0.7766	0.7824245	0.7493835168544801	38.89	t	variant=ME_SHORT_GEOM_B_V1	HIGH_VOLATILITY	{"rr_ratio": 1.0, "body_ratio": 0.5806451612903318, "volume_ratio": 0.09897167783996838, "_shadow_control": true, "rsi_confirmation": 0.589112790430884, "stop_distance_atr": 0.8265167163351003, "exhaustion_magnitude": 0.26537216828478916, "_shadow_control_reason": "oos_experiment_baseline"}	{}
ME_SHORT_GEOM_A_V1	1472695835	7237	DOGEUSDT	SHORT	2026-10-04 23:30:23.97305+00	2026-10-04 23:30:24.012933+00	0.09651	0.09670302	0.09489429651913138	0.09651	0.09670302	0.09489429651913138	34.93	t	variant=ME_SHORT_GEOM_A_V1	RANGE	{"rr_ratio": 0.8895538253138024, "body_ratio": 0.7500000000001734, "volume_ratio": 0.00711786910716264, "_shadow_control": true, "rsi_confirmation": 0.7407262292494106, "stop_distance_atr": 0.625280310367117, "exhaustion_magnitude": 0.16112266112266357, "_shadow_control_reason": "oos_experiment_baseline"}	{}
ME_SHORT_GEOM_B_V1	1472695835	7238	DOGEUSDT	SHORT	2026-10-04 23:30:23.97305+00	2026-10-04 23:30:24.012933+00	0.09651	0.09670302	0.09489429651913138	0.09651	0.097233825	0.09489429651913138	34.93	t	variant=ME_SHORT_GEOM_B_V1	RANGE	{"rr_ratio": 0.8895538253138024, "body_ratio": 0.7500000000001734, "volume_ratio": 0.00711786910716264, "_shadow_control": true, "rsi_confirmation": 0.7407262292494106, "stop_distance_atr": 0.625280310367117, "exhaustion_magnitude": 0.16112266112266357, "_shadow_control_reason": "oos_experiment_baseline"}	{}
ME_SHORT_GEOM_A_V1	1487355669	8962	SPCXUSDT	SHORT	2026-10-06 08:55:48.035847+00	2026-10-06 08:55:48.092636+00	172.91	173.25582	170.79116334717548	172.91	173.25582	170.79116334717548	37.52	t	variant=ME_SHORT_GEOM_A_V1	TREND_UP	{"rr_ratio": 1.0, "body_ratio": 0.6363636363637538, "volume_ratio": 0.03300654236821941, "_actual_regime": "TREND_UP", "_shadow_control": true, "_rejection_stage": "regime_filter", "_required_regime": "TREND_UP", "rsi_confirmation": 0.8011486852933984, "stop_distance_atr": 0.7155463967208733, "exhaustion_magnitude": 0.15663978650577015, "_shadow_control_reason": "oos_experiment_baseline", "_regime_counterfactual_oos": true}	{}
ME_SHORT_GEOM_B_V1	1487355669	8963	SPCXUSDT	SHORT	2026-10-06 08:55:48.035847+00	2026-10-06 08:55:48.092636+00	172.91	173.25582	170.79116334717548	172.91	174.206825	170.79116334717548	37.52	t	variant=ME_SHORT_GEOM_B_V1	TREND_UP	{"rr_ratio": 1.0, "body_ratio": 0.6363636363637538, "volume_ratio": 0.03300654236821941, "_actual_regime": "TREND_UP", "_shadow_control": true, "_rejection_stage": "regime_filter", "_required_regime": "TREND_UP", "rsi_confirmation": 0.8011486852933984, "stop_distance_atr": 0.7155463967208733, "exhaustion_magnitude": 0.15663978650577015, "_shadow_control_reason": "oos_experiment_baseline", "_regime_counterfactual_oos": true}	{}
ME_SHORT_GEOM_A_V1	1487819467	9193	SPCXUSDT	SHORT	2026-10-06 13:36:39.09127+00	2026-10-06 13:36:39.14088+00	174.67	175.01934	171.3069861020122	174.67	175.01934	171.3069861020122	33.34	t	variant=ME_SHORT_GEOM_A_V1	TREND_UP	{"rr_ratio": 0.5637995703229502, "body_ratio": 0.6533333333333264, "volume_ratio": 0.7497525643090653, "_actual_regime": "TREND_UP", "_shadow_control": true, "_rejection_stage": "regime_filter", "_required_regime": "TREND_UP", "rsi_confirmation": 0.5227618655840331, "stop_distance_atr": 0.40877334627553075, "exhaustion_magnitude": 0.25317912423039174, "_shadow_control_reason": "oos_experiment_baseline", "_regime_counterfactual_oos": true}	{}
ME_SHORT_GEOM_B_V1	1487819467	9194	SPCXUSDT	SHORT	2026-10-06 13:36:39.09127+00	2026-10-06 13:36:39.14088+00	174.67	175.01934	171.3069861020122	174.67	175.98002499999998	171.3069861020122	33.34	t	variant=ME_SHORT_GEOM_B_V1	TREND_UP	{"rr_ratio": 0.5637995703229502, "body_ratio": 0.6533333333333264, "volume_ratio": 0.7497525643090653, "_actual_regime": "TREND_UP", "_shadow_control": true, "_rejection_stage": "regime_filter", "_required_regime": "TREND_UP", "rsi_confirmation": 0.5227618655840331, "stop_distance_atr": 0.40877334627553075, "exhaustion_magnitude": 0.25317912423039174, "_shadow_control_reason": "oos_experiment_baseline", "_regime_counterfactual_oos": true}	{}
ME_SHORT_GEOM_A_V1	1488958383	5757	STRKUSDT	SHORT	2026-10-04 03:07:15.791297+00	2026-10-04 03:07:15.820865+00	0.05363	0.053737259999999995	0.0494872915131603	0.05363	0.053737259999999995	0.0494872915131603	36.75	t	variant=ME_SHORT_GEOM_A_V1	HIGH_VOLATILITY	{"rr_ratio": 1.0, "body_ratio": 0.3548387096774186, "volume_ratio": 0.24220072094106765, "_shadow_control": true, "rsi_confirmation": 0.3498603084380117, "stop_distance_atr": 0.7092788493649005, "exhaustion_magnitude": 0.12149532710280203, "_shadow_control_reason": "oos_experiment_baseline"}	{}
ME_SHORT_GEOM_B_V1	1488958383	5758	STRKUSDT	SHORT	2026-10-04 03:07:15.791297+00	2026-10-04 03:07:15.820865+00	0.05363	0.053737259999999995	0.0494872915131603	0.05363	0.054032224999999996	0.0494872915131603	36.75	t	variant=ME_SHORT_GEOM_B_V1	HIGH_VOLATILITY	{"rr_ratio": 1.0, "body_ratio": 0.3548387096774186, "volume_ratio": 0.24220072094106765, "_shadow_control": true, "rsi_confirmation": 0.3498603084380117, "stop_distance_atr": 0.7092788493649005, "exhaustion_magnitude": 0.12149532710280203, "_shadow_control_reason": "oos_experiment_baseline"}	{}
ME_SHORT_GEOM_A_V1	1495916507	3840	WLDUSDT	SHORT	2026-10-02 11:44:22.472142+00	2026-10-02 11:44:22.508409+00	0.545	0.5460900000000001	0.5212901455860581	0.545	0.5460900000000001	0.5212901455860581	44.79	t	variant=ME_SHORT_GEOM_A_V1	HIGH_VOLATILITY	{"rr_ratio": 1.0, "body_ratio": 1.0, "volume_ratio": 0.8202231192426193, "_shadow_control": true, "rsi_confirmation": 0.18392685552908386, "stop_distance_atr": 0.9031395797644057, "exhaustion_magnitude": 0.12877115526122773, "_shadow_control_reason": "oos_experiment_baseline"}	{}
ME_SHORT_GEOM_B_V1	1495916507	3841	WLDUSDT	SHORT	2026-10-02 11:44:22.472142+00	2026-10-02 11:44:22.508409+00	0.545	0.5460900000000001	0.5212901455860581	0.545	0.5490875000000001	0.5212901455860581	44.79	t	variant=ME_SHORT_GEOM_B_V1	HIGH_VOLATILITY	{"rr_ratio": 1.0, "body_ratio": 1.0, "volume_ratio": 0.8202231192426193, "_shadow_control": true, "rsi_confirmation": 0.18392685552908386, "stop_distance_atr": 0.9031395797644057, "exhaustion_magnitude": 0.12877115526122773, "_shadow_control_reason": "oos_experiment_baseline"}	{}
ME_SHORT_GEOM_A_V1	1505442013	1208	QNTUSDT	SHORT	2026-09-30 10:53:03.364843+00	2026-09-30 10:53:03.394433+00	298.47	299.06694000000005	260.7064449960306	298.47	299.06694000000005	260.7064449960306	38.37	t	variant=ME_SHORT_GEOM_A_V1	HIGH_VOLATILITY	{"rr_ratio": 1.0, "body_ratio": 0.9403794037940305, "volume_ratio": 0.167382244831426, "_shadow_control": true, "rsi_confirmation": 0.0003500105944359196, "stop_distance_atr": 0.8313119953237703, "exhaustion_magnitude": 0.17989240080700236, "_shadow_control_reason": "oos_experiment_baseline"}	{}
ME_SHORT_GEOM_B_V1	1505442013	1209	QNTUSDT	SHORT	2026-09-30 10:53:03.364843+00	2026-09-30 10:53:03.394433+00	298.47	299.06694000000005	260.7064449960306	298.47	300.708525	260.7064449960306	38.37	t	variant=ME_SHORT_GEOM_B_V1	HIGH_VOLATILITY	{"rr_ratio": 1.0, "body_ratio": 0.9403794037940305, "volume_ratio": 0.167382244831426, "_shadow_control": true, "rsi_confirmation": 0.0003500105944359196, "stop_distance_atr": 0.8313119953237703, "exhaustion_magnitude": 0.17989240080700236, "_shadow_control_reason": "oos_experiment_baseline"}	{}
ME_SHORT_GEOM_A_V1	1510840013	4277	SANDUSDT	SHORT	2026-10-02 17:21:57.160312+00	2026-10-02 17:21:57.211092+00	0.0655	0.06563100000000001	0.05732345862357585	0.0655	0.06563100000000001	0.05732345862357585	38.98	t	variant=ME_SHORT_GEOM_A_V1	HIGH_VOLATILITY	{"rr_ratio": 1.0, "body_ratio": 0.75, "volume_ratio": 0.23278338551633465, "_shadow_control": true, "rsi_confirmation": 0.17391794800892815, "stop_distance_atr": 0.7425279124005593, "exhaustion_magnitude": 0.3846153846153849, "_shadow_control_reason": "oos_experiment_baseline"}	{}
ME_SHORT_GEOM_B_V1	1510840013	4278	SANDUSDT	SHORT	2026-10-02 17:21:57.160312+00	2026-10-02 17:21:57.211092+00	0.0655	0.06563100000000001	0.05732345862357585	0.0655	0.06599125	0.05732345862357585	38.98	t	variant=ME_SHORT_GEOM_B_V1	HIGH_VOLATILITY	{"rr_ratio": 1.0, "body_ratio": 0.75, "volume_ratio": 0.23278338551633465, "_shadow_control": true, "rsi_confirmation": 0.17391794800892815, "stop_distance_atr": 0.7425279124005593, "exhaustion_magnitude": 0.3846153846153849, "_shadow_control_reason": "oos_experiment_baseline"}	{}
ME_SHORT_GEOM_A_V1	1516150456	1438	ASTERUSDT	SHORT	2026-09-30 14:23:50.482279+00	2026-09-30 14:23:50.50688+00	0.7794	0.7809588	0.7438899412535472	0.7794	0.7809588	0.7438899412535472	36.22	t	variant=ME_SHORT_GEOM_A_V1	HIGH_VOLATILITY	{"rr_ratio": 0.6999046377689209, "body_ratio": 0.607142857142859, "volume_ratio": 0.704284366487134, "_shadow_control": true, "rsi_confirmation": 0.2648541316863316, "stop_distance_atr": 0.5237446427046171, "exhaustion_magnitude": 0.44660194174757395, "_shadow_control_reason": "oos_experiment_baseline"}	{}
ME_SHORT_GEOM_B_V1	1516150456	1439	ASTERUSDT	SHORT	2026-09-30 14:23:50.482279+00	2026-09-30 14:23:50.50688+00	0.7794	0.7809588	0.7438899412535472	0.7794	0.7852454999999999	0.7438899412535472	36.22	t	variant=ME_SHORT_GEOM_B_V1	HIGH_VOLATILITY	{"rr_ratio": 0.6999046377689209, "body_ratio": 0.607142857142859, "volume_ratio": 0.704284366487134, "_shadow_control": true, "rsi_confirmation": 0.2648541316863316, "stop_distance_atr": 0.5237446427046171, "exhaustion_magnitude": 0.44660194174757395, "_shadow_control_reason": "oos_experiment_baseline"}	{}
ME_SHORT_GEOM_A_V1	1522672123	8941	SPCXUSDT	SHORT	2026-10-06 08:20:42.186299+00	2026-10-06 08:20:42.231364+00	173.29	173.63657999999998	170.5354490614612	173.29	173.63657999999998	170.5354490614612	27.93	t	variant=ME_SHORT_GEOM_A_V1	TREND_UP	{"rr_ratio": 0.5233942047049899, "body_ratio": 1.0, "volume_ratio": 0.02869407028049951, "_actual_regime": "TREND_UP", "_shadow_control": true, "_rejection_stage": "regime_filter", "_required_regime": "TREND_UP", "rsi_confirmation": 0.6290600374244841, "stop_distance_atr": 0.36313140203526806, "exhaustion_magnitude": 0.26686778441723835, "_shadow_control_reason": "oos_experiment_baseline", "_regime_counterfactual_oos": true}	{}
ME_SHORT_GEOM_B_V1	1522672123	8942	SPCXUSDT	SHORT	2026-10-06 08:20:42.186299+00	2026-10-06 08:20:42.231364+00	173.29	173.63657999999998	170.5354490614612	173.29	174.589675	170.5354490614612	27.93	t	variant=ME_SHORT_GEOM_B_V1	TREND_UP	{"rr_ratio": 0.5233942047049899, "body_ratio": 1.0, "volume_ratio": 0.02869407028049951, "_actual_regime": "TREND_UP", "_shadow_control": true, "_rejection_stage": "regime_filter", "_required_regime": "TREND_UP", "rsi_confirmation": 0.6290600374244841, "stop_distance_atr": 0.36313140203526806, "exhaustion_magnitude": 0.26686778441723835, "_shadow_control_reason": "oos_experiment_baseline", "_regime_counterfactual_oos": true}	{}
ME_SHORT_GEOM_A_V1	1523066988	9238	AVAXUSDT	SHORT	2026-10-06 14:11:47.480647+00	2026-10-06 14:11:47.525737+00	11.439	11.461878	11.164617294552851	11.439	11.461878	11.164617294552851	38.77	t	variant=ME_SHORT_GEOM_A_V1	TREND_UP	{"rr_ratio": 1.0, "body_ratio": 0.9615384615384825, "volume_ratio": 0.16661720611576325, "_actual_regime": "TREND_UP", "_shadow_control": true, "_rejection_stage": "regime_filter", "_required_regime": "TREND_UP", "rsi_confirmation": 0.11282859778004592, "stop_distance_atr": 0.8495332730078846, "exhaustion_magnitude": 0.1446607048921597, "_shadow_control_reason": "oos_experiment_baseline", "_regime_counterfactual_oos": true}	{}
ME_SHORT_GEOM_B_V1	1523066988	9239	AVAXUSDT	SHORT	2026-10-06 14:11:47.480647+00	2026-10-06 14:11:47.525737+00	11.439	11.461878	11.164617294552851	11.439	11.5247925	11.164617294552851	38.77	t	variant=ME_SHORT_GEOM_B_V1	TREND_UP	{"rr_ratio": 1.0, "body_ratio": 0.9615384615384825, "volume_ratio": 0.16661720611576325, "_actual_regime": "TREND_UP", "_shadow_control": true, "_rejection_stage": "regime_filter", "_required_regime": "TREND_UP", "rsi_confirmation": 0.11282859778004592, "stop_distance_atr": 0.8495332730078846, "exhaustion_magnitude": 0.1446607048921597, "_shadow_control_reason": "oos_experiment_baseline", "_regime_counterfactual_oos": true}	{}
ME_SHORT_GEOM_A_V1	1528009043	5764	STRKUSDT	SHORT	2026-10-04 03:12:17.094882+00	2026-10-04 03:12:17.126632+00	0.05363	0.053737259999999995	0.0493072915131603	0.05363	0.053737259999999995	0.0493072915131603	37.05	t	variant=ME_SHORT_GEOM_A_V1	HIGH_VOLATILITY	{"rr_ratio": 1.0, "body_ratio": 0.47272727272727044, "volume_ratio": 0.3114410786400504, "_shadow_control": true, "rsi_confirmation": 0.2753039084473926, "stop_distance_atr": 0.6707602827151279, "exhaustion_magnitude": 0.12149532710280203, "_shadow_control_reason": "oos_experiment_baseline"}	{}
ME_SHORT_GEOM_B_V1	1528009043	5765	STRKUSDT	SHORT	2026-10-04 03:12:17.094882+00	2026-10-04 03:12:17.126632+00	0.05363	0.053737259999999995	0.0493072915131603	0.05363	0.054032224999999996	0.0493072915131603	37.05	t	variant=ME_SHORT_GEOM_B_V1	HIGH_VOLATILITY	{"rr_ratio": 1.0, "body_ratio": 0.47272727272727044, "volume_ratio": 0.3114410786400504, "_shadow_control": true, "rsi_confirmation": 0.2753039084473926, "stop_distance_atr": 0.6707602827151279, "exhaustion_magnitude": 0.12149532710280203, "_shadow_control_reason": "oos_experiment_baseline"}	{}
ME_SHORT_GEOM_A_V1	1529676284	3858	WLDUSDT	SHORT	2026-10-02 11:54:24.649531+00	2026-10-02 11:54:24.67743+00	0.545	0.5460900000000001	0.519190145586058	0.545	0.5460900000000001	0.519190145586058	38.17	t	variant=ME_SHORT_GEOM_A_V1	HIGH_VOLATILITY	{"rr_ratio": 1.0, "body_ratio": 0.5833333333333449, "volume_ratio": 0.2912432246943211, "_shadow_control": true, "rsi_confirmation": 0.11491722646782894, "stop_distance_atr": 0.8102597247439695, "exhaustion_magnitude": 0.12877115526122773, "_shadow_control_reason": "oos_experiment_baseline"}	{}
ME_SHORT_GEOM_B_V1	1529676284	3859	WLDUSDT	SHORT	2026-10-02 11:54:24.649531+00	2026-10-02 11:54:24.67743+00	0.545	0.5460900000000001	0.519190145586058	0.545	0.5490875000000001	0.519190145586058	38.17	t	variant=ME_SHORT_GEOM_B_V1	HIGH_VOLATILITY	{"rr_ratio": 1.0, "body_ratio": 0.5833333333333449, "volume_ratio": 0.2912432246943211, "_shadow_control": true, "rsi_confirmation": 0.11491722646782894, "stop_distance_atr": 0.8102597247439695, "exhaustion_magnitude": 0.12877115526122773, "_shadow_control_reason": "oos_experiment_baseline"}	{}
ME_SHORT_GEOM_A_V1	1530030763	5939	STRKUSDT	SHORT	2026-10-04 06:12:42.323885+00	2026-10-04 06:12:42.358896+00	0.0543	0.0544086	0.04985581150003519	0.0543	0.0544086	0.04985581150003519	36.83	t	variant=ME_SHORT_GEOM_A_V1	HIGH_VOLATILITY	{"rr_ratio": 0.9223312096543657, "body_ratio": 0.38888888888885464, "volume_ratio": 0.1323610846853089, "_shadow_control": true, "rsi_confirmation": 0.21500537990251115, "stop_distance_atr": 0.6385969271729981, "exhaustion_magnitude": 0.7476635514018711, "_shadow_control_reason": "oos_experiment_baseline"}	{}
ME_SHORT_GEOM_B_V1	1530030763	5940	STRKUSDT	SHORT	2026-10-04 06:12:42.323885+00	2026-10-04 06:12:42.358896+00	0.0543	0.0544086	0.04985581150003519	0.0543	0.05470725	0.04985581150003519	36.83	t	variant=ME_SHORT_GEOM_B_V1	HIGH_VOLATILITY	{"rr_ratio": 0.9223312096543657, "body_ratio": 0.38888888888885464, "volume_ratio": 0.1323610846853089, "_shadow_control": true, "rsi_confirmation": 0.21500537990251115, "stop_distance_atr": 0.6385969271729981, "exhaustion_magnitude": 0.7476635514018711, "_shadow_control_reason": "oos_experiment_baseline"}	{}
ME_SHORT_GEOM_A_V1	1531465044	2829	MONUSDT	SHORT	2026-10-01 17:39:20.734627+00	2026-10-01 17:39:20.769875+00	0.03486	0.034929720000000004	0.03208516305859687	0.03486	0.034929720000000004	0.03208516305859687	45.45	t	variant=ME_SHORT_GEOM_A_V1	HIGH_VOLATILITY	{"rr_ratio": 1.0, "body_ratio": 0.6666666666666621, "volume_ratio": 0.9837137022287842, "_shadow_control": true, "rsi_confirmation": 0.2139193456521639, "stop_distance_atr": 0.7550284705847408, "exhaustion_magnitude": 0.4778453518679466, "_shadow_control_reason": "oos_experiment_baseline"}	{}
ME_SHORT_GEOM_B_V1	1531465044	2830	MONUSDT	SHORT	2026-10-01 17:39:20.734627+00	2026-10-01 17:39:20.769875+00	0.03486	0.034929720000000004	0.03208516305859687	0.03486	0.035121450000000005	0.03208516305859687	45.45	t	variant=ME_SHORT_GEOM_B_V1	HIGH_VOLATILITY	{"rr_ratio": 1.0, "body_ratio": 0.6666666666666621, "volume_ratio": 0.9837137022287842, "_shadow_control": true, "rsi_confirmation": 0.2139193456521639, "stop_distance_atr": 0.7550284705847408, "exhaustion_magnitude": 0.4778453518679466, "_shadow_control_reason": "oos_experiment_baseline"}	{}
ME_SHORT_GEOM_A_V1	1531654094	5233	SPCXUSDT	SHORT	2026-10-03 13:35:29.345095+00	2026-10-03 13:35:29.38492+00	159.27	159.58854000000002	158.32186053740085	159.27	159.58854000000002	158.32186053740085	29.47	t	variant=ME_SHORT_GEOM_A_V1	TREND_UP	{"rr_ratio": 0.7260998164961195, "body_ratio": 0.0, "volume_ratio": 0.0, "_actual_regime": "TREND_UP", "_shadow_control": true, "_rejection_stage": "regime_filter", "_required_regime": "TREND_UP", "rsi_confirmation": 1.0, "stop_distance_atr": 0.5409262944840334, "exhaustion_magnitude": 0.03455642121136392, "_shadow_control_reason": "oos_experiment_baseline", "_regime_counterfactual_oos": true}	{}
ME_SHORT_GEOM_B_V1	1531654094	5234	SPCXUSDT	SHORT	2026-10-03 13:35:29.345095+00	2026-10-03 13:35:29.38492+00	159.27	159.58854000000002	158.32186053740085	159.27	160.464525	158.32186053740085	29.47	t	variant=ME_SHORT_GEOM_B_V1	TREND_UP	{"rr_ratio": 0.7260998164961195, "body_ratio": 0.0, "volume_ratio": 0.0, "_actual_regime": "TREND_UP", "_shadow_control": true, "_rejection_stage": "regime_filter", "_required_regime": "TREND_UP", "rsi_confirmation": 1.0, "stop_distance_atr": 0.5409262944840334, "exhaustion_magnitude": 0.03455642121136392, "_shadow_control_reason": "oos_experiment_baseline", "_regime_counterfactual_oos": true}	{}
ME_SHORT_GEOM_A_V1	1536118540	2997	MONUSDT	SHORT	2026-10-01 20:09:37.709697+00	2026-10-01 20:09:37.740389+00	0.03524	0.03531048	0.03237843097342542	0.03524	0.03531048	0.03237843097342542	40.84	t	variant=ME_SHORT_GEOM_A_V1	HIGH_VOLATILITY	{"rr_ratio": 0.9030669241366381, "body_ratio": 0.4848484848485014, "volume_ratio": 0.5201165394130262, "_shadow_control": true, "rsi_confirmation": 0.12374057647421069, "stop_distance_atr": 0.6308874520545513, "exhaustion_magnitude": 1.0, "_shadow_control_reason": "oos_experiment_baseline"}	{}
ME_SHORT_GEOM_B_V1	1536118540	2998	MONUSDT	SHORT	2026-10-01 20:09:37.709697+00	2026-10-01 20:09:37.740389+00	0.03524	0.03531048	0.03237843097342542	0.03524	0.0355043	0.03237843097342542	40.84	t	variant=ME_SHORT_GEOM_B_V1	HIGH_VOLATILITY	{"rr_ratio": 0.9030669241366381, "body_ratio": 0.4848484848485014, "volume_ratio": 0.5201165394130262, "_shadow_control": true, "rsi_confirmation": 0.12374057647421069, "stop_distance_atr": 0.6308874520545513, "exhaustion_magnitude": 1.0, "_shadow_control_reason": "oos_experiment_baseline"}	{}
ME_SHORT_GEOM_A_V1	1536253663	4032	MSTRUSDT	SHORT	2026-10-02 12:51:42.027906+00	2026-10-02 12:51:42.062315+00	168.28	168.61656	162.08894268385257	168.28	168.61656	162.08894268385257	26.94	t	variant=ME_SHORT_GEOM_A_V1	TREND_UP	{"rr_ratio": 0.479602837989489, "body_ratio": 0.9534883720930002, "volume_ratio": 0.07295957163677841, "_actual_regime": "TREND_UP", "_shadow_control": true, "_rejection_stage": "regime_filter", "_required_regime": "TREND_UP", "rsi_confirmation": 0.32101167560345706, "stop_distance_atr": 0.30498048191149707, "exhaustion_magnitude": 0.458770614692654, "_shadow_control_reason": "oos_experiment_baseline", "_regime_counterfactual_oos": true}	{}
ME_SHORT_GEOM_B_V1	1536253663	4033	MSTRUSDT	SHORT	2026-10-02 12:51:42.027906+00	2026-10-02 12:51:42.062315+00	168.28	168.61656	162.08894268385257	168.28	169.5421	162.08894268385257	26.94	t	variant=ME_SHORT_GEOM_B_V1	TREND_UP	{"rr_ratio": 0.479602837989489, "body_ratio": 0.9534883720930002, "volume_ratio": 0.07295957163677841, "_actual_regime": "TREND_UP", "_shadow_control": true, "_rejection_stage": "regime_filter", "_required_regime": "TREND_UP", "rsi_confirmation": 0.32101167560345706, "stop_distance_atr": 0.30498048191149707, "exhaustion_magnitude": 0.458770614692654, "_shadow_control_reason": "oos_experiment_baseline", "_regime_counterfactual_oos": true}	{}
ME_SHORT_GEOM_A_V1	1540356901	12468	NMRUSDT	SHORT	2026-10-07 03:17:57.711751+00	2026-10-07 03:17:57.742858+00	16.643	16.676286	14.862836971099844	16.643	16.676286	14.862836971099844	36.22	t	variant=ME_SHORT_GEOM_A_V1	HIGH_VOLATILITY	{"rr_ratio": 1.0, "body_ratio": 0.4651162790697527, "volume_ratio": 0.0772103909136381, "_shadow_control": true, "rsi_confirmation": 0.03573514776726464, "stop_distance_atr": 0.8855148521129327, "exhaustion_magnitude": 0.04811451253985022, "_shadow_control_reason": "oos_experiment_baseline"}	{}
ME_SHORT_GEOM_B_V1	1540356901	12469	NMRUSDT	SHORT	2026-10-07 03:17:57.711751+00	2026-10-07 03:17:57.742858+00	16.643	16.676286	14.862836971099844	16.643	16.7678225	14.862836971099844	36.22	t	variant=ME_SHORT_GEOM_B_V1	HIGH_VOLATILITY	{"rr_ratio": 1.0, "body_ratio": 0.4651162790697527, "volume_ratio": 0.0772103909136381, "_shadow_control": true, "rsi_confirmation": 0.03573514776726464, "stop_distance_atr": 0.8855148521129327, "exhaustion_magnitude": 0.04811451253985022, "_shadow_control_reason": "oos_experiment_baseline"}	{}
ME_SHORT_GEOM_A_V1	1551826584	754	SOONUSDT	SHORT	2026-09-29 23:26:49.365292+00	2026-09-29 23:26:49.413509+00	0.4344	0.4352688	0.37132045512278516	0.4344	0.4352688	0.37132045512278516	36.78	t	variant=ME_SHORT_GEOM_A_V1	HIGH_VOLATILITY	{"rr_ratio": 0.7235522998759617, "body_ratio": 0.718750000000012, "volume_ratio": 0.3181271597842767, "_shadow_control": true, "rsi_confirmation": 0.2780607913105636, "stop_distance_atr": 0.5393099664108916, "exhaustion_magnitude": 1.0, "_shadow_control_reason": "oos_experiment_baseline"}	{}
ME_SHORT_GEOM_B_V1	1551826584	755	SOONUSDT	SHORT	2026-09-29 23:26:49.365292+00	2026-09-29 23:26:49.413509+00	0.4344	0.4352688	0.37132045512278516	0.4344	0.437658	0.37132045512278516	36.78	t	variant=ME_SHORT_GEOM_B_V1	HIGH_VOLATILITY	{"rr_ratio": 0.7235522998759617, "body_ratio": 0.718750000000012, "volume_ratio": 0.3181271597842767, "_shadow_control": true, "rsi_confirmation": 0.2780607913105636, "stop_distance_atr": 0.5393099664108916, "exhaustion_magnitude": 1.0, "_shadow_control_reason": "oos_experiment_baseline"}	{}
ME_SHORT_GEOM_A_V1	1557145578	6714	BTCUSDT	SHORT	2026-10-04 17:09:12.292412+00	2026-10-04 17:09:12.335715+00	85400.0	85570.8	84948.23242236133	85400.0	85570.8	84948.23242236133	25.61	t	variant=ME_SHORT_GEOM_A_V1	TREND_UP	{"rr_ratio": 0.5252621398961321, "body_ratio": 0.5132275132276423, "volume_ratio": 0.25422761443504066, "_actual_regime": "TREND_UP", "_shadow_control": true, "_rejection_stage": "regime_filter", "_required_regime": "TREND_UP", "rsi_confirmation": 0.05504100676032332, "stop_distance_atr": 0.3653962316810948, "exhaustion_magnitude": 0.06671653796276708, "_shadow_control_reason": "oos_experiment_baseline", "_regime_counterfactual_oos": true}	{}
ME_SHORT_GEOM_B_V1	1557145578	6715	BTCUSDT	SHORT	2026-10-04 17:09:12.292412+00	2026-10-04 17:09:12.335715+00	85400.0	85570.8	84948.23242236133	85400.0	86040.5	84948.23242236133	25.61	t	variant=ME_SHORT_GEOM_B_V1	TREND_UP	{"rr_ratio": 0.5252621398961321, "body_ratio": 0.5132275132276423, "volume_ratio": 0.25422761443504066, "_actual_regime": "TREND_UP", "_shadow_control": true, "_rejection_stage": "regime_filter", "_required_regime": "TREND_UP", "rsi_confirmation": 0.05504100676032332, "stop_distance_atr": 0.3653962316810948, "exhaustion_magnitude": 0.06671653796276708, "_shadow_control_reason": "oos_experiment_baseline", "_regime_counterfactual_oos": true}	{}
ME_SHORT_GEOM_A_V1	1559521780	3542	ZROUSDT	SHORT	2026-10-02 05:55:47.774873+00	2026-10-02 05:55:47.804636+00	1.9192	1.9230384	1.7772702568044223	1.9192	1.9230384	1.7772702568044223	38.93	t	variant=ME_SHORT_GEOM_A_V1	HIGH_VOLATILITY	{"rr_ratio": 0.9406944461538124, "body_ratio": 0.8641975308642125, "volume_ratio": 0.09120162623570297, "_shadow_control": true, "rsi_confirmation": 0.013697134380500605, "stop_distance_atr": 0.6456518535894167, "exhaustion_magnitude": 1.0, "_shadow_control_reason": "oos_experiment_baseline"}	{}
ME_SHORT_GEOM_B_V1	1559521780	3543	ZROUSDT	SHORT	2026-10-02 05:55:47.774873+00	2026-10-02 05:55:47.804636+00	1.9192	1.9230384	1.7772702568044223	1.9192	1.933594	1.7772702568044223	38.93	t	variant=ME_SHORT_GEOM_B_V1	HIGH_VOLATILITY	{"rr_ratio": 0.9406944461538124, "body_ratio": 0.8641975308642125, "volume_ratio": 0.09120162623570297, "_shadow_control": true, "rsi_confirmation": 0.013697134380500605, "stop_distance_atr": 0.6456518535894167, "exhaustion_magnitude": 1.0, "_shadow_control_reason": "oos_experiment_baseline"}	{}
ME_SHORT_GEOM_A_V1	1564349599	9562	PONSUSDT	SHORT	2026-10-06 18:56:38.737753+00	2026-10-06 18:56:38.76611+00	0.4202	0.42104040000000004	0.39643961987189213	0.4202	0.42104040000000004	0.39643961987189213	37.33	t	variant=ME_SHORT_GEOM_A_V1	HIGH_VOLATILITY	{"rr_ratio": 1.0, "body_ratio": 0.5, "volume_ratio": 0.0793877022496224, "_shadow_control": true, "rsi_confirmation": 0.11031490221970065, "stop_distance_atr": 0.9143703685008707, "exhaustion_magnitude": 0.14319809069212822, "_shadow_control_reason": "oos_experiment_baseline"}	{}
ME_SHORT_GEOM_B_V1	1564349599	9563	PONSUSDT	SHORT	2026-10-06 18:56:38.737753+00	2026-10-06 18:56:38.76611+00	0.4202	0.42104040000000004	0.39643961987189213	0.4202	0.4233515	0.39643961987189213	37.33	t	variant=ME_SHORT_GEOM_B_V1	HIGH_VOLATILITY	{"rr_ratio": 1.0, "body_ratio": 0.5, "volume_ratio": 0.0793877022496224, "_shadow_control": true, "rsi_confirmation": 0.11031490221970065, "stop_distance_atr": 0.9143703685008707, "exhaustion_magnitude": 0.14319809069212822, "_shadow_control_reason": "oos_experiment_baseline"}	{}
ME_SHORT_GEOM_A_V1	1565527146	7027	KLACUSDT	SHORT	2026-10-04 21:35:13.582492+00	2026-10-04 21:35:13.623673+00	207.49	207.90498000000002	206.2076391943064	207.49	207.90498000000002	206.2076391943064	27.31	t	variant=ME_SHORT_GEOM_A_V1	TREND_UP	{"rr_ratio": 0.7048336976852875, "body_ratio": 0.0, "volume_ratio": 0.0, "_actual_regime": "TREND_UP", "_shadow_control": true, "_rejection_stage": "regime_filter", "_required_regime": "TREND_UP", "rsi_confirmation": 0.41563173483560073, "stop_distance_atr": 0.5270752030897257, "exhaustion_magnitude": 0.04341324586368405, "_shadow_control_reason": "oos_experiment_baseline", "_regime_counterfactual_oos": true}	{}
ME_SHORT_GEOM_B_V1	1565527146	7028	KLACUSDT	SHORT	2026-10-04 21:35:13.582492+00	2026-10-04 21:35:13.623673+00	207.49	207.90498000000002	206.2076391943064	207.49	209.046175	206.2076391943064	27.31	t	variant=ME_SHORT_GEOM_B_V1	TREND_UP	{"rr_ratio": 0.7048336976852875, "body_ratio": 0.0, "volume_ratio": 0.0, "_actual_regime": "TREND_UP", "_shadow_control": true, "_rejection_stage": "regime_filter", "_required_regime": "TREND_UP", "rsi_confirmation": 0.41563173483560073, "stop_distance_atr": 0.5270752030897257, "exhaustion_magnitude": 0.04341324586368405, "_shadow_control_reason": "oos_experiment_baseline", "_regime_counterfactual_oos": true}	{}
ME_SHORT_GEOM_A_V1	1572796583	4156	ZROUSDT	SHORT	2026-10-02 14:11:58.261471+00	2026-10-02 14:11:58.284319+00	1.9602	1.9641203999999999	1.8346674588663106	1.9602	1.9641203999999999	1.8346674588663106	39.47	t	variant=ME_SHORT_GEOM_A_V1	HIGH_VOLATILITY	{"rr_ratio": 1.0, "body_ratio": 0.44206008583691114, "volume_ratio": 0.32854860081938375, "_shadow_control": true, "rsi_confirmation": 0.16331816444204605, "stop_distance_atr": 0.7423516440194065, "exhaustion_magnitude": 0.5206185567010307, "_shadow_control_reason": "oos_experiment_baseline"}	{}
ME_SHORT_GEOM_B_V1	1572796583	4157	ZROUSDT	SHORT	2026-10-02 14:11:58.261471+00	2026-10-02 14:11:58.284319+00	1.9602	1.9641203999999999	1.8346674588663106	1.9602	1.9749014999999999	1.8346674588663106	39.47	t	variant=ME_SHORT_GEOM_B_V1	HIGH_VOLATILITY	{"rr_ratio": 1.0, "body_ratio": 0.44206008583691114, "volume_ratio": 0.32854860081938375, "_shadow_control": true, "rsi_confirmation": 0.16331816444204605, "stop_distance_atr": 0.7423516440194065, "exhaustion_magnitude": 0.5206185567010307, "_shadow_control_reason": "oos_experiment_baseline"}	{}
ME_SHORT_GEOM_A_V1	1572995661	7036	HYPEUSDT	SHORT	2026-10-04 21:45:02.39905+00	2026-10-04 21:45:02.452786+00	90.91	91.09182	89.71406278889599	90.91	91.09182	89.71406278889599	35.07	t	variant=ME_SHORT_GEOM_A_V1	TREND_UP	{"rr_ratio": 0.7301940709122671, "body_ratio": 0.7894736842104909, "volume_ratio": 0.6744112433320459, "_actual_regime": "TREND_UP", "_shadow_control": true, "_rejection_stage": "regime_filter", "_required_regime": "TREND_UP", "rsi_confirmation": 0.13931095553598993, "stop_distance_atr": 0.5435003561219238, "exhaustion_magnitude": 0.09919541496748187, "_shadow_control_reason": "oos_experiment_baseline", "_regime_counterfactual_oos": true}	{}
ME_SHORT_GEOM_B_V1	1572995661	7037	HYPEUSDT	SHORT	2026-10-04 21:45:02.39905+00	2026-10-04 21:45:02.452786+00	90.91	91.09182	89.71406278889599	90.91	91.591825	89.71406278889599	35.07	t	variant=ME_SHORT_GEOM_B_V1	TREND_UP	{"rr_ratio": 0.7301940709122671, "body_ratio": 0.7894736842104909, "volume_ratio": 0.6744112433320459, "_actual_regime": "TREND_UP", "_shadow_control": true, "_rejection_stage": "regime_filter", "_required_regime": "TREND_UP", "rsi_confirmation": 0.13931095553598993, "stop_distance_atr": 0.5435003561219238, "exhaustion_magnitude": 0.09919541496748187, "_shadow_control_reason": "oos_experiment_baseline", "_regime_counterfactual_oos": true}	{}
ME_SHORT_GEOM_A_V1	1574949684	7564	NILUSDT	SHORT	2026-10-05 06:51:56.670215+00	2026-10-05 06:51:56.717017+00	0.10889	0.10910778	0.09972384371840078	0.10889	0.10910778	0.09972384371840078	41.88	t	variant=ME_SHORT_GEOM_A_V1	HIGH_VOLATILITY	{"rr_ratio": 1.0, "body_ratio": 0.5280000000000058, "volume_ratio": 0.2987104668313399, "_shadow_control": true, "rsi_confirmation": 0.8462181706533121, "stop_distance_atr": 0.835184428704203, "exhaustion_magnitude": 0.4027032031105331, "_shadow_control_reason": "oos_experiment_baseline"}	{}
ME_SHORT_GEOM_B_V1	1574949684	7565	NILUSDT	SHORT	2026-10-05 06:51:56.670215+00	2026-10-05 06:51:56.717017+00	0.10889	0.10910778	0.09972384371840078	0.10889	0.109706675	0.09972384371840078	41.88	t	variant=ME_SHORT_GEOM_B_V1	HIGH_VOLATILITY	{"rr_ratio": 1.0, "body_ratio": 0.5280000000000058, "volume_ratio": 0.2987104668313399, "_shadow_control": true, "rsi_confirmation": 0.8462181706533121, "stop_distance_atr": 0.835184428704203, "exhaustion_magnitude": 0.4027032031105331, "_shadow_control_reason": "oos_experiment_baseline"}	{}
ME_SHORT_GEOM_A_V1	1576006710	4198	KORUUSDT	SHORT	2026-10-02 15:17:11.542763+00	2026-10-02 15:17:11.568972+00	22.97	23.01594	21.770463229004424	22.97	23.01594	21.770463229004424	30.35	t	variant=ME_SHORT_GEOM_A_V1	HIGH_VOLATILITY	{"rr_ratio": 0.5576803672830388, "body_ratio": 0.5333333333333381, "volume_ratio": 0.10854315734254634, "_shadow_control": true, "rsi_confirmation": 0.16496591201531222, "stop_distance_atr": 0.40228605328658185, "exhaustion_magnitude": 1.0, "_shadow_control_reason": "oos_experiment_baseline"}	{}
ME_SHORT_GEOM_B_V1	1576006710	4199	KORUUSDT	SHORT	2026-10-02 15:17:11.542763+00	2026-10-02 15:17:11.568972+00	22.97	23.01594	21.770463229004424	22.97	23.142274999999998	21.770463229004424	30.35	t	variant=ME_SHORT_GEOM_B_V1	HIGH_VOLATILITY	{"rr_ratio": 0.5576803672830388, "body_ratio": 0.5333333333333381, "volume_ratio": 0.10854315734254634, "_shadow_control": true, "rsi_confirmation": 0.16496591201531222, "stop_distance_atr": 0.40228605328658185, "exhaustion_magnitude": 1.0, "_shadow_control_reason": "oos_experiment_baseline"}	{}
ME_SHORT_GEOM_A_V1	1578223594	4054	MSTRUSDT	SHORT	2026-10-02 13:11:45.667535+00	2026-10-02 13:11:45.729312+00	166.83	167.16366000000002	162.6897321960652	166.83	167.16366000000002	162.6897321960652	36.19	t	variant=ME_SHORT_GEOM_A_V1	TREND_UP	{"rr_ratio": 1.0, "body_ratio": 0.5833333333333728, "volume_ratio": 0.022373201420390402, "_actual_regime": "TREND_UP", "_shadow_control": true, "_rejection_stage": "regime_filter", "_required_regime": "TREND_UP", "rsi_confirmation": 0.4005162030868822, "stop_distance_atr": 0.7941765822967981, "exhaustion_magnitude": 0.02398800599700525, "_shadow_control_reason": "oos_experiment_baseline", "_regime_counterfactual_oos": true}	{}
ME_SHORT_GEOM_B_V1	1578223594	4055	MSTRUSDT	SHORT	2026-10-02 13:11:45.667535+00	2026-10-02 13:11:45.729312+00	166.83	167.16366000000002	162.6897321960652	166.83	168.08122500000002	162.6897321960652	36.19	t	variant=ME_SHORT_GEOM_B_V1	TREND_UP	{"rr_ratio": 1.0, "body_ratio": 0.5833333333333728, "volume_ratio": 0.022373201420390402, "_actual_regime": "TREND_UP", "_shadow_control": true, "_rejection_stage": "regime_filter", "_required_regime": "TREND_UP", "rsi_confirmation": 0.4005162030868822, "stop_distance_atr": 0.7941765822967981, "exhaustion_magnitude": 0.02398800599700525, "_shadow_control_reason": "oos_experiment_baseline", "_regime_counterfactual_oos": true}	{}
ME_SHORT_GEOM_A_V1	1579097149	1898	MOVRUSDT	SHORT	2026-10-01 00:48:12.676893+00	2026-10-01 00:48:12.710783+00	2.345	2.3496900000000003	1.904487008067704	2.345	2.3496900000000003	1.904487008067704	42.42	t	variant=ME_SHORT_GEOM_A_V1	HIGH_VOLATILITY	{"rr_ratio": 0.9494136397046562, "body_ratio": 0.7297297297297229, "volume_ratio": 0.21318991500185502, "_shadow_control": true, "rsi_confirmation": 0.9301449905916551, "stop_distance_atr": 0.6489061043645563, "exhaustion_magnitude": 1.0, "_shadow_control_reason": "oos_experiment_baseline"}	{}
ME_SHORT_GEOM_B_V1	1579097149	1899	MOVRUSDT	SHORT	2026-10-01 00:48:12.676893+00	2026-10-01 00:48:12.710783+00	2.345	2.3496900000000003	1.904487008067704	2.345	2.3625875	1.904487008067704	42.42	t	variant=ME_SHORT_GEOM_B_V1	HIGH_VOLATILITY	{"rr_ratio": 0.9494136397046562, "body_ratio": 0.7297297297297229, "volume_ratio": 0.21318991500185502, "_shadow_control": true, "rsi_confirmation": 0.9301449905916551, "stop_distance_atr": 0.6489061043645563, "exhaustion_magnitude": 1.0, "_shadow_control_reason": "oos_experiment_baseline"}	{}
ME_SHORT_GEOM_A_V1	1580214075	7778	XAGUSDT	SHORT	2026-10-05 11:02:32.947349+00	2026-10-05 11:02:32.997623+00	61.98	62.103959999999994	61.32536368678012	61.98	62.103959999999994	61.32536368678012	38.18	t	variant=ME_SHORT_GEOM_A_V1	RANGE	{"rr_ratio": 0.7304972307207332, "body_ratio": 0.6666666666666403, "volume_ratio": 1.0, "_shadow_control": true, "rsi_confirmation": 0.2718067658482444, "stop_distance_atr": 0.5436898056349166, "exhaustion_magnitude": 0.19436345966957796, "_shadow_control_reason": "oos_experiment_baseline"}	{}
ME_SHORT_GEOM_B_V1	1580214075	7779	XAGUSDT	SHORT	2026-10-05 11:02:32.947349+00	2026-10-05 11:02:32.997623+00	61.98	62.103959999999994	61.32536368678012	61.98	62.444849999999995	61.32536368678012	38.18	t	variant=ME_SHORT_GEOM_B_V1	RANGE	{"rr_ratio": 0.7304972307207332, "body_ratio": 0.6666666666666403, "volume_ratio": 1.0, "_shadow_control": true, "rsi_confirmation": 0.2718067658482444, "stop_distance_atr": 0.5436898056349166, "exhaustion_magnitude": 0.19436345966957796, "_shadow_control_reason": "oos_experiment_baseline"}	{}
ME_SHORT_GEOM_A_V1	1582881812	7169	KLACUSDT	SHORT	2026-10-04 22:35:25.687016+00	2026-10-04 22:35:25.729303+00	208.03	208.44606	206.4872975845029	208.03	208.44606	206.4872975845029	24.71	t	variant=ME_SHORT_GEOM_A_V1	TREND_UP	{"rr_ratio": 0.541825239925784, "body_ratio": 0.0, "volume_ratio": 0.0, "_actual_regime": "TREND_UP", "_shadow_control": true, "_rejection_stage": "regime_filter", "_required_regime": "TREND_UP", "rsi_confirmation": 0.6211667658643525, "stop_distance_atr": 0.38479548612575865, "exhaustion_magnitude": 0.17365298345472935, "_shadow_control_reason": "oos_experiment_baseline", "_regime_counterfactual_oos": true}	{}
ME_SHORT_GEOM_B_V1	1582881812	7170	KLACUSDT	SHORT	2026-10-04 22:35:25.687016+00	2026-10-04 22:35:25.729303+00	208.03	208.44606	206.4872975845029	208.03	209.590225	206.4872975845029	24.71	t	variant=ME_SHORT_GEOM_B_V1	TREND_UP	{"rr_ratio": 0.541825239925784, "body_ratio": 0.0, "volume_ratio": 0.0, "_actual_regime": "TREND_UP", "_shadow_control": true, "_rejection_stage": "regime_filter", "_required_regime": "TREND_UP", "rsi_confirmation": 0.6211667658643525, "stop_distance_atr": 0.38479548612575865, "exhaustion_magnitude": 0.17365298345472935, "_shadow_control_reason": "oos_experiment_baseline", "_regime_counterfactual_oos": true}	{}
ME_SHORT_GEOM_A_V1	1591235531	8878	ORCAUSDT	SHORT	2026-10-06 07:25:44.830032+00	2026-10-06 07:25:44.867155+00	2.5693	2.5744386	2.294348506552975	2.5693	2.5744386	2.294348506552975	38.98	t	variant=ME_SHORT_GEOM_A_V1	HIGH_VOLATILITY	{"rr_ratio": 0.9208998801115938, "body_ratio": 0.5542168674699124, "volume_ratio": 0.045607456185475174, "_shadow_control": true, "rsi_confirmation": 0.5852923120158512, "stop_distance_atr": 0.6380352082433324, "exhaustion_magnitude": 1.0, "_shadow_control_reason": "oos_experiment_baseline"}	{}
ME_SHORT_GEOM_B_V1	1591235531	8879	ORCAUSDT	SHORT	2026-10-06 07:25:44.830032+00	2026-10-06 07:25:44.867155+00	2.5693	2.5744386	2.294348506552975	2.5693	2.58856975	2.294348506552975	38.98	t	variant=ME_SHORT_GEOM_B_V1	HIGH_VOLATILITY	{"rr_ratio": 0.9208998801115938, "body_ratio": 0.5542168674699124, "volume_ratio": 0.045607456185475174, "_shadow_control": true, "rsi_confirmation": 0.5852923120158512, "stop_distance_atr": 0.6380352082433324, "exhaustion_magnitude": 1.0, "_shadow_control_reason": "oos_experiment_baseline"}	{}
ME_SHORT_GEOM_A_V1	1593377456	679	SOONUSDT	SHORT	2026-09-29 21:26:35.903544+00	2026-09-29 21:26:35.929695+00	0.4219	0.4227438	0.36231780576630274	0.4219	0.4227438	0.36231780576630274	35.41	t	variant=ME_SHORT_GEOM_A_V1	HIGH_VOLATILITY	{"rr_ratio": 0.9542053770758452, "body_ratio": 0.41176470588234526, "volume_ratio": 0.18096098781264386, "_shadow_control": true, "rsi_confirmation": 0.15748259070225856, "stop_distance_atr": 0.6506691941363498, "exhaustion_magnitude": 0.2860548271752102, "_shadow_control_reason": "oos_experiment_baseline"}	{}
ME_SHORT_GEOM_B_V1	1593377456	680	SOONUSDT	SHORT	2026-09-29 21:26:35.903544+00	2026-09-29 21:26:35.929695+00	0.4219	0.4227438	0.36231780576630274	0.4219	0.42506425	0.36231780576630274	35.41	t	variant=ME_SHORT_GEOM_B_V1	HIGH_VOLATILITY	{"rr_ratio": 0.9542053770758452, "body_ratio": 0.41176470588234526, "volume_ratio": 0.18096098781264386, "_shadow_control": true, "rsi_confirmation": 0.15748259070225856, "stop_distance_atr": 0.6506691941363498, "exhaustion_magnitude": 0.2860548271752102, "_shadow_control_reason": "oos_experiment_baseline"}	{}
ME_SHORT_GEOM_A_V1	1594417951	1529	ASTERUSDT	SHORT	2026-09-30 16:23:02.113189+00	2026-09-30 16:23:02.150333+00	0.7746	0.7761492	0.7473173477685875	0.7746	0.7761492	0.7473173477685875	39.22	t	variant=ME_SHORT_GEOM_A_V1	HIGH_VOLATILITY	{"rr_ratio": 1.0, "body_ratio": 0.4999999999999801, "volume_ratio": 0.33231367215428365, "_shadow_control": true, "rsi_confirmation": 0.4184268905674704, "stop_distance_atr": 0.812656378856544, "exhaustion_magnitude": 0.1359223300970868, "_shadow_control_reason": "oos_experiment_baseline"}	{}
ME_SHORT_GEOM_B_V1	1594417951	1530	ASTERUSDT	SHORT	2026-09-30 16:23:02.113189+00	2026-09-30 16:23:02.150333+00	0.7746	0.7761492	0.7473173477685875	0.7746	0.7804095	0.7473173477685875	39.22	t	variant=ME_SHORT_GEOM_B_V1	HIGH_VOLATILITY	{"rr_ratio": 1.0, "body_ratio": 0.4999999999999801, "volume_ratio": 0.33231367215428365, "_shadow_control": true, "rsi_confirmation": 0.4184268905674704, "stop_distance_atr": 0.812656378856544, "exhaustion_magnitude": 0.1359223300970868, "_shadow_control_reason": "oos_experiment_baseline"}	{}
ME_SHORT_GEOM_A_V1	1600987334	5855	STRKUSDT	SHORT	2026-10-04 04:57:30.706508+00	2026-10-04 04:57:30.748394+00	0.05408	0.054188160000000006	0.04988585235349539	0.05408	0.054188160000000006	0.04988585235349539	39.47	t	variant=ME_SHORT_GEOM_A_V1	HIGH_VOLATILITY	{"rr_ratio": 1.0, "body_ratio": 0.7500000000000433, "volume_ratio": 0.10993966485558596, "_shadow_control": true, "rsi_confirmation": 0.35013505635333025, "stop_distance_atr": 0.7580472642828249, "exhaustion_magnitude": 0.542056074766359, "_shadow_control_reason": "oos_experiment_baseline"}	{}
ME_SHORT_GEOM_B_V1	1600987334	5856	STRKUSDT	SHORT	2026-10-04 04:57:30.706508+00	2026-10-04 04:57:30.748394+00	0.05408	0.054188160000000006	0.04988585235349539	0.05408	0.0544856	0.04988585235349539	39.47	t	variant=ME_SHORT_GEOM_B_V1	HIGH_VOLATILITY	{"rr_ratio": 1.0, "body_ratio": 0.7500000000000433, "volume_ratio": 0.10993966485558596, "_shadow_control": true, "rsi_confirmation": 0.35013505635333025, "stop_distance_atr": 0.7580472642828249, "exhaustion_magnitude": 0.542056074766359, "_shadow_control_reason": "oos_experiment_baseline"}	{}
ME_SHORT_GEOM_A_V1	1606339295	3245	MSTRUSDT	SHORT	2026-10-02 00:20:12.093137+00	2026-10-02 00:20:12.138005+00	161.93	162.25386	158.07544239280816	161.93	162.25386	158.07544239280816	37.71	t	variant=ME_SHORT_GEOM_A_V1	RANGE	{"rr_ratio": 1.0, "body_ratio": 1.0, "volume_ratio": 0.00012774733867052906, "_shadow_control": true, "rsi_confirmation": 0.30539447786593427, "stop_distance_atr": 0.8077189547071124, "exhaustion_magnitude": 0.14244132036911128, "_shadow_control_reason": "oos_experiment_baseline"}	{}
ME_SHORT_GEOM_B_V1	1606339295	3246	MSTRUSDT	SHORT	2026-10-02 00:20:12.093137+00	2026-10-02 00:20:12.138005+00	161.93	162.25386	158.07544239280816	161.93	163.144475	158.07544239280816	37.71	t	variant=ME_SHORT_GEOM_B_V1	RANGE	{"rr_ratio": 1.0, "body_ratio": 1.0, "volume_ratio": 0.00012774733867052906, "_shadow_control": true, "rsi_confirmation": 0.30539447786593427, "stop_distance_atr": 0.8077189547071124, "exhaustion_magnitude": 0.14244132036911128, "_shadow_control_reason": "oos_experiment_baseline"}	{}
ME_SHORT_GEOM_A_V1	1606753004	6524	STRKUSDT	SHORT	2026-10-04 14:18:52.874554+00	2026-10-04 14:18:52.917772+00	0.0565	0.056613000000000004	0.05256713890098509	0.0565	0.056613000000000004	0.05256713890098509	37.62	t	variant=ME_SHORT_GEOM_A_V1	HIGH_VOLATILITY	{"rr_ratio": 1.0, "body_ratio": 0.4634146341463472, "volume_ratio": 0.15760718247101912, "_shadow_control": true, "rsi_confirmation": 0.3253201907130375, "stop_distance_atr": 0.8863154993423797, "exhaustion_magnitude": 0.02656277669559257, "_shadow_control_reason": "oos_experiment_baseline"}	{}
ME_SHORT_GEOM_B_V1	1606753004	6525	STRKUSDT	SHORT	2026-10-04 14:18:52.874554+00	2026-10-04 14:18:52.917772+00	0.0565	0.056613000000000004	0.05256713890098509	0.0565	0.05692375	0.05256713890098509	37.62	t	variant=ME_SHORT_GEOM_B_V1	HIGH_VOLATILITY	{"rr_ratio": 1.0, "body_ratio": 0.4634146341463472, "volume_ratio": 0.15760718247101912, "_shadow_control": true, "rsi_confirmation": 0.3253201907130375, "stop_distance_atr": 0.8863154993423797, "exhaustion_magnitude": 0.02656277669559257, "_shadow_control_reason": "oos_experiment_baseline"}	{}
ME_SHORT_GEOM_A_V1	1609529830	6975	HYPEUSDT	SHORT	2026-10-04 21:19:54.466084+00	2026-10-04 21:19:54.525143+00	90.94	91.12188	89.96406278889599	90.94	91.12188	89.96406278889599	38.94	t	variant=ME_SHORT_GEOM_A_V1	TREND_UP	{"rr_ratio": 1.0, "body_ratio": 0.6666666666666667, "volume_ratio": 0.3035226328217579, "_actual_regime": "TREND_UP", "_shadow_control": true, "_rejection_stage": "regime_filter", "_required_regime": "TREND_UP", "rsi_confirmation": 0.39253901247828743, "stop_distance_atr": 0.7760105031149787, "exhaustion_magnitude": 0.11572798412873016, "_shadow_control_reason": "oos_experiment_baseline", "_regime_counterfactual_oos": true}	{}
ME_SHORT_GEOM_B_V1	1609529830	6976	HYPEUSDT	SHORT	2026-10-04 21:19:54.466084+00	2026-10-04 21:19:54.525143+00	90.94	91.12188	89.96406278889599	90.94	91.62205	89.96406278889599	38.94	t	variant=ME_SHORT_GEOM_B_V1	TREND_UP	{"rr_ratio": 1.0, "body_ratio": 0.6666666666666667, "volume_ratio": 0.3035226328217579, "_actual_regime": "TREND_UP", "_shadow_control": true, "_rejection_stage": "regime_filter", "_required_regime": "TREND_UP", "rsi_confirmation": 0.39253901247828743, "stop_distance_atr": 0.7760105031149787, "exhaustion_magnitude": 0.11572798412873016, "_shadow_control_reason": "oos_experiment_baseline", "_regime_counterfactual_oos": true}	{}
ME_SHORT_GEOM_A_V1	1610457262	7053	HYPEUSDT	SHORT	2026-10-04 21:55:03.302069+00	2026-10-04 21:55:03.367017+00	90.85	91.0317	89.69406278889599	90.85	91.0317	89.69406278889599	28.51	t	variant=ME_SHORT_GEOM_A_V1	TREND_UP	{"rr_ratio": 0.8049844363067051, "body_ratio": 0.0, "volume_ratio": 0.0, "_actual_regime": "TREND_UP", "_shadow_control": true, "_rejection_stage": "regime_filter", "_required_regime": "TREND_UP", "rsi_confirmation": 0.08307452286320256, "stop_distance_atr": 0.5859133191907699, "exhaustion_magnitude": 0.0661302766449853, "_shadow_control_reason": "oos_experiment_baseline", "_regime_counterfactual_oos": true}	{}
ME_SHORT_GEOM_B_V1	1610457262	7054	HYPEUSDT	SHORT	2026-10-04 21:55:03.302069+00	2026-10-04 21:55:03.367017+00	90.85	91.0317	89.69406278889599	90.85	91.531375	89.69406278889599	28.51	t	variant=ME_SHORT_GEOM_B_V1	TREND_UP	{"rr_ratio": 0.8049844363067051, "body_ratio": 0.0, "volume_ratio": 0.0, "_actual_regime": "TREND_UP", "_shadow_control": true, "_rejection_stage": "regime_filter", "_required_regime": "TREND_UP", "rsi_confirmation": 0.08307452286320256, "stop_distance_atr": 0.5859133191907699, "exhaustion_magnitude": 0.0661302766449853, "_shadow_control_reason": "oos_experiment_baseline", "_regime_counterfactual_oos": true}	{}
ME_SHORT_GEOM_A_V1	1611301468	8073	NILUSDT	SHORT	2026-10-05 17:08:39.633914+00	2026-10-05 17:08:39.681827+00	0.10924	0.10945848000000001	0.10013048548219763	0.10924	0.10945848000000001	0.10013048548219763	43.6	t	variant=ME_SHORT_GEOM_A_V1	HIGH_VOLATILITY	{"rr_ratio": 1.0, "body_ratio": 0.9928057553956863, "volume_ratio": 0.6739027005782308, "_shadow_control": true, "rsi_confirmation": 0.3555654490850581, "stop_distance_atr": 0.8609832124327781, "exhaustion_magnitude": 0.11009174311926793, "_shadow_control_reason": "oos_experiment_baseline"}	{}
ME_SHORT_GEOM_B_V1	1611301468	8074	NILUSDT	SHORT	2026-10-05 17:08:39.633914+00	2026-10-05 17:08:39.681827+00	0.10924	0.10945848000000001	0.10013048548219763	0.10924	0.1100593	0.10013048548219763	43.6	t	variant=ME_SHORT_GEOM_B_V1	HIGH_VOLATILITY	{"rr_ratio": 1.0, "body_ratio": 0.9928057553956863, "volume_ratio": 0.6739027005782308, "_shadow_control": true, "rsi_confirmation": 0.3555654490850581, "stop_distance_atr": 0.8609832124327781, "exhaustion_magnitude": 0.11009174311926793, "_shadow_control_reason": "oos_experiment_baseline"}	{}
ME_SHORT_GEOM_A_V1	1612379477	7005	XRPUSDT	SHORT	2026-10-04 21:29:54.741194+00	2026-10-04 21:29:54.7795+00	1.5129	1.5159258	1.4975382257100147	1.5129	1.5159258	1.4975382257100147	32.98	t	variant=ME_SHORT_GEOM_A_V1	RANGE	{"rr_ratio": 0.7187438800957408, "body_ratio": 1.0, "volume_ratio": 0.297487829409248, "_shadow_control": true, "rsi_confirmation": 0.2932208811136197, "stop_distance_atr": 0.5362279352014381, "exhaustion_magnitude": 0.11594010865243927, "_shadow_control_reason": "oos_experiment_baseline"}	{}
ME_SHORT_GEOM_B_V1	1612379477	7006	XRPUSDT	SHORT	2026-10-04 21:29:54.741194+00	2026-10-04 21:29:54.7795+00	1.5129	1.5159258	1.4975382257100147	1.5129	1.5242467499999999	1.4975382257100147	32.98	t	variant=ME_SHORT_GEOM_B_V1	RANGE	{"rr_ratio": 0.7187438800957408, "body_ratio": 1.0, "volume_ratio": 0.297487829409248, "_shadow_control": true, "rsi_confirmation": 0.2932208811136197, "stop_distance_atr": 0.5362279352014381, "exhaustion_magnitude": 0.11594010865243927, "_shadow_control_reason": "oos_experiment_baseline"}	{}
ME_SHORT_GEOM_A_V1	1613931491	5646	MONUSDT	SHORT	2026-10-04 01:37:12.928611+00	2026-10-04 01:37:12.966527+00	0.03456	0.03462912	0.03293812409294487	0.03456	0.03462912	0.03293812409294487	39.49	t	variant=ME_SHORT_GEOM_A_V1	HIGH_VOLATILITY	{"rr_ratio": 1.0, "body_ratio": 0.9230769230769026, "volume_ratio": 0.20892904251143699, "_shadow_control": true, "rsi_confirmation": 0.14716941078474596, "stop_distance_atr": 0.8588815709841885, "exhaustion_magnitude": 0.20337013364323248, "_shadow_control_reason": "oos_experiment_baseline"}	{}
ME_SHORT_GEOM_B_V1	1613931491	5647	MONUSDT	SHORT	2026-10-04 01:37:12.928611+00	2026-10-04 01:37:12.966527+00	0.03456	0.03462912	0.03293812409294487	0.03456	0.0348192	0.03293812409294487	39.49	t	variant=ME_SHORT_GEOM_B_V1	HIGH_VOLATILITY	{"rr_ratio": 1.0, "body_ratio": 0.9230769230769026, "volume_ratio": 0.20892904251143699, "_shadow_control": true, "rsi_confirmation": 0.14716941078474596, "stop_distance_atr": 0.8588815709841885, "exhaustion_magnitude": 0.20337013364323248, "_shadow_control_reason": "oos_experiment_baseline"}	{}
ME_SHORT_GEOM_A_V1	1618637515	6321	AXSUSDT	SHORT	2026-10-04 11:43:42.695972+00	2026-10-04 11:43:42.736044+00	1.4055	1.4083109999999999	1.3097486647525511	1.4055	1.4083109999999999	1.3097486647525511	36.86	t	variant=ME_SHORT_GEOM_A_V1	HIGH_VOLATILITY	{"rr_ratio": 1.0, "body_ratio": 0.8048780487804819, "volume_ratio": 0.1450381903696976, "_shadow_control": true, "rsi_confirmation": 0.12441290320767848, "stop_distance_atr": 0.7274288437694139, "exhaustion_magnitude": 0.12839717526214595, "_shadow_control_reason": "oos_experiment_baseline"}	{}
ME_SHORT_GEOM_B_V1	1618637515	6322	AXSUSDT	SHORT	2026-10-04 11:43:42.695972+00	2026-10-04 11:43:42.736044+00	1.4055	1.4083109999999999	1.3097486647525511	1.4055	1.41604125	1.3097486647525511	36.86	t	variant=ME_SHORT_GEOM_B_V1	HIGH_VOLATILITY	{"rr_ratio": 1.0, "body_ratio": 0.8048780487804819, "volume_ratio": 0.1450381903696976, "_shadow_control": true, "rsi_confirmation": 0.12441290320767848, "stop_distance_atr": 0.7274288437694139, "exhaustion_magnitude": 0.12839717526214595, "_shadow_control_reason": "oos_experiment_baseline"}	{}
ME_SHORT_GEOM_A_V1	1621564867	7579	NILUSDT	SHORT	2026-10-05 06:56:57.941193+00	2026-10-05 06:56:57.981165+00	0.109	0.109218	0.09959812943268649	0.109	0.109218	0.09959812943268649	41.31	t	variant=ME_SHORT_GEOM_A_V1	HIGH_VOLATILITY	{"rr_ratio": 1.0, "body_ratio": 0.7808219178082265, "volume_ratio": 0.1358517026706398, "_shadow_control": true, "rsi_confirmation": 0.8420333840304816, "stop_distance_atr": 0.808222891200893, "exhaustion_magnitude": 0.45361970005554286, "_shadow_control_reason": "oos_experiment_baseline"}	{}
ME_SHORT_GEOM_B_V1	1621564867	7580	NILUSDT	SHORT	2026-10-05 06:56:57.941193+00	2026-10-05 06:56:57.981165+00	0.109	0.109218	0.09959812943268649	0.109	0.1098175	0.09959812943268649	41.31	t	variant=ME_SHORT_GEOM_B_V1	HIGH_VOLATILITY	{"rr_ratio": 1.0, "body_ratio": 0.7808219178082265, "volume_ratio": 0.1358517026706398, "_shadow_control": true, "rsi_confirmation": 0.8420333840304816, "stop_distance_atr": 0.808222891200893, "exhaustion_magnitude": 0.45361970005554286, "_shadow_control_reason": "oos_experiment_baseline"}	{}
ME_SHORT_GEOM_A_V1	1621968238	9137	RLCUSDT	SHORT	2026-10-06 12:30:51.337533+00	2026-10-06 12:30:51.366074+00	1.039	1.041078	0.8164885417829271	1.039	1.041078	0.8164885417829271	34.4	t	variant=ME_SHORT_GEOM_A_V1	HIGH_VOLATILITY	{"rr_ratio": 0.6924984617148223, "body_ratio": 0.37815126050420134, "volume_ratio": 0.1504144828962288, "_shadow_control": true, "rsi_confirmation": 0.4956493393035762, "stop_distance_atr": 0.5186511569889908, "exhaustion_magnitude": 1.0, "_shadow_control_reason": "oos_experiment_baseline"}	{}
ME_SHORT_GEOM_B_V1	1621968238	9138	RLCUSDT	SHORT	2026-10-06 12:30:51.337533+00	2026-10-06 12:30:51.366074+00	1.039	1.041078	0.8164885417829271	1.039	1.0467925	0.8164885417829271	34.4	t	variant=ME_SHORT_GEOM_B_V1	HIGH_VOLATILITY	{"rr_ratio": 0.6924984617148223, "body_ratio": 0.37815126050420134, "volume_ratio": 0.1504144828962288, "_shadow_control": true, "rsi_confirmation": 0.4956493393035762, "stop_distance_atr": 0.5186511569889908, "exhaustion_magnitude": 1.0, "_shadow_control_reason": "oos_experiment_baseline"}	{}
ME_SHORT_GEOM_A_V1	1634687391	7019	KLACUSDT	SHORT	2026-10-04 21:30:13.894133+00	2026-10-04 21:30:13.94625+00	207.49	207.90498000000002	206.2776391943064	207.49	207.90498000000002	206.2776391943064	34.96	t	variant=ME_SHORT_GEOM_A_V1	TREND_UP	{"rr_ratio": 0.8087083004853287, "body_ratio": 1.0, "volume_ratio": 0.25839222614840984, "_actual_regime": "TREND_UP", "_shadow_control": true, "_rejection_stage": "regime_filter", "_required_regime": "TREND_UP", "rsi_confirmation": 0.5556135202424192, "stop_distance_atr": 0.5878200667245661, "exhaustion_magnitude": 0.04341324586368405, "_shadow_control_reason": "oos_experiment_baseline", "_regime_counterfactual_oos": true}	{}
ME_SHORT_GEOM_B_V1	1634687391	7020	KLACUSDT	SHORT	2026-10-04 21:30:13.894133+00	2026-10-04 21:30:13.94625+00	207.49	207.90498000000002	206.2776391943064	207.49	209.046175	206.2776391943064	34.96	t	variant=ME_SHORT_GEOM_B_V1	TREND_UP	{"rr_ratio": 0.8087083004853287, "body_ratio": 1.0, "volume_ratio": 0.25839222614840984, "_actual_regime": "TREND_UP", "_shadow_control": true, "_rejection_stage": "regime_filter", "_required_regime": "TREND_UP", "rsi_confirmation": 0.5556135202424192, "stop_distance_atr": 0.5878200667245661, "exhaustion_magnitude": 0.04341324586368405, "_shadow_control_reason": "oos_experiment_baseline", "_regime_counterfactual_oos": true}	{}
ME_SHORT_GEOM_A_V1	1638200009	481	CRVUSDT	SHORT	2026-09-29 13:57:00.949239+00	2026-09-29 13:57:00.98581+00	0.4031	0.4039062	0.38012685494881016	0.4031	0.4039062	0.38012685494881016	36.78	t	variant=ME_SHORT_GEOM_A_V1	HIGH_VOLATILITY	{"rr_ratio": 1.0, "body_ratio": 0.3333333333332922, "volume_ratio": 0.06611389256689139, "_shadow_control": true, "rsi_confirmation": 0.3849177588275732, "stop_distance_atr": 0.7973918671193412, "exhaustion_magnitude": 0.224271118863696, "_shadow_control_reason": "oos_experiment_baseline"}	{}
ME_SHORT_GEOM_B_V1	1638200009	482	CRVUSDT	SHORT	2026-09-29 13:57:00.949239+00	2026-09-29 13:57:00.98581+00	0.4031	0.4039062	0.38012685494881016	0.4031	0.40612325	0.38012685494881016	36.78	t	variant=ME_SHORT_GEOM_B_V1	HIGH_VOLATILITY	{"rr_ratio": 1.0, "body_ratio": 0.3333333333332922, "volume_ratio": 0.06611389256689139, "_shadow_control": true, "rsi_confirmation": 0.3849177588275732, "stop_distance_atr": 0.7973918671193412, "exhaustion_magnitude": 0.224271118863696, "_shadow_control_reason": "oos_experiment_baseline"}	{}
ME_SHORT_GEOM_A_V1	1650106028	7888	ADAUSDT	SHORT	2026-10-05 13:12:46.784096+00	2026-10-05 13:12:46.828301+00	0.2753	0.2758506	0.2661052497882055	0.2753	0.2758506	0.2661052497882055	39.75	t	variant=ME_SHORT_GEOM_A_V1	HIGH_VOLATILITY	{"rr_ratio": 1.0, "body_ratio": 0.5454545454545409, "volume_ratio": 0.3743636325013029, "_shadow_control": true, "rsi_confirmation": 0.5203265378351755, "stop_distance_atr": 0.8107812977913263, "exhaustion_magnitude": 0.09097525473071333, "_shadow_control_reason": "oos_experiment_baseline"}	{}
ME_SHORT_GEOM_B_V1	1650106028	7889	ADAUSDT	SHORT	2026-10-05 13:12:46.784096+00	2026-10-05 13:12:46.828301+00	0.2753	0.2758506	0.2661052497882055	0.2753	0.27736475	0.2661052497882055	39.75	t	variant=ME_SHORT_GEOM_B_V1	HIGH_VOLATILITY	{"rr_ratio": 1.0, "body_ratio": 0.5454545454545409, "volume_ratio": 0.3743636325013029, "_shadow_control": true, "rsi_confirmation": 0.5203265378351755, "stop_distance_atr": 0.8107812977913263, "exhaustion_magnitude": 0.09097525473071333, "_shadow_control_reason": "oos_experiment_baseline"}	{}
ME_SHORT_GEOM_A_V1	1650714246	5114	SPCXUSDT	SHORT	2026-10-03 10:14:56.468359+00	2026-10-03 10:14:56.513919+00	159.1	159.41819999999998	158.09190405082222	159.1	159.41819999999998	158.09190405082222	39.05	t	variant=ME_SHORT_GEOM_A_V1	TREND_UP	{"rr_ratio": 1.0, "body_ratio": 1.0, "volume_ratio": 0.1513610449399106, "_actual_regime": "TREND_UP", "_shadow_control": true, "_rejection_stage": "regime_filter", "_required_regime": "TREND_UP", "rsi_confirmation": 0.9713145180336018, "stop_distance_atr": 0.6843554422974146, "exhaustion_magnitude": 0.015718327569941196, "_shadow_control_reason": "oos_experiment_baseline", "_regime_counterfactual_oos": true}	{}
ME_SHORT_GEOM_B_V1	1650714246	5115	SPCXUSDT	SHORT	2026-10-03 10:14:56.468359+00	2026-10-03 10:14:56.513919+00	159.1	159.41819999999998	158.09190405082222	159.1	160.29325	158.09190405082222	39.05	t	variant=ME_SHORT_GEOM_B_V1	TREND_UP	{"rr_ratio": 1.0, "body_ratio": 1.0, "volume_ratio": 0.1513610449399106, "_actual_regime": "TREND_UP", "_shadow_control": true, "_rejection_stage": "regime_filter", "_required_regime": "TREND_UP", "rsi_confirmation": 0.9713145180336018, "stop_distance_atr": 0.6843554422974146, "exhaustion_magnitude": 0.015718327569941196, "_shadow_control_reason": "oos_experiment_baseline", "_regime_counterfactual_oos": true}	{}
ME_SHORT_GEOM_A_V1	1651016741	7447	AKTUSDT	SHORT	2026-10-05 04:01:28.879489+00	2026-10-05 04:01:28.911293+00	0.8082	0.8098164	0.7494448083631401	0.8082	0.8098164	0.7494448083631401	37.47	t	variant=ME_SHORT_GEOM_A_V1	HIGH_VOLATILITY	{"rr_ratio": 1.0, "body_ratio": 0.7894736842105187, "volume_ratio": 0.07525375821994772, "_shadow_control": true, "rsi_confirmation": 0.09763836734871158, "stop_distance_atr": 0.6862944210108171, "exhaustion_magnitude": 0.4683402023229713, "_shadow_control_reason": "oos_experiment_baseline"}	{}
ME_SHORT_GEOM_B_V1	1651016741	7448	AKTUSDT	SHORT	2026-10-05 04:01:28.879489+00	2026-10-05 04:01:28.911293+00	0.8082	0.8098164	0.7494448083631401	0.8082	0.8142615000000001	0.7494448083631401	37.47	t	variant=ME_SHORT_GEOM_B_V1	HIGH_VOLATILITY	{"rr_ratio": 1.0, "body_ratio": 0.7894736842105187, "volume_ratio": 0.07525375821994772, "_shadow_control": true, "rsi_confirmation": 0.09763836734871158, "stop_distance_atr": 0.6862944210108171, "exhaustion_magnitude": 0.4683402023229713, "_shadow_control_reason": "oos_experiment_baseline"}	{}
ME_SHORT_GEOM_A_V1	1678989738	11023	AVAXUSDT	SHORT	2026-10-07 00:12:26.921025+00	2026-10-07 00:12:26.988583+00	11.645	11.668289999999999	11.370299371810919	11.645	11.668289999999999	11.370299371810919	38.77	t	variant=ME_SHORT_GEOM_A_V1	TREND_UP	{"rr_ratio": 1.0, "body_ratio": 0.9666666666666253, "volume_ratio": 0.20491347241885205, "_actual_regime": "TREND_UP", "_shadow_control": true, "_rejection_stage": "regime_filter", "_required_regime": "TREND_UP", "rsi_confirmation": 0.12145535087419149, "stop_distance_atr": 0.8481256103820398, "exhaustion_magnitude": 0.07740603767093363, "_shadow_control_reason": "oos_experiment_baseline", "_regime_counterfactual_oos": true}	{}
ME_SHORT_GEOM_B_V1	1678989738	11024	AVAXUSDT	SHORT	2026-10-07 00:12:26.921025+00	2026-10-07 00:12:26.988583+00	11.645	11.668289999999999	11.370299371810919	11.645	11.7323375	11.370299371810919	38.77	t	variant=ME_SHORT_GEOM_B_V1	TREND_UP	{"rr_ratio": 1.0, "body_ratio": 0.9666666666666253, "volume_ratio": 0.20491347241885205, "_actual_regime": "TREND_UP", "_shadow_control": true, "_rejection_stage": "regime_filter", "_required_regime": "TREND_UP", "rsi_confirmation": 0.12145535087419149, "stop_distance_atr": 0.8481256103820398, "exhaustion_magnitude": 0.07740603767093363, "_shadow_control_reason": "oos_experiment_baseline", "_regime_counterfactual_oos": true}	{}
ME_SHORT_GEOM_A_V1	1681174902	1532	ASTERUSDT	SHORT	2026-09-30 16:28:04.264537+00	2026-09-30 16:28:04.290152+00	0.7746	0.7761492	0.7463887763400162	0.7746	0.7761492	0.7463887763400162	38.97	t	variant=ME_SHORT_GEOM_A_V1	HIGH_VOLATILITY	{"rr_ratio": 1.0, "body_ratio": 0.45833333333333715, "volume_ratio": 0.3978651475661438, "_shadow_control": true, "rsi_confirmation": 0.3236753649053014, "stop_distance_atr": 0.7758566135455665, "exhaustion_magnitude": 0.1359223300970868, "_shadow_control_reason": "oos_experiment_baseline"}	{}
ME_SHORT_GEOM_B_V1	1681174902	1533	ASTERUSDT	SHORT	2026-09-30 16:28:04.264537+00	2026-09-30 16:28:04.290152+00	0.7746	0.7761492	0.7463887763400162	0.7746	0.7804095	0.7463887763400162	38.97	t	variant=ME_SHORT_GEOM_B_V1	HIGH_VOLATILITY	{"rr_ratio": 1.0, "body_ratio": 0.45833333333333715, "volume_ratio": 0.3978651475661438, "_shadow_control": true, "rsi_confirmation": 0.3236753649053014, "stop_distance_atr": 0.7758566135455665, "exhaustion_magnitude": 0.1359223300970868, "_shadow_control_reason": "oos_experiment_baseline"}	{}
ME_SHORT_GEOM_A_V1	1681199643	798	SOONUSDT	SHORT	2026-09-30 00:11:55.528112+00	2026-09-30 00:11:55.554485+00	0.4197	0.4205394	0.3718475656083699	0.4197	0.4205394	0.3718475656083699	38.79	t	variant=ME_SHORT_GEOM_A_V1	HIGH_VOLATILITY	{"rr_ratio": 1.0, "body_ratio": 0.6212121212121205, "volume_ratio": 0.288695958239011, "_shadow_control": true, "rsi_confirmation": 0.25681700781827693, "stop_distance_atr": 0.8365829825811094, "exhaustion_magnitude": 0.09548818333731475, "_shadow_control_reason": "oos_experiment_baseline"}	{}
ME_SHORT_GEOM_B_V1	1681199643	799	SOONUSDT	SHORT	2026-09-30 00:11:55.528112+00	2026-09-30 00:11:55.554485+00	0.4197	0.4205394	0.3718475656083699	0.4197	0.42284775	0.3718475656083699	38.79	t	variant=ME_SHORT_GEOM_B_V1	HIGH_VOLATILITY	{"rr_ratio": 1.0, "body_ratio": 0.6212121212121205, "volume_ratio": 0.288695958239011, "_shadow_control": true, "rsi_confirmation": 0.25681700781827693, "stop_distance_atr": 0.8365829825811094, "exhaustion_magnitude": 0.09548818333731475, "_shadow_control_reason": "oos_experiment_baseline"}	{}
ME_SHORT_GEOM_A_V1	1701231766	9087	ORCAUSDT	SHORT	2026-10-06 11:50:54.862725+00	2026-10-06 11:50:54.899975+00	2.7566	2.7621132000000004	2.3311233919185463	2.7566	2.7621132000000004	2.3311233919185463	25.86	t	variant=ME_SHORT_GEOM_A_V1	HIGH_VOLATILITY	{"rr_ratio": 0.3767699587923632, "body_ratio": 0.49693251533743055, "volume_ratio": 0.06397348231566455, "_shadow_control": true, "rsi_confirmation": 0.6830245920225063, "stop_distance_atr": 0.11528685991381638, "exhaustion_magnitude": 1.0, "_shadow_control_reason": "oos_experiment_baseline"}	{}
ME_SHORT_GEOM_B_V1	1701231766	9088	ORCAUSDT	SHORT	2026-10-06 11:50:54.862725+00	2026-10-06 11:50:54.899975+00	2.7566	2.7621132000000004	2.3311233919185463	2.7566	2.7772745000000003	2.3311233919185463	25.86	t	variant=ME_SHORT_GEOM_B_V1	HIGH_VOLATILITY	{"rr_ratio": 0.3767699587923632, "body_ratio": 0.49693251533743055, "volume_ratio": 0.06397348231566455, "_shadow_control": true, "rsi_confirmation": 0.6830245920225063, "stop_distance_atr": 0.11528685991381638, "exhaustion_magnitude": 1.0, "_shadow_control_reason": "oos_experiment_baseline"}	{}
ME_SHORT_GEOM_A_V1	1702994525	535	GRASSUSDT	SHORT	2026-09-29 15:02:08.131929+00	2026-09-29 15:02:08.15595+00	0.7084	0.7098168	0.6457253597619957	0.7084	0.7098168	0.6457253597619957	37.53	t	variant=ME_SHORT_GEOM_A_V1	HIGH_VOLATILITY	{"rr_ratio": 1.0, "body_ratio": 0.5737704918032707, "volume_ratio": 0.17005712592872235, "_shadow_control": true, "rsi_confirmation": 0.05006572649733983, "stop_distance_atr": 0.859068078291954, "exhaustion_magnitude": 0.14156285390713488, "_shadow_control_reason": "oos_experiment_baseline"}	{}
ME_SHORT_GEOM_B_V1	1702994525	536	GRASSUSDT	SHORT	2026-09-29 15:02:08.131929+00	2026-09-29 15:02:08.15595+00	0.7084	0.7098168	0.6457253597619957	0.7084	0.713713	0.6457253597619957	37.53	t	variant=ME_SHORT_GEOM_B_V1	HIGH_VOLATILITY	{"rr_ratio": 1.0, "body_ratio": 0.5737704918032707, "volume_ratio": 0.17005712592872235, "_shadow_control": true, "rsi_confirmation": 0.05006572649733983, "stop_distance_atr": 0.859068078291954, "exhaustion_magnitude": 0.14156285390713488, "_shadow_control_reason": "oos_experiment_baseline"}	{}
ME_SHORT_GEOM_A_V1	1706076174	12614	NMRUSDT	SHORT	2026-10-07 03:37:58.884104+00	2026-10-07 03:37:58.916895+00	16.782	16.815564	14.884979828242702	16.782	16.815564	14.884979828242702	36.18	t	variant=ME_SHORT_GEOM_A_V1	HIGH_VOLATILITY	{"rr_ratio": 1.0, "body_ratio": 0.4275618374558363, "volume_ratio": 0.15085644550868335, "_shadow_control": true, "rsi_confirmation": 0.056801132045022955, "stop_distance_atr": 0.8278321025677249, "exhaustion_magnitude": 0.04771561493499282, "_shadow_control_reason": "oos_experiment_baseline"}	{}
ME_SHORT_GEOM_B_V1	1706076174	12615	NMRUSDT	SHORT	2026-10-07 03:37:58.884104+00	2026-10-07 03:37:58.916895+00	16.782	16.815564	14.884979828242702	16.782	16.907865	14.884979828242702	36.18	t	variant=ME_SHORT_GEOM_B_V1	HIGH_VOLATILITY	{"rr_ratio": 1.0, "body_ratio": 0.4275618374558363, "volume_ratio": 0.15085644550868335, "_shadow_control": true, "rsi_confirmation": 0.056801132045022955, "stop_distance_atr": 0.8278321025677249, "exhaustion_magnitude": 0.04771561493499282, "_shadow_control_reason": "oos_experiment_baseline"}	{}
ME_SHORT_GEOM_A_V1	1706734405	3803	XRPUSDT	SHORT	2026-10-02 11:19:08.295771+00	2026-10-02 11:19:08.320399+00	1.544	1.547088	1.5132105475311652	1.544	1.547088	1.5132105475311652	35.31	t	variant=ME_SHORT_GEOM_A_V1	RANGE	{"rr_ratio": 1.0, "body_ratio": 0.5483870967741866, "volume_ratio": 0.07540142819524773, "_shadow_control": true, "rsi_confirmation": 0.28020894718910466, "stop_distance_atr": 0.6964922593325487, "exhaustion_magnitude": 0.05186721991701393, "_shadow_control_reason": "oos_experiment_baseline"}	{}
ME_SHORT_GEOM_B_V1	1706734405	3804	XRPUSDT	SHORT	2026-10-02 11:19:08.295771+00	2026-10-02 11:19:08.320399+00	1.544	1.547088	1.5132105475311652	1.544	1.55558	1.5132105475311652	35.31	t	variant=ME_SHORT_GEOM_B_V1	RANGE	{"rr_ratio": 1.0, "body_ratio": 0.5483870967741866, "volume_ratio": 0.07540142819524773, "_shadow_control": true, "rsi_confirmation": 0.28020894718910466, "stop_distance_atr": 0.6964922593325487, "exhaustion_magnitude": 0.05186721991701393, "_shadow_control_reason": "oos_experiment_baseline"}	{}
ME_SHORT_GEOM_A_V1	1711470164	1167	SOONUSDT	SHORT	2026-09-30 09:58:03.519331+00	2026-09-30 09:58:03.55278+00	0.4588	0.4597176	0.3985748021382991	0.4588	0.4597176	0.3985748021382991	41.93	t	variant=ME_SHORT_GEOM_A_V1	HIGH_VOLATILITY	{"rr_ratio": 1.0, "body_ratio": 0.8214285714285728, "volume_ratio": 0.18274857312745163, "_shadow_control": true, "rsi_confirmation": 0.06561927538320447, "stop_distance_atr": 0.7801983738717923, "exhaustion_magnitude": 1.0, "_shadow_control_reason": "oos_experiment_baseline"}	{}
ME_SHORT_GEOM_B_V1	1711470164	1168	SOONUSDT	SHORT	2026-09-30 09:58:03.519331+00	2026-09-30 09:58:03.55278+00	0.4588	0.4597176	0.3985748021382991	0.4588	0.462241	0.3985748021382991	41.93	t	variant=ME_SHORT_GEOM_B_V1	HIGH_VOLATILITY	{"rr_ratio": 1.0, "body_ratio": 0.8214285714285728, "volume_ratio": 0.18274857312745163, "_shadow_control": true, "rsi_confirmation": 0.06561927538320447, "stop_distance_atr": 0.7801983738717923, "exhaustion_magnitude": 1.0, "_shadow_control_reason": "oos_experiment_baseline"}	{}
ME_SHORT_GEOM_A_V1	1711879082	5093	SPCXUSDT	SHORT	2026-10-03 10:04:54.904845+00	2026-10-03 10:04:54.944108+00	159.06	159.37812	158.04761833653652	159.06	159.37812	158.04761833653652	39.52	t	variant=ME_SHORT_GEOM_A_V1	TREND_UP	{"rr_ratio": 1.0, "body_ratio": 1.0, "volume_ratio": 0.2398835466588572, "_actual_regime": "TREND_UP", "_shadow_control": true, "_rejection_stage": "regime_filter", "_required_regime": "TREND_UP", "rsi_confirmation": 0.9527673765866297, "stop_distance_atr": 0.6726596146359658, "exhaustion_magnitude": 0.003143665513986452, "_shadow_control_reason": "oos_experiment_baseline", "_regime_counterfactual_oos": true}	{}
ME_SHORT_GEOM_B_V1	1711879082	5094	SPCXUSDT	SHORT	2026-10-03 10:04:54.904845+00	2026-10-03 10:04:54.944108+00	159.06	159.37812	158.04761833653652	159.06	160.25295	158.04761833653652	39.52	t	variant=ME_SHORT_GEOM_B_V1	TREND_UP	{"rr_ratio": 1.0, "body_ratio": 1.0, "volume_ratio": 0.2398835466588572, "_actual_regime": "TREND_UP", "_shadow_control": true, "_rejection_stage": "regime_filter", "_required_regime": "TREND_UP", "rsi_confirmation": 0.9527673765866297, "stop_distance_atr": 0.6726596146359658, "exhaustion_magnitude": 0.003143665513986452, "_shadow_control_reason": "oos_experiment_baseline", "_regime_counterfactual_oos": true}	{}
ME_SHORT_GEOM_A_V1	1712190355	1485	ASTERUSDT	SHORT	2026-09-30 15:27:55.540391+00	2026-09-30 15:27:55.568628+00	0.7766	0.7781532	0.7433263739973373	0.7766	0.7781532	0.7433263739973373	36.59	t	variant=ME_SHORT_GEOM_A_V1	HIGH_VOLATILITY	{"rr_ratio": 0.8692670479793447, "body_ratio": 0.44999999999997775, "volume_ratio": 0.518525863475777, "_shadow_control": true, "rsi_confirmation": 0.18558637576796097, "stop_distance_atr": 0.6165351785643052, "exhaustion_magnitude": 0.26537216828478916, "_shadow_control_reason": "oos_experiment_baseline"}	{}
ME_SHORT_GEOM_B_V1	1712190355	1486	ASTERUSDT	SHORT	2026-09-30 15:27:55.540391+00	2026-09-30 15:27:55.568628+00	0.7766	0.7781532	0.7433263739973373	0.7766	0.7824245	0.7433263739973373	36.59	t	variant=ME_SHORT_GEOM_B_V1	HIGH_VOLATILITY	{"rr_ratio": 0.8692670479793447, "body_ratio": 0.44999999999997775, "volume_ratio": 0.518525863475777, "_shadow_control": true, "rsi_confirmation": 0.18558637576796097, "stop_distance_atr": 0.6165351785643052, "exhaustion_magnitude": 0.26537216828478916, "_shadow_control_reason": "oos_experiment_baseline"}	{}
ME_SHORT_GEOM_A_V1	1715857716	6746	BTCUSDT	SHORT	2026-10-04 17:34:17.437877+00	2026-10-04 17:34:17.477101+00	85356.7	85527.41339999999	84939.41813664704	85356.7	85527.41339999999	84939.41813664704	29.23	t	variant=ME_SHORT_GEOM_A_V1	TREND_UP	{"rr_ratio": 0.633064454572514, "body_ratio": 0.5454545454544626, "volume_ratio": 0.3812161531786543, "_actual_regime": "TREND_UP", "_shadow_control": true, "_rejection_stage": "regime_filter", "_required_regime": "TREND_UP", "rsi_confirmation": 0.0367838954880303, "stop_distance_atr": 0.47346067066990516, "exhaustion_magnitude": 0.04133142290311914, "_shadow_control_reason": "oos_experiment_baseline", "_regime_counterfactual_oos": true}	{}
ME_SHORT_GEOM_B_V1	1715857716	6747	BTCUSDT	SHORT	2026-10-04 17:34:17.437877+00	2026-10-04 17:34:17.477101+00	85356.7	85527.41339999999	84939.41813664704	85356.7	85996.87525	84939.41813664704	29.23	t	variant=ME_SHORT_GEOM_B_V1	TREND_UP	{"rr_ratio": 0.633064454572514, "body_ratio": 0.5454545454544626, "volume_ratio": 0.3812161531786543, "_actual_regime": "TREND_UP", "_shadow_control": true, "_rejection_stage": "regime_filter", "_required_regime": "TREND_UP", "rsi_confirmation": 0.0367838954880303, "stop_distance_atr": 0.47346067066990516, "exhaustion_magnitude": 0.04133142290311914, "_shadow_control_reason": "oos_experiment_baseline", "_regime_counterfactual_oos": true}	{}
ME_SHORT_GEOM_A_V1	1731506129	6105	BNBUSDT	SHORT	2026-10-04 09:03:11.150474+00	2026-10-04 09:03:11.197742+00	790.2	791.7804000000001	782.8711511868578	790.2	791.7804000000001	782.8711511868578	34.21	t	variant=ME_SHORT_GEOM_A_V1	TREND_UP	{"rr_ratio": 0.7347682363619135, "body_ratio": 0.7500000000000474, "volume_ratio": 0.619360871419666, "_actual_regime": "TREND_UP", "_shadow_control": true, "_rejection_stage": "regime_filter", "_required_regime": "TREND_UP", "rsi_confirmation": 0.10885579161135865, "stop_distance_atr": 0.5463422112749707, "exhaustion_magnitude": 0.03799392097264581, "_shadow_control_reason": "oos_experiment_baseline", "_regime_counterfactual_oos": true}	{}
ME_SHORT_GEOM_B_V1	1731506129	6106	BNBUSDT	SHORT	2026-10-04 09:03:11.150474+00	2026-10-04 09:03:11.197742+00	790.2	791.7804000000001	782.8711511868578	790.2	796.1265000000001	782.8711511868578	34.21	t	variant=ME_SHORT_GEOM_B_V1	TREND_UP	{"rr_ratio": 0.7347682363619135, "body_ratio": 0.7500000000000474, "volume_ratio": 0.619360871419666, "_actual_regime": "TREND_UP", "_shadow_control": true, "_rejection_stage": "regime_filter", "_required_regime": "TREND_UP", "rsi_confirmation": 0.10885579161135865, "stop_distance_atr": 0.5463422112749707, "exhaustion_magnitude": 0.03799392097264581, "_shadow_control_reason": "oos_experiment_baseline", "_regime_counterfactual_oos": true}	{}
ME_SHORT_GEOM_A_V1	1732569463	6518	AEROUSDT	SHORT	2026-10-04 14:14:12.18691+00	2026-10-04 14:14:12.230947+00	0.87	0.87174	0.8443301827271762	0.87	0.87174	0.8443301827271762	38.98	t	variant=ME_SHORT_GEOM_A_V1	TREND_UP	{"rr_ratio": 1.0, "body_ratio": 1.0, "volume_ratio": 0.17187650731088847, "_actual_regime": "TREND_UP", "_shadow_control": true, "_rejection_stage": "regime_filter", "_required_regime": "TREND_UP", "rsi_confirmation": 0.3206076082894479, "stop_distance_atr": 0.8612370022529809, "exhaustion_magnitude": 0.00574778710196511, "_shadow_control_reason": "oos_experiment_baseline", "_regime_counterfactual_oos": true}	{}
ME_SHORT_GEOM_B_V1	1732569463	6519	AEROUSDT	SHORT	2026-10-04 14:14:12.18691+00	2026-10-04 14:14:12.230947+00	0.87	0.87174	0.8443301827271762	0.87	0.876525	0.8443301827271762	38.98	t	variant=ME_SHORT_GEOM_B_V1	TREND_UP	{"rr_ratio": 1.0, "body_ratio": 1.0, "volume_ratio": 0.17187650731088847, "_actual_regime": "TREND_UP", "_shadow_control": true, "_rejection_stage": "regime_filter", "_required_regime": "TREND_UP", "rsi_confirmation": 0.3206076082894479, "stop_distance_atr": 0.8612370022529809, "exhaustion_magnitude": 0.00574778710196511, "_shadow_control_reason": "oos_experiment_baseline", "_regime_counterfactual_oos": true}	{}
ME_SHORT_GEOM_A_V1	1732865745	564	CRVUSDT	SHORT	2026-09-29 15:52:14.82625+00	2026-09-29 15:52:14.856357+00	0.4055	0.40631100000000003	0.38002315502784806	0.4055	0.40631100000000003	0.38002315502784806	37.45	t	variant=ME_SHORT_GEOM_A_V1	HIGH_VOLATILITY	{"rr_ratio": 1.0, "body_ratio": 0.4, "volume_ratio": 0.0646113723631772, "_shadow_control": true, "rsi_confirmation": 0.13828851770344006, "stop_distance_atr": 0.7702654434553965, "exhaustion_magnitude": 0.5232992773486217, "_shadow_control_reason": "oos_experiment_baseline"}	{}
ME_SHORT_GEOM_B_V1	1732865745	565	CRVUSDT	SHORT	2026-09-29 15:52:14.82625+00	2026-09-29 15:52:14.856357+00	0.4055	0.40631100000000003	0.38002315502784806	0.4055	0.40854125	0.38002315502784806	37.45	t	variant=ME_SHORT_GEOM_B_V1	HIGH_VOLATILITY	{"rr_ratio": 1.0, "body_ratio": 0.4, "volume_ratio": 0.0646113723631772, "_shadow_control": true, "rsi_confirmation": 0.13828851770344006, "stop_distance_atr": 0.7702654434553965, "exhaustion_magnitude": 0.5232992773486217, "_shadow_control_reason": "oos_experiment_baseline"}	{}
ME_SHORT_GEOM_A_V1	1740108876	5996	PUMPFUNUSDT	SHORT	2026-10-04 07:07:46.812724+00	2026-10-04 07:07:46.848578+00	0.006488	0.0065009759999999995	0.006120127985724188	0.006488	0.0065009759999999995	0.006120127985724188	40.9	t	variant=ME_SHORT_GEOM_A_V1	HIGH_VOLATILITY	{"rr_ratio": 1.0, "body_ratio": 0.5263157894737107, "volume_ratio": 0.3998699185542431, "_shadow_control": true, "rsi_confirmation": 0.16498496069681606, "stop_distance_atr": 0.8056398892804923, "exhaustion_magnitude": 0.5138586110246036, "_shadow_control_reason": "oos_experiment_baseline"}	{}
ME_SHORT_GEOM_B_V1	1740108876	5997	PUMPFUNUSDT	SHORT	2026-10-04 07:07:46.812724+00	2026-10-04 07:07:46.848578+00	0.006488	0.0065009759999999995	0.006120127985724188	0.006488	0.00653666	0.006120127985724188	40.9	t	variant=ME_SHORT_GEOM_B_V1	HIGH_VOLATILITY	{"rr_ratio": 1.0, "body_ratio": 0.5263157894737107, "volume_ratio": 0.3998699185542431, "_shadow_control": true, "rsi_confirmation": 0.16498496069681606, "stop_distance_atr": 0.8056398892804923, "exhaustion_magnitude": 0.5138586110246036, "_shadow_control_reason": "oos_experiment_baseline"}	{}
ME_SHORT_GEOM_A_V1	1740890163	1885	MOVRUSDT	SHORT	2026-10-01 00:23:09.18542+00	2026-10-01 00:23:09.212087+00	2.327	2.331654	1.8790584366391325	2.327	2.331654	1.8790584366391325	43.38	t	variant=ME_SHORT_GEOM_A_V1	HIGH_VOLATILITY	{"rr_ratio": 0.8673064217636463, "body_ratio": 0.5046728971962633, "volume_ratio": 0.6285518904892491, "_shadow_control": true, "rsi_confirmation": 0.8902059997728325, "stop_distance_atr": 0.6156683209430085, "exhaustion_magnitude": 1.0, "_shadow_control_reason": "oos_experiment_baseline"}	{}
ME_SHORT_GEOM_B_V1	1740890163	1886	MOVRUSDT	SHORT	2026-10-01 00:23:09.18542+00	2026-10-01 00:23:09.212087+00	2.327	2.331654	1.8790584366391325	2.327	2.3444525	1.8790584366391325	43.38	t	variant=ME_SHORT_GEOM_B_V1	HIGH_VOLATILITY	{"rr_ratio": 0.8673064217636463, "body_ratio": 0.5046728971962633, "volume_ratio": 0.6285518904892491, "_shadow_control": true, "rsi_confirmation": 0.8902059997728325, "stop_distance_atr": 0.6156683209430085, "exhaustion_magnitude": 1.0, "_shadow_control_reason": "oos_experiment_baseline"}	{}
ME_SHORT_GEOM_A_V1	1741161815	4324	SPCXUSDT	SHORT	2026-10-02 17:57:18.884515+00	2026-10-02 17:57:18.916185+00	158.76	159.07752	155.9907865215645	158.76	159.07752	155.9907865215645	41.5	t	variant=ME_SHORT_GEOM_A_V1	HIGH_VOLATILITY	{"rr_ratio": 1.0, "body_ratio": 0.3461538461538525, "volume_ratio": 0.5302735515939877, "_shadow_control": true, "rsi_confirmation": 1.0, "stop_distance_atr": 0.6860566284120093, "exhaustion_magnitude": 0.27232425585813336, "_shadow_control_reason": "oos_experiment_baseline"}	{}
ME_SHORT_GEOM_B_V1	1741161815	4325	SPCXUSDT	SHORT	2026-10-02 17:57:18.884515+00	2026-10-02 17:57:18.916185+00	158.76	159.07752	155.9907865215645	158.76	159.95069999999998	155.9907865215645	41.5	t	variant=ME_SHORT_GEOM_B_V1	HIGH_VOLATILITY	{"rr_ratio": 1.0, "body_ratio": 0.3461538461538525, "volume_ratio": 0.5302735515939877, "_shadow_control": true, "rsi_confirmation": 1.0, "stop_distance_atr": 0.6860566284120093, "exhaustion_magnitude": 0.27232425585813336, "_shadow_control_reason": "oos_experiment_baseline"}	{}
ME_SHORT_GEOM_A_V1	1745225334	2024	SNDKUSDT	SHORT	2026-10-01 03:28:41.730379+00	2026-10-01 03:28:41.768424+00	1759.97	1763.48994	1730.6235182177759	1759.97	1763.48994	1730.6235182177759	38.88	t	variant=ME_SHORT_GEOM_A_V1	RANGE	{"rr_ratio": 1.0, "body_ratio": 0.9910313901345373, "volume_ratio": 0.2512860036205259, "_shadow_control": true, "rsi_confirmation": 0.16409326701688656, "stop_distance_atr": 0.7651853445118368, "exhaustion_magnitude": 0.15073973602024196, "_shadow_control_reason": "oos_experiment_baseline"}	{}
ME_SHORT_GEOM_B_V1	1745225334	2025	SNDKUSDT	SHORT	2026-10-01 03:28:41.730379+00	2026-10-01 03:28:41.768424+00	1759.97	1763.48994	1730.6235182177759	1759.97	1773.169775	1730.6235182177759	38.88	t	variant=ME_SHORT_GEOM_B_V1	RANGE	{"rr_ratio": 1.0, "body_ratio": 0.9910313901345373, "volume_ratio": 0.2512860036205259, "_shadow_control": true, "rsi_confirmation": 0.16409326701688656, "stop_distance_atr": 0.7651853445118368, "exhaustion_magnitude": 0.15073973602024196, "_shadow_control_reason": "oos_experiment_baseline"}	{}
ME_SHORT_GEOM_A_V1	1749725525	7152	HYPEUSDT	SHORT	2026-10-04 22:25:09.222459+00	2026-10-04 22:25:09.269751+00	91.26	91.44252	89.93356849648983	91.26	91.44252	89.93356849648983	27.5	t	variant=ME_SHORT_GEOM_A_V1	TREND_UP	{"rr_ratio": 0.629278307375906, "body_ratio": 0.33333333333349124, "volume_ratio": 0.009667234332487019, "_actual_regime": "TREND_UP", "_shadow_control": true, "_rejection_stage": "regime_filter", "_required_regime": "TREND_UP", "rsi_confirmation": 0.27275445245452945, "stop_distance_atr": 0.47029266792409274, "exhaustion_magnitude": 0.2920753885153759, "_shadow_control_reason": "oos_experiment_baseline", "_regime_counterfactual_oos": true}	{}
ME_SHORT_GEOM_B_V1	1749725525	7153	HYPEUSDT	SHORT	2026-10-04 22:25:09.222459+00	2026-10-04 22:25:09.269751+00	91.26	91.44252	89.93356849648983	91.26	91.94445	89.93356849648983	27.5	t	variant=ME_SHORT_GEOM_B_V1	TREND_UP	{"rr_ratio": 0.629278307375906, "body_ratio": 0.33333333333349124, "volume_ratio": 0.009667234332487019, "_actual_regime": "TREND_UP", "_shadow_control": true, "_rejection_stage": "regime_filter", "_required_regime": "TREND_UP", "rsi_confirmation": 0.27275445245452945, "stop_distance_atr": 0.47029266792409274, "exhaustion_magnitude": 0.2920753885153759, "_shadow_control_reason": "oos_experiment_baseline", "_regime_counterfactual_oos": true}	{}
ME_SHORT_GEOM_A_V1	1757027884	4148	ZROUSDT	SHORT	2026-10-02 14:06:56.392334+00	2026-10-02 14:06:56.42433+00	1.9539	1.9578077999999999	1.8299674588663106	1.9539	1.9578077999999999	1.8299674588663106	40.88	t	variant=ME_SHORT_GEOM_A_V1	HIGH_VOLATILITY	{"rr_ratio": 1.0, "body_ratio": 0.4276729559748439, "volume_ratio": 0.6231038444766775, "_shadow_control": true, "rsi_confirmation": 0.1183847581553683, "stop_distance_atr": 0.7470630475998343, "exhaustion_magnitude": 0.358247422680413, "_shadow_control_reason": "oos_experiment_baseline"}	{}
ME_SHORT_GEOM_B_V1	1757027884	4149	ZROUSDT	SHORT	2026-10-02 14:06:56.392334+00	2026-10-02 14:06:56.42433+00	1.9539	1.9578077999999999	1.8299674588663106	1.9539	1.96855425	1.8299674588663106	40.88	t	variant=ME_SHORT_GEOM_B_V1	HIGH_VOLATILITY	{"rr_ratio": 1.0, "body_ratio": 0.4276729559748439, "volume_ratio": 0.6231038444766775, "_shadow_control": true, "rsi_confirmation": 0.1183847581553683, "stop_distance_atr": 0.7470630475998343, "exhaustion_magnitude": 0.358247422680413, "_shadow_control_reason": "oos_experiment_baseline"}	{}
ME_SHORT_GEOM_A_V1	1761535002	4163	SANDUSDT	SHORT	2026-10-02 14:31:50.288359+00	2026-10-02 14:31:50.316337+00	0.06795	0.06808589999999999	0.05860475082785253	0.06795	0.06808589999999999	0.05860475082785253	39.82	t	variant=ME_SHORT_GEOM_A_V1	HIGH_VOLATILITY	{"rr_ratio": 0.6874952003345834, "body_ratio": 0.35483870967742603, "volume_ratio": 0.8265054488301646, "_shadow_control": true, "rsi_confirmation": 0.5614397074329626, "stop_distance_atr": 0.5151481302398767, "exhaustion_magnitude": 1.0, "_shadow_control_reason": "oos_experiment_baseline"}	{}
ME_SHORT_GEOM_B_V1	1761535002	4164	SANDUSDT	SHORT	2026-10-02 14:31:50.288359+00	2026-10-02 14:31:50.316337+00	0.06795	0.06808589999999999	0.05860475082785253	0.06795	0.068459625	0.05860475082785253	39.82	t	variant=ME_SHORT_GEOM_B_V1	HIGH_VOLATILITY	{"rr_ratio": 0.6874952003345834, "body_ratio": 0.35483870967742603, "volume_ratio": 0.8265054488301646, "_shadow_control": true, "rsi_confirmation": 0.5614397074329626, "stop_distance_atr": 0.5151481302398767, "exhaustion_magnitude": 1.0, "_shadow_control_reason": "oos_experiment_baseline"}	{}
ME_SHORT_GEOM_A_V1	1761939167	7214	BNBUSDT	SHORT	2026-10-04 23:15:28.39267+00	2026-10-04 23:15:28.450162+00	796.0	797.592	789.8575885405114	796.0	797.592	789.8575885405114	35.24	t	variant=ME_SHORT_GEOM_A_V1	TREND_UP	{"rr_ratio": 1.0, "body_ratio": 0.3333333333330807, "volume_ratio": 0.03191140703430908, "_actual_regime": "TREND_UP", "_shadow_control": true, "_rejection_stage": "regime_filter", "_required_regime": "TREND_UP", "rsi_confirmation": 0.5634931281117824, "stop_distance_atr": 0.6984389229495963, "exhaustion_magnitude": 0.06289308176100629, "_shadow_control_reason": "oos_experiment_baseline", "_regime_counterfactual_oos": true}	{}
ME_SHORT_GEOM_B_V1	1761939167	7215	BNBUSDT	SHORT	2026-10-04 23:15:28.39267+00	2026-10-04 23:15:28.450162+00	796.0	797.592	789.8575885405114	796.0	801.97	789.8575885405114	35.24	t	variant=ME_SHORT_GEOM_B_V1	TREND_UP	{"rr_ratio": 1.0, "body_ratio": 0.3333333333330807, "volume_ratio": 0.03191140703430908, "_actual_regime": "TREND_UP", "_shadow_control": true, "_rejection_stage": "regime_filter", "_required_regime": "TREND_UP", "rsi_confirmation": 0.5634931281117824, "stop_distance_atr": 0.6984389229495963, "exhaustion_magnitude": 0.06289308176100629, "_shadow_control_reason": "oos_experiment_baseline", "_regime_counterfactual_oos": true}	{}
ME_SHORT_GEOM_A_V1	1762375554	9042	ORCAUSDT	SHORT	2026-10-06 10:46:10.957592+00	2026-10-06 10:46:10.99309+00	2.5999	2.6050998	2.3348098062956075	2.5999	2.6050998	2.3348098062956075	42.91	t	variant=ME_SHORT_GEOM_A_V1	HIGH_VOLATILITY	{"rr_ratio": 1.0, "body_ratio": 0.8419864559819379, "volume_ratio": 0.3949804424514336, "_shadow_control": true, "rsi_confirmation": 0.6100620596982841, "stop_distance_atr": 0.7416092464799278, "exhaustion_magnitude": 0.5954929358190896, "_shadow_control_reason": "oos_experiment_baseline"}	{}
ME_SHORT_GEOM_B_V1	1762375554	9043	ORCAUSDT	SHORT	2026-10-06 10:46:10.957592+00	2026-10-06 10:46:10.99309+00	2.5999	2.6050998	2.3348098062956075	2.5999	2.61939925	2.3348098062956075	42.91	t	variant=ME_SHORT_GEOM_B_V1	HIGH_VOLATILITY	{"rr_ratio": 1.0, "body_ratio": 0.8419864559819379, "volume_ratio": 0.3949804424514336, "_shadow_control": true, "rsi_confirmation": 0.6100620596982841, "stop_distance_atr": 0.7416092464799278, "exhaustion_magnitude": 0.5954929358190896, "_shadow_control_reason": "oos_experiment_baseline"}	{}
ME_SHORT_GEOM_A_V1	1763638356	8966	AVAXUSDT	SHORT	2026-10-06 08:55:49.845684+00	2026-10-06 08:55:49.909548+00	11.406	11.428812	11.091073368898508	11.406	11.428812	11.091073368898508	32.24	t	variant=ME_SHORT_GEOM_A_V1	TREND_UP	{"rr_ratio": 0.7616705932559503, "body_ratio": 0.5000000000000888, "volume_ratio": 0.022863103689021964, "_actual_regime": "TREND_UP", "_shadow_control": true, "_rejection_stage": "regime_filter", "_required_regime": "TREND_UP", "rsi_confirmation": 0.3745106196376194, "stop_distance_atr": 0.5623654946314569, "exhaustion_magnitude": 0.47796070100903054, "_shadow_control_reason": "oos_experiment_baseline", "_regime_counterfactual_oos": true}	{}
ME_SHORT_GEOM_B_V1	1763638356	8967	AVAXUSDT	SHORT	2026-10-06 08:55:49.845684+00	2026-10-06 08:55:49.909548+00	11.406	11.428812	11.091073368898508	11.406	11.491545	11.091073368898508	32.24	t	variant=ME_SHORT_GEOM_B_V1	TREND_UP	{"rr_ratio": 0.7616705932559503, "body_ratio": 0.5000000000000888, "volume_ratio": 0.022863103689021964, "_actual_regime": "TREND_UP", "_shadow_control": true, "_rejection_stage": "regime_filter", "_required_regime": "TREND_UP", "rsi_confirmation": 0.3745106196376194, "stop_distance_atr": 0.5623654946314569, "exhaustion_magnitude": 0.47796070100903054, "_shadow_control_reason": "oos_experiment_baseline", "_regime_counterfactual_oos": true}	{}
ME_SHORT_GEOM_A_V1	1767416928	7380	DOGEUSDT	SHORT	2026-10-05 02:25:52.752379+00	2026-10-05 02:25:52.792279+00	0.09679	0.09698358	0.09502554640167232	0.09679	0.09698358	0.09502554640167232	35.93	t	variant=ME_SHORT_GEOM_A_V1	RANGE	{"rr_ratio": 0.9132342706798662, "body_ratio": 0.500000000000347, "volume_ratio": 0.1816649599678056, "_shadow_control": true, "rsi_confirmation": 0.46548032817671675, "stop_distance_atr": 0.6349969071077666, "exhaustion_magnitude": 0.3066528066528104, "_shadow_control_reason": "oos_experiment_baseline"}	{}
ME_SHORT_GEOM_B_V1	1767416928	7381	DOGEUSDT	SHORT	2026-10-05 02:25:52.752379+00	2026-10-05 02:25:52.792279+00	0.09679	0.09698358	0.09502554640167232	0.09679	0.097515925	0.09502554640167232	35.93	t	variant=ME_SHORT_GEOM_B_V1	RANGE	{"rr_ratio": 0.9132342706798662, "body_ratio": 0.500000000000347, "volume_ratio": 0.1816649599678056, "_shadow_control": true, "rsi_confirmation": 0.46548032817671675, "stop_distance_atr": 0.6349969071077666, "exhaustion_magnitude": 0.3066528066528104, "_shadow_control_reason": "oos_experiment_baseline"}	{}
ME_SHORT_GEOM_A_V1	1767830711	6168	SOLUSDT	SHORT	2026-10-04 09:58:11.111237+00	2026-10-04 09:58:11.149625+00	121.52	121.76303999999999	120.24295291419843	121.52	121.76303999999999	120.24295291419843	34.25	t	variant=ME_SHORT_GEOM_A_V1	TREND_UP	{"rr_ratio": 0.8644155681114579, "body_ratio": 0.43750000000001665, "volume_ratio": 0.3235789230484669, "_actual_regime": "TREND_UP", "_shadow_control": true, "_rejection_stage": "regime_filter", "_required_regime": "TREND_UP", "rsi_confirmation": 0.2549361310930654, "stop_distance_atr": 0.6143830055472206, "exhaustion_magnitude": 0.0948140819523414, "_shadow_control_reason": "oos_experiment_baseline", "_regime_counterfactual_oos": true}	{}
ME_SHORT_GEOM_B_V1	1767830711	6169	SOLUSDT	SHORT	2026-10-04 09:58:11.111237+00	2026-10-04 09:58:11.149625+00	121.52	121.76303999999999	120.24295291419843	121.52	122.4314	120.24295291419843	34.25	t	variant=ME_SHORT_GEOM_B_V1	TREND_UP	{"rr_ratio": 0.8644155681114579, "body_ratio": 0.43750000000001665, "volume_ratio": 0.3235789230484669, "_actual_regime": "TREND_UP", "_shadow_control": true, "_rejection_stage": "regime_filter", "_required_regime": "TREND_UP", "rsi_confirmation": 0.2549361310930654, "stop_distance_atr": 0.6143830055472206, "exhaustion_magnitude": 0.0948140819523414, "_shadow_control_reason": "oos_experiment_baseline", "_regime_counterfactual_oos": true}	{}
ME_SHORT_GEOM_A_V1	1777920539	1807	HYPEUSDT	SHORT	2026-09-30 23:07:53.951521+00	2026-09-30 23:07:53.989002+00	91.71	91.89341999999999	88.64450005433984	91.71	91.89341999999999	88.64450005433984	39.91	t	variant=ME_SHORT_GEOM_A_V1	HIGH_VOLATILITY	{"rr_ratio": 1.0, "body_ratio": 0.30952380952379743, "volume_ratio": 0.6935996029303205, "_shadow_control": true, "rsi_confirmation": 0.0777924635303028, "stop_distance_atr": 0.7625518899627161, "exhaustion_magnitude": 0.11475409836065231, "_shadow_control_reason": "oos_experiment_baseline"}	{}
ME_SHORT_GEOM_B_V1	1777920539	1808	HYPEUSDT	SHORT	2026-09-30 23:07:53.951521+00	2026-09-30 23:07:53.989002+00	91.71	91.89341999999999	88.64450005433984	91.71	92.397825	88.64450005433984	39.91	t	variant=ME_SHORT_GEOM_B_V1	HIGH_VOLATILITY	{"rr_ratio": 1.0, "body_ratio": 0.30952380952379743, "volume_ratio": 0.6935996029303205, "_shadow_control": true, "rsi_confirmation": 0.0777924635303028, "stop_distance_atr": 0.7625518899627161, "exhaustion_magnitude": 0.11475409836065231, "_shadow_control_reason": "oos_experiment_baseline"}	{}
ME_SHORT_GEOM_A_V1	1782005062	7587	NILUSDT	SHORT	2026-10-05 07:01:58.796677+00	2026-10-05 07:01:58.826557+00	0.109	0.109218	0.09833612003304577	0.109	0.109218	0.09833612003304577	35.55	t	variant=ME_SHORT_GEOM_A_V1	HIGH_VOLATILITY	{"rr_ratio": 0.7868931405141294, "body_ratio": 0.7019230769230855, "volume_ratio": 0.18835185676807703, "_shadow_control": true, "rsi_confirmation": 0.7019931608438554, "stop_distance_atr": 0.5763931388249939, "exhaustion_magnitude": 0.45361970005554286, "_shadow_control_reason": "oos_experiment_baseline"}	{}
ME_SHORT_GEOM_B_V1	1782005062	7588	NILUSDT	SHORT	2026-10-05 07:01:58.796677+00	2026-10-05 07:01:58.826557+00	0.109	0.109218	0.09833612003304577	0.109	0.1098175	0.09833612003304577	35.55	t	variant=ME_SHORT_GEOM_B_V1	HIGH_VOLATILITY	{"rr_ratio": 0.7868931405141294, "body_ratio": 0.7019230769230855, "volume_ratio": 0.18835185676807703, "_shadow_control": true, "rsi_confirmation": 0.7019931608438554, "stop_distance_atr": 0.5763931388249939, "exhaustion_magnitude": 0.45361970005554286, "_shadow_control_reason": "oos_experiment_baseline"}	{}
ME_SHORT_GEOM_A_V1	1791785701	7247	DOGEUSDT	SHORT	2026-10-04 23:50:26.963386+00	2026-10-04 23:50:27.005937+00	0.09627	0.09646254	0.09446429651913137	0.09627	0.09646254	0.09446429651913137	30.2	t	variant=ME_SHORT_GEOM_A_V1	RANGE	{"rr_ratio": 0.7366078114758987, "body_ratio": 0.7499999999998266, "volume_ratio": 0.039110840727695786, "_shadow_control": true, "rsi_confirmation": 0.31113673289464333, "stop_distance_atr": 0.547475158231824, "exhaustion_magnitude": 0.036382536382536704, "_shadow_control_reason": "oos_experiment_baseline"}	{}
ME_SHORT_GEOM_B_V1	1791785701	7248	DOGEUSDT	SHORT	2026-10-04 23:50:26.963386+00	2026-10-04 23:50:27.005937+00	0.09627	0.09646254	0.09446429651913137	0.09627	0.096992025	0.09446429651913137	30.2	t	variant=ME_SHORT_GEOM_B_V1	RANGE	{"rr_ratio": 0.7366078114758987, "body_ratio": 0.7499999999998266, "volume_ratio": 0.039110840727695786, "_shadow_control": true, "rsi_confirmation": 0.31113673289464333, "stop_distance_atr": 0.547475158231824, "exhaustion_magnitude": 0.036382536382536704, "_shadow_control_reason": "oos_experiment_baseline"}	{}
ME_SHORT_GEOM_A_V1	1797345501	2852	MONUSDT	SHORT	2026-10-01 17:54:22.908926+00	2026-10-01 17:54:22.945768+00	0.03487	0.03493974	0.0322837344871683	0.03487	0.03493974	0.0322837344871683	39.85	t	variant=ME_SHORT_GEOM_A_V1	HIGH_VOLATILITY	{"rr_ratio": 1.0, "body_ratio": 0.4999999999999898, "volume_ratio": 0.21410628996733808, "_shadow_control": true, "rsi_confirmation": 0.26446640982353625, "stop_distance_atr": 0.8382777512389398, "exhaustion_magnitude": 0.4923255140457574, "_shadow_control_reason": "oos_experiment_baseline"}	{}
ME_SHORT_GEOM_B_V1	1797345501	2853	MONUSDT	SHORT	2026-10-01 17:54:22.908926+00	2026-10-01 17:54:22.945768+00	0.03487	0.03493974	0.0322837344871683	0.03487	0.035131525	0.0322837344871683	39.85	t	variant=ME_SHORT_GEOM_B_V1	HIGH_VOLATILITY	{"rr_ratio": 1.0, "body_ratio": 0.4999999999999898, "volume_ratio": 0.21410628996733808, "_shadow_control": true, "rsi_confirmation": 0.26446640982353625, "stop_distance_atr": 0.8382777512389398, "exhaustion_magnitude": 0.4923255140457574, "_shadow_control_reason": "oos_experiment_baseline"}	{}
ME_SHORT_GEOM_A_V1	1803343638	5734	USELESSUSDT	SHORT	2026-10-04 02:37:22.135363+00	2026-10-04 02:37:22.166325+00	0.24439	0.24487878	0.23235203850045652	0.24439	0.24487878	0.23235203850045652	38.01	t	variant=ME_SHORT_GEOM_A_V1	HIGH_VOLATILITY	{"rr_ratio": 1.0, "body_ratio": 0.6382978723404167, "volume_ratio": 0.39642146994746286, "_shadow_control": true, "rsi_confirmation": 0.01871142338194621, "stop_distance_atr": 0.7083118962543653, "exhaustion_magnitude": 0.15597422320731905, "_shadow_control_reason": "oos_experiment_baseline"}	{}
ME_SHORT_GEOM_B_V1	1803343638	5735	USELESSUSDT	SHORT	2026-10-04 02:37:22.135363+00	2026-10-04 02:37:22.166325+00	0.24439	0.24487878	0.23235203850045652	0.24439	0.246222925	0.23235203850045652	38.01	t	variant=ME_SHORT_GEOM_B_V1	HIGH_VOLATILITY	{"rr_ratio": 1.0, "body_ratio": 0.6382978723404167, "volume_ratio": 0.39642146994746286, "_shadow_control": true, "rsi_confirmation": 0.01871142338194621, "stop_distance_atr": 0.7083118962543653, "exhaustion_magnitude": 0.15597422320731905, "_shadow_control_reason": "oos_experiment_baseline"}	{}
ME_SHORT_GEOM_A_V1	1809009096	5949	STRKUSDT	SHORT	2026-10-04 06:22:42.92459+00	2026-10-04 06:22:42.961043+00	0.05384	0.05394768	0.04957152578574948	0.05384	0.05394768	0.04957152578574948	38.62	t	variant=ME_SHORT_GEOM_A_V1	HIGH_VOLATILITY	{"rr_ratio": 1.0, "body_ratio": 0.8709677419354911, "volume_ratio": 0.2525910695978906, "_shadow_control": true, "rsi_confirmation": 0.10560584865971805, "stop_distance_atr": 0.7085177759812298, "exhaustion_magnitude": 0.31775700934579443, "_shadow_control_reason": "oos_experiment_baseline"}	{}
ME_SHORT_GEOM_B_V1	1809009096	5950	STRKUSDT	SHORT	2026-10-04 06:22:42.92459+00	2026-10-04 06:22:42.961043+00	0.05384	0.05394768	0.04957152578574948	0.05384	0.0542438	0.04957152578574948	38.62	t	variant=ME_SHORT_GEOM_B_V1	HIGH_VOLATILITY	{"rr_ratio": 1.0, "body_ratio": 0.8709677419354911, "volume_ratio": 0.2525910695978906, "_shadow_control": true, "rsi_confirmation": 0.10560584865971805, "stop_distance_atr": 0.7085177759812298, "exhaustion_magnitude": 0.31775700934579443, "_shadow_control_reason": "oos_experiment_baseline"}	{}
ME_SHORT_GEOM_A_V1	1815619796	767	SOONUSDT	SHORT	2026-09-29 23:41:51.165651+00	2026-09-29 23:41:51.20286+00	0.4344	0.4352688	0.37182045512278517	0.4344	0.4352688	0.37182045512278517	34.86	t	variant=ME_SHORT_GEOM_A_V1	HIGH_VOLATILITY	{"rr_ratio": 0.7419457021139214, "body_ratio": 0.5185185185185368, "volume_ratio": 0.10314718035528463, "_shadow_control": true, "rsi_confirmation": 0.2794984425152857, "stop_distance_atr": 0.5507308252024188, "exhaustion_magnitude": 1.0, "_shadow_control_reason": "oos_experiment_baseline"}	{}
ME_SHORT_GEOM_B_V1	1815619796	768	SOONUSDT	SHORT	2026-09-29 23:41:51.165651+00	2026-09-29 23:41:51.20286+00	0.4344	0.4352688	0.37182045512278517	0.4344	0.437658	0.37182045512278517	34.86	t	variant=ME_SHORT_GEOM_B_V1	HIGH_VOLATILITY	{"rr_ratio": 0.7419457021139214, "body_ratio": 0.5185185185185368, "volume_ratio": 0.10314718035528463, "_shadow_control": true, "rsi_confirmation": 0.2794984425152857, "stop_distance_atr": 0.5507308252024188, "exhaustion_magnitude": 1.0, "_shadow_control_reason": "oos_experiment_baseline"}	{}
ME_SHORT_GEOM_A_V1	1828651184	7332	STRKUSDT	SHORT	2026-10-05 01:05:38.275628+00	2026-10-05 01:05:38.337869+00	0.05979	0.059909580000000004	0.05525045637060278	0.05979	0.059909580000000004	0.05525045637060278	35.52	t	variant=ME_SHORT_GEOM_A_V1	HIGH_VOLATILITY	{"rr_ratio": 1.0, "body_ratio": 0.5, "volume_ratio": 0.017751887073868877, "_shadow_control": true, "rsi_confirmation": 0.2450005052087647, "stop_distance_atr": 0.747393741378894, "exhaustion_magnitude": 0.13416065738722152, "_shadow_control_reason": "oos_experiment_baseline"}	{}
ME_SHORT_GEOM_B_V1	1828651184	7333	STRKUSDT	SHORT	2026-10-05 01:05:38.275628+00	2026-10-05 01:05:38.337869+00	0.05979	0.059909580000000004	0.05525045637060278	0.05979	0.060238425000000005	0.05525045637060278	35.52	t	variant=ME_SHORT_GEOM_B_V1	HIGH_VOLATILITY	{"rr_ratio": 1.0, "body_ratio": 0.5, "volume_ratio": 0.017751887073868877, "_shadow_control": true, "rsi_confirmation": 0.2450005052087647, "stop_distance_atr": 0.747393741378894, "exhaustion_magnitude": 0.13416065738722152, "_shadow_control_reason": "oos_experiment_baseline"}	{}
ME_SHORT_GEOM_A_V1	1831451106	759	SOONUSDT	SHORT	2026-09-29 23:31:50.635935+00	2026-09-29 23:31:50.690404+00	0.4344	0.4352688	0.36982045512278516	0.4344	0.4352688	0.36982045512278516	34.99	t	variant=ME_SHORT_GEOM_A_V1	HIGH_VOLATILITY	{"rr_ratio": 0.673465149234766, "body_ratio": 0.9750000000000028, "volume_ratio": 0.14291115552501002, "_shadow_control": true, "rsi_confirmation": 0.25478154922653856, "stop_distance_atr": 0.5050473900363097, "exhaustion_magnitude": 1.0, "_shadow_control_reason": "oos_experiment_baseline"}	{}
ME_SHORT_GEOM_B_V1	1831451106	760	SOONUSDT	SHORT	2026-09-29 23:31:50.635935+00	2026-09-29 23:31:50.690404+00	0.4344	0.4352688	0.36982045512278516	0.4344	0.437658	0.36982045512278516	34.99	t	variant=ME_SHORT_GEOM_B_V1	HIGH_VOLATILITY	{"rr_ratio": 0.673465149234766, "body_ratio": 0.9750000000000028, "volume_ratio": 0.14291115552501002, "_shadow_control": true, "rsi_confirmation": 0.25478154922653856, "stop_distance_atr": 0.5050473900363097, "exhaustion_magnitude": 1.0, "_shadow_control_reason": "oos_experiment_baseline"}	{}
ME_SHORT_GEOM_A_V1	1834018670	7156	LINKUSDT	SHORT	2026-10-04 22:25:13.587139+00	2026-10-04 22:25:13.620629+00	14.319	14.347638000000002	14.045006353996959	14.319	14.347638000000002	14.045006353996959	31.82	t	variant=ME_SHORT_GEOM_A_V1	RANGE	{"rr_ratio": 0.612644792047354, "body_ratio": 0.4193548387096331, "volume_ratio": 0.6105428428905408, "_shadow_control": true, "rsi_confirmation": 0.03233613710253091, "stop_distance_atr": 0.45591093295775587, "exhaustion_magnitude": 0.3658107632782307, "_shadow_control_reason": "oos_experiment_baseline"}	{}
ME_SHORT_GEOM_B_V1	1834018670	7157	LINKUSDT	SHORT	2026-10-04 22:25:13.587139+00	2026-10-04 22:25:13.620629+00	14.319	14.347638000000002	14.045006353996959	14.319	14.4263925	14.045006353996959	31.82	t	variant=ME_SHORT_GEOM_B_V1	RANGE	{"rr_ratio": 0.612644792047354, "body_ratio": 0.4193548387096331, "volume_ratio": 0.6105428428905408, "_shadow_control": true, "rsi_confirmation": 0.03233613710253091, "stop_distance_atr": 0.45591093295775587, "exhaustion_magnitude": 0.3658107632782307, "_shadow_control_reason": "oos_experiment_baseline"}	{}
ME_SHORT_GEOM_A_V1	1839239086	4664	MAGMAUSDT	SHORT	2026-10-03 02:43:43.233398+00	2026-10-03 02:43:43.265635+00	0.3792	0.3799584	0.30408909287328206	0.3792	0.3799584	0.30408909287328206	34.54	t	variant=ME_SHORT_GEOM_A_V1	HIGH_VOLATILITY	{"rr_ratio": 0.7730332121046372, "body_ratio": 0.7692307692307672, "volume_ratio": 0.30276887135385144, "_shadow_control": true, "rsi_confirmation": 0.13344133122293253, "stop_distance_atr": 0.5687981730748541, "exhaustion_magnitude": 0.4255319148936144, "_shadow_control_reason": "oos_experiment_baseline"}	{}
ME_SHORT_GEOM_B_V1	1839239086	4665	MAGMAUSDT	SHORT	2026-10-03 02:43:43.233398+00	2026-10-03 02:43:43.265635+00	0.3792	0.3799584	0.30408909287328206	0.3792	0.382044	0.30408909287328206	34.54	t	variant=ME_SHORT_GEOM_B_V1	HIGH_VOLATILITY	{"rr_ratio": 0.7730332121046372, "body_ratio": 0.7692307692307672, "volume_ratio": 0.30276887135385144, "_shadow_control": true, "rsi_confirmation": 0.13344133122293253, "stop_distance_atr": 0.5687981730748541, "exhaustion_magnitude": 0.4255319148936144, "_shadow_control_reason": "oos_experiment_baseline"}	{}
ME_SHORT_GEOM_A_V1	1846189978	4145	MSTRUSDT	SHORT	2026-10-02 14:06:53.785792+00	2026-10-02 14:06:53.819462+00	169.59	169.92918	162.25801655699087	169.59	169.92918	162.25801655699087	24.88	t	variant=ME_SHORT_GEOM_A_V1	TREND_UP	{"rr_ratio": 0.3932718647534485, "body_ratio": 0.5614035087719246, "volume_ratio": 0.0586013978315079, "_actual_regime": "TREND_UP", "_shadow_control": true, "_rejection_stage": "regime_filter", "_required_regime": "TREND_UP", "rsi_confirmation": 0.3471598123992626, "stop_distance_atr": 0.1524099148503576, "exhaustion_magnitude": 0.8515742128935543, "_shadow_control_reason": "oos_experiment_baseline", "_regime_counterfactual_oos": true}	{}
ME_SHORT_GEOM_B_V1	1846189978	4146	MSTRUSDT	SHORT	2026-10-02 14:06:53.785792+00	2026-10-02 14:06:53.819462+00	169.59	169.92918	162.25801655699087	169.59	170.861925	162.25801655699087	24.88	t	variant=ME_SHORT_GEOM_B_V1	TREND_UP	{"rr_ratio": 0.3932718647534485, "body_ratio": 0.5614035087719246, "volume_ratio": 0.0586013978315079, "_actual_regime": "TREND_UP", "_shadow_control": true, "_rejection_stage": "regime_filter", "_required_regime": "TREND_UP", "rsi_confirmation": 0.3471598123992626, "stop_distance_atr": 0.1524099148503576, "exhaustion_magnitude": 0.8515742128935543, "_shadow_control_reason": "oos_experiment_baseline", "_regime_counterfactual_oos": true}	{}
ME_SHORT_GEOM_A_V1	1846926908	9061	SPCXUSDT	SHORT	2026-10-06 11:06:09.847742+00	2026-10-06 11:06:09.895071+00	173.48	173.82695999999999	171.13905784627926	173.48	173.82695999999999	171.13905784627926	29.18	t	variant=ME_SHORT_GEOM_A_V1	TREND_UP	{"rr_ratio": 0.5932483086928125, "body_ratio": 0.5000000000002369, "volume_ratio": 0.07892975450378908, "_actual_regime": "TREND_UP", "_shadow_control": true, "_rejection_stage": "regime_filter", "_required_regime": "TREND_UP", "rsi_confirmation": 0.7184722348886073, "stop_distance_atr": 0.43812173005968613, "exhaustion_magnitude": 0.32198178337297245, "_shadow_control_reason": "oos_experiment_baseline", "_regime_counterfactual_oos": true}	{}
ME_SHORT_GEOM_B_V1	1846926908	9062	SPCXUSDT	SHORT	2026-10-06 11:06:09.847742+00	2026-10-06 11:06:09.895071+00	173.48	173.82695999999999	171.13905784627926	173.48	174.78109999999998	171.13905784627926	29.18	t	variant=ME_SHORT_GEOM_B_V1	TREND_UP	{"rr_ratio": 0.5932483086928125, "body_ratio": 0.5000000000002369, "volume_ratio": 0.07892975450378908, "_actual_regime": "TREND_UP", "_shadow_control": true, "_rejection_stage": "regime_filter", "_required_regime": "TREND_UP", "rsi_confirmation": 0.7184722348886073, "stop_distance_atr": 0.43812173005968613, "exhaustion_magnitude": 0.32198178337297245, "_shadow_control_reason": "oos_experiment_baseline", "_regime_counterfactual_oos": true}	{}
ME_SHORT_GEOM_A_V1	1847750403	6383	SOLUSDT	SHORT	2026-10-04 12:38:36.531165+00	2026-10-04 12:38:36.578441+00	121.6	121.8432	120.39046920680836	121.6	121.8432	120.39046920680836	34.85	t	variant=ME_SHORT_GEOM_A_V1	TREND_UP	{"rr_ratio": 0.9642111407570967, "body_ratio": 0.36363636363629315, "volume_ratio": 0.15643781418956734, "_actual_regime": "TREND_UP", "_shadow_control": true, "_rejection_stage": "regime_filter", "_required_regime": "TREND_UP", "rsi_confirmation": 0.30185999775294853, "stop_distance_atr": 0.6542942523236122, "exhaustion_magnitude": 0.11952848075178965, "_shadow_control_reason": "oos_experiment_baseline", "_regime_counterfactual_oos": true}	{}
ME_SHORT_GEOM_B_V1	1847750403	6384	SOLUSDT	SHORT	2026-10-04 12:38:36.531165+00	2026-10-04 12:38:36.578441+00	121.6	121.8432	120.39046920680836	121.6	122.512	120.39046920680836	34.85	t	variant=ME_SHORT_GEOM_B_V1	TREND_UP	{"rr_ratio": 0.9642111407570967, "body_ratio": 0.36363636363629315, "volume_ratio": 0.15643781418956734, "_actual_regime": "TREND_UP", "_shadow_control": true, "_rejection_stage": "regime_filter", "_required_regime": "TREND_UP", "rsi_confirmation": 0.30185999775294853, "stop_distance_atr": 0.6542942523236122, "exhaustion_magnitude": 0.11952848075178965, "_shadow_control_reason": "oos_experiment_baseline", "_regime_counterfactual_oos": true}	{}
ME_SHORT_GEOM_A_V1	1848632240	10867	AVAXUSDT	SHORT	2026-10-06 23:47:20.678451+00	2026-10-06 23:47:20.724629+00	11.707	11.730414000000001	11.357311405502301	11.707	11.730414000000001	11.357311405502301	32.88	t	variant=ME_SHORT_GEOM_A_V1	TREND_UP	{"rr_ratio": 0.857766820853184, "body_ratio": 0.4, "volume_ratio": 0.07280681923961756, "_actual_regime": "TREND_UP", "_shadow_control": true, "_rejection_stage": "regime_filter", "_required_regime": "TREND_UP", "rsi_confirmation": 0.13075304731877396, "stop_distance_atr": 0.611393999826455, "exhaustion_magnitude": 0.34402683409305956, "_shadow_control_reason": "oos_experiment_baseline", "_regime_counterfactual_oos": true}	{}
ME_SHORT_GEOM_B_V1	1848632240	10868	AVAXUSDT	SHORT	2026-10-06 23:47:20.678451+00	2026-10-06 23:47:20.724629+00	11.707	11.730414000000001	11.357311405502301	11.707	11.794802500000001	11.357311405502301	32.88	t	variant=ME_SHORT_GEOM_B_V1	TREND_UP	{"rr_ratio": 0.857766820853184, "body_ratio": 0.4, "volume_ratio": 0.07280681923961756, "_actual_regime": "TREND_UP", "_shadow_control": true, "_rejection_stage": "regime_filter", "_required_regime": "TREND_UP", "rsi_confirmation": 0.13075304731877396, "stop_distance_atr": 0.611393999826455, "exhaustion_magnitude": 0.34402683409305956, "_shadow_control_reason": "oos_experiment_baseline", "_regime_counterfactual_oos": true}	{}
ME_SHORT_GEOM_A_V1	1851648584	3661	XRPUSDT	SHORT	2026-10-02 09:43:54.883825+00	2026-10-02 09:43:54.945321+00	1.5395	1.5425790000000001	1.510342074068341	1.5395	1.5425790000000001	1.510342074068341	38.73	t	variant=ME_SHORT_GEOM_A_V1	RANGE	{"rr_ratio": 1.0, "body_ratio": 0.44444444444445363, "volume_ratio": 0.3608037379402114, "_shadow_control": true, "rsi_confirmation": 0.2232568752657869, "stop_distance_atr": 0.786165530598514, "exhaustion_magnitude": 0.19563090968373018, "_shadow_control_reason": "oos_experiment_baseline"}	{}
ME_SHORT_GEOM_B_V1	1851648584	3662	XRPUSDT	SHORT	2026-10-02 09:43:54.883825+00	2026-10-02 09:43:54.945321+00	1.5395	1.5425790000000001	1.510342074068341	1.5395	1.5510462500000002	1.510342074068341	38.73	t	variant=ME_SHORT_GEOM_B_V1	RANGE	{"rr_ratio": 1.0, "body_ratio": 0.44444444444445363, "volume_ratio": 0.3608037379402114, "_shadow_control": true, "rsi_confirmation": 0.2232568752657869, "stop_distance_atr": 0.786165530598514, "exhaustion_magnitude": 0.19563090968373018, "_shadow_control_reason": "oos_experiment_baseline"}	{}
ME_SHORT_GEOM_A_V1	1853061809	4083	ZROUSDT	SHORT	2026-10-02 13:36:50.469178+00	2026-10-02 13:36:50.505666+00	1.9425	1.9463849999999998	1.8232111121544077	1.9425	1.9463849999999998	1.8232111121544077	36.69	t	variant=ME_SHORT_GEOM_A_V1	HIGH_VOLATILITY	{"rr_ratio": 1.0, "body_ratio": 0.439560439560421, "volume_ratio": 0.18395703990299267, "_shadow_control": true, "rsi_confirmation": 0.10326054319663834, "stop_distance_atr": 0.8267911931142211, "exhaustion_magnitude": 0.06443298969072028, "_shadow_control_reason": "oos_experiment_baseline"}	{}
ME_SHORT_GEOM_B_V1	1853061809	4084	ZROUSDT	SHORT	2026-10-02 13:36:50.469178+00	2026-10-02 13:36:50.505666+00	1.9425	1.9463849999999998	1.8232111121544077	1.9425	1.95706875	1.8232111121544077	36.69	t	variant=ME_SHORT_GEOM_B_V1	HIGH_VOLATILITY	{"rr_ratio": 1.0, "body_ratio": 0.439560439560421, "volume_ratio": 0.18395703990299267, "_shadow_control": true, "rsi_confirmation": 0.10326054319663834, "stop_distance_atr": 0.8267911931142211, "exhaustion_magnitude": 0.06443298969072028, "_shadow_control_reason": "oos_experiment_baseline"}	{}
ME_SHORT_GEOM_A_V1	1855684947	9049	ORCAUSDT	SHORT	2026-10-06 10:51:14.166935+00	2026-10-06 10:51:14.203795+00	2.5999	2.6050998	2.3235098062956077	2.5999	2.6050998	2.3235098062956077	38.22	t	variant=ME_SHORT_GEOM_A_V1	HIGH_VOLATILITY	{"rr_ratio": 1.0, "body_ratio": 0.4380952380952341, "volume_ratio": 0.06224635673553759, "_shadow_control": true, "rsi_confirmation": 0.514008383005239, "stop_distance_atr": 0.6889997683416864, "exhaustion_magnitude": 0.5954929358190896, "_shadow_control_reason": "oos_experiment_baseline"}	{}
ME_SHORT_GEOM_B_V1	1855684947	9050	ORCAUSDT	SHORT	2026-10-06 10:51:14.166935+00	2026-10-06 10:51:14.203795+00	2.5999	2.6050998	2.3235098062956077	2.5999	2.61939925	2.3235098062956077	38.22	t	variant=ME_SHORT_GEOM_B_V1	HIGH_VOLATILITY	{"rr_ratio": 1.0, "body_ratio": 0.4380952380952341, "volume_ratio": 0.06224635673553759, "_shadow_control": true, "rsi_confirmation": 0.514008383005239, "stop_distance_atr": 0.6889997683416864, "exhaustion_magnitude": 0.5954929358190896, "_shadow_control_reason": "oos_experiment_baseline"}	{}
ME_SHORT_GEOM_A_V1	1873906080	8557	ICPUSDT	SHORT	2026-10-06 00:39:46.291165+00	2026-10-06 00:39:46.320973+00	3.598	3.605196	3.4751715250332085	3.598	3.605196	3.4751715250332085	37.8	t	variant=ME_SHORT_GEOM_A_V1	HIGH_VOLATILITY	{"rr_ratio": 1.0, "body_ratio": 0.8999999999999645, "volume_ratio": 0.1735891312948624, "_shadow_control": true, "rsi_confirmation": 0.17810262577945746, "stop_distance_atr": 0.7828668806962684, "exhaustion_magnitude": 0.06957973838018221, "_shadow_control_reason": "oos_experiment_baseline"}	{}
ME_SHORT_GEOM_B_V1	1873906080	8558	ICPUSDT	SHORT	2026-10-06 00:39:46.291165+00	2026-10-06 00:39:46.320973+00	3.598	3.605196	3.4751715250332085	3.598	3.6249849999999997	3.4751715250332085	37.8	t	variant=ME_SHORT_GEOM_B_V1	HIGH_VOLATILITY	{"rr_ratio": 1.0, "body_ratio": 0.8999999999999645, "volume_ratio": 0.1735891312948624, "_shadow_control": true, "rsi_confirmation": 0.17810262577945746, "stop_distance_atr": 0.7828668806962684, "exhaustion_magnitude": 0.06957973838018221, "_shadow_control_reason": "oos_experiment_baseline"}	{}
ME_SHORT_GEOM_A_V1	1879003877	6994	BNBUSDT	SHORT	2026-10-04 21:25:04.358493+00	2026-10-04 21:25:04.395233+00	795.7	797.2914000000001	787.023002545419	795.7	797.2914000000001	787.023002545419	19.61	t	variant=ME_SHORT_GEOM_A_V1	TREND_UP	{"rr_ratio": 0.42874511693316264, "body_ratio": 0.0, "volume_ratio": 0.0, "_actual_regime": "TREND_UP", "_shadow_control": true, "_rejection_stage": "regime_filter", "_required_regime": "TREND_UP", "rsi_confirmation": 0.2443798915576868, "stop_distance_atr": 0.22253730673905692, "exhaustion_magnitude": 0.04402515723270726, "_shadow_control_reason": "oos_experiment_baseline", "_regime_counterfactual_oos": true}	{}
ME_SHORT_GEOM_B_V1	1879003877	6995	BNBUSDT	SHORT	2026-10-04 21:25:04.358493+00	2026-10-04 21:25:04.395233+00	795.7	797.2914000000001	787.023002545419	795.7	801.6677500000001	787.023002545419	19.61	t	variant=ME_SHORT_GEOM_B_V1	TREND_UP	{"rr_ratio": 0.42874511693316264, "body_ratio": 0.0, "volume_ratio": 0.0, "_actual_regime": "TREND_UP", "_shadow_control": true, "_rejection_stage": "regime_filter", "_required_regime": "TREND_UP", "rsi_confirmation": 0.2443798915576868, "stop_distance_atr": 0.22253730673905692, "exhaustion_magnitude": 0.04402515723270726, "_shadow_control_reason": "oos_experiment_baseline", "_regime_counterfactual_oos": true}	{}
ME_SHORT_GEOM_A_V1	1881348566	7049	KLACUSDT	SHORT	2026-10-04 21:50:17.957806+00	2026-10-04 21:50:17.997382+00	207.49	207.90498000000002	206.15478205144927	207.49	207.90498000000002	206.15478205144927	26.62	t	variant=ME_SHORT_GEOM_A_V1	TREND_UP	{"rr_ratio": 0.6813094649962993, "body_ratio": 0.0, "volume_ratio": 0.0, "_actual_regime": "TREND_UP", "_shadow_control": true, "_rejection_stage": "regime_filter", "_required_regime": "TREND_UP", "rsi_confirmation": 0.3580636723201091, "stop_distance_atr": 0.5107460699446755, "exhaustion_magnitude": 0.04341324586368405, "_shadow_control_reason": "oos_experiment_baseline", "_regime_counterfactual_oos": true}	{}
ME_SHORT_GEOM_B_V1	1881348566	7050	KLACUSDT	SHORT	2026-10-04 21:50:17.957806+00	2026-10-04 21:50:17.997382+00	207.49	207.90498000000002	206.15478205144927	207.49	209.046175	206.15478205144927	26.62	t	variant=ME_SHORT_GEOM_B_V1	TREND_UP	{"rr_ratio": 0.6813094649962993, "body_ratio": 0.0, "volume_ratio": 0.0, "_actual_regime": "TREND_UP", "_shadow_control": true, "_rejection_stage": "regime_filter", "_required_regime": "TREND_UP", "rsi_confirmation": 0.3580636723201091, "stop_distance_atr": 0.5107460699446755, "exhaustion_magnitude": 0.04341324586368405, "_shadow_control_reason": "oos_experiment_baseline", "_regime_counterfactual_oos": true}	{}
ME_SHORT_GEOM_A_V1	1884044269	7233	BNBUSDT	SHORT	2026-10-04 23:25:30.946757+00	2026-10-04 23:25:30.976462+00	796.9	798.4938	789.52901711194	796.9	798.4938	789.52901711194	31.25	t	variant=ME_SHORT_GEOM_A_V1	TREND_UP	{"rr_ratio": 0.6993091999055626, "body_ratio": 1.0, "volume_ratio": 0.037116511047961494, "_actual_regime": "TREND_UP", "_shadow_control": true, "_rejection_stage": "regime_filter", "_required_regime": "TREND_UP", "rsi_confirmation": 0.5444899246881287, "stop_distance_atr": 0.523339127558524, "exhaustion_magnitude": 0.11949685534591052, "_shadow_control_reason": "oos_experiment_baseline", "_regime_counterfactual_oos": true}	{}
ME_SHORT_GEOM_B_V1	1884044269	7234	BNBUSDT	SHORT	2026-10-04 23:25:30.946757+00	2026-10-04 23:25:30.976462+00	796.9	798.4938	789.52901711194	796.9	802.87675	789.52901711194	31.25	t	variant=ME_SHORT_GEOM_B_V1	TREND_UP	{"rr_ratio": 0.6993091999055626, "body_ratio": 1.0, "volume_ratio": 0.037116511047961494, "_actual_regime": "TREND_UP", "_shadow_control": true, "_rejection_stage": "regime_filter", "_required_regime": "TREND_UP", "rsi_confirmation": 0.5444899246881287, "stop_distance_atr": 0.523339127558524, "exhaustion_magnitude": 0.11949685534591052, "_shadow_control_reason": "oos_experiment_baseline", "_regime_counterfactual_oos": true}	{}
ME_SHORT_GEOM_A_V1	1908349594	523	GRASSUSDT	SHORT	2026-09-29 14:52:07.910273+00	2026-09-29 14:52:07.937226+00	0.7084	0.7098168	0.6439426961394694	0.7084	0.7098168	0.6439426961394694	38.49	t	variant=ME_SHORT_GEOM_A_V1	HIGH_VOLATILITY	{"rr_ratio": 1.0, "body_ratio": 0.7000000000000055, "volume_ratio": 0.17759244712920932, "_shadow_control": true, "rsi_confirmation": 0.10645018989788278, "stop_distance_atr": 0.8939374419165702, "exhaustion_magnitude": 0.14156285390713488, "_shadow_control_reason": "oos_experiment_baseline"}	{}
ME_SHORT_GEOM_B_V1	1908349594	524	GRASSUSDT	SHORT	2026-09-29 14:52:07.910273+00	2026-09-29 14:52:07.937226+00	0.7084	0.7098168	0.6439426961394694	0.7084	0.713713	0.6439426961394694	38.49	t	variant=ME_SHORT_GEOM_B_V1	HIGH_VOLATILITY	{"rr_ratio": 1.0, "body_ratio": 0.7000000000000055, "volume_ratio": 0.17759244712920932, "_shadow_control": true, "rsi_confirmation": 0.10645018989788278, "stop_distance_atr": 0.8939374419165702, "exhaustion_magnitude": 0.14156285390713488, "_shadow_control_reason": "oos_experiment_baseline"}	{}
ME_SHORT_GEOM_A_V1	1911821264	5353	ATHUSDT	SHORT	2026-10-03 18:41:23.849151+00	2026-10-03 18:41:23.877768+00	0.007301	0.007315602	0.0067427995634770175	0.007301	0.007315602	0.0067427995634770175	36.94	t	variant=ME_SHORT_GEOM_A_V1	HIGH_VOLATILITY	{"rr_ratio": 1.0, "body_ratio": 0.7027027027026843, "volume_ratio": 0.2955950328403999, "_shadow_control": true, "rsi_confirmation": 0.08526256955900635, "stop_distance_atr": 0.7104865519569417, "exhaustion_magnitude": 0.020553576322282805, "_shadow_control_reason": "oos_experiment_baseline"}	{}
ME_SHORT_GEOM_B_V1	1911821264	5354	ATHUSDT	SHORT	2026-10-03 18:41:23.849151+00	2026-10-03 18:41:23.877768+00	0.007301	0.007315602	0.0067427995634770175	0.007301	0.0073557575	0.0067427995634770175	36.94	t	variant=ME_SHORT_GEOM_B_V1	HIGH_VOLATILITY	{"rr_ratio": 1.0, "body_ratio": 0.7027027027026843, "volume_ratio": 0.2955950328403999, "_shadow_control": true, "rsi_confirmation": 0.08526256955900635, "stop_distance_atr": 0.7104865519569417, "exhaustion_magnitude": 0.020553576322282805, "_shadow_control_reason": "oos_experiment_baseline"}	{}
ME_SHORT_GEOM_A_V1	1914654570	7179	KLACUSDT	SHORT	2026-10-04 22:50:30.575004+00	2026-10-04 22:50:30.615283+00	207.97	208.38594	206.39729758450292	207.97	208.38594	206.39729758450292	23.9	t	variant=ME_SHORT_GEOM_A_V1	TREND_UP	{"rr_ratio": 0.520960562026748, "body_ratio": 0.0, "volume_ratio": 0.0, "_actual_regime": "TREND_UP", "_shadow_control": true, "_rejection_stage": "regime_filter", "_required_regime": "TREND_UP", "rsi_confirmation": 0.5618379992005297, "stop_distance_atr": 0.36015630043753366, "exhaustion_magnitude": 0.159181901500168, "_shadow_control_reason": "oos_experiment_baseline", "_regime_counterfactual_oos": true}	{}
ME_SHORT_GEOM_B_V1	1914654570	7180	KLACUSDT	SHORT	2026-10-04 22:50:30.575004+00	2026-10-04 22:50:30.615283+00	207.97	208.38594	206.39729758450292	207.97	209.529775	206.39729758450292	23.9	t	variant=ME_SHORT_GEOM_B_V1	TREND_UP	{"rr_ratio": 0.520960562026748, "body_ratio": 0.0, "volume_ratio": 0.0, "_actual_regime": "TREND_UP", "_shadow_control": true, "_rejection_stage": "regime_filter", "_required_regime": "TREND_UP", "rsi_confirmation": 0.5618379992005297, "stop_distance_atr": 0.36015630043753366, "exhaustion_magnitude": 0.159181901500168, "_shadow_control_reason": "oos_experiment_baseline", "_regime_counterfactual_oos": true}	{}
ME_SHORT_GEOM_A_V1	1921857311	5606	MONUSDT	SHORT	2026-10-04 01:02:07.804013+00	2026-10-04 01:02:07.849946+00	0.03445	0.0345189	0.03293383837865916	0.03445	0.0345189	0.03293383837865916	38.85	t	variant=ME_SHORT_GEOM_A_V1	HIGH_VOLATILITY	{"rr_ratio": 1.0, "body_ratio": 0.6363636363635847, "volume_ratio": 0.30436624715608435, "_shadow_control": true, "rsi_confirmation": 0.10780303630569203, "stop_distance_atr": 0.8963208612544713, "exhaustion_magnitude": 0.04357931435212412, "_shadow_control_reason": "oos_experiment_baseline"}	{}
ME_SHORT_GEOM_B_V1	1921857311	5607	MONUSDT	SHORT	2026-10-04 01:02:07.804013+00	2026-10-04 01:02:07.849946+00	0.03445	0.0345189	0.03293383837865916	0.03445	0.034708375	0.03293383837865916	38.85	t	variant=ME_SHORT_GEOM_B_V1	HIGH_VOLATILITY	{"rr_ratio": 1.0, "body_ratio": 0.6363636363635847, "volume_ratio": 0.30436624715608435, "_shadow_control": true, "rsi_confirmation": 0.10780303630569203, "stop_distance_atr": 0.8963208612544713, "exhaustion_magnitude": 0.04357931435212412, "_shadow_control_reason": "oos_experiment_baseline"}	{}
ME_SHORT_GEOM_A_V1	1922101910	5966	STRKUSDT	SHORT	2026-10-04 06:37:45.759+00	2026-10-04 06:37:45.800506+00	0.05368	0.05378736	0.05009295435717805	0.05368	0.05378736	0.05009295435717805	40.19	t	variant=ME_SHORT_GEOM_A_V1	HIGH_VOLATILITY	{"rr_ratio": 1.0, "body_ratio": 0.8400000000000066, "volume_ratio": 0.20489457057327262, "_shadow_control": true, "rsi_confirmation": 0.35461185035503984, "stop_distance_atr": 0.9124651149070293, "exhaustion_magnitude": 0.1682242990654202, "_shadow_control_reason": "oos_experiment_baseline"}	{}
ME_SHORT_GEOM_B_V1	1922101910	5967	STRKUSDT	SHORT	2026-10-04 06:37:45.759+00	2026-10-04 06:37:45.800506+00	0.05368	0.05378736	0.05009295435717805	0.05368	0.0540826	0.05009295435717805	40.19	t	variant=ME_SHORT_GEOM_B_V1	HIGH_VOLATILITY	{"rr_ratio": 1.0, "body_ratio": 0.8400000000000066, "volume_ratio": 0.20489457057327262, "_shadow_control": true, "rsi_confirmation": 0.35461185035503984, "stop_distance_atr": 0.9124651149070293, "exhaustion_magnitude": 0.1682242990654202, "_shadow_control_reason": "oos_experiment_baseline"}	{}
ME_SHORT_GEOM_A_V1	1923323646	888	ICPUSDT	SHORT	2026-09-30 02:07:12.482978+00	2026-09-30 02:07:12.509268+00	3.505	3.51201	3.326014498047218	3.505	3.51201	3.326014498047218	37.86	t	variant=ME_SHORT_GEOM_A_V1	TREND_UP	{"rr_ratio": 1.0, "body_ratio": 0.8000000000000356, "volume_ratio": 0.12197905638515036, "_actual_regime": "TREND_UP", "_shadow_control": true, "_rejection_stage": "regime_filter", "_required_regime": "TREND_UP", "rsi_confirmation": 0.027468963160218133, "stop_distance_atr": 0.717144132015656, "exhaustion_magnitude": 0.446171560161193, "_shadow_control_reason": "oos_experiment_baseline", "_regime_counterfactual_oos": true}	{}
ME_SHORT_GEOM_B_V1	1923323646	889	ICPUSDT	SHORT	2026-09-30 02:07:12.482978+00	2026-09-30 02:07:12.509268+00	3.505	3.51201	3.326014498047218	3.505	3.5312875	3.326014498047218	37.86	t	variant=ME_SHORT_GEOM_B_V1	TREND_UP	{"rr_ratio": 1.0, "body_ratio": 0.8000000000000356, "volume_ratio": 0.12197905638515036, "_actual_regime": "TREND_UP", "_shadow_control": true, "_rejection_stage": "regime_filter", "_required_regime": "TREND_UP", "rsi_confirmation": 0.027468963160218133, "stop_distance_atr": 0.717144132015656, "exhaustion_magnitude": 0.446171560161193, "_shadow_control_reason": "oos_experiment_baseline", "_regime_counterfactual_oos": true}	{}
ME_SHORT_GEOM_A_V1	1933276513	6162	BNBUSDT	SHORT	2026-10-04 09:53:17.344548+00	2026-10-04 09:53:17.380872+00	795.0	796.59	784.1854369011436	795.0	796.59	784.1854369011436	26.25	t	variant=ME_SHORT_GEOM_A_V1	TREND_UP	{"rr_ratio": 0.4063543887213102, "body_ratio": 0.571428571428583, "volume_ratio": 0.5017222281231506, "_actual_regime": "TREND_UP", "_shadow_control": true, "_rejection_stage": "regime_filter", "_required_regime": "TREND_UP", "rsi_confirmation": 0.3078379915966641, "stop_distance_atr": 0.17969796171700503, "exhaustion_magnitude": 0.3419452887537979, "_shadow_control_reason": "oos_experiment_baseline", "_regime_counterfactual_oos": true}	{}
ME_SHORT_GEOM_B_V1	1933276513	6163	BNBUSDT	SHORT	2026-10-04 09:53:17.344548+00	2026-10-04 09:53:17.380872+00	795.0	796.59	784.1854369011436	795.0	800.9625	784.1854369011436	26.25	t	variant=ME_SHORT_GEOM_B_V1	TREND_UP	{"rr_ratio": 0.4063543887213102, "body_ratio": 0.571428571428583, "volume_ratio": 0.5017222281231506, "_actual_regime": "TREND_UP", "_shadow_control": true, "_rejection_stage": "regime_filter", "_required_regime": "TREND_UP", "rsi_confirmation": 0.3078379915966641, "stop_distance_atr": 0.17969796171700503, "exhaustion_magnitude": 0.3419452887537979, "_shadow_control_reason": "oos_experiment_baseline", "_regime_counterfactual_oos": true}	{}
ME_SHORT_GEOM_A_V1	1936027378	7861	LITUSDT	SHORT	2026-10-05 12:47:58.532268+00	2026-10-05 12:47:58.568468+00	3.937	3.944874	3.7369756260142544	3.937	3.944874	3.7369756260142544	32.61	t	variant=ME_SHORT_GEOM_A_V1	HIGH_VOLATILITY	{"rr_ratio": 0.6444505930042327, "body_ratio": 0.5625000000000087, "volume_ratio": 0.6382100635415278, "_shadow_control": true, "rsi_confirmation": 0.07964621566128756, "stop_distance_atr": 0.482763555574625, "exhaustion_magnitude": 0.21683673469387632, "_shadow_control_reason": "oos_experiment_baseline"}	{}
ME_SHORT_GEOM_B_V1	1936027378	7862	LITUSDT	SHORT	2026-10-05 12:47:58.532268+00	2026-10-05 12:47:58.568468+00	3.937	3.944874	3.7369756260142544	3.937	3.9665274999999998	3.7369756260142544	32.61	t	variant=ME_SHORT_GEOM_B_V1	HIGH_VOLATILITY	{"rr_ratio": 0.6444505930042327, "body_ratio": 0.5625000000000087, "volume_ratio": 0.6382100635415278, "_shadow_control": true, "rsi_confirmation": 0.07964621566128756, "stop_distance_atr": 0.482763555574625, "exhaustion_magnitude": 0.21683673469387632, "_shadow_control_reason": "oos_experiment_baseline"}	{}
ME_SHORT_GEOM_A_V1	1939832770	8862	ORCAUSDT	SHORT	2026-10-06 06:50:42.379953+00	2026-10-06 06:50:42.426787+00	2.5334	2.5384667999999997	2.2682983870855504	2.5334	2.5384667999999997	2.2682983870855504	38.18	t	variant=ME_SHORT_GEOM_A_V1	HIGH_VOLATILITY	{"rr_ratio": 1.0, "body_ratio": 0.36974789915966666, "volume_ratio": 0.08052243841358553, "_shadow_control": true, "rsi_confirmation": 0.6714664567382973, "stop_distance_atr": 0.7004987160651698, "exhaustion_magnitude": 0.482225410489399, "_shadow_control_reason": "oos_experiment_baseline"}	{}
ME_SHORT_GEOM_B_V1	1939832770	8863	ORCAUSDT	SHORT	2026-10-06 06:50:42.379953+00	2026-10-06 06:50:42.426787+00	2.5334	2.5384667999999997	2.2682983870855504	2.5334	2.5524005	2.2682983870855504	38.18	t	variant=ME_SHORT_GEOM_B_V1	HIGH_VOLATILITY	{"rr_ratio": 1.0, "body_ratio": 0.36974789915966666, "volume_ratio": 0.08052243841358553, "_shadow_control": true, "rsi_confirmation": 0.6714664567382973, "stop_distance_atr": 0.7004987160651698, "exhaustion_magnitude": 0.482225410489399, "_shadow_control_reason": "oos_experiment_baseline"}	{}
ME_SHORT_GEOM_A_V1	1940755761	9319	SPCXUSDT	SHORT	2026-10-06 16:05:53.43144+00	2026-10-06 16:05:53.463257+00	174.36	174.70872000000003	171.25087631054672	174.36	174.70872000000003	171.25087631054672	36.15	t	variant=ME_SHORT_GEOM_A_V1	TREND_UP	{"rr_ratio": 0.9934630603850932, "body_ratio": 0.9333333333333965, "volume_ratio": 0.02836519162933781, "_actual_regime": "TREND_UP", "_shadow_control": true, "_rejection_stage": "regime_filter", "_required_regime": "TREND_UP", "rsi_confirmation": 0.10876945929684136, "stop_distance_atr": 0.6644733492112692, "exhaustion_magnitude": 0.25073491267508347, "_shadow_control_reason": "oos_experiment_baseline", "_regime_counterfactual_oos": true}	{}
ME_SHORT_GEOM_B_V1	1940755761	9320	SPCXUSDT	SHORT	2026-10-06 16:05:53.43144+00	2026-10-06 16:05:53.463257+00	174.36	174.70872000000003	171.25087631054672	174.36	175.66770000000002	171.25087631054672	36.15	t	variant=ME_SHORT_GEOM_B_V1	TREND_UP	{"rr_ratio": 0.9934630603850932, "body_ratio": 0.9333333333333965, "volume_ratio": 0.02836519162933781, "_actual_regime": "TREND_UP", "_shadow_control": true, "_rejection_stage": "regime_filter", "_required_regime": "TREND_UP", "rsi_confirmation": 0.10876945929684136, "stop_distance_atr": 0.6644733492112692, "exhaustion_magnitude": 0.25073491267508347, "_shadow_control_reason": "oos_experiment_baseline", "_regime_counterfactual_oos": true}	{}
ME_SHORT_GEOM_A_V1	1941293887	5815	STRKUSDT	SHORT	2026-10-04 04:22:23.938371+00	2026-10-04 04:22:24.00505+00	0.0536	0.053707200000000004	0.049944423782066816	0.0536	0.053707200000000004	0.049944423782066816	38.32	t	variant=ME_SHORT_GEOM_A_V1	HIGH_VOLATILITY	{"rr_ratio": 1.0, "body_ratio": 0.6111111111111068, "volume_ratio": 0.12982505324032595, "_shadow_control": true, "rsi_confirmation": 0.3538625389160927, "stop_distance_atr": 0.8918592967930751, "exhaustion_magnitude": 0.09345794392523632, "_shadow_control_reason": "oos_experiment_baseline"}	{}
ME_SHORT_GEOM_B_V1	1941293887	5816	STRKUSDT	SHORT	2026-10-04 04:22:23.938371+00	2026-10-04 04:22:24.00505+00	0.0536	0.053707200000000004	0.049944423782066816	0.0536	0.054002	0.049944423782066816	38.32	t	variant=ME_SHORT_GEOM_B_V1	HIGH_VOLATILITY	{"rr_ratio": 1.0, "body_ratio": 0.6111111111111068, "volume_ratio": 0.12982505324032595, "_shadow_control": true, "rsi_confirmation": 0.3538625389160927, "stop_distance_atr": 0.8918592967930751, "exhaustion_magnitude": 0.09345794392523632, "_shadow_control_reason": "oos_experiment_baseline"}	{}
ME_SHORT_GEOM_A_V1	1945138683	7128	BNBUSDT	SHORT	2026-10-04 22:10:13.353399+00	2026-10-04 22:10:13.404367+00	795.3	796.8906	788.507073617541	795.3	796.8906	788.507073617541	28.16	t	variant=ME_SHORT_GEOM_A_V1	TREND_UP	{"rr_ratio": 0.7453776966029727, "body_ratio": 0.0, "volume_ratio": 0.013357127998511008, "_actual_regime": "TREND_UP", "_shadow_control": true, "_rejection_stage": "regime_filter", "_required_regime": "TREND_UP", "rsi_confirmation": 0.4158092993751249, "stop_distance_atr": 0.5527994265826726, "exhaustion_magnitude": 0.018867924528299027, "_shadow_control_reason": "oos_experiment_baseline", "_regime_counterfactual_oos": true}	{}
ME_SHORT_GEOM_B_V1	1945138683	7129	BNBUSDT	SHORT	2026-10-04 22:10:13.353399+00	2026-10-04 22:10:13.404367+00	795.3	796.8906	788.507073617541	795.3	801.2647499999999	788.507073617541	28.16	t	variant=ME_SHORT_GEOM_B_V1	TREND_UP	{"rr_ratio": 0.7453776966029727, "body_ratio": 0.0, "volume_ratio": 0.013357127998511008, "_actual_regime": "TREND_UP", "_shadow_control": true, "_rejection_stage": "regime_filter", "_required_regime": "TREND_UP", "rsi_confirmation": 0.4158092993751249, "stop_distance_atr": 0.5527994265826726, "exhaustion_magnitude": 0.018867924528299027, "_shadow_control_reason": "oos_experiment_baseline", "_regime_counterfactual_oos": true}	{}
ME_SHORT_GEOM_A_V1	1947186558	3897	HYPEUSDT	SHORT	2026-10-02 12:14:20.710241+00	2026-10-02 12:14:20.74871+00	91.25	91.4325	89.19413633974672	91.25	91.4325	89.19413633974672	38.02	t	variant=ME_SHORT_GEOM_A_V1	RANGE	{"rr_ratio": 1.0, "body_ratio": 0.4666666666666477, "volume_ratio": 0.31099671144638436, "_shadow_control": true, "rsi_confirmation": 0.08714993638423513, "stop_distance_atr": 0.7938964977913274, "exhaustion_magnitude": 0.1869981300187017, "_shadow_control_reason": "oos_experiment_baseline"}	{}
ME_SHORT_GEOM_B_V1	1947186558	3898	HYPEUSDT	SHORT	2026-10-02 12:14:20.710241+00	2026-10-02 12:14:20.74871+00	91.25	91.4325	89.19413633974672	91.25	91.934375	89.19413633974672	38.02	t	variant=ME_SHORT_GEOM_B_V1	RANGE	{"rr_ratio": 1.0, "body_ratio": 0.4666666666666477, "volume_ratio": 0.31099671144638436, "_shadow_control": true, "rsi_confirmation": 0.08714993638423513, "stop_distance_atr": 0.7938964977913274, "exhaustion_magnitude": 0.1869981300187017, "_shadow_control_reason": "oos_experiment_baseline"}	{}
ME_SHORT_GEOM_A_V1	1950180611	9285	ORCAUSDT	SHORT	2026-10-06 15:25:48.89743+00	2026-10-06 15:25:48.926662+00	2.7507	2.7562014	2.392154533436616	2.7507	2.7562014	2.392154533436616	35.35	t	variant=ME_SHORT_GEOM_A_V1	HIGH_VOLATILITY	{"rr_ratio": 0.7405379242008934, "body_ratio": 0.9230769230769651, "volume_ratio": 0.026453690369401456, "_shadow_control": true, "rsi_confirmation": 0.4101087866051955, "stop_distance_atr": 0.5498767552073317, "exhaustion_magnitude": 0.9068364363178726, "_shadow_control_reason": "oos_experiment_baseline"}	{}
ME_SHORT_GEOM_B_V1	1950180611	9286	ORCAUSDT	SHORT	2026-10-06 15:25:48.89743+00	2026-10-06 15:25:48.926662+00	2.7507	2.7562014	2.392154533436616	2.7507	2.77133025	2.392154533436616	35.35	t	variant=ME_SHORT_GEOM_B_V1	HIGH_VOLATILITY	{"rr_ratio": 0.7405379242008934, "body_ratio": 0.9230769230769651, "volume_ratio": 0.026453690369401456, "_shadow_control": true, "rsi_confirmation": 0.4101087866051955, "stop_distance_atr": 0.5498767552073317, "exhaustion_magnitude": 0.9068364363178726, "_shadow_control_reason": "oos_experiment_baseline"}	{}
ME_SHORT_GEOM_A_V1	1950348089	4048	BTCUSDT	SHORT	2026-10-02 13:11:30.739199+00	2026-10-02 13:11:30.785545+00	86924.5	87098.349	85728.16684025251	86924.5	87098.349	85728.16684025251	32.25	t	variant=ME_SHORT_GEOM_A_V1	TREND_UP	{"rr_ratio": 0.8304545386767576, "body_ratio": 0.6629032258063108, "volume_ratio": 0.051732265120961796, "_actual_regime": "TREND_UP", "_shadow_control": true, "_rejection_stage": "regime_filter", "_required_regime": "TREND_UP", "rsi_confirmation": 0.4458286978888528, "stop_distance_atr": 0.5986133884409062, "exhaustion_magnitude": 0.014269324289958946, "_shadow_control_reason": "oos_experiment_baseline", "_regime_counterfactual_oos": true}	{}
ME_SHORT_GEOM_B_V1	1950348089	4049	BTCUSDT	SHORT	2026-10-02 13:11:30.739199+00	2026-10-02 13:11:30.785545+00	86924.5	87098.349	85728.16684025251	86924.5	87576.43375	85728.16684025251	32.25	t	variant=ME_SHORT_GEOM_B_V1	TREND_UP	{"rr_ratio": 0.8304545386767576, "body_ratio": 0.6629032258063108, "volume_ratio": 0.051732265120961796, "_actual_regime": "TREND_UP", "_shadow_control": true, "_rejection_stage": "regime_filter", "_required_regime": "TREND_UP", "rsi_confirmation": 0.4458286978888528, "stop_distance_atr": 0.5986133884409062, "exhaustion_magnitude": 0.014269324289958946, "_shadow_control_reason": "oos_experiment_baseline", "_regime_counterfactual_oos": true}	{}
ME_SHORT_GEOM_A_V1	1950966988	674	PUMPFUNUSDT	SHORT	2026-09-29 21:26:24.174351+00	2026-09-29 21:26:24.19704+00	0.005912	0.005923823999999999	0.005345817574949175	0.005912	0.005923823999999999	0.005345817574949175	40.07	t	variant=ME_SHORT_GEOM_A_V1	HIGH_VOLATILITY	{"rr_ratio": 1.0, "body_ratio": 0.6904761904761934, "volume_ratio": 0.4011486084464253, "_shadow_control": true, "rsi_confirmation": 0.054247852528324834, "stop_distance_atr": 0.6809000270063748, "exhaustion_magnitude": 0.5644885391720843, "_shadow_control_reason": "oos_experiment_baseline"}	{}
ME_SHORT_GEOM_B_V1	1950966988	675	PUMPFUNUSDT	SHORT	2026-09-29 21:26:24.174351+00	2026-09-29 21:26:24.19704+00	0.005912	0.005923823999999999	0.005345817574949175	0.005912	0.00595634	0.005345817574949175	40.07	t	variant=ME_SHORT_GEOM_B_V1	HIGH_VOLATILITY	{"rr_ratio": 1.0, "body_ratio": 0.6904761904761934, "volume_ratio": 0.4011486084464253, "_shadow_control": true, "rsi_confirmation": 0.054247852528324834, "stop_distance_atr": 0.6809000270063748, "exhaustion_magnitude": 0.5644885391720843, "_shadow_control_reason": "oos_experiment_baseline"}	{}
ME_SHORT_GEOM_A_V1	1953949638	1471	ASTERUSDT	SHORT	2026-09-30 15:07:53.568085+00	2026-09-30 15:07:53.604236+00	0.775	0.7765500000000001	0.7493120882830515	0.775	0.7765500000000001	0.7493120882830515	38.38	t	variant=ME_SHORT_GEOM_A_V1	HIGH_VOLATILITY	{"rr_ratio": 1.0, "body_ratio": 0.5199999999999751, "volume_ratio": 0.06330830511973151, "_shadow_control": true, "rsi_confirmation": 0.5737920453946364, "stop_distance_atr": 0.878540401728257, "exhaustion_magnitude": 0.16181229773463157, "_shadow_control_reason": "oos_experiment_baseline"}	{}
ME_SHORT_GEOM_B_V1	1953949638	1472	ASTERUSDT	SHORT	2026-09-30 15:07:53.568085+00	2026-09-30 15:07:53.604236+00	0.775	0.7765500000000001	0.7493120882830515	0.775	0.7808125	0.7493120882830515	38.38	t	variant=ME_SHORT_GEOM_B_V1	HIGH_VOLATILITY	{"rr_ratio": 1.0, "body_ratio": 0.5199999999999751, "volume_ratio": 0.06330830511973151, "_shadow_control": true, "rsi_confirmation": 0.5737920453946364, "stop_distance_atr": 0.878540401728257, "exhaustion_magnitude": 0.16181229773463157, "_shadow_control_reason": "oos_experiment_baseline"}	{}
ME_SHORT_GEOM_A_V1	1958234833	5811	PUMPFUNUSDT	SHORT	2026-10-04 04:22:23.338493+00	2026-10-04 04:22:23.379364+00	0.006423	0.006435846	0.006077058163259837	0.006423	0.006435846	0.006077058163259837	37.35	t	variant=ME_SHORT_GEOM_A_V1	HIGH_VOLATILITY	{"rr_ratio": 1.0, "body_ratio": 0.5, "volume_ratio": 0.10785585094433943, "_shadow_control": true, "rsi_confirmation": 0.24032575647067062, "stop_distance_atr": 0.9223708253277544, "exhaustion_magnitude": 0.0077857365306768355, "_shadow_control_reason": "oos_experiment_baseline"}	{}
ME_SHORT_GEOM_B_V1	1958234833	5812	PUMPFUNUSDT	SHORT	2026-10-04 04:22:23.338493+00	2026-10-04 04:22:23.379364+00	0.006423	0.006435846	0.006077058163259837	0.006423	0.0064711725	0.006077058163259837	37.35	t	variant=ME_SHORT_GEOM_B_V1	HIGH_VOLATILITY	{"rr_ratio": 1.0, "body_ratio": 0.5, "volume_ratio": 0.10785585094433943, "_shadow_control": true, "rsi_confirmation": 0.24032575647067062, "stop_distance_atr": 0.9223708253277544, "exhaustion_magnitude": 0.0077857365306768355, "_shadow_control_reason": "oos_experiment_baseline"}	{}
ME_SHORT_GEOM_A_V1	1963049761	3653	XRPUSDT	SHORT	2026-10-02 09:38:54.116966+00	2026-10-02 09:38:54.143398+00	1.5404	1.5434808	1.5110420740683412	1.5404	1.5434808	1.5110420740683412	39.48	t	variant=ME_SHORT_GEOM_A_V1	RANGE	{"rr_ratio": 1.0, "body_ratio": 1.0, "volume_ratio": 0.2303893258581574, "_shadow_control": true, "rsi_confirmation": 0.24056407523938503, "stop_distance_atr": 0.7785670456671611, "exhaustion_magnitude": 0.22497554613628645, "_shadow_control_reason": "oos_experiment_baseline"}	{}
ME_SHORT_GEOM_B_V1	1963049761	3654	XRPUSDT	SHORT	2026-10-02 09:38:54.116966+00	2026-10-02 09:38:54.143398+00	1.5404	1.5434808	1.5110420740683412	1.5404	1.551953	1.5110420740683412	39.48	t	variant=ME_SHORT_GEOM_B_V1	RANGE	{"rr_ratio": 1.0, "body_ratio": 1.0, "volume_ratio": 0.2303893258581574, "_shadow_control": true, "rsi_confirmation": 0.24056407523938503, "stop_distance_atr": 0.7785670456671611, "exhaustion_magnitude": 0.22497554613628645, "_shadow_control_reason": "oos_experiment_baseline"}	{}
ME_SHORT_GEOM_A_V1	1968172570	6986	XRPUSDT	SHORT	2026-10-04 21:24:53.142184+00	2026-10-04 21:24:53.176012+00	1.5129	1.5159258	1.4974382257100147	1.5129	1.5159258	1.4974382257100147	32.4	t	variant=ME_SHORT_GEOM_A_V1	RANGE	{"rr_ratio": 0.7066148193765862, "body_ratio": 0.9285714285714343, "volume_ratio": 0.28661103020472706, "_shadow_control": true, "rsi_confirmation": 0.28698265995283995, "stop_distance_atr": 0.5282672763254294, "exhaustion_magnitude": 0.11594010865243927, "_shadow_control_reason": "oos_experiment_baseline"}	{}
ME_SHORT_GEOM_B_V1	1968172570	6987	XRPUSDT	SHORT	2026-10-04 21:24:53.142184+00	2026-10-04 21:24:53.176012+00	1.5129	1.5159258	1.4974382257100147	1.5129	1.5242467499999999	1.4974382257100147	32.4	t	variant=ME_SHORT_GEOM_B_V1	RANGE	{"rr_ratio": 0.7066148193765862, "body_ratio": 0.9285714285714343, "volume_ratio": 0.28661103020472706, "_shadow_control": true, "rsi_confirmation": 0.28698265995283995, "stop_distance_atr": 0.5282672763254294, "exhaustion_magnitude": 0.11594010865243927, "_shadow_control_reason": "oos_experiment_baseline"}	{}
ME_SHORT_GEOM_A_V1	1970800085	8513	RLCUSDT	SHORT	2026-10-06 00:29:26.895868+00	2026-10-06 00:29:26.927932+00	0.778	0.779556	0.6369616891563791	0.778	0.779556	0.6369616891563791	36.29	t	variant=ME_SHORT_GEOM_A_V1	HIGH_VOLATILITY	{"rr_ratio": 0.6455660189171323, "body_ratio": 0.3583815028901728, "volume_ratio": 0.33672719754202124, "_shadow_control": true, "rsi_confirmation": 1.0, "stop_distance_atr": 0.4836572502802051, "exhaustion_magnitude": 1.0, "_shadow_control_reason": "oos_experiment_baseline"}	{}
ME_SHORT_GEOM_B_V1	1970800085	8514	RLCUSDT	SHORT	2026-10-06 00:29:26.895868+00	2026-10-06 00:29:26.927932+00	0.778	0.779556	0.6369616891563791	0.778	0.7838350000000001	0.6369616891563791	36.29	t	variant=ME_SHORT_GEOM_B_V1	HIGH_VOLATILITY	{"rr_ratio": 0.6455660189171323, "body_ratio": 0.3583815028901728, "volume_ratio": 0.33672719754202124, "_shadow_control": true, "rsi_confirmation": 1.0, "stop_distance_atr": 0.4836572502802051, "exhaustion_magnitude": 1.0, "_shadow_control_reason": "oos_experiment_baseline"}	{}
ME_SHORT_GEOM_A_V1	1974369294	7190	KLACUSDT	SHORT	2026-10-04 22:55:31.789067+00	2026-10-04 22:55:31.827327+00	207.74	208.15548	206.3772975845029	207.74	208.15548	206.3772975845029	28.22	t	variant=ME_SHORT_GEOM_A_V1	TREND_UP	{"rr_ratio": 0.7148513448734256, "body_ratio": 0.0, "volume_ratio": 0.0, "_actual_regime": "TREND_UP", "_shadow_control": true, "_rejection_stage": "regime_filter", "_required_regime": "TREND_UP", "rsi_confirmation": 0.5480911255811814, "stop_distance_atr": 0.5337025862455955, "exhaustion_magnitude": 0.10370942067435406, "_shadow_control_reason": "oos_experiment_baseline", "_regime_counterfactual_oos": true}	{}
ME_SHORT_GEOM_B_V1	1974369294	7191	KLACUSDT	SHORT	2026-10-04 22:55:31.789067+00	2026-10-04 22:55:31.827327+00	207.74	208.15548	206.3772975845029	207.74	209.29805000000002	206.3772975845029	28.22	t	variant=ME_SHORT_GEOM_B_V1	TREND_UP	{"rr_ratio": 0.7148513448734256, "body_ratio": 0.0, "volume_ratio": 0.0, "_actual_regime": "TREND_UP", "_shadow_control": true, "_rejection_stage": "regime_filter", "_required_regime": "TREND_UP", "rsi_confirmation": 0.5480911255811814, "stop_distance_atr": 0.5337025862455955, "exhaustion_magnitude": 0.10370942067435406, "_shadow_control_reason": "oos_experiment_baseline", "_regime_counterfactual_oos": true}	{}
ME_SHORT_GEOM_A_V1	1987115080	7895	LITUSDT	SHORT	2026-10-05 13:13:03.621752+00	2026-10-05 13:13:03.657141+00	3.921	3.928842	3.7539059395077543	3.921	3.928842	3.7539059395077543	36.25	t	variant=ME_SHORT_GEOM_A_V1	HIGH_VOLATILITY	{"rr_ratio": 1.0, "body_ratio": 0.7777777777777997, "volume_ratio": 0.2038442555190645, "_shadow_control": true, "rsi_confirmation": 0.1562337251397897, "stop_distance_atr": 0.675670504484835, "exhaustion_magnitude": 0.01275510204081492, "_shadow_control_reason": "oos_experiment_baseline"}	{}
ME_SHORT_GEOM_B_V1	1987115080	7896	LITUSDT	SHORT	2026-10-05 13:13:03.621752+00	2026-10-05 13:13:03.657141+00	3.921	3.928842	3.7539059395077543	3.921	3.9504075	3.7539059395077543	36.25	t	variant=ME_SHORT_GEOM_B_V1	HIGH_VOLATILITY	{"rr_ratio": 1.0, "body_ratio": 0.7777777777777997, "volume_ratio": 0.2038442555190645, "_shadow_control": true, "rsi_confirmation": 0.1562337251397897, "stop_distance_atr": 0.675670504484835, "exhaustion_magnitude": 0.01275510204081492, "_shadow_control_reason": "oos_experiment_baseline"}	{}
ME_SHORT_GEOM_A_V1	1987342592	1466	ASTERUSDT	SHORT	2026-09-30 14:59:22.493044+00	2026-09-30 14:59:22.534437+00	0.7748	0.7763496000000001	0.7469899412535472	0.7748	0.7763496000000001	0.7469899412535472	40.46	t	variant=ME_SHORT_GEOM_A_V1	HIGH_VOLATILITY	{"rr_ratio": 1.0, "body_ratio": 0.7500000000000346, "volume_ratio": 0.2800407250543849, "_shadow_control": true, "rsi_confirmation": 0.5466643839157863, "stop_distance_atr": 0.8580477767090453, "exhaustion_magnitude": 0.14886731391586278, "_shadow_control_reason": "oos_experiment_baseline"}	{}
ME_SHORT_GEOM_B_V1	1987342592	1467	ASTERUSDT	SHORT	2026-09-30 14:59:22.493044+00	2026-09-30 14:59:22.534437+00	0.7748	0.7763496000000001	0.7469899412535472	0.7748	0.780611	0.7469899412535472	40.46	t	variant=ME_SHORT_GEOM_B_V1	HIGH_VOLATILITY	{"rr_ratio": 1.0, "body_ratio": 0.7500000000000346, "volume_ratio": 0.2800407250543849, "_shadow_control": true, "rsi_confirmation": 0.5466643839157863, "stop_distance_atr": 0.8580477767090453, "exhaustion_magnitude": 0.14886731391586278, "_shadow_control_reason": "oos_experiment_baseline"}	{}
ME_SHORT_GEOM_A_V1	1988138990	7346	FARTCOINUSDT	SHORT	2026-10-05 01:15:55.786035+00	2026-10-05 01:15:55.822841+00	0.18469	0.18505938	0.17970100424538343	0.18469	0.18505938	0.17970100424538343	36.28	t	variant=ME_SHORT_GEOM_A_V1	RANGE	{"rr_ratio": 1.0, "body_ratio": 0.461538461538478, "volume_ratio": 0.03661096772153284, "_shadow_control": true, "rsi_confirmation": 0.2070654434311507, "stop_distance_atr": 0.7593468345299912, "exhaustion_magnitude": 0.27767191158055016, "_shadow_control_reason": "oos_experiment_baseline"}	{}
ME_SHORT_GEOM_B_V1	1988138990	7347	FARTCOINUSDT	SHORT	2026-10-05 01:15:55.786035+00	2026-10-05 01:15:55.822841+00	0.18469	0.18505938	0.17970100424538343	0.18469	0.18607517499999998	0.17970100424538343	36.28	t	variant=ME_SHORT_GEOM_B_V1	RANGE	{"rr_ratio": 1.0, "body_ratio": 0.461538461538478, "volume_ratio": 0.03661096772153284, "_shadow_control": true, "rsi_confirmation": 0.2070654434311507, "stop_distance_atr": 0.7593468345299912, "exhaustion_magnitude": 0.27767191158055016, "_shadow_control_reason": "oos_experiment_baseline"}	{}
ME_SHORT_GEOM_A_V1	1995779944	5974	STRKUSDT	SHORT	2026-10-04 06:47:47.669388+00	2026-10-04 06:47:47.702053+00	0.05368	0.05378736	0.05011295435717805	0.05368	0.05378736	0.05011295435717805	40.57	t	variant=ME_SHORT_GEOM_A_V1	HIGH_VOLATILITY	{"rr_ratio": 1.0, "body_ratio": 1.0, "volume_ratio": 0.18194339259353337, "_shadow_control": true, "rsi_confirmation": 0.36455645610397386, "stop_distance_atr": 0.9183525836380602, "exhaustion_magnitude": 0.1682242990654202, "_shadow_control_reason": "oos_experiment_baseline"}	{}
ME_SHORT_GEOM_B_V1	1995779944	5975	STRKUSDT	SHORT	2026-10-04 06:47:47.669388+00	2026-10-04 06:47:47.702053+00	0.05368	0.05378736	0.05011295435717805	0.05368	0.0540826	0.05011295435717805	40.57	t	variant=ME_SHORT_GEOM_B_V1	HIGH_VOLATILITY	{"rr_ratio": 1.0, "body_ratio": 1.0, "volume_ratio": 0.18194339259353337, "_shadow_control": true, "rsi_confirmation": 0.36455645610397386, "stop_distance_atr": 0.9183525836380602, "exhaustion_magnitude": 0.1682242990654202, "_shadow_control_reason": "oos_experiment_baseline"}	{}
ME_SHORT_GEOM_A_V1	2001060710	6541	SOLUSDT	SHORT	2026-10-04 14:38:53.54635+00	2026-10-04 14:38:53.60475+00	121.7	121.9434	120.32438407650645	121.7	121.9434	120.32438407650645	32.84	t	variant=ME_SHORT_GEOM_A_V1	TREND_UP	{"rr_ratio": 0.7604485363420949, "body_ratio": 0.5200000000000387, "volume_ratio": 0.48612133084082415, "_actual_regime": "TREND_UP", "_shadow_control": true, "_rejection_stage": "regime_filter", "_required_regime": "TREND_UP", "rsi_confirmation": 0.06916868349905296, "stop_distance_atr": 0.5616622067066737, "exhaustion_magnitude": 0.03288932741325369, "_shadow_control_reason": "oos_experiment_baseline", "_regime_counterfactual_oos": true}	{}
ME_SHORT_GEOM_B_V1	2001060710	6542	SOLUSDT	SHORT	2026-10-04 14:38:53.54635+00	2026-10-04 14:38:53.60475+00	121.7	121.9434	120.32438407650645	121.7	122.61275	120.32438407650645	32.84	t	variant=ME_SHORT_GEOM_B_V1	TREND_UP	{"rr_ratio": 0.7604485363420949, "body_ratio": 0.5200000000000387, "volume_ratio": 0.48612133084082415, "_actual_regime": "TREND_UP", "_shadow_control": true, "_rejection_stage": "regime_filter", "_required_regime": "TREND_UP", "rsi_confirmation": 0.06916868349905296, "stop_distance_atr": 0.5616622067066737, "exhaustion_magnitude": 0.03288932741325369, "_shadow_control_reason": "oos_experiment_baseline", "_regime_counterfactual_oos": true}	{}
ME_SHORT_GEOM_A_V1	2001912764	805	SPCXUSDT	SHORT	2026-09-30 00:17:01.960994+00	2026-09-30 00:17:01.986869+00	149.87	150.16974000000002	147.85758692797683	149.87	150.16974000000002	147.85758692797683	34.73	t	variant=ME_SHORT_GEOM_A_V1	RANGE	{"rr_ratio": 1.0, "body_ratio": 0.49999999999928946, "volume_ratio": 0.018615969320194672, "_shadow_control": true, "rsi_confirmation": 0.019675019241384463, "stop_distance_atr": 0.7651479758550915, "exhaustion_magnitude": 0.07350484463748708, "_shadow_control_reason": "oos_experiment_baseline"}	{}
ME_SHORT_GEOM_B_V1	2001912764	806	SPCXUSDT	SHORT	2026-09-30 00:17:01.960994+00	2026-09-30 00:17:01.986869+00	149.87	150.16974000000002	147.85758692797683	149.87	150.994025	147.85758692797683	34.73	t	variant=ME_SHORT_GEOM_B_V1	RANGE	{"rr_ratio": 1.0, "body_ratio": 0.49999999999928946, "volume_ratio": 0.018615969320194672, "_shadow_control": true, "rsi_confirmation": 0.019675019241384463, "stop_distance_atr": 0.7651479758550915, "exhaustion_magnitude": 0.07350484463748708, "_shadow_control_reason": "oos_experiment_baseline"}	{}
ME_SHORT_GEOM_A_V1	2003132948	4207	KORUUSDT	SHORT	2026-10-02 15:32:17.080929+00	2026-10-02 15:32:17.10389+00	22.69	22.735380000000003	21.711891800432994	22.69	22.735380000000003	21.711891800432994	38.65	t	variant=ME_SHORT_GEOM_A_V1	HIGH_VOLATILITY	{"rr_ratio": 1.0, "body_ratio": 0.8749999999999833, "volume_ratio": 0.1683115727576347, "_shadow_control": true, "rsi_confirmation": 0.1155258444884737, "stop_distance_atr": 0.7334762843448355, "exhaustion_magnitude": 0.39982230119946627, "_shadow_control_reason": "oos_experiment_baseline"}	{}
ME_SHORT_GEOM_B_V1	2003132948	4208	KORUUSDT	SHORT	2026-10-02 15:32:17.080929+00	2026-10-02 15:32:17.10389+00	22.69	22.735380000000003	21.711891800432994	22.69	22.860175	21.711891800432994	38.65	t	variant=ME_SHORT_GEOM_B_V1	HIGH_VOLATILITY	{"rr_ratio": 1.0, "body_ratio": 0.8749999999999833, "volume_ratio": 0.1683115727576347, "_shadow_control": true, "rsi_confirmation": 0.1155258444884737, "stop_distance_atr": 0.7334762843448355, "exhaustion_magnitude": 0.39982230119946627, "_shadow_control_reason": "oos_experiment_baseline"}	{}
ME_SHORT_GEOM_A_V1	2005942101	2019	SNDKUSDT	SHORT	2026-10-01 03:23:43.833301+00	2026-10-01 03:23:43.877825+00	1759.97	1763.48994	1731.513518217776	1759.97	1763.48994	1731.513518217776	38.7	t	variant=ME_SHORT_GEOM_A_V1	RANGE	{"rr_ratio": 1.0, "body_ratio": 0.9808612440191554, "volume_ratio": 0.17917857970790513, "_shadow_control": true, "rsi_confirmation": 0.19610974927914146, "stop_distance_atr": 0.7986232724574637, "exhaustion_magnitude": 0.15073973602024196, "_shadow_control_reason": "oos_experiment_baseline"}	{}
ME_SHORT_GEOM_B_V1	2005942101	2020	SNDKUSDT	SHORT	2026-10-01 03:23:43.833301+00	2026-10-01 03:23:43.877825+00	1759.97	1763.48994	1731.513518217776	1759.97	1773.169775	1731.513518217776	38.7	t	variant=ME_SHORT_GEOM_B_V1	RANGE	{"rr_ratio": 1.0, "body_ratio": 0.9808612440191554, "volume_ratio": 0.17917857970790513, "_shadow_control": true, "rsi_confirmation": 0.19610974927914146, "stop_distance_atr": 0.7986232724574637, "exhaustion_magnitude": 0.15073973602024196, "_shadow_control_reason": "oos_experiment_baseline"}	{}
ME_SHORT_GEOM_A_V1	2015443731	10922	AVAXUSDT	SHORT	2026-10-06 23:57:24.420067+00	2026-10-06 23:57:24.460677+00	11.651	11.674301999999999	11.358025691216588	11.651	11.674301999999999	11.358025691216588	37.57	t	variant=ME_SHORT_GEOM_A_V1	TREND_UP	{"rr_ratio": 1.0, "body_ratio": 0.5714285714287164, "volume_ratio": 0.21242455750713554, "_actual_regime": "TREND_UP", "_shadow_control": true, "_rejection_stage": "regime_filter", "_required_regime": "TREND_UP", "rsi_confirmation": 0.13345690945417346, "stop_distance_atr": 0.8241393380135512, "exhaustion_magnitude": 0.10320805022791404, "_shadow_control_reason": "oos_experiment_baseline", "_regime_counterfactual_oos": true}	{}
ME_SHORT_GEOM_B_V1	2015443731	10923	AVAXUSDT	SHORT	2026-10-06 23:57:24.420067+00	2026-10-06 23:57:24.460677+00	11.651	11.674301999999999	11.358025691216588	11.651	11.7383825	11.358025691216588	37.57	t	variant=ME_SHORT_GEOM_B_V1	TREND_UP	{"rr_ratio": 1.0, "body_ratio": 0.5714285714287164, "volume_ratio": 0.21242455750713554, "_actual_regime": "TREND_UP", "_shadow_control": true, "_rejection_stage": "regime_filter", "_required_regime": "TREND_UP", "rsi_confirmation": 0.13345690945417346, "stop_distance_atr": 0.8241393380135512, "exhaustion_magnitude": 0.10320805022791404, "_shadow_control_reason": "oos_experiment_baseline", "_regime_counterfactual_oos": true}	{}
ME_SHORT_GEOM_A_V1	2018056472	1764	MOVRUSDT	SHORT	2026-09-30 22:22:53.536971+00	2026-09-30 22:22:53.573004+00	2.137	2.141274	1.7337068281501042	2.137	2.141274	1.7337068281501042	40.69	t	variant=ME_SHORT_GEOM_A_V1	HIGH_VOLATILITY	{"rr_ratio": 0.9821548238985439, "body_ratio": 0.6111111111111049, "volume_ratio": 0.15339959163734138, "_shadow_control": true, "rsi_confirmation": 0.43191955145695526, "stop_distance_atr": 0.6606101958444727, "exhaustion_magnitude": 1.0, "_shadow_control_reason": "oos_experiment_baseline"}	{}
ME_SHORT_GEOM_B_V1	2018056472	1765	MOVRUSDT	SHORT	2026-09-30 22:22:53.536971+00	2026-09-30 22:22:53.573004+00	2.137	2.141274	1.7337068281501042	2.137	2.1530275	1.7337068281501042	40.69	t	variant=ME_SHORT_GEOM_B_V1	HIGH_VOLATILITY	{"rr_ratio": 0.9821548238985439, "body_ratio": 0.6111111111111049, "volume_ratio": 0.15339959163734138, "_shadow_control": true, "rsi_confirmation": 0.43191955145695526, "stop_distance_atr": 0.6606101958444727, "exhaustion_magnitude": 1.0, "_shadow_control_reason": "oos_experiment_baseline"}	{}
ME_SHORT_GEOM_A_V1	2022119890	5838	HYPEUSDT	SHORT	2026-10-04 04:42:26.766516+00	2026-10-04 04:42:26.793918+00	89.96	90.13991999999999	88.9037817048817	89.96	90.13991999999999	88.9037817048817	37.52	t	variant=ME_SHORT_GEOM_A_V1	RANGE	{"rr_ratio": 1.0, "body_ratio": 1.0, "volume_ratio": 0.0695297089876265, "_shadow_control": true, "rsi_confirmation": 0.03779887060196832, "stop_distance_atr": 0.8184700067986195, "exhaustion_magnitude": 0.13374944271065253, "_shadow_control_reason": "oos_experiment_baseline"}	{}
ME_SHORT_GEOM_B_V1	2022119890	5839	HYPEUSDT	SHORT	2026-10-04 04:42:26.766516+00	2026-10-04 04:42:26.793918+00	89.96	90.13991999999999	88.9037817048817	89.96	90.6347	88.9037817048817	37.52	t	variant=ME_SHORT_GEOM_B_V1	RANGE	{"rr_ratio": 1.0, "body_ratio": 1.0, "volume_ratio": 0.0695297089876265, "_shadow_control": true, "rsi_confirmation": 0.03779887060196832, "stop_distance_atr": 0.8184700067986195, "exhaustion_magnitude": 0.13374944271065253, "_shadow_control_reason": "oos_experiment_baseline"}	{}
ME_SHORT_GEOM_A_V1	2022746378	4042	XRPUSDT	SHORT	2026-10-02 13:06:30.362936+00	2026-10-02 13:06:30.389598+00	1.5468	1.5498935999999999	1.5155981590213572	1.5468	1.5498935999999999	1.5155981590213572	36.03	t	variant=ME_SHORT_GEOM_A_V1	RANGE	{"rr_ratio": 1.0, "body_ratio": 0.4687500000000737, "volume_ratio": 0.07213432414427157, "_shadow_control": true, "rsi_confirmation": 0.20774631860322756, "stop_distance_atr": 0.7708538298639984, "exhaustion_magnitude": 0.14263485477178292, "_shadow_control_reason": "oos_experiment_baseline"}	{}
ME_SHORT_GEOM_B_V1	2022746378	4043	XRPUSDT	SHORT	2026-10-02 13:06:30.362936+00	2026-10-02 13:06:30.389598+00	1.5468	1.5498935999999999	1.5155981590213572	1.5468	1.558401	1.5155981590213572	36.03	t	variant=ME_SHORT_GEOM_B_V1	RANGE	{"rr_ratio": 1.0, "body_ratio": 0.4687500000000737, "volume_ratio": 0.07213432414427157, "_shadow_control": true, "rsi_confirmation": 0.20774631860322756, "stop_distance_atr": 0.7708538298639984, "exhaustion_magnitude": 0.14263485477178292, "_shadow_control_reason": "oos_experiment_baseline"}	{}
ME_SHORT_GEOM_A_V1	2023737861	4655	MAGMAUSDT	SHORT	2026-10-03 02:38:42.998408+00	2026-10-03 02:38:43.024907+00	0.3792	0.3799584	0.30358909287328206	0.3792	0.3799584	0.30358909287328206	39.36	t	variant=ME_SHORT_GEOM_A_V1	HIGH_VOLATILITY	{"rr_ratio": 0.7564859911454823, "body_ratio": 0.6403508771929804, "volume_ratio": 1.0, "_shadow_control": true, "rsi_confirmation": 0.12318132781461391, "stop_distance_atr": 0.5593661518720328, "exhaustion_magnitude": 0.4255319148936144, "_shadow_control_reason": "oos_experiment_baseline"}	{}
ME_SHORT_GEOM_B_V1	2023737861	4656	MAGMAUSDT	SHORT	2026-10-03 02:38:42.998408+00	2026-10-03 02:38:43.024907+00	0.3792	0.3799584	0.30358909287328206	0.3792	0.382044	0.30358909287328206	39.36	t	variant=ME_SHORT_GEOM_B_V1	HIGH_VOLATILITY	{"rr_ratio": 0.7564859911454823, "body_ratio": 0.6403508771929804, "volume_ratio": 1.0, "_shadow_control": true, "rsi_confirmation": 0.12318132781461391, "stop_distance_atr": 0.5593661518720328, "exhaustion_magnitude": 0.4255319148936144, "_shadow_control_reason": "oos_experiment_baseline"}	{}
ME_SHORT_GEOM_A_V1	2024893440	858	ICPUSDT	SHORT	2026-09-30 01:22:10.392871+00	2026-09-30 01:22:10.420902+00	3.501	3.508002	3.3193013295457026	3.501	3.508002	3.3193013295457026	37.39	t	variant=ME_SHORT_GEOM_A_V1	TREND_UP	{"rr_ratio": 1.0, "body_ratio": 0.4285714285714195, "volume_ratio": 0.18350828006308884, "_actual_regime": "TREND_UP", "_shadow_control": true, "_rejection_stage": "regime_filter", "_required_regime": "TREND_UP", "rsi_confirmation": 0.07081208307587682, "stop_distance_atr": 0.7478279012984095, "exhaustion_magnitude": 0.38860103626942555, "_shadow_control_reason": "oos_experiment_baseline", "_regime_counterfactual_oos": true}	{}
ME_SHORT_GEOM_B_V1	2024893440	859	ICPUSDT	SHORT	2026-09-30 01:22:10.392871+00	2026-09-30 01:22:10.420902+00	3.501	3.508002	3.3193013295457026	3.501	3.5272574999999997	3.3193013295457026	37.39	t	variant=ME_SHORT_GEOM_B_V1	TREND_UP	{"rr_ratio": 1.0, "body_ratio": 0.4285714285714195, "volume_ratio": 0.18350828006308884, "_actual_regime": "TREND_UP", "_shadow_control": true, "_rejection_stage": "regime_filter", "_required_regime": "TREND_UP", "rsi_confirmation": 0.07081208307587682, "stop_distance_atr": 0.7478279012984095, "exhaustion_magnitude": 0.38860103626942555, "_shadow_control_reason": "oos_experiment_baseline", "_regime_counterfactual_oos": true}	{}
ME_SHORT_GEOM_A_V1	2025015152	405	CRVUSDT	SHORT	2026-09-29 12:41:56.579665+00	2026-09-29 12:41:56.606452+00	0.4018	0.4026036	0.37428276747000844	0.4018	0.4026036	0.37428276747000844	30.96	t	variant=ME_SHORT_GEOM_A_V1	HIGH_VOLATILITY	{"rr_ratio": 0.8035563904006091, "body_ratio": 0.3529411764706074, "volume_ratio": 0.13874196391472626, "_shadow_control": true, "rsi_confirmation": 0.19217421190377212, "stop_distance_atr": 0.5851774221257182, "exhaustion_magnitude": 0.06229753301769255, "_shadow_control_reason": "oos_experiment_baseline"}	{}
ME_SHORT_GEOM_B_V1	2025015152	406	CRVUSDT	SHORT	2026-09-29 12:41:56.579665+00	2026-09-29 12:41:56.606452+00	0.4018	0.4026036	0.37428276747000844	0.4018	0.4048135	0.37428276747000844	30.96	t	variant=ME_SHORT_GEOM_B_V1	HIGH_VOLATILITY	{"rr_ratio": 0.8035563904006091, "body_ratio": 0.3529411764706074, "volume_ratio": 0.13874196391472626, "_shadow_control": true, "rsi_confirmation": 0.19217421190377212, "stop_distance_atr": 0.5851774221257182, "exhaustion_magnitude": 0.06229753301769255, "_shadow_control_reason": "oos_experiment_baseline"}	{}
ME_SHORT_GEOM_A_V1	2031091856	8797	SPCXUSDT	SHORT	2026-10-06 05:50:19.522526+00	2026-10-06 05:50:19.575089+00	172.19	172.53438	170.33313410649077	172.19	172.53438	170.33313410649077	35.94	t	variant=ME_SHORT_GEOM_A_V1	HIGH_VOLATILITY	{"rr_ratio": 1.0, "body_ratio": 0.0, "volume_ratio": 0.0, "_shadow_control": true, "rsi_confirmation": 1.0, "stop_distance_atr": 0.7884378801026581, "exhaustion_magnitude": 0.011617775196047645, "_shadow_control_reason": "oos_experiment_baseline"}	{}
ME_SHORT_GEOM_B_V1	2031091856	8798	SPCXUSDT	SHORT	2026-10-06 05:50:19.522526+00	2026-10-06 05:50:19.575089+00	172.19	172.53438	170.33313410649077	172.19	173.481425	170.33313410649077	35.94	t	variant=ME_SHORT_GEOM_B_V1	HIGH_VOLATILITY	{"rr_ratio": 1.0, "body_ratio": 0.0, "volume_ratio": 0.0, "_shadow_control": true, "rsi_confirmation": 1.0, "stop_distance_atr": 0.7884378801026581, "exhaustion_magnitude": 0.011617775196047645, "_shadow_control_reason": "oos_experiment_baseline"}	{}
ME_SHORT_GEOM_A_V1	2039992200	7195	BNBUSDT	SHORT	2026-10-04 23:05:25.389682+00	2026-10-04 23:05:25.434488+00	795.7	797.2914000000001	789.3290171119401	795.7	797.2914000000001	789.3290171119401	31.08	t	variant=ME_SHORT_GEOM_A_V1	TREND_UP	{"rr_ratio": 0.8778228359435133, "body_ratio": 0.0, "volume_ratio": 0.0001160833478437518, "_actual_regime": "TREND_UP", "_shadow_control": true, "_rejection_stage": "regime_filter", "_required_regime": "TREND_UP", "rsi_confirmation": 0.495147301857538, "stop_distance_atr": 0.6202726567541914, "exhaustion_magnitude": 0.04402515723270726, "_shadow_control_reason": "oos_experiment_baseline", "_regime_counterfactual_oos": true}	{}
ME_SHORT_GEOM_B_V1	2039992200	7196	BNBUSDT	SHORT	2026-10-04 23:05:25.389682+00	2026-10-04 23:05:25.434488+00	795.7	797.2914000000001	789.3290171119401	795.7	801.6677500000001	789.3290171119401	31.08	t	variant=ME_SHORT_GEOM_B_V1	TREND_UP	{"rr_ratio": 0.8778228359435133, "body_ratio": 0.0, "volume_ratio": 0.0001160833478437518, "_actual_regime": "TREND_UP", "_shadow_control": true, "_rejection_stage": "regime_filter", "_required_regime": "TREND_UP", "rsi_confirmation": 0.495147301857538, "stop_distance_atr": 0.6202726567541914, "exhaustion_magnitude": 0.04402515723270726, "_shadow_control_reason": "oos_experiment_baseline", "_regime_counterfactual_oos": true}	{}
ME_SHORT_GEOM_A_V1	2057927105	6879	BTCUSDT	SHORT	2026-10-04 19:54:37.852277+00	2026-10-04 19:54:37.908235+00	85554.5	85725.609	85003.84105357146	85554.5	85725.609	85003.84105357146	21.89	t	variant=ME_SHORT_GEOM_A_V1	TREND_UP	{"rr_ratio": 0.3831135620035449, "body_ratio": 0.32451923076953515, "volume_ratio": 0.400296862672949, "_actual_regime": "TREND_UP", "_shadow_control": true, "_rejection_stage": "regime_filter", "_required_regime": "TREND_UP", "rsi_confirmation": 0.12140992172856689, "stop_distance_atr": 0.12993596052792888, "exhaustion_magnitude": 0.061146869514335865, "_shadow_control_reason": "oos_experiment_baseline", "_regime_counterfactual_oos": true}	{}
ME_SHORT_GEOM_B_V1	2057927105	6880	BTCUSDT	SHORT	2026-10-04 19:54:37.852277+00	2026-10-04 19:54:37.908235+00	85554.5	85725.609	85003.84105357146	85554.5	86196.15875	85003.84105357146	21.89	t	variant=ME_SHORT_GEOM_B_V1	TREND_UP	{"rr_ratio": 0.3831135620035449, "body_ratio": 0.32451923076953515, "volume_ratio": 0.400296862672949, "_actual_regime": "TREND_UP", "_shadow_control": true, "_rejection_stage": "regime_filter", "_required_regime": "TREND_UP", "rsi_confirmation": 0.12140992172856689, "stop_distance_atr": 0.12993596052792888, "exhaustion_magnitude": 0.061146869514335865, "_shadow_control_reason": "oos_experiment_baseline", "_regime_counterfactual_oos": true}	{}
ME_SHORT_GEOM_A_V1	2065042185	4263	SANDUSDT	SHORT	2026-10-02 17:16:56.887827+00	2026-10-02 17:16:56.935266+00	0.0655	0.06563100000000001	0.05808345862357585	0.0655	0.06563100000000001	0.05808345862357585	39.1	t	variant=ME_SHORT_GEOM_A_V1	HIGH_VOLATILITY	{"rr_ratio": 1.0, "body_ratio": 0.4642857142857094, "volume_ratio": 0.18743845127649303, "_shadow_control": true, "rsi_confirmation": 0.23742234896504708, "stop_distance_atr": 0.8575654118570984, "exhaustion_magnitude": 0.3846153846153849, "_shadow_control_reason": "oos_experiment_baseline"}	{}
ME_SHORT_GEOM_B_V1	2065042185	4264	SANDUSDT	SHORT	2026-10-02 17:16:56.887827+00	2026-10-02 17:16:56.935266+00	0.0655	0.06563100000000001	0.05808345862357585	0.0655	0.06599125	0.05808345862357585	39.1	t	variant=ME_SHORT_GEOM_B_V1	HIGH_VOLATILITY	{"rr_ratio": 1.0, "body_ratio": 0.4642857142857094, "volume_ratio": 0.18743845127649303, "_shadow_control": true, "rsi_confirmation": 0.23742234896504708, "stop_distance_atr": 0.8575654118570984, "exhaustion_magnitude": 0.3846153846153849, "_shadow_control_reason": "oos_experiment_baseline"}	{}
ME_SHORT_GEOM_A_V1	2075356917	12507	NMRUSDT	SHORT	2026-10-07 03:22:57.693033+00	2026-10-07 03:22:57.728813+00	16.665	16.69833	14.863694113956988	16.665	16.69833	14.863694113956988	36.58	t	variant=ME_SHORT_GEOM_A_V1	HIGH_VOLATILITY	{"rr_ratio": 1.0, "body_ratio": 0.5, "volume_ratio": 0.07966760522377085, "_shadow_control": true, "rsi_confirmation": 0.04236002765186034, "stop_distance_atr": 0.8746676916588105, "exhaustion_magnitude": 0.11427196728213225, "_shadow_control_reason": "oos_experiment_baseline"}	{}
ME_SHORT_GEOM_B_V1	2075356917	12508	NMRUSDT	SHORT	2026-10-07 03:22:57.693033+00	2026-10-07 03:22:57.728813+00	16.665	16.69833	14.863694113956988	16.665	16.7899875	14.863694113956988	36.58	t	variant=ME_SHORT_GEOM_B_V1	HIGH_VOLATILITY	{"rr_ratio": 1.0, "body_ratio": 0.5, "volume_ratio": 0.07966760522377085, "_shadow_control": true, "rsi_confirmation": 0.04236002765186034, "stop_distance_atr": 0.8746676916588105, "exhaustion_magnitude": 0.11427196728213225, "_shadow_control_reason": "oos_experiment_baseline"}	{}
ME_SHORT_GEOM_A_V1	2076003080	6610	BTCUSDT	SHORT	2026-10-04 15:28:58.672436+00	2026-10-04 15:28:58.703526+00	85450.0	85620.9	84901.75475197294	85450.0	85620.9	84901.75475197294	27.09	t	variant=ME_SHORT_GEOM_A_V1	TREND_UP	{"rr_ratio": 0.3981743953077603, "body_ratio": 0.837448559670747, "volume_ratio": 0.8219184824419528, "_actual_regime": "TREND_UP", "_shadow_control": true, "_rejection_stage": "regime_filter", "_required_regime": "TREND_UP", "rsi_confirmation": 0.04081244528339501, "stop_distance_atr": 0.1628458854676369, "exhaustion_magnitude": 0.05506349875814237, "_shadow_control_reason": "oos_experiment_baseline", "_regime_counterfactual_oos": true}	{}
ME_SHORT_GEOM_B_V1	2076003080	6611	BTCUSDT	SHORT	2026-10-04 15:28:58.672436+00	2026-10-04 15:28:58.703526+00	85450.0	85620.9	84901.75475197294	85450.0	86090.875	84901.75475197294	27.09	t	variant=ME_SHORT_GEOM_B_V1	TREND_UP	{"rr_ratio": 0.3981743953077603, "body_ratio": 0.837448559670747, "volume_ratio": 0.8219184824419528, "_actual_regime": "TREND_UP", "_shadow_control": true, "_rejection_stage": "regime_filter", "_required_regime": "TREND_UP", "rsi_confirmation": 0.04081244528339501, "stop_distance_atr": 0.1628458854676369, "exhaustion_magnitude": 0.05506349875814237, "_shadow_control_reason": "oos_experiment_baseline", "_regime_counterfactual_oos": true}	{}
ME_SHORT_GEOM_A_V1	2084027533	7068	XRPUSDT	SHORT	2026-10-04 22:00:02.125606+00	2026-10-04 22:00:02.185721+00	1.5126	1.5156252	1.495223939995729	1.5126	1.5156252	1.495223939995729	28.99	t	variant=ME_SHORT_GEOM_A_V1	RANGE	{"rr_ratio": 0.535707713722812, "body_ratio": 0.55555555555555, "volume_ratio": 0.5669146154000285, "_shadow_control": true, "rsi_confirmation": 0.14656258121622728, "stop_distance_atr": 0.37777014443774226, "exhaustion_magnitude": 0.10600238505365939, "_shadow_control_reason": "oos_experiment_baseline"}	{}
ME_SHORT_GEOM_B_V1	2084027533	7069	XRPUSDT	SHORT	2026-10-04 22:00:02.125606+00	2026-10-04 22:00:02.185721+00	1.5126	1.5156252	1.495223939995729	1.5126	1.5239445	1.495223939995729	28.99	t	variant=ME_SHORT_GEOM_B_V1	RANGE	{"rr_ratio": 0.535707713722812, "body_ratio": 0.55555555555555, "volume_ratio": 0.5669146154000285, "_shadow_control": true, "rsi_confirmation": 0.14656258121622728, "stop_distance_atr": 0.37777014443774226, "exhaustion_magnitude": 0.10600238505365939, "_shadow_control_reason": "oos_experiment_baseline"}	{}
ME_SHORT_GEOM_A_V1	2090633940	7698	VIRTUALUSDT	SHORT	2026-10-05 09:17:21.968281+00	2026-10-05 09:17:22.003551+00	0.8849	0.8866698000000001	0.8477267344055615	0.8849	0.8866698000000001	0.8477267344055615	32.23	t	variant=ME_SHORT_GEOM_A_V1	HIGH_VOLATILITY	{"rr_ratio": 0.7602842393985428, "body_ratio": 0.4285714285714195, "volume_ratio": 0.15626278540748906, "_shadow_control": true, "rsi_confirmation": 0.4948115229564792, "stop_distance_atr": 0.5615674821866197, "exhaustion_magnitude": 0.2384466901328478, "_shadow_control_reason": "oos_experiment_baseline"}	{}
ME_SHORT_GEOM_B_V1	2090633940	7699	VIRTUALUSDT	SHORT	2026-10-05 09:17:21.968281+00	2026-10-05 09:17:22.003551+00	0.8849	0.8866698000000001	0.8477267344055615	0.8849	0.89153675	0.8477267344055615	32.23	t	variant=ME_SHORT_GEOM_B_V1	HIGH_VOLATILITY	{"rr_ratio": 0.7602842393985428, "body_ratio": 0.4285714285714195, "volume_ratio": 0.15626278540748906, "_shadow_control": true, "rsi_confirmation": 0.4948115229564792, "stop_distance_atr": 0.5615674821866197, "exhaustion_magnitude": 0.2384466901328478, "_shadow_control_reason": "oos_experiment_baseline"}	{}
ME_SHORT_GEOM_A_V1	2093244088	493	CRVUSDT	SHORT	2026-09-29 14:07:03.913589+00	2026-09-29 14:07:03.938981+00	0.4016	0.4024032	0.37929636456231297	0.4016	0.4024032	0.37929636456231297	38.15	t	variant=ME_SHORT_GEOM_A_V1	HIGH_VOLATILITY	{"rr_ratio": 1.0, "body_ratio": 0.7741935483870852, "volume_ratio": 0.24300515039750642, "_shadow_control": true, "rsi_confirmation": 0.28505717815504944, "stop_distance_atr": 0.7840834184882974, "exhaustion_magnitude": 0.0373785198106183, "_shadow_control_reason": "oos_experiment_baseline"}	{}
ME_SHORT_GEOM_B_V1	2093244088	494	CRVUSDT	SHORT	2026-09-29 14:07:03.913589+00	2026-09-29 14:07:03.938981+00	0.4016	0.4024032	0.37929636456231297	0.4016	0.404612	0.37929636456231297	38.15	t	variant=ME_SHORT_GEOM_B_V1	HIGH_VOLATILITY	{"rr_ratio": 1.0, "body_ratio": 0.7741935483870852, "volume_ratio": 0.24300515039750642, "_shadow_control": true, "rsi_confirmation": 0.28505717815504944, "stop_distance_atr": 0.7840834184882974, "exhaustion_magnitude": 0.0373785198106183, "_shadow_control_reason": "oos_experiment_baseline"}	{}
ME_SHORT_GEOM_A_V1	2095045792	7023	HYPEUSDT	SHORT	2026-10-04 21:34:58.709409+00	2026-10-04 21:34:58.752324+00	90.94	91.12188	89.91406278889599	90.94	91.12188	89.91406278889599	39.66	t	variant=ME_SHORT_GEOM_A_V1	TREND_UP	{"rr_ratio": 1.0, "body_ratio": 1.0, "volume_ratio": 0.34855023313181244, "_actual_regime": "TREND_UP", "_shadow_control": true, "_rejection_stage": "regime_filter", "_required_regime": "TREND_UP", "rsi_confirmation": 0.35334665651528213, "stop_distance_atr": 0.723152872171756, "exhaustion_magnitude": 0.11572798412873016, "_shadow_control_reason": "oos_experiment_baseline", "_regime_counterfactual_oos": true}	{}
ME_SHORT_GEOM_B_V1	2095045792	7024	HYPEUSDT	SHORT	2026-10-04 21:34:58.709409+00	2026-10-04 21:34:58.752324+00	90.94	91.12188	89.91406278889599	90.94	91.62205	89.91406278889599	39.66	t	variant=ME_SHORT_GEOM_B_V1	TREND_UP	{"rr_ratio": 1.0, "body_ratio": 1.0, "volume_ratio": 0.34855023313181244, "_actual_regime": "TREND_UP", "_shadow_control": true, "_rejection_stage": "regime_filter", "_required_regime": "TREND_UP", "rsi_confirmation": 0.35334665651528213, "stop_distance_atr": 0.723152872171756, "exhaustion_magnitude": 0.11572798412873016, "_shadow_control_reason": "oos_experiment_baseline", "_regime_counterfactual_oos": true}	{}
ME_SHORT_GEOM_A_V1	2095259876	6188	SOLUSDT	SHORT	2026-10-04 10:13:14.173086+00	2026-10-04 10:13:14.233433+00	121.62	121.86324	120.29274203121837	121.62	121.86324	120.29274203121837	30.47	t	variant=ME_SHORT_GEOM_A_V1	TREND_UP	{"rr_ratio": 0.7280147384516241, "body_ratio": 0.5000000000000888, "volume_ratio": 0.14003313576280815, "_actual_regime": "TREND_UP", "_shadow_control": true, "_rejection_stage": "regime_filter", "_required_regime": "TREND_UP", "rsi_confirmation": 0.27744803821291647, "stop_distance_atr": 0.5421338116831478, "exhaustion_magnitude": 0.1360375958446691, "_shadow_control_reason": "oos_experiment_baseline", "_regime_counterfactual_oos": true}	{}
ME_SHORT_GEOM_B_V1	2095259876	6189	SOLUSDT	SHORT	2026-10-04 10:13:14.173086+00	2026-10-04 10:13:14.233433+00	121.62	121.86324	120.29274203121837	121.62	122.53215	120.29274203121837	30.47	t	variant=ME_SHORT_GEOM_B_V1	TREND_UP	{"rr_ratio": 0.7280147384516241, "body_ratio": 0.5000000000000888, "volume_ratio": 0.14003313576280815, "_actual_regime": "TREND_UP", "_shadow_control": true, "_rejection_stage": "regime_filter", "_required_regime": "TREND_UP", "rsi_confirmation": 0.27744803821291647, "stop_distance_atr": 0.5421338116831478, "exhaustion_magnitude": 0.1360375958446691, "_shadow_control_reason": "oos_experiment_baseline", "_regime_counterfactual_oos": true}	{}
ME_SHORT_GEOM_A_V1	2095863864	8873	ORCAUSDT	SHORT	2026-10-06 07:20:44.656127+00	2026-10-06 07:20:44.696802+00	2.5693	2.5744386	2.2860199351244033	2.5693	2.5744386	2.2860199351244033	37.21	t	variant=ME_SHORT_GEOM_A_V1	HIGH_VOLATILITY	{"rr_ratio": 0.8258320608080186, "body_ratio": 0.7252747252746856, "volume_ratio": 0.02418694172089468, "_shadow_control": true, "rsi_confirmation": 0.4970027938273442, "stop_distance_atr": 0.596366683793809, "exhaustion_magnitude": 1.0, "_shadow_control_reason": "oos_experiment_baseline"}	{}
ME_SHORT_GEOM_B_V1	2095863864	8874	ORCAUSDT	SHORT	2026-10-06 07:20:44.656127+00	2026-10-06 07:20:44.696802+00	2.5693	2.5744386	2.2860199351244033	2.5693	2.58856975	2.2860199351244033	37.21	t	variant=ME_SHORT_GEOM_B_V1	HIGH_VOLATILITY	{"rr_ratio": 0.8258320608080186, "body_ratio": 0.7252747252746856, "volume_ratio": 0.02418694172089468, "_shadow_control": true, "rsi_confirmation": 0.4970027938273442, "stop_distance_atr": 0.596366683793809, "exhaustion_magnitude": 1.0, "_shadow_control_reason": "oos_experiment_baseline"}	{}
ME_SHORT_GEOM_A_V1	2096791630	8509	ICPUSDT	SHORT	2026-10-06 00:24:44.74777+00	2026-10-06 00:24:44.783803+00	3.602	3.609204	3.48160009646178	3.602	3.609204	3.48160009646178	40.75	t	variant=ME_SHORT_GEOM_A_V1	HIGH_VOLATILITY	{"rr_ratio": 1.0, "body_ratio": 1.0, "volume_ratio": 0.4213051183057328, "_shadow_control": true, "rsi_confirmation": 0.24791110224601218, "stop_distance_atr": 0.8007141050425546, "exhaustion_magnitude": 0.1252435290843292, "_shadow_control_reason": "oos_experiment_baseline"}	{}
ME_SHORT_GEOM_B_V1	2096791630	8510	ICPUSDT	SHORT	2026-10-06 00:24:44.74777+00	2026-10-06 00:24:44.783803+00	3.602	3.609204	3.48160009646178	3.602	3.629015	3.48160009646178	40.75	t	variant=ME_SHORT_GEOM_B_V1	HIGH_VOLATILITY	{"rr_ratio": 1.0, "body_ratio": 1.0, "volume_ratio": 0.4213051183057328, "_shadow_control": true, "rsi_confirmation": 0.24791110224601218, "stop_distance_atr": 0.8007141050425546, "exhaustion_magnitude": 0.1252435290843292, "_shadow_control_reason": "oos_experiment_baseline"}	{}
ME_SHORT_GEOM_A_V1	2098598969	7288	FARTCOINUSDT	SHORT	2026-10-05 00:35:46.078938+00	2026-10-05 00:35:46.117571+00	0.18463	0.18499926	0.17943998262018554	0.18463	0.18499926	0.17943998262018554	35.62	t	variant=ME_SHORT_GEOM_A_V1	RANGE	{"rr_ratio": 1.0, "body_ratio": 0.3529411764706074, "volume_ratio": 0.01603938021119908, "_shadow_control": true, "rsi_confirmation": 0.20541052248562436, "stop_distance_atr": 0.7507290634342982, "exhaustion_magnitude": 0.26133826972286944, "_shadow_control_reason": "oos_experiment_baseline"}	{}
ME_SHORT_GEOM_B_V1	2098598969	7289	FARTCOINUSDT	SHORT	2026-10-05 00:35:46.078938+00	2026-10-05 00:35:46.117571+00	0.18463	0.18499926	0.17943998262018554	0.18463	0.186014725	0.17943998262018554	35.62	t	variant=ME_SHORT_GEOM_B_V1	RANGE	{"rr_ratio": 1.0, "body_ratio": 0.3529411764706074, "volume_ratio": 0.01603938021119908, "_shadow_control": true, "rsi_confirmation": 0.20541052248562436, "stop_distance_atr": 0.7507290634342982, "exhaustion_magnitude": 0.26133826972286944, "_shadow_control_reason": "oos_experiment_baseline"}	{}
ME_SHORT_GEOM_A_V1	2099696986	6911	BTCUSDT	SHORT	2026-10-04 20:29:43.395499+00	2026-10-04 20:29:43.430777+00	85456.0	85626.912	85057.2095652465	85456.0	85626.912	85057.2095652465	30.61	t	variant=ME_SHORT_GEOM_A_V1	TREND_UP	{"rr_ratio": 0.6345015166477944, "body_ratio": 0.9968944099377072, "volume_ratio": 0.33690595310549715, "_actual_regime": "TREND_UP", "_shadow_control": true, "_rejection_stage": "regime_filter", "_required_regime": "TREND_UP", "rsi_confirmation": 0.21411316053726354, "stop_distance_atr": 0.474653212659901, "exhaustion_magnitude": 0.003510825043885313, "_shadow_control_reason": "oos_experiment_baseline", "_regime_counterfactual_oos": true}	{}
ME_SHORT_GEOM_B_V1	2099696986	6912	BTCUSDT	SHORT	2026-10-04 20:29:43.395499+00	2026-10-04 20:29:43.430777+00	85456.0	85626.912	85057.2095652465	85456.0	86096.92	85057.2095652465	30.61	t	variant=ME_SHORT_GEOM_B_V1	TREND_UP	{"rr_ratio": 0.6345015166477944, "body_ratio": 0.9968944099377072, "volume_ratio": 0.33690595310549715, "_actual_regime": "TREND_UP", "_shadow_control": true, "_rejection_stage": "regime_filter", "_required_regime": "TREND_UP", "rsi_confirmation": 0.21411316053726354, "stop_distance_atr": 0.474653212659901, "exhaustion_magnitude": 0.003510825043885313, "_shadow_control_reason": "oos_experiment_baseline", "_regime_counterfactual_oos": true}	{}
ME_SHORT_GEOM_A_V1	2102304436	6400	SOLUSDT	SHORT	2026-10-04 12:53:36.63621+00	2026-10-04 12:53:36.698375+00	121.59	121.83318	120.23046920680837	121.59	121.83318	120.23046920680837	30.48	t	variant=ME_SHORT_GEOM_A_V1	TREND_UP	{"rr_ratio": 0.6878007525718646, "body_ratio": 0.6666666666666667, "volume_ratio": 0.23245071085413527, "_actual_regime": "TREND_UP", "_shadow_control": true, "_rejection_stage": "regime_filter", "_required_regime": "TREND_UP", "rsi_confirmation": 0.1923789000216402, "stop_distance_atr": 0.515363523394071, "exhaustion_magnitude": 0.11540680900173157, "_shadow_control_reason": "oos_experiment_baseline", "_regime_counterfactual_oos": true}	{}
ME_SHORT_GEOM_B_V1	2102304436	6401	SOLUSDT	SHORT	2026-10-04 12:53:36.63621+00	2026-10-04 12:53:36.698375+00	121.59	121.83318	120.23046920680837	121.59	122.501925	120.23046920680837	30.48	t	variant=ME_SHORT_GEOM_B_V1	TREND_UP	{"rr_ratio": 0.6878007525718646, "body_ratio": 0.6666666666666667, "volume_ratio": 0.23245071085413527, "_actual_regime": "TREND_UP", "_shadow_control": true, "_rejection_stage": "regime_filter", "_required_regime": "TREND_UP", "rsi_confirmation": 0.1923789000216402, "stop_distance_atr": 0.515363523394071, "exhaustion_magnitude": 0.11540680900173157, "_shadow_control_reason": "oos_experiment_baseline", "_regime_counterfactual_oos": true}	{}
ME_SHORT_GEOM_A_V1	2104649308	8898	ORCAUSDT	SHORT	2026-10-06 08:00:48.710514+00	2026-10-06 08:00:48.745444+00	2.5121	2.5171242	2.29782565439449	2.5121	2.5171242	2.29782565439449	37.79	t	variant=ME_SHORT_GEOM_A_V1	HIGH_VOLATILITY	{"rr_ratio": 1.0, "body_ratio": 0.4257425742574229, "volume_ratio": 0.10470175748840373, "_shadow_control": true, "rsi_confirmation": 0.5392156708339428, "stop_distance_atr": 0.8763966651192956, "exhaustion_magnitude": 0.05778734257931505, "_shadow_control_reason": "oos_experiment_baseline"}	{}
ME_SHORT_GEOM_B_V1	2104649308	8899	ORCAUSDT	SHORT	2026-10-06 08:00:48.710514+00	2026-10-06 08:00:48.745444+00	2.5121	2.5171242	2.29782565439449	2.5121	2.53094075	2.29782565439449	37.79	t	variant=ME_SHORT_GEOM_B_V1	HIGH_VOLATILITY	{"rr_ratio": 1.0, "body_ratio": 0.4257425742574229, "volume_ratio": 0.10470175748840373, "_shadow_control": true, "rsi_confirmation": 0.5392156708339428, "stop_distance_atr": 0.8763966651192956, "exhaustion_magnitude": 0.05778734257931505, "_shadow_control_reason": "oos_experiment_baseline"}	{}
ME_SHORT_GEOM_A_V1	2105365249	5368	ZROUSDT	SHORT	2026-10-03 19:21:10.356728+00	2026-10-03 19:21:10.409482+00	2.1462	2.1504924	1.966459990002855	2.1462	2.1504924	1.966459990002855	34.57	t	variant=ME_SHORT_GEOM_A_V1	HIGH_VOLATILITY	{"rr_ratio": 0.7244628031554953, "body_ratio": 0.6615384615384394, "volume_ratio": 0.17551850032741836, "_shadow_control": true, "rsi_confirmation": 0.42406015055408847, "stop_distance_atr": 0.5398889606457984, "exhaustion_magnitude": 0.7279947054930442, "_shadow_control_reason": "oos_experiment_baseline"}	{}
ME_SHORT_GEOM_B_V1	2105365249	5369	ZROUSDT	SHORT	2026-10-03 19:21:10.356728+00	2026-10-03 19:21:10.409482+00	2.1462	2.1504924	1.966459990002855	2.1462	2.1622965	1.966459990002855	34.57	t	variant=ME_SHORT_GEOM_B_V1	HIGH_VOLATILITY	{"rr_ratio": 0.7244628031554953, "body_ratio": 0.6615384615384394, "volume_ratio": 0.17551850032741836, "_shadow_control": true, "rsi_confirmation": 0.42406015055408847, "stop_distance_atr": 0.5398889606457984, "exhaustion_magnitude": 0.7279947054930442, "_shadow_control_reason": "oos_experiment_baseline"}	{}
ME_SHORT_GEOM_A_V1	2105503147	7073	KLACUSDT	SHORT	2026-10-04 22:00:21.023344+00	2026-10-04 22:00:21.055636+00	207.36	207.77472	206.22872615593147	207.36	207.77472	206.22872615593147	33.33	t	variant=ME_SHORT_GEOM_A_V1	TREND_UP	{"rr_ratio": 0.7999603008946922, "body_ratio": 0.0, "volume_ratio": 0.5518553758325404, "_actual_regime": "TREND_UP", "_shadow_control": true, "_rejection_stage": "regime_filter", "_required_regime": "TREND_UP", "rsi_confirmation": 0.33918286095727695, "stop_distance_atr": 0.5833126556898752, "exhaustion_magnitude": 0.012059234962136744, "_shadow_control_reason": "oos_experiment_baseline", "_regime_counterfactual_oos": true}	{}
ME_SHORT_GEOM_B_V1	2105503147	7074	KLACUSDT	SHORT	2026-10-04 22:00:21.023344+00	2026-10-04 22:00:21.055636+00	207.36	207.77472	206.22872615593147	207.36	208.91520000000003	206.22872615593147	33.33	t	variant=ME_SHORT_GEOM_B_V1	TREND_UP	{"rr_ratio": 0.7999603008946922, "body_ratio": 0.0, "volume_ratio": 0.5518553758325404, "_actual_regime": "TREND_UP", "_shadow_control": true, "_rejection_stage": "regime_filter", "_required_regime": "TREND_UP", "rsi_confirmation": 0.33918286095727695, "stop_distance_atr": 0.5833126556898752, "exhaustion_magnitude": 0.012059234962136744, "_shadow_control_reason": "oos_experiment_baseline", "_regime_counterfactual_oos": true}	{}
ME_SHORT_GEOM_A_V1	2106918343	3750	XRPUSDT	SHORT	2026-10-02 10:59:04.800786+00	2026-10-02 10:59:04.850382+00	1.5509	1.5540018	1.5126421295905985	1.5509	1.5540018	1.5126421295905985	30.48	t	variant=ME_SHORT_GEOM_A_V1	RANGE	{"rr_ratio": 0.6239467846473296, "body_ratio": 0.7352941176470934, "volume_ratio": 0.251482364703635, "_shadow_control": true, "rsi_confirmation": 0.2897449980158456, "stop_distance_atr": 0.46576640582939655, "exhaustion_magnitude": 0.2755446058091271, "_shadow_control_reason": "oos_experiment_baseline"}	{}
ME_SHORT_GEOM_B_V1	2106918343	3751	XRPUSDT	SHORT	2026-10-02 10:59:04.800786+00	2026-10-02 10:59:04.850382+00	1.5509	1.5540018	1.5126421295905985	1.5509	1.56253175	1.5126421295905985	30.48	t	variant=ME_SHORT_GEOM_B_V1	RANGE	{"rr_ratio": 0.6239467846473296, "body_ratio": 0.7352941176470934, "volume_ratio": 0.251482364703635, "_shadow_control": true, "rsi_confirmation": 0.2897449980158456, "stop_distance_atr": 0.46576640582939655, "exhaustion_magnitude": 0.2755446058091271, "_shadow_control_reason": "oos_experiment_baseline"}	{}
ME_SHORT_GEOM_A_V1	2116546691	6178	BNBUSDT	SHORT	2026-10-04 10:03:19.976989+00	2026-10-04 10:03:20.016331+00	793.6	795.1872000000001	784.4293342301941	793.6	795.1872000000001	784.4293342301941	25.4	t	variant=ME_SHORT_GEOM_A_V1	TREND_UP	{"rr_ratio": 0.5030995964581212, "body_ratio": 0.5, "volume_ratio": 0.124141785087019, "_actual_regime": "TREND_UP", "_shadow_control": true, "_rejection_stage": "regime_filter", "_required_regime": "TREND_UP", "rsi_confirmation": 0.23864424664677036, "stop_distance_atr": 0.3374406664604078, "exhaustion_magnitude": 0.25329280648429586, "_shadow_control_reason": "oos_experiment_baseline", "_regime_counterfactual_oos": true}	{}
ME_SHORT_GEOM_B_V1	2116546691	6179	BNBUSDT	SHORT	2026-10-04 10:03:19.976989+00	2026-10-04 10:03:20.016331+00	793.6	795.1872000000001	784.4293342301941	793.6	799.552	784.4293342301941	25.4	t	variant=ME_SHORT_GEOM_B_V1	TREND_UP	{"rr_ratio": 0.5030995964581212, "body_ratio": 0.5, "volume_ratio": 0.124141785087019, "_actual_regime": "TREND_UP", "_shadow_control": true, "_rejection_stage": "regime_filter", "_required_regime": "TREND_UP", "rsi_confirmation": 0.23864424664677036, "stop_distance_atr": 0.3374406664604078, "exhaustion_magnitude": 0.25329280648429586, "_shadow_control_reason": "oos_experiment_baseline", "_regime_counterfactual_oos": true}	{}
ME_SHORT_GEOM_A_V1	2118597734	6065	AXSUSDT	SHORT	2026-10-04 08:18:15.43218+00	2026-10-04 08:18:15.464637+00	1.414	1.416828	1.2969783131338812	1.414	1.416828	1.2969783131338812	30.41	t	variant=ME_SHORT_GEOM_A_V1	HIGH_VOLATILITY	{"rr_ratio": 0.6127189452978982, "body_ratio": 0.47798742138365025, "volume_ratio": 0.33126319254483133, "_shadow_control": true, "rsi_confirmation": 0.13825475209683116, "stop_distance_atr": 0.4559767803959941, "exhaustion_magnitude": 0.43155717240887365, "_shadow_control_reason": "oos_experiment_baseline"}	{}
ME_SHORT_GEOM_B_V1	2118597734	6066	AXSUSDT	SHORT	2026-10-04 08:18:15.43218+00	2026-10-04 08:18:15.464637+00	1.414	1.416828	1.2969783131338812	1.414	1.424605	1.2969783131338812	30.41	t	variant=ME_SHORT_GEOM_B_V1	HIGH_VOLATILITY	{"rr_ratio": 0.6127189452978982, "body_ratio": 0.47798742138365025, "volume_ratio": 0.33126319254483133, "_shadow_control": true, "rsi_confirmation": 0.13825475209683116, "stop_distance_atr": 0.4559767803959941, "exhaustion_magnitude": 0.43155717240887365, "_shadow_control_reason": "oos_experiment_baseline"}	{}
ME_SHORT_GEOM_A_V1	2122547132	2176	NEARUSDT	SHORT	2026-10-01 06:27:57.94214+00	2026-10-01 06:27:57.982141+00	5.528	5.5390559999999995	5.226087181449336	5.528	5.5390559999999995	5.226087181449336	38.0	t	variant=ME_SHORT_GEOM_A_V1	TREND_UP	{"rr_ratio": 1.0, "body_ratio": 0.4074074074074232, "volume_ratio": 0.15577487294661316, "_actual_regime": "TREND_UP", "_shadow_control": true, "_rejection_stage": "regime_filter", "_required_regime": "TREND_UP", "rsi_confirmation": 0.034609979435365784, "stop_distance_atr": 0.8050649056333878, "exhaustion_magnitude": 0.4747991234477685, "_shadow_control_reason": "oos_experiment_baseline", "_regime_counterfactual_oos": true}	{}
ME_SHORT_GEOM_B_V1	2122547132	2177	NEARUSDT	SHORT	2026-10-01 06:27:57.94214+00	2026-10-01 06:27:57.982141+00	5.528	5.5390559999999995	5.226087181449336	5.528	5.569459999999999	5.226087181449336	38.0	t	variant=ME_SHORT_GEOM_B_V1	TREND_UP	{"rr_ratio": 1.0, "body_ratio": 0.4074074074074232, "volume_ratio": 0.15577487294661316, "_actual_regime": "TREND_UP", "_shadow_control": true, "_rejection_stage": "regime_filter", "_required_regime": "TREND_UP", "rsi_confirmation": 0.034609979435365784, "stop_distance_atr": 0.8050649056333878, "exhaustion_magnitude": 0.4747991234477685, "_shadow_control_reason": "oos_experiment_baseline", "_regime_counterfactual_oos": true}	{}
ME_SHORT_GEOM_A_V1	2129585939	9132	ORCAUSDT	SHORT	2026-10-06 12:26:01.263004+00	2026-10-06 12:26:01.291011+00	2.611	2.616222	2.317612537990229	2.611	2.616222	2.317612537990229	39.82	t	variant=ME_SHORT_GEOM_A_V1	HIGH_VOLATILITY	{"rr_ratio": 1.0, "body_ratio": 0.5768194070080874, "volume_ratio": 0.1417853689844333, "_shadow_control": true, "rsi_confirmation": 0.398745214320608, "stop_distance_atr": 0.669816749067377, "exhaustion_magnitude": 0.8115050792044539, "_shadow_control_reason": "oos_experiment_baseline"}	{}
ME_SHORT_GEOM_B_V1	2129585939	9133	ORCAUSDT	SHORT	2026-10-06 12:26:01.263004+00	2026-10-06 12:26:01.291011+00	2.611	2.616222	2.317612537990229	2.611	2.6305825	2.317612537990229	39.82	t	variant=ME_SHORT_GEOM_B_V1	HIGH_VOLATILITY	{"rr_ratio": 1.0, "body_ratio": 0.5768194070080874, "volume_ratio": 0.1417853689844333, "_shadow_control": true, "rsi_confirmation": 0.398745214320608, "stop_distance_atr": 0.669816749067377, "exhaustion_magnitude": 0.8115050792044539, "_shadow_control_reason": "oos_experiment_baseline"}	{}
ME_SHORT_GEOM_A_V1	2129935053	6495	SOLUSDT	SHORT	2026-10-04 14:08:50.293329+00	2026-10-04 14:08:50.340527+00	121.88	122.12375999999999	120.59866979079216	121.88	122.12375999999999	120.59866979079216	36.36	t	variant=ME_SHORT_GEOM_A_V1	TREND_UP	{"rr_ratio": 0.7628444376458035, "body_ratio": 0.8333333333333334, "volume_ratio": 0.6376543943016945, "_actual_regime": "TREND_UP", "_shadow_control": true, "_rejection_stage": "regime_filter", "_required_regime": "TREND_UP", "rsi_confirmation": 0.3830262238312419, "stop_distance_atr": 0.5630389147726833, "exhaustion_magnitude": 0.10689031409307305, "_shadow_control_reason": "oos_experiment_baseline", "_regime_counterfactual_oos": true}	{}
ME_SHORT_GEOM_B_V1	2129935053	6496	SOLUSDT	SHORT	2026-10-04 14:08:50.293329+00	2026-10-04 14:08:50.340527+00	121.88	122.12375999999999	120.59866979079216	121.88	122.7941	120.59866979079216	36.36	t	variant=ME_SHORT_GEOM_B_V1	TREND_UP	{"rr_ratio": 0.7628444376458035, "body_ratio": 0.8333333333333334, "volume_ratio": 0.6376543943016945, "_actual_regime": "TREND_UP", "_shadow_control": true, "_rejection_stage": "regime_filter", "_required_regime": "TREND_UP", "rsi_confirmation": 0.3830262238312419, "stop_distance_atr": 0.5630389147726833, "exhaustion_magnitude": 0.10689031409307305, "_shadow_control_reason": "oos_experiment_baseline", "_regime_counterfactual_oos": true}	{}
ME_SHORT_GEOM_A_V1	2133302898	6468	SOLUSDT	SHORT	2026-10-04 13:58:47.545929+00	2026-10-04 13:58:47.599156+00	121.99	122.23397999999999	120.54472134576723	121.99	122.23397999999999	120.54472134576723	28.35	t	variant=ME_SHORT_GEOM_A_V1	TREND_UP	{"rr_ratio": 0.6476872912138539, "body_ratio": 0.3333333333332281, "volume_ratio": 0.0866162648415636, "_actual_regime": "TREND_UP", "_shadow_control": true, "_rejection_stage": "regime_filter", "_required_regime": "TREND_UP", "rsi_confirmation": 0.44313054468852237, "stop_distance_atr": 0.4853483496509232, "exhaustion_magnitude": 0.1521131392862976, "_shadow_control_reason": "oos_experiment_baseline", "_regime_counterfactual_oos": true}	{}
ME_SHORT_GEOM_B_V1	2133302898	6469	SOLUSDT	SHORT	2026-10-04 13:58:47.545929+00	2026-10-04 13:58:47.599156+00	121.99	122.23397999999999	120.54472134576723	121.99	122.90492499999999	120.54472134576723	28.35	t	variant=ME_SHORT_GEOM_B_V1	TREND_UP	{"rr_ratio": 0.6476872912138539, "body_ratio": 0.3333333333332281, "volume_ratio": 0.0866162648415636, "_actual_regime": "TREND_UP", "_shadow_control": true, "_rejection_stage": "regime_filter", "_required_regime": "TREND_UP", "rsi_confirmation": 0.44313054468852237, "stop_distance_atr": 0.4853483496509232, "exhaustion_magnitude": 0.1521131392862976, "_shadow_control_reason": "oos_experiment_baseline", "_regime_counterfactual_oos": true}	{}
ME_SHORT_GEOM_A_V1	2133767897	5640	STRKUSDT	SHORT	2026-10-04 01:36:58.316493+00	2026-10-04 01:36:58.347879+00	0.05474	0.05484948	0.04994407776437168	0.05474	0.05484948	0.04994407776437168	38.92	t	variant=ME_SHORT_GEOM_A_V1	HIGH_VOLATILITY	{"rr_ratio": 0.7947498955092706, "body_ratio": 0.9459459459459485, "volume_ratio": 0.18912037091265396, "_shadow_control": true, "rsi_confirmation": 0.612850169825064, "stop_distance_atr": 0.5805808403161408, "exhaustion_magnitude": 1.0, "_shadow_control_reason": "oos_experiment_baseline"}	{}
ME_SHORT_GEOM_B_V1	2133767897	5641	STRKUSDT	SHORT	2026-10-04 01:36:58.316493+00	2026-10-04 01:36:58.347879+00	0.05474	0.05484948	0.04994407776437168	0.05474	0.05515055	0.04994407776437168	38.92	t	variant=ME_SHORT_GEOM_B_V1	HIGH_VOLATILITY	{"rr_ratio": 0.7947498955092706, "body_ratio": 0.9459459459459485, "volume_ratio": 0.18912037091265396, "_shadow_control": true, "rsi_confirmation": 0.612850169825064, "stop_distance_atr": 0.5805808403161408, "exhaustion_magnitude": 1.0, "_shadow_control_reason": "oos_experiment_baseline"}	{}
ME_SHORT_GEOM_A_V1	2144626832	6270	NEARUSDT	SHORT	2026-10-04 11:18:27.699851+00	2026-10-04 11:18:27.769791+00	4.938	4.947876	4.77310479803316	4.938	4.947876	4.77310479803316	38.34	t	variant=ME_SHORT_GEOM_A_V1	RANGE	{"rr_ratio": 1.0, "body_ratio": 0.4499999999999822, "volume_ratio": 0.25889000129646245, "_shadow_control": true, "rsi_confirmation": 0.21324941616273918, "stop_distance_atr": 0.759565978634439, "exhaustion_magnitude": 0.3363914373088631, "_shadow_control_reason": "oos_experiment_baseline"}	{}
ME_SHORT_GEOM_B_V1	2144626832	6271	NEARUSDT	SHORT	2026-10-04 11:18:27.699851+00	2026-10-04 11:18:27.769791+00	4.938	4.947876	4.77310479803316	4.938	4.975035	4.77310479803316	38.34	t	variant=ME_SHORT_GEOM_B_V1	RANGE	{"rr_ratio": 1.0, "body_ratio": 0.4499999999999822, "volume_ratio": 0.25889000129646245, "_shadow_control": true, "rsi_confirmation": 0.21324941616273918, "stop_distance_atr": 0.759565978634439, "exhaustion_magnitude": 0.3363914373088631, "_shadow_control_reason": "oos_experiment_baseline"}	{}
