7202	ME_SHORT_GEOM_A_V1	1220981	KLACUSDT	SHORT	2026-10-04 23:05:35.90772+00	2026-10-04 23:05:35.956415+00	0.08177008177008943	0.08177008177008943	0.553150553150556	0.553150553150556	0.553150553150556	0.1587301587301511	0.1587301587301511	0.48100048100048104	1.3227513227513228	1.6017316017315941	0.4089	0.4089	2.7658	2.7658	2.7658	0.7937	0.7937	2.405	6.6138	8.0087	0.1587301587301511	0.024050024050015845	0.48100048100048104	1.3227513227513228	0.35113035113034624	f	t	f	t	f	\N	54.4	2026-10-04 23:25:58.95057+00	2026-10-04 23:36:46.804158+00	2026-10-05 00:09:01.965237+00	2026-10-05 01:08:44.765523+00	2026-10-05 03:08:03.075782+00	t	2026-10-04 23:25:59.151155+00	2026-10-05 03:08:04.547378+00
7203	ME_SHORT_GEOM_B_V1	1220981	KLACUSDT	SHORT	2026-10-04 23:05:35.90772+00	2026-10-04 23:05:35.956415+00	0.08177008177008943	0.08177008177008943	0.553150553150556	0.553150553150556	0.553150553150556	0.00962000962000087	0.1587301587301511	0.48100048100048104	1.3227513227513228	1.6017316017315941	0.109	0.109	0.7375	0.7375	0.7375	0.0128	0.2116	0.6413	1.7637	2.1356	-0.004810004810014106	0.024050024050015845	0.48100048100048104	1.3227513227513228	0.35113035113034624	f	t	f	t	f	\N	64.4	2026-10-04 23:20:37.308626+00	2026-10-04 23:36:48.600343+00	2026-10-05 00:09:03.453701+00	2026-10-05 01:08:47.929503+00	2026-10-05 03:08:04.734894+00	t	2026-10-04 23:20:37.509194+00	2026-10-05 03:08:05.108795+00
442	ME_SHORT_GEOM_A_V1	3193469	CRVUSDT	SHORT	2026-09-29 13:31:58.770355+00	2026-09-29 13:31:58.801293+00	1.3885445078105614	1.6612943218447764	1.6612943218447764	1.6612943218447764	3.37217951896851	0.0	0.0	0.44631787751054397	3.0250433920158666	3.0250433920158666	6.9427	8.3065	8.3065	8.3065	16.8609	0.0	0.0	2.2316	15.1252	15.1252	-0.7686585668237024	-1.0909992561368744	-0.5454996280684304	-0.1983635011157866	-3.2977932060500814	f	t	f	t	f	\N	53.0	2026-09-29 13:51:03.867052+00	2026-09-29 14:02:12.936185+00	2026-09-29 14:34:19.130464+00	2026-09-29 15:33:39.591748+00	2026-09-29 17:36:29.259462+00	t	2026-09-29 13:51:04.051225+00	2026-09-29 17:36:29.448524+00
443	ME_SHORT_GEOM_B_V1	3193469	CRVUSDT	SHORT	2026-09-29 13:31:58.770355+00	2026-09-29 13:31:58.801293+00	1.3885445078105614	1.6612943218447764	1.6612943218447764	1.6612943218447764	3.37217951896851	0.0	0.0	0.44631787751054397	3.0250433920158666	3.0250433920158666	1.8514	2.2151	2.2151	2.2151	4.4962	0.0	0.0	0.5951	4.0334	4.0334	-0.7686585668237024	-1.0909992561368744	-0.5454996280684304	-0.1983635011157866	-3.2977932060500814	f	t	f	t	f	\N	73.0	2026-09-29 13:51:04.053474+00	2026-09-29 14:02:13.439148+00	2026-09-29 14:34:19.320733+00	2026-09-29 15:33:39.961158+00	2026-09-29 17:36:29.835312+00	t	2026-09-29 13:51:04.237699+00	2026-09-29 17:36:30.384544+00
7763	ME_SHORT_GEOM_A_V1	7331094	ADAUSDT	SHORT	2026-10-05 10:57:22.934473+00	2026-10-05 10:57:22.985849+00	0.8363636363636452	1.090909090909092	1.3090909090909262	1.6000000000000052	2.690909090909097	0.18181818181818196	0.18181818181818196	0.18181818181818196	0.18181818181818196	0.654545454545443	4.1818	5.4545	6.5455	8.0	13.4545	0.9091	0.9091	0.9091	0.9091	3.2727	-0.8363636363636452	-0.4363636363636489	-1.0181818181818272	-1.1272727272727443	-2.4363636363636503	f	t	f	t	f	\N	137.6	2026-10-05 11:13:09.998175+00	2026-10-05 11:29:12.379246+00	2026-10-05 12:01:19.827428+00	2026-10-05 13:00:23.325312+00	2026-10-05 15:00:32.985823+00	t	2026-10-05 11:13:10.191517+00	2026-10-05 15:00:33.171824+00
7764	ME_SHORT_GEOM_B_V1	7331094	ADAUSDT	SHORT	2026-10-05 10:57:22.934473+00	2026-10-05 10:57:22.985849+00	0.8363636363636452	1.090909090909092	1.3090909090909262	1.6000000000000052	2.690909090909097	0.18181818181818196	0.18181818181818196	0.18181818181818196	0.18181818181818196	0.654545454545443	1.1152	1.4545	1.7455	2.1333	3.5879	0.2424	0.2424	0.2424	0.2424	0.8727	-0.8363636363636452	-0.4363636363636489	-1.0181818181818272	-1.1272727272727443	-2.4363636363636503	f	f	f	f	f	\N	\N	2026-10-05 11:13:11.112608+00	2026-10-05 11:29:13.971023+00	2026-10-05 12:01:21.065776+00	2026-10-05 13:00:24.442746+00	2026-10-05 15:00:33.537395+00	t	2026-10-05 11:13:11.305359+00	2026-10-05 15:00:33.914399+00
4287	ME_SHORT_GEOM_A_V1	10118757	SPCXUSDT	SHORT	2026-10-02 17:22:11.748039+00	2026-10-02 17:22:11.779596+00	0.5503890681343737	0.5503890681343737	0.5503890681343737	0.5503890681343737	0.5503890681343737	0.0	0.43651546783070644	0.48712595685456456	0.9489466691971913	1.2019991143164457	2.7519	2.7519	2.7519	2.7519	2.7519	0.0	2.1826	2.4356	4.7447	6.01	-0.25305244511925457	0.38590497880686636	0.34794711203897727	0.7907888909976593	0.4997785791105336	f	t	f	t	f	\N	27.8	2026-10-02 17:39:06.746295+00	2026-10-02 17:55:14.951371+00	2026-10-02 18:27:15.477741+00	2026-10-02 19:25:36.693622+00	2026-10-02 21:27:16.131399+00	t	2026-10-02 17:39:08.053431+00	2026-10-02 21:27:16.317063+00
4288	ME_SHORT_GEOM_B_V1	10118757	SPCXUSDT	SHORT	2026-10-02 17:22:11.748039+00	2026-10-02 17:22:11.779596+00	0.5503890681343737	0.5503890681343737	0.5503890681343737	0.5503890681343737	0.5503890681343737	0.0	0.43651546783070644	0.48712595685456456	0.9489466691971913	1.2019991143164457	0.7339	0.7339	0.7339	0.7339	0.7339	0.0	0.582	0.6495	1.2653	1.6027	-0.25305244511925457	0.38590497880686636	0.34794711203897727	0.7907888909976593	0.4997785791105336	f	t	f	t	f	\N	87.8	2026-10-02 17:39:08.055439+00	2026-10-02 17:55:15.901869+00	2026-10-02 18:27:16.070757+00	2026-10-02 19:25:37.262309+00	2026-10-02 21:27:16.505626+00	t	2026-10-02 17:39:09.354801+00	2026-10-02 21:27:16.698964+00
2735	ME_SHORT_GEOM_A_V1	11745997	MOVRUSDT	SHORT	2026-10-01 16:04:01.136496+00	2026-10-01 16:04:01.167209+00	1.8249408583981168	1.8249408583981168	1.8249408583981168	3.3795201081446464	6.522473808719163	10.10476512335248	11.693139574180469	13.213923622845556	13.213923622845556	13.213923622845556	9.1247	9.1247	9.1247	16.8976	32.6124	50.5238	58.4657	66.0696	66.0696	66.0696	7.60392024332545	10.71307874281851	7.806691449814123	2.1628928692125737	-4.055424129773575	f	t	f	t	f	\N	1.0	2026-10-01 16:24:20.30496+00	2026-10-01 16:35:11.284444+00	2026-10-01 17:07:36.148577+00	2026-10-01 18:07:10.271993+00	2026-10-01 20:06:51.37455+00	t	2026-10-01 16:24:20.487781+00	2026-10-01 20:06:51.569652+00
2736	ME_SHORT_GEOM_B_V1	11745997	MOVRUSDT	SHORT	2026-10-01 16:04:01.136496+00	2026-10-01 16:04:01.167209+00	1.8249408583981168	1.8249408583981168	1.8249408583981168	3.3795201081446464	6.522473808719163	10.10476512335248	11.693139574180469	13.213923622845556	13.213923622845556	13.213923622845556	2.4333	2.4333	2.4333	4.506	8.6966	13.473	15.5909	17.6186	17.6186	17.6186	7.60392024332545	10.71307874281851	7.806691449814123	2.1628928692125737	-4.055424129773575	f	t	f	t	f	\N	1.0	2026-10-01 16:24:20.491119+00	2026-10-01 16:35:11.477149+00	2026-10-01 17:07:36.338188+00	2026-10-01 18:07:10.652156+00	2026-10-01 20:06:51.937393+00	t	2026-10-01 16:24:20.673523+00	2026-10-01 20:06:52.310738+00
7243	ME_SHORT_GEOM_A_V1	29621705	DOGEUSDT	SHORT	2026-10-04 23:35:23.773007+00	2026-10-04 23:35:23.810222+00	0.8082064034815076	0.9739923324007838	1.0361620557455196	1.0361620557455196	1.0361620557455196	0.0	0.0	0.0	0.4351880634131217	0.4351880634131217	4.041	4.87	5.1808	5.1808	5.1808	0.0	0.0	0.0	2.1759	2.1759	-0.6735053362345849	-0.7771215418091396	-0.8392912651538754	-0.3937415811833026	-0.13470106724692274	f	t	f	t	f	\N	99.6	2026-10-04 23:52:54.775448+00	2026-10-05 00:09:01.965237+00	2026-10-05 00:36:06.260844+00	2026-10-05 01:36:10.765722+00	2026-10-05 03:40:04.659072+00	t	2026-10-04 23:52:55.151596+00	2026-10-05 03:40:05.21182+00
7244	ME_SHORT_GEOM_B_V1	29621705	DOGEUSDT	SHORT	2026-10-04 23:35:23.773007+00	2026-10-04 23:35:23.810222+00	0.8082064034815076	0.9739923324007838	1.0361620557455196	1.0361620557455196	1.0361620557455196	0.0	0.0	0.0	0.4351880634131217	0.4351880634131217	1.0776	1.2987	1.3815	1.3815	1.3815	0.0	0.0	0.0	0.5803	0.5803	-0.6735053362345849	-0.7874831623665908	-0.8392912651538754	-0.3937415811833026	-0.13470106724692274	f	f	f	f	f	\N	\N	2026-10-04 23:52:56.247456+00	2026-10-05 00:09:03.453701+00	2026-10-05 00:36:08.538538+00	2026-10-05 01:36:13.317068+00	2026-10-05 03:40:06.297906+00	t	2026-10-04 23:52:57.729738+00	2026-10-05 03:40:06.489374+00
6600	ME_SHORT_GEOM_A_V1	30155485	XRPUSDT	SHORT	2026-10-04 15:23:59.670227+00	2026-10-04 15:23:59.721601+00	0.45713528554393323	0.45713528554393323	0.5962634159268663	0.6492646084536922	0.7420166953756525	0.0	0.0	0.0	0.0	0.0	2.2857	2.2857	2.9813	3.2463	3.7101	0.0	0.0	0.0	0.0	0.0	-0.4372598383463735	-0.2848814098317192	-0.5035113290049059	-0.6161388631244259	-0.15900357758050745	f	f	f	f	f	\N	\N	2026-10-04 15:44:28.283231+00	2026-10-04 15:55:22.623996+00	2026-10-04 16:28:11.145068+00	2026-10-04 17:28:10.776823+00	2026-10-04 19:27:55.81858+00	t	2026-10-04 15:44:29.391371+00	2026-10-04 19:27:56.188799+00
6601	ME_SHORT_GEOM_B_V1	30155485	XRPUSDT	SHORT	2026-10-04 15:23:59.670227+00	2026-10-04 15:23:59.721601+00	0.45713528554393323	0.45713528554393323	0.5962634159268663	0.6492646084536922	0.7420166953756525	0.0	0.0	0.0	0.0	0.0	0.6095	0.6095	0.795	0.8657	0.9894	0.0	0.0	0.0	0.0	0.0	-0.4372598383463735	-0.2848814098317192	-0.5035113290049059	-0.6161388631244259	-0.15900357758050745	f	f	f	f	f	\N	\N	2026-10-04 15:44:29.396558+00	2026-10-04 15:55:23.564143+00	2026-10-04 16:28:12.08111+00	2026-10-04 17:28:11.908322+00	2026-10-04 19:27:56.919532+00	t	2026-10-04 15:44:30.508655+00	2026-10-04 19:27:57.471889+00
5739	ME_SHORT_GEOM_A_V1	30815878	USELESSUSDT	SHORT	2026-10-04 02:42:25.231573+00	2026-10-04 02:42:25.265234+00	1.8397869289080084	1.8397869289080084	1.872567096906368	1.872567096906368	1.872567096906368	0.0	0.0	0.0	0.0	0.0	9.1989	9.1989	9.3628	9.3628	9.3628	0.0	0.0	0.0	0.0	0.0	-1.3316943249334166	-1.3562794509321776	-1.0571604179471414	-0.9219422249539037	-1.5775455849211195	f	f	f	f	f	\N	\N	2026-10-04 02:58:12.166413+00	2026-10-04 03:14:22.889071+00	2026-10-04 03:46:41.139789+00	2026-10-04 04:45:46.815497+00	2026-10-04 06:43:52.003276+00	t	2026-10-04 02:58:12.671914+00	2026-10-04 06:43:52.758476+00
5740	ME_SHORT_GEOM_B_V1	30815878	USELESSUSDT	SHORT	2026-10-04 02:42:25.231573+00	2026-10-04 02:42:25.265234+00	1.8397869289080084	1.8397869289080084	1.872567096906368	1.872567096906368	1.872567096906368	0.0	0.0	0.0	0.0	0.0	2.453	2.453	2.4968	2.4968	2.4968	0.0	0.0	0.0	0.0	0.0	-1.3316943249334166	-1.3562794509321776	-1.0571604179471414	-0.9219422249539037	-1.5734480639213206	f	f	f	f	f	\N	\N	2026-10-04 02:58:13.0394+00	2026-10-04 03:14:23.448866+00	2026-10-04 03:46:41.697343+00	2026-10-04 04:45:47.737898+00	2026-10-04 06:43:52.761496+00	t	2026-10-04 02:58:13.546022+00	2026-10-04 06:43:53.499316+00
7656	ME_SHORT_GEOM_A_V1	36914932	VIRTUALUSDT	SHORT	2026-10-05 08:47:16.21272+00	2026-10-05 08:47:16.260259+00	1.039313149570717	1.3443289652056056	1.4572977858111187	2.440126525079073	3.45684591052869	0.0	0.0	0.0	0.0	0.0	5.1966	6.7216	7.2865	12.2006	17.2842	0.0	0.0	0.0	0.0	0.0	-0.21464075915047592	-1.1183913239945797	-1.0845006778129171	-1.7397198373248948	-3.276095797559876	f	f	f	f	f	\N	\N	2026-10-05 09:03:19.104375+00	2026-10-05 09:19:35.822612+00	2026-10-05 09:52:08.170869+00	2026-10-05 10:51:32.564303+00	2026-10-05 12:49:28.848786+00	t	2026-10-05 09:03:19.838635+00	2026-10-05 12:49:29.61705+00
7657	ME_SHORT_GEOM_B_V1	36914932	VIRTUALUSDT	SHORT	2026-10-05 08:47:16.21272+00	2026-10-05 08:47:16.260259+00	1.039313149570717	1.3443289652056056	1.4572977858111187	2.440126525079073	3.45684591052869	0.0	0.0	0.0	0.0	0.0	1.3858	1.7924	1.9431	3.2535	4.6091	0.0	0.0	0.0	0.0	0.0	-0.22593764121102594	-1.1183913239945797	-1.0845006778129171	-1.7397198373248948	-3.276095797559876	f	f	f	f	f	\N	\N	2026-10-05 09:03:19.841049+00	2026-10-05 09:19:36.742981+00	2026-10-05 09:52:09.086218+00	2026-10-05 10:51:33.505424+00	2026-10-05 12:49:29.980402+00	t	2026-10-05 09:03:20.590398+00	2026-10-05 12:49:30.527501+00
4313	ME_SHORT_GEOM_A_V1	38198155	SPCXUSDT	SHORT	2026-10-02 17:47:16.552262+00	2026-10-02 17:47:16.589048+00	0.0	0.0	0.0	0.0	0.0	0.519184500443202	0.569836646827913	0.7914397872609853	1.2852982145118408	1.2852982145118408	0.0	0.0	0.0	0.0	0.0	2.5959	2.8492	3.9572	6.4265	6.4265	0.23426617702925448	0.5318475370393841	0.7661137140686387	1.1586678485500903	0.6014942383183415	f	t	f	t	f	\N	2.7	2026-10-02 18:05:57.868005+00	2026-10-02 18:21:57.835363+00	2026-10-02 18:48:29.853824+00	2026-10-02 19:52:08.377714+00	2026-10-02 21:48:11.072472+00	t	2026-10-02 18:05:58.802551+00	2026-10-02 21:48:11.259827+00
4314	ME_SHORT_GEOM_B_V1	38198155	SPCXUSDT	SHORT	2026-10-02 17:47:16.552262+00	2026-10-02 17:47:16.589048+00	0.0	0.0	0.0	0.0	0.0	0.519184500443202	0.569836646827913	0.7914397872609853	1.2852982145118408	1.2852982145118408	0.0	0.0	0.0	0.0	0.0	0.6922	0.7598	1.0553	1.7137	1.7137	0.23426617702925448	0.5318475370393841	0.7661137140686387	1.1586678485500903	0.6014942383183415	f	t	f	t	f	\N	52.7	2026-10-02 18:05:58.805885+00	2026-10-02 18:21:58.42625+00	2026-10-02 18:48:30.407049+00	2026-10-02 19:52:08.765671+00	2026-10-02 21:48:11.262169+00	t	2026-10-02 18:05:59.731271+00	2026-10-02 21:48:11.774064+00
5876	ME_SHORT_GEOM_A_V1	42851826	STRKUSDT	SHORT	2026-10-04 05:12:32.504818+00	2026-10-04 05:12:32.557335+00	2.4776453055141543	2.4776453055141543	2.4776453055141543	2.4776453055141543	2.4776453055141543	0.0	1.0432190760059574	1.1549925484351762	1.4157973174366687	5.644560357675122	12.3882	12.3882	12.3882	12.3882	12.3882	0.0	5.2161	5.775	7.079	28.2228	-1.5834575260804704	0.465722801788376	-0.931445603576752	-0.2794336810730204	1.1363636363636354	f	t	f	t	f	\N	27.5	2026-10-04 05:28:48.65399+00	2026-10-04 05:44:56.476928+00	2026-10-04 06:17:07.094747+00	2026-10-04 07:15:49.51915+00	2026-10-04 09:13:31.604353+00	t	2026-10-04 05:28:48.846994+00	2026-10-04 09:13:31.800778+00
5877	ME_SHORT_GEOM_B_V1	42851826	STRKUSDT	SHORT	2026-10-04 05:12:32.504818+00	2026-10-04 05:12:32.557335+00	2.4776453055141543	2.4776453055141543	2.4776453055141543	2.4776453055141543	2.4776453055141543	0.0	1.0432190760059574	1.1549925484351762	1.4157973174366687	5.644560357675122	3.3035	3.3035	3.3035	3.3035	3.3035	0.0	1.391	1.54	1.8877	7.5261	-1.5275707898658741	0.4843517138599167	-0.931445603576752	-0.2794336810730204	1.1363636363636354	f	t	f	t	f	\N	27.5	2026-10-04 05:28:49.897274+00	2026-10-04 05:44:57.219085+00	2026-10-04 06:17:07.836749+00	2026-10-04 07:15:50.270849+00	2026-10-04 09:13:32.719732+00	t	2026-10-04 05:28:50.40806+00	2026-10-04 09:13:33.091459+00
6990	ME_SHORT_GEOM_A_V1	44377738	HYPEUSDT	SHORT	2026-10-04 21:24:57.867957+00	2026-10-04 21:24:57.906792+00	0.2639102705080216	0.4178579283043715	0.5058280184737121	0.7917308115240806	1.0886298658456068	0.0	0.0	0.3518803606773778	0.3518803606773778	0.3518803606773778	1.3196	2.0893	2.5291	3.9587	5.4431	0.0	0.0	1.7594	1.7594	1.7594	-0.2639102705080216	-0.329887838135031	0.0	-0.5498130635583902	-0.8137233340664117	f	t	f	t	f	\N	50.0	2026-10-04 21:42:59.717297+00	2026-10-04 21:59:15.157854+00	2026-10-04 22:26:22.831541+00	2026-10-04 23:25:58.95057+00	2026-10-05 01:25:12.579708+00	t	2026-10-04 21:43:00.104256+00	2026-10-05 01:25:14.692827+00
6991	ME_SHORT_GEOM_B_V1	44377738	HYPEUSDT	SHORT	2026-10-04 21:24:57.867957+00	2026-10-04 21:24:57.906792+00	0.2639102705080216	0.4178579283043715	0.5058280184737121	0.7917308115240806	1.0886298658456068	0.0	0.0	0.3518803606773778	0.3518803606773778	0.3518803606773778	0.3519	0.5571	0.6744	1.0556	1.4515	0.0	0.0	0.4692	0.4692	0.4692	-0.2639102705080216	-0.329887838135031	0.0	-0.5498130635583902	-0.8137233340664117	f	f	f	f	f	\N	\N	2026-10-04 21:43:01.167243+00	2026-10-04 21:59:16.267722+00	2026-10-04 22:26:24.312286+00	2026-10-04 23:26:00.44726+00	2026-10-05 01:25:15.744213+00	t	2026-10-04 21:43:01.55814+00	2026-10-05 01:25:17.540913+00
6591	ME_SHORT_GEOM_A_V1	45418879	SOLUSDT	SHORT	2026-10-04 15:18:57.640551+00	2026-10-04 15:18:57.697609+00	0.4421518054531991	0.4421518054531991	0.6140997297961189	0.6140997297961189	0.7696716613444672	0.0	0.0	0.0	0.0	0.0	2.2108	2.2108	3.0705	3.0705	3.8484	0.0	0.0	0.0	0.0	0.0	-0.36027184148038793	-0.40121182346679346	-0.45033980185048494	-0.3848358306722336	-0.4667157946450448	f	f	f	f	f	\N	\N	2026-10-04 15:38:57.806537+00	2026-10-04 15:49:55.190977+00	2026-10-04 16:22:42.174665+00	2026-10-04 17:22:40.893401+00	2026-10-04 19:22:30.855172+00	t	2026-10-04 15:38:58.493363+00	2026-10-04 19:22:31.411533+00
6592	ME_SHORT_GEOM_B_V1	45418879	SOLUSDT	SHORT	2026-10-04 15:18:57.640551+00	2026-10-04 15:18:57.697609+00	0.4421518054531991	0.4421518054531991	0.6140997297961189	0.6140997297961189	0.7696716613444672	0.0	0.0	0.0	0.0	0.0	0.5895	0.5895	0.8188	0.8188	1.0262	0.0	0.0	0.0	0.0	0.0	-0.36027184148038793	-0.40121182346679346	-0.45033980185048494	-0.3848358306722336	-0.4667157946450448	f	f	f	f	f	\N	\N	2026-10-04 15:38:59.417048+00	2026-10-04 15:49:56.111203+00	2026-10-04 16:22:43.094943+00	2026-10-04 17:22:41.997224+00	2026-10-04 19:22:31.961452+00	t	2026-10-04 15:38:59.609843+00	2026-10-04 19:22:32.333596+00
8974	ME_SHORT_GEOM_A_V1	49225332	AVAXUSDT	SHORT	2026-10-06 09:00:50.227753+00	2026-10-06 09:00:50.27029+00	1.0871471155532224	1.56934946519376	1.56934946519376	1.56934946519376	1.56934946519376	0.0	0.0	0.0	0.0	2.52498684902683	5.4357	7.8467	7.8467	7.8467	7.8467	0.0	0.0	0.0	0.0	12.6249	-0.44713308784850214	-1.1134490618972528	-0.9556373838330702	-0.6663159740487508	0.4559004032965071	f	t	f	t	f	\N	154.2	2026-10-06 09:16:23.353007+00	2026-10-06 09:32:23.671046+00	2026-10-06 10:04:31.690248+00	2026-10-06 11:03:04.889212+00	2026-10-06 13:04:34.308077+00	t	2026-10-06 09:16:23.73124+00	2026-10-06 13:04:34.681223+00
8975	ME_SHORT_GEOM_B_V1	49225332	AVAXUSDT	SHORT	2026-10-06 09:00:50.227753+00	2026-10-06 09:00:50.27029+00	1.0871471155532224	1.56934946519376	1.56934946519376	1.56934946519376	1.56934946519376	0.0	0.0	0.0	0.0	2.52498684902683	1.4495	2.0925	2.0925	2.0925	2.0925	0.0	0.0	0.0	0.0	3.3666	-0.44713308784850214	-1.1134490618972528	-0.9556373838330702	-0.6663159740487508	0.4559004032965071	f	t	f	t	f	\N	154.2	2026-10-06 09:16:23.923961+00	2026-10-06 09:32:24.234502+00	2026-10-06 10:04:32.250362+00	2026-10-06 11:03:05.456786+00	2026-10-06 13:04:35.050256+00	t	2026-10-06 09:16:24.316244+00	2026-10-06 13:04:35.612473+00
4130	ME_SHORT_GEOM_A_V1	52046485	MSTRUSDT	SHORT	2026-10-02 13:51:48.353673+00	2026-10-02 13:51:48.382343+00	2.9138761602631935	4.088826224885447	5.304899541769475	6.356479849606387	7.660674421337088	0.0	0.0	0.0	0.0	0.0	14.5694	20.4441	26.5245	31.7824	38.3034	0.0	0.0	0.0	0.0	0.0	-2.602514393138296	-2.9961226647867436	-4.84079426624369	-6.2037363412054995	-7.478557161320638	t	f	t	f	f	38.2	\N	2026-10-02 14:09:01.349184+00	2026-10-02 14:25:43.515731+00	2026-10-02 14:53:39.513323+00	2026-10-02 15:54:54.627619+00	2026-10-02 17:55:14.951371+00	t	2026-10-02 14:09:02.095177+00	2026-10-02 17:55:15.525489+00
4131	ME_SHORT_GEOM_B_V1	52046485	MSTRUSDT	SHORT	2026-10-02 13:51:48.353673+00	2026-10-02 13:51:48.382343+00	2.9138761602631935	4.088826224885447	5.304899541769475	6.356479849606387	7.660674421337088	0.0	0.0	0.0	0.0	0.0	3.8852	5.4518	7.0732	8.4753	10.2142	0.0	0.0	0.0	0.0	0.0	-2.526142638937852	-2.9961226647867436	-4.84079426624369	-6.162613088943726	-7.478557161320638	t	f	t	f	f	38.2	\N	2026-10-02 14:09:03.017655+00	2026-10-02 14:25:45.200014+00	2026-10-02 14:53:41.379842+00	2026-10-02 15:54:56.705875+00	2026-10-02 17:55:15.901869+00	t	2026-10-02 14:09:03.530856+00	2026-10-02 17:55:16.662869+00
4476	ME_SHORT_GEOM_A_V1	61928418	SANDUSDT	SHORT	2026-10-02 23:22:55.874395+00	2026-10-02 23:22:55.909004+00	1.3773270773422248	1.3773270773422248	7.022854548206456	7.022854548206456	7.022854548206456	3.859542909035866	5.040108975329195	9.27803844407446	9.27803844407446	23.98970788557591	6.8866	6.8866	35.1143	35.1143	35.1143	19.2977	25.2005	46.3902	46.3902	119.9485	2.376267594975029	4.949296200998933	-0.6810958074769274	4.268200393522027	19.57015286817012	f	t	f	t	f	\N	2.1	2026-10-02 23:42:48.932552+00	2026-10-02 23:53:15.166901+00	2026-10-03 00:24:42.636412+00	2026-10-03 01:27:58.16784+00	2026-10-03 03:24:48.96236+00	t	2026-10-02 23:42:49.299305+00	2026-10-03 03:24:49.148575+00
4477	ME_SHORT_GEOM_B_V1	61928418	SANDUSDT	SHORT	2026-10-02 23:22:55.874395+00	2026-10-02 23:22:55.909004+00	1.3773270773422248	1.3773270773422248	7.022854548206456	7.022854548206456	7.022854548206456	3.859542909035866	5.040108975329195	9.27803844407446	9.27803844407446	23.98970788557591	1.8364	1.8364	9.3638	9.3638	9.3638	5.1461	6.7201	12.3707	12.3707	31.9863	2.376267594975029	4.8282125018919295	-0.6810958074769274	4.268200393522027	19.630694717723618	f	t	f	t	f	\N	7.1	2026-10-02 23:42:49.302375+00	2026-10-02 23:53:15.538016+00	2026-10-03 00:24:43.017686+00	2026-10-03 01:27:58.551592+00	2026-10-03 03:24:49.336293+00	t	2026-10-02 23:42:49.491066+00	2026-10-03 03:24:49.525392+00
9228	ME_SHORT_GEOM_A_V1	67693347	AVAXUSDT	SHORT	2026-10-06 14:01:46.122424+00	2026-10-06 14:01:46.169239+00	0.5332633971501	0.5332633971501	0.5332633971501	0.5332633971501	0.5332633971501	0.5157793513418942	0.5332633971501	1.494885916601096	1.6435003059708069	1.6435003059708069	2.6663	2.6663	2.6663	2.6663	2.6663	2.5789	2.6663	7.4744	8.2175	8.2175	0.44584316810910185	0.2884867558352957	1.494885916601096	0.5332633971501	0.7081038552320964	f	t	f	t	f	\N	8.2	2026-10-06 14:19:37.266981+00	2026-10-06 14:35:46.812245+00	2026-10-06 15:02:38.508398+00	2026-10-06 16:01:56.611136+00	2026-10-06 18:05:16.866564+00	t	2026-10-06 14:19:37.651402+00	2026-10-06 18:05:17.059458+00
9229	ME_SHORT_GEOM_B_V1	67693347	AVAXUSDT	SHORT	2026-10-06 14:01:46.122424+00	2026-10-06 14:01:46.169239+00	0.5332633971501	0.5332633971501	0.5332633971501	0.5332633971501	0.5332633971501	0.5157793513418942	0.5332633971501	1.494885916601096	1.6435003059708069	1.6435003059708069	0.711	0.711	0.711	0.711	0.711	0.6877	0.711	1.9932	2.1913	2.1913	0.480811259725498	0.2884867558352957	1.494885916601096	0.5332633971501	0.7081038552320964	f	t	f	t	f	\N	33.2	2026-10-06 14:19:38.020061+00	2026-10-06 14:35:47.563585+00	2026-10-06 15:02:39.568856+00	2026-10-06 16:01:57.549243+00	2026-10-06 18:05:17.617302+00	t	2026-10-06 14:19:38.71419+00	2026-10-06 18:05:17.817069+00
2727	ME_SHORT_GEOM_A_V1	70510450	MOVRUSDT	SHORT	2026-10-01 15:59:02.289871+00	2026-10-01 15:59:02.328795+00	3.548496113551875	3.548496113551875	3.548496113551875	3.548496113551875	3.548496113551875	2.29807367353836	11.693139574180469	13.213923622845556	13.213923622845556	13.213923622845556	17.7425	17.7425	17.7425	17.7425	17.7425	11.4904	58.4657	66.0696	66.0696	66.0696	1.655964852990873	7.198377830348093	9.293680297397767	0.06759040216288542	-0.37174721189591486	f	t	f	t	f	\N	6.0	2026-10-01 16:18:54.507455+00	2026-10-01 16:29:45.374761+00	2026-10-01 17:02:14.053846+00	2026-10-01 18:01:46.347569+00	2026-10-01 20:01:23.90563+00	t	2026-10-01 16:18:54.704491+00	2026-10-01 20:01:24.104761+00
2728	ME_SHORT_GEOM_B_V1	70510450	MOVRUSDT	SHORT	2026-10-01 15:59:02.289871+00	2026-10-01 15:59:02.328795+00	3.548496113551875	3.548496113551875	3.548496113551875	3.548496113551875	3.548496113551875	2.29807367353836	11.693139574180469	13.213923622845556	13.213923622845556	13.213923622845556	4.7313	4.7313	4.7313	4.7313	4.7313	3.0641	15.5909	17.6186	17.6186	17.6186	1.655964852990873	7.198377830348093	9.293680297397767	0.06759040216288542	-0.37174721189591486	f	t	f	t	f	\N	6.0	2026-10-01 16:18:54.707705+00	2026-10-01 16:29:45.563127+00	2026-10-01 17:02:14.240442+00	2026-10-01 18:01:46.717029+00	2026-10-01 20:01:24.488348+00	t	2026-10-01 16:18:54.892428+00	2026-10-01 20:01:24.86157+00
7298	ME_SHORT_GEOM_A_V1	70887891	HBARUSDT	SHORT	2026-10-05 00:45:51.726105+00	2026-10-05 00:45:51.78886+00	0.25899280575538847	0.3836930455635469	0.45083932853716857	0.45083932853716857	1.7170263788968825	0.0671462829736217	0.0671462829736217	0.16306954436451174	0.44124700239808357	0.5275779376498886	1.295	1.9185	2.2542	2.2542	8.5851	0.3357	0.3357	0.8153	2.2062	2.6379	-0.19184652278176678	-0.17266187050359674	-0.0671462829736217	0.41247002398081517	-1.103117505995202	t	t	f	t	f	224.1	89.1	2026-10-05 01:03:16.003447+00	2026-10-05 01:19:43.957539+00	2026-10-05 01:47:04.597493+00	2026-10-05 02:46:37.726765+00	2026-10-05 04:49:55.611209+00	t	2026-10-05 01:03:18.038917+00	2026-10-05 04:49:56.160404+00
7299	ME_SHORT_GEOM_B_V1	70887891	HBARUSDT	SHORT	2026-10-05 00:45:51.726105+00	2026-10-05 00:45:51.78886+00	0.25899280575538847	0.3836930455635469	0.45083932853716857	0.45083932853716857	1.7170263788968825	0.0671462829736217	0.0671462829736217	0.16306954436451174	0.44124700239808357	0.5275779376498886	0.3453	0.5116	0.6011	0.6011	2.2894	0.0895	0.0895	0.2174	0.5883	0.7034	-0.19184652278176678	-0.17266187050359674	-0.0671462829736217	0.41247002398081517	-1.103117505995202	t	f	t	f	f	224.1	\N	2026-10-05 01:03:18.224782+00	2026-10-05 01:19:46.155283+00	2026-10-05 01:47:06.803094+00	2026-10-05 02:46:39.861145+00	2026-10-05 04:49:56.893078+00	t	2026-10-05 01:03:20.420524+00	2026-10-05 04:49:57.441485+00
6891	ME_SHORT_GEOM_A_V1	71213028	XRPUSDT	SHORT	2026-10-04 20:04:40.982843+00	2026-10-04 20:04:41.004939+00	0.2321416727465715	0.27193738807455015	0.4244876301651496	0.4244876301651496	0.4244876301651496	0.0	0.0	0.0	0.8423426411089695	1.2469324136101299	1.1607	1.3597	2.1224	2.1224	2.1224	0.0	0.0	0.0	4.2117	6.2347	-0.13928500364793994	-0.09285666909863155	-0.11275452676262088	0.7362207335676784	0.6433640644690616	f	t	f	t	f	\N	65.3	2026-10-04 20:22:07.328524+00	2026-10-04 20:38:17.809795+00	2026-10-04 21:05:10.963303+00	2026-10-04 22:10:05.00829+00	2026-10-05 00:09:01.965237+00	t	2026-10-04 20:22:08.024103+00	2026-10-05 00:09:02.53128+00
6892	ME_SHORT_GEOM_B_V1	71213028	XRPUSDT	SHORT	2026-10-04 20:04:40.982843+00	2026-10-04 20:04:41.004939+00	0.2321416727465715	0.27193738807455015	0.4244876301651496	0.4244876301651496	0.4244876301651496	0.0	0.0	0.0	0.8423426411089695	1.2469324136101299	0.3095	0.3626	0.566	0.566	0.566	0.0	0.0	0.0	1.1231	1.6626	-0.13928500364793994	-0.09285666909863155	-0.11275452676262088	0.7362207335676784	0.6433640644690616	f	t	f	t	f	\N	115.3	2026-10-04 20:22:08.572427+00	2026-10-04 20:38:18.548513+00	2026-10-04 21:05:12.07507+00	2026-10-04 22:10:06.321095+00	2026-10-05 00:09:03.453701+00	t	2026-10-04 20:22:08.947231+00	2026-10-05 00:09:04.520853+00
7419	ME_SHORT_GEOM_A_V1	72576594	FARTCOINUSDT	SHORT	2026-10-05 03:41:21.61963+00	2026-10-05 03:41:21.676735+00	1.465063861758082	1.556294944724704	2.9032950520553817	2.9032950520553817	2.9032950520553817	0.0	0.0	0.0	0.0	2.130514113985189	7.3253	7.7815	14.5165	14.5165	14.5165	0.0	0.0	0.0	0.0	10.6526	-1.2611355586562298	-1.282601695824838	-2.130514113985189	-1.9748846195127276	1.8568208650853228	f	t	f	t	f	\N	158.6	2026-10-05 04:01:32.181873+00	2026-10-05 04:12:17.195863+00	2026-10-05 04:44:33.093009+00	2026-10-05 05:43:44.864751+00	2026-10-05 07:42:11.323988+00	t	2026-10-05 04:01:32.914863+00	2026-10-05 07:42:11.883323+00
7420	ME_SHORT_GEOM_B_V1	72576594	FARTCOINUSDT	SHORT	2026-10-05 03:41:21.61963+00	2026-10-05 03:41:21.676735+00	1.465063861758082	1.556294944724704	2.9032950520553817	2.9032950520553817	2.9032950520553817	0.0	0.0	0.0	0.0	2.130514113985189	1.9534	2.0751	3.8711	3.8711	3.8711	0.0	0.0	0.0	0.0	2.8407	-1.2611355586562298	-1.282601695824838	-2.130514113985189	-1.9748846195127276	1.8568208650853228	f	t	f	t	f	\N	198.6	2026-10-05 04:01:33.826241+00	2026-10-05 04:12:18.654033+00	2026-10-05 04:44:34.375325+00	2026-10-05 05:43:45.965021+00	2026-10-05 07:42:12.446106+00	t	2026-10-05 04:01:34.699861+00	2026-10-05 07:42:13.196713+00
475	ME_SHORT_GEOM_A_V1	72628163	CRVUSDT	SHORT	2026-09-29 13:52:01.599687+00	2026-09-29 13:52:01.637477+00	1.6125031009675033	1.6125031009675033	1.6125031009675033	1.6869263210121628	6.524435623914658	0.0	0.0	1.8853882411312317	3.0761597618456875	3.0761597618456875	8.0625	8.0625	8.0625	8.4346	32.6222	0.0	0.0	9.4269	15.3808	15.3808	-1.290002480774011	-1.2403870007442332	0.5953857603572348	-1.463656660878198	-6.201935003721166	t	t	f	t	f	233.0	33.0	2026-09-29 14:07:34.167179+00	2026-09-29 14:23:34.335383+00	2026-09-29 14:55:46.09371+00	2026-09-29 15:55:17.522342+00	2026-09-29 17:52:12.140335+00	t	2026-09-29 14:07:34.349762+00	2026-09-29 17:52:12.695101+00
476	ME_SHORT_GEOM_B_V1	72628163	CRVUSDT	SHORT	2026-09-29 13:52:01.599687+00	2026-09-29 13:52:01.637477+00	1.6125031009675033	1.6125031009675033	1.6125031009675033	1.6869263210121628	6.524435623914658	0.0	0.0	1.8853882411312317	3.0761597618456875	3.0761597618456875	2.15	2.15	2.15	2.2492	8.6992	0.0	0.0	2.5139	4.1015	4.1015	-1.290002480774011	-1.2403870007442332	0.5953857603572348	-1.463656660878198	-6.201935003721166	t	t	f	t	f	233.0	53.0	2026-09-29 14:07:34.352397+00	2026-09-29 14:23:34.524474+00	2026-09-29 14:55:46.461535+00	2026-09-29 15:55:17.892477+00	2026-09-29 17:52:12.7001+00	t	2026-09-29 14:07:34.85033+00	2026-09-29 17:52:13.561576+00
5889	ME_SHORT_GEOM_A_V1	74632606	STRKUSDT	SHORT	2026-10-04 05:22:34.839226+00	2026-10-04 05:22:34.858001+00	2.4776453055141543	2.4776453055141543	2.4776453055141543	2.4776453055141543	2.4776453055141543	0.0	1.1549925484351762	1.1549925484351762	1.4157973174366687	5.644560357675122	12.3882	12.3882	12.3882	12.3882	12.3882	0.0	5.775	5.775	7.079	28.2228	-0.2980625931445611	0.18628912071535556	-1.471684053651265	0.1117734724292185	0.7824143070044779	f	t	f	t	f	\N	17.4	2026-10-04 05:39:33.407506+00	2026-10-04 05:55:37.68452+00	2026-10-04 06:27:52.708493+00	2026-10-04 07:26:31.749582+00	2026-10-04 09:24:20.2122+00	t	2026-10-04 05:39:33.600888+00	2026-10-04 09:24:20.586754+00
5890	ME_SHORT_GEOM_B_V1	74632606	STRKUSDT	SHORT	2026-10-04 05:22:34.839226+00	2026-10-04 05:22:34.858001+00	2.4776453055141543	2.4776453055141543	2.4776453055141543	2.4776453055141543	2.4776453055141543	0.0	1.1549925484351762	1.1549925484351762	1.4157973174366687	5.644560357675122	3.3035	3.3035	3.3035	3.3035	3.3035	0.0	1.54	1.54	1.8877	7.5261	-0.26080476900149263	0.18628912071535556	-1.471684053651265	0.1117734724292185	0.8010432190760056	f	t	f	t	f	\N	17.4	2026-10-04 05:39:34.387608+00	2026-10-04 05:55:38.744307+00	2026-10-04 06:27:53.460499+00	2026-10-04 07:26:32.812158+00	2026-10-04 09:24:21.636645+00	t	2026-10-04 05:39:34.580642+00	2026-10-04 09:24:22.190742+00
8906	ME_SHORT_GEOM_A_V1	86582476	ORCAUSDT	SHORT	2026-10-06 08:05:48.331583+00	2026-10-06 08:05:48.367015+00	1.7534791252485187	1.7534791252485187	1.7534791252485187	1.7534791252485187	1.7534791252485187	0.6600397614314094	1.491053677932409	5.391650099403567	7.423459244532807	9.606361829025847	8.7674	8.7674	8.7674	8.7674	8.7674	3.3002	7.4553	26.9583	37.1173	48.0318	0.44930417495029285	0.8747514910536698	5.045725646123261	0.7236580516898518	2.4811133200795146	f	t	f	t	f	\N	14.2	2026-10-06 08:22:57.142705+00	2026-10-06 08:38:53.320216+00	2026-10-06 09:11:04.309288+00	2026-10-06 10:09:53.938445+00	2026-10-06 12:07:28.060768+00	t	2026-10-06 08:22:57.333955+00	2026-10-06 12:07:28.252037+00
8907	ME_SHORT_GEOM_B_V1	86582476	ORCAUSDT	SHORT	2026-10-06 08:05:48.331583+00	2026-10-06 08:05:48.367015+00	1.7534791252485187	1.7534791252485187	1.7534791252485187	1.7534791252485187	1.7534791252485187	0.6600397614314094	1.491053677932409	5.391650099403567	7.423459244532807	9.606361829025847	2.338	2.338	2.338	2.338	2.338	0.8801	1.9881	7.1889	9.8979	12.8085	0.44930417495029285	0.8747514910536698	5.045725646123261	0.7077534791252411	2.4811133200795146	f	t	f	t	f	\N	14.2	2026-10-06 08:22:57.695045+00	2026-10-06 08:38:53.883679+00	2026-10-06 09:11:04.881241+00	2026-10-06 10:09:54.494245+00	2026-10-06 12:07:28.620372+00	t	2026-10-06 08:22:57.885286+00	2026-10-06 12:07:28.812449+00
5654	ME_SHORT_GEOM_A_V1	100541769	STRKUSDT	SHORT	2026-10-04 01:52:02.803956+00	2026-10-04 01:52:02.832216+00	4.128607964925098	4.329557910120565	4.640116916331738	5.681402995980991	5.681402995980991	0.0	0.0	0.0	0.0	0.0	20.643	21.6478	23.2006	28.407	28.407	0.0	0.0	0.0	0.0	0.0	-3.050785531603942	-3.964194373401532	-3.2517354767994098	-4.2016806722689015	-1.7537449762513622	f	f	f	f	f	\N	\N	2026-10-04 02:09:59.658021+00	2026-10-04 02:25:58.219303+00	2026-10-04 02:52:49.932585+00	2026-10-04 03:52:05.034377+00	2026-10-04 05:55:37.68452+00	t	2026-10-04 02:10:00.033568+00	2026-10-04 05:55:37.877378+00
5655	ME_SHORT_GEOM_B_V1	100541769	STRKUSDT	SHORT	2026-10-04 01:52:02.803956+00	2026-10-04 01:52:02.832216+00	4.128607964925098	4.329557910120565	4.640116916331738	5.681402995980991	5.681402995980991	0.0	0.0	0.0	0.0	0.0	5.5048	5.7727	6.1868	7.5752	7.5752	0.0	0.0	0.0	0.0	0.0	-3.069053708439887	-3.964194373401532	-3.2517354767994098	-4.2016806722689015	-1.7537449762513622	f	f	f	f	f	\N	\N	2026-10-04 02:10:00.035664+00	2026-10-04 02:25:59.10019+00	2026-10-04 02:52:50.489867+00	2026-10-04 03:52:05.598794+00	2026-10-04 05:55:38.744307+00	t	2026-10-04 02:10:00.410382+00	2026-10-04 05:55:38.935836+00
9234	ME_SHORT_GEOM_A_V1	104048125	SPCXUSDT	SHORT	2026-10-06 14:06:43.063309+00	2026-10-06 14:06:43.100735+00	1.18527760449158	1.2816877445698516	1.3327284069642276	1.7240401519877615	2.2344467759315068	0.0	0.0	0.0	0.0	0.0	5.9264	6.4084	6.6636	8.6202	11.1722	0.0	0.0	0.0	0.0	0.0	-0.9924573243350535	-0.5898032098905578	-1.1228945726762423	-1.5539046106731746	-1.9452163556967088	f	f	f	f	f	\N	\N	2026-10-06 14:24:57.960517+00	2026-10-06 14:41:08.728798+00	2026-10-06 15:08:02.136777+00	2026-10-06 16:07:21.242487+00	2026-10-06 18:10:36.409538+00	t	2026-10-06 14:24:58.850375+00	2026-10-06 18:10:36.789503+00
9235	ME_SHORT_GEOM_B_V1	104048125	SPCXUSDT	SHORT	2026-10-06 14:06:43.063309+00	2026-10-06 14:06:43.100735+00	1.18527760449158	1.2816877445698516	1.3327284069642276	1.7240401519877615	2.2344467759315068	0.0	0.0	0.0	0.0	0.0	1.5804	1.7089	1.777	2.2987	2.9793	0.0	0.0	0.0	0.0	0.0	-0.9924573243350535	-0.5898032098905578	-1.1228945726762423	-1.5539046106731746	-1.9452163556967088	f	f	f	f	f	\N	\N	2026-10-06 14:24:59.035697+00	2026-10-06 14:41:09.47987+00	2026-10-06 15:08:02.913018+00	2026-10-06 16:07:22.186338+00	2026-10-06 18:10:37.163392+00	t	2026-10-06 14:24:59.783062+00	2026-10-06 18:10:37.857448+00
410	ME_SHORT_GEOM_A_V1	111814041	CRVUSDT	SHORT	2026-09-29 12:46:54.591621+00	2026-09-29 12:46:54.614252+00	2.239920358387259	2.239920358387259	2.239920358387259	2.239920358387259	2.239920358387259	0.0	0.0	0.3733200597312099	2.2150323544051815	3.409656545545045	11.1996	11.1996	11.1996	11.1996	11.1996	0.0	0.0	1.8666	11.0752	17.0483	-1.5181682429069174	-0.7217521154803419	-0.39820806371328776	1.3190642110502806	-1.3937282229965142	f	t	f	t	f	\N	33.1	2026-09-29 13:06:27.816771+00	2026-09-29 13:18:58.107097+00	2026-09-29 13:51:03.867052+00	2026-09-29 14:50:24.909983+00	2026-09-29 16:48:48.510221+00	t	2026-09-29 13:06:28.002866+00	2026-09-29 16:48:48.698515+00
411	ME_SHORT_GEOM_B_V1	111814041	CRVUSDT	SHORT	2026-09-29 12:46:54.591621+00	2026-09-29 12:46:54.614252+00	2.239920358387259	2.239920358387259	2.239920358387259	2.239920358387259	2.239920358387259	0.0	0.0	0.3733200597312099	2.2150323544051815	3.409656545545045	2.9866	2.9866	2.9866	2.9866	2.9866	0.0	0.0	0.4978	2.9534	4.5462	-1.5181682429069174	-0.7217521154803419	-0.39820806371328776	1.3190642110502806	-1.3937282229965142	f	t	f	t	f	\N	98.1	2026-09-29 13:06:28.004879+00	2026-09-29 13:18:58.301342+00	2026-09-29 13:51:04.053474+00	2026-09-29 14:50:25.126209+00	2026-09-29 16:48:49.069891+00	t	2026-09-29 13:06:28.192653+00	2026-09-29 16:48:49.44087+00
6939	ME_SHORT_GEOM_A_V1	121743575	HYPEUSDT	SHORT	2026-10-04 20:59:51.333766+00	2026-10-04 20:59:51.3673+00	0.29735682819382825	0.29735682819382825	0.3524229074889793	0.6387665198237867	0.6828193832599013	0.15418502202643236	0.15418502202643236	0.15418502202643236	0.5066079295154273	0.5066079295154273	1.4868	1.4868	1.7621	3.1938	3.4141	0.7709	0.7709	0.7709	2.533	2.533	0.15418502202643236	0.06607929515418752	-0.27533039647577096	-0.4625550660792971	-0.5066079295154117	f	t	f	t	f	\N	65.1	2026-10-04 21:15:59.156715+00	2026-10-04 21:32:11.162218+00	2026-10-04 22:04:38.928477+00	2026-10-04 23:04:21.719036+00	2026-10-05 01:03:16.003447+00	t	2026-10-04 21:16:00.070628+00	2026-10-05 01:03:16.38433+00
6940	ME_SHORT_GEOM_B_V1	121743575	HYPEUSDT	SHORT	2026-10-04 20:59:51.333766+00	2026-10-04 20:59:51.3673+00	0.29735682819382825	0.29735682819382825	0.3524229074889793	0.6387665198237867	0.6828193832599013	0.15418502202643236	0.15418502202643236	0.15418502202643236	0.5066079295154273	0.5066079295154273	0.3965	0.3965	0.4699	0.8517	0.9104	0.2056	0.2056	0.2056	0.6755	0.6755	0.15418502202643236	0.06607929515418752	-0.27533039647577096	-0.4625550660792971	-0.5066079295154117	f	f	f	f	f	\N	\N	2026-10-04 21:16:00.073419+00	2026-10-04 21:32:12.276713+00	2026-10-04 22:04:40.059581+00	2026-10-04 23:04:23.016386+00	2026-10-05 01:03:18.224782+00	t	2026-10-04 21:16:01.312164+00	2026-10-05 01:03:18.608871+00
7144	ME_SHORT_GEOM_A_V1	131836195	KLACUSDT	SHORT	2026-10-04 22:15:23.360697+00	2026-10-04 22:15:23.409773+00	0.2836538461538478	0.2836538461538478	0.2836538461538478	0.6009615384615385	0.6009615384615385	0.014423076923077469	0.014423076923077469	0.014423076923077469	0.9374999999999946	1.5528846153846105	1.4183	1.4183	1.4183	3.0048	3.0048	0.0721	0.0721	0.0721	4.6875	7.7644	-0.09134615384615274	-0.16826923076922803	-0.05288461538462194	0.6490384615384588	1.2403846153846214	f	t	f	t	f	\N	104.6	2026-10-04 22:31:49.237602+00	2026-10-04 22:48:07.44367+00	2026-10-04 23:20:35.832473+00	2026-10-05 00:19:46.004148+00	2026-10-05 02:19:47.953339+00	t	2026-10-04 22:31:50.351887+00	2026-10-05 02:19:48.142027+00
7145	ME_SHORT_GEOM_B_V1	131836195	KLACUSDT	SHORT	2026-10-04 22:15:23.360697+00	2026-10-04 22:15:23.409773+00	0.2836538461538478	0.2836538461538478	0.2836538461538478	0.6009615384615385	0.6009615384615385	0.014423076923077469	0.014423076923077469	0.014423076923077469	0.9374999999999946	1.5528846153846105	0.3782	0.3782	0.3782	0.8013	0.8013	0.0192	0.0192	0.0192	1.25	2.0705	-0.09134615384615274	-0.16826923076922803	-0.05288461538462194	0.6490384615384588	1.2403846153846214	f	t	f	t	f	\N	114.6	2026-10-04 22:31:50.71885+00	2026-10-04 22:48:08.734468+00	2026-10-04 23:20:37.308626+00	2026-10-05 00:19:47.471873+00	2026-10-05 02:19:50.275945+00	t	2026-10-04 22:31:51.100186+00	2026-10-05 02:19:50.826639+00
6304	ME_SHORT_GEOM_A_V1	135077417	NEARUSDT	SHORT	2026-10-04 11:38:31.063926+00	2026-10-04 11:38:31.094833+00	1.4783313082219423	1.4783313082219423	1.7618469015795817	1.8833535844471443	2.187120291616032	0.0	0.0	0.0	0.0	0.0	7.3917	7.3917	8.8092	9.4168	10.9356	0.0	0.0	0.0	0.0	0.0	-1.2758201701093506	-0.7290400972053379	-1.3973268529769127	-1.5998379910895046	-1.7213446739570668	f	f	f	f	f	\N	\N	2026-10-04 11:56:24.463097+00	2026-10-04 12:12:42.381293+00	2026-10-04 12:39:47.16997+00	2026-10-04 13:39:18.119282+00	2026-10-04 15:38:57.806537+00	t	2026-10-04 11:56:25.401377+00	2026-10-04 15:38:58.861598+00
6305	ME_SHORT_GEOM_B_V1	135077417	NEARUSDT	SHORT	2026-10-04 11:38:31.063926+00	2026-10-04 11:38:31.094833+00	1.4783313082219423	1.4783313082219423	1.7618469015795817	1.8833535844471443	2.187120291616032	0.0	0.0	0.0	0.0	0.0	1.9711	1.9711	2.3491	2.5111	2.9162	0.0	0.0	0.0	0.0	0.0	-1.2758201701093506	-0.7290400972053379	-1.4175779667881612	-1.5998379910895046	-1.7415957877683155	f	f	f	f	f	\N	\N	2026-10-04 11:56:25.590329+00	2026-10-04 12:12:43.302804+00	2026-10-04 12:39:48.415792+00	2026-10-04 13:39:19.045239+00	2026-10-04 15:38:59.417048+00	t	2026-10-04 11:56:26.52073+00	2026-10-04 15:39:00.15506+00
6656	ME_SHORT_GEOM_A_V1	139424269	STRKUSDT	SHORT	2026-10-04 16:09:07.160333+00	2026-10-04 16:09:07.191891+00	3.3448275862069035	4.034482758620692	4.655172413793105	6.362068965517251	6.758620689655172	0.0	0.0	0.0	0.0	0.0	16.7241	20.1724	23.2759	31.8103	33.7931	0.0	0.0	0.0	0.0	0.0	-2.8793103448275943	-3.706896551724148	-3.9655172413793163	-5.5344827586206975	-5.086206896551726	f	f	f	f	f	\N	\N	2026-10-04 16:28:11.145068+00	2026-10-04 16:44:29.122695+00	2026-10-04 17:11:44.923183+00	2026-10-04 18:11:49.903141+00	2026-10-04 20:11:22.130908+00	t	2026-10-04 16:28:11.524643+00	2026-10-04 20:11:22.866181+00
6657	ME_SHORT_GEOM_B_V1	139424269	STRKUSDT	SHORT	2026-10-04 16:09:07.160333+00	2026-10-04 16:09:07.191891+00	3.3448275862069035	4.034482758620692	4.655172413793105	6.362068965517251	6.758620689655172	0.0	0.0	0.0	0.0	0.0	4.4598	5.3793	6.2069	8.4828	9.0115	0.0	0.0	0.0	0.0	0.0	-2.8793103448275943	-3.706896551724148	-3.9655172413793163	-5.5344827586206975	-5.086206896551726	f	f	f	f	f	\N	\N	2026-10-04 16:28:12.08111+00	2026-10-04 16:44:30.057829+00	2026-10-04 17:11:46.032737+00	2026-10-04 18:11:51.012184+00	2026-10-04 20:11:23.050026+00	t	2026-10-04 16:28:12.453386+00	2026-10-04 20:11:23.789424+00
4091	ME_SHORT_GEOM_A_V1	141739715	BTCUSDT	SHORT	2026-10-02 13:41:33.522345+00	2026-10-02 13:41:33.557874+00	0.8110868816710628	0.9958682428554999	1.7180075748880914	2.171927005623774	3.0425800527946745	0.0	0.0	0.0	0.0	0.0	4.0554	4.9793	8.59	10.8596	15.2129	0.0	0.0	0.0	0.0	0.0	-0.6374383105704053	-0.9412372317227198	-1.2884196028922368	-2.04854814644783	-2.893377711465626	t	f	t	f	f	48.4	\N	2026-10-02 13:57:54.080878+00	2026-10-02 14:14:36.742602+00	2026-10-02 14:42:29.078955+00	2026-10-02 15:43:47.4749+00	2026-10-02 17:44:30.730383+00	t	2026-10-02 13:57:55.378804+00	2026-10-02 17:44:31.49171+00
4092	ME_SHORT_GEOM_B_V1	141739715	BTCUSDT	SHORT	2026-10-02 13:41:33.522345+00	2026-10-02 13:41:33.557874+00	0.8110868816710628	0.9958682428554999	1.7180075748880914	2.171927005623774	3.0425800527946745	0.0	0.0	0.0	0.0	0.0	1.0814	1.3278	2.2907	2.8959	4.0568	0.0	0.0	0.0	0.0	0.0	-0.6147136462756867	-0.9398599793412076	-1.2782049810627765	-2.0620911281992393	-2.897968552737289	t	f	t	f	f	48.4	\N	2026-10-02 13:57:55.749658+00	2026-10-02 14:14:38.437412+00	2026-10-02 14:42:31.268993+00	2026-10-02 15:43:49.529503+00	2026-10-02 17:44:32.064568+00	t	2026-10-02 13:57:57.04735+00	2026-10-02 17:44:33.121623+00
9500	ME_SHORT_GEOM_A_V1	148700366	PONSUSDT	SHORT	2026-10-06 18:16:32.900155+00	2026-10-06 18:16:32.931047+00	1.443445338381447	2.1060104117368588	3.5257927117841854	4.898248935163274	5.679129200189297	0.5679129200189337	0.5679129200189337	0.5679129200189337	0.5679129200189337	0.5679129200189337	7.2172	10.5301	17.629	24.4912	28.3956	2.8396	2.8396	2.8396	2.8396	2.8396	-1.3961192617131948	-1.1121628017037346	-3.4548035967818276	-3.1235210601041152	-5.182205395172734	f	t	f	t	f	\N	3.5	2026-10-06 18:31:52.742888+00	2026-10-06 18:47:40.695042+00	2026-10-06 19:19:09.84127+00	2026-10-06 20:17:11.352435+00	2026-10-06 22:18:47.453299+00	t	2026-10-06 18:31:53.810877+00	2026-10-06 22:18:47.96756+00
9501	ME_SHORT_GEOM_B_V1	148700366	PONSUSDT	SHORT	2026-10-06 18:16:32.900155+00	2026-10-06 18:16:32.931047+00	1.5144344533838054	2.1060104117368588	3.691433980123049	4.898248935163274	5.679129200189297	0.5679129200189337	0.5679129200189337	0.5679129200189337	0.5679129200189337	0.5679129200189337	2.0192	2.808	4.9219	6.531	7.5722	0.7572	0.7572	0.7572	0.7572	0.7572	-1.5144344533838054	-1.088499763369615	-3.5967818267865574	-3.1235210601041152	-5.182205395172734	f	f	f	f	f	\N	\N	2026-10-06 18:31:53.813575+00	2026-10-06 18:47:41.435299+00	2026-10-06 19:19:10.59191+00	2026-10-06 20:17:11.732932+00	2026-10-06 22:18:47.970426+00	t	2026-10-06 18:31:54.553844+00	2026-10-06 22:18:48.159328+00
12264	ME_SHORT_GEOM_A_V1	149301863	NMRUSDT	SHORT	2026-10-07 02:47:52.835699+00	2026-10-07 02:47:52.865161+00	13.504930636804286	13.504930636804286	13.504930636804286	13.504930636804286	13.504930636804286	0.0	0.0	0.0	0.284138392110972	0.284138392110972	67.5247	67.5247	67.5247	67.5247	67.5247	0.0	0.0	0.0	1.4207	1.4207	-9.3375675525099	-8.139729232826353	-6.529611677530784	-2.5572455289988474	-8.524151763329439	f	t	f	t	f	\N	117.1	2026-10-07 03:07:18.12646+00	2026-10-07 03:18:11.902785+00	2026-10-07 03:50:46.303641+00	2026-10-07 04:50:28.756015+00	2026-10-07 06:52:47.037147+00	t	2026-10-07 03:07:18.675743+00	2026-10-07 06:52:47.234502+00
12265	ME_SHORT_GEOM_B_V1	149301863	NMRUSDT	SHORT	2026-10-07 02:47:52.835699+00	2026-10-07 02:47:52.865161+00	13.504930636804286	13.504930636804286	13.504930636804286	13.504930636804286	13.504930636804286	0.0	0.0	0.0	0.284138392110972	0.284138392110972	18.0066	18.0066	18.0066	18.0066	18.0066	0.0	0.0	0.0	0.3789	0.3789	-9.3375675525099	-8.117443868739208	-6.529611677530784	-2.5572455289988474	-8.524151763329439	f	f	f	f	f	\N	\N	2026-10-07 03:07:18.678522+00	2026-10-07 03:18:12.79263+00	2026-10-07 03:50:46.685158+00	2026-10-07 04:50:28.946455+00	2026-10-07 06:52:47.238617+00	t	2026-10-07 03:07:19.550419+00	2026-10-07 06:52:47.437212+00
7674	ME_SHORT_GEOM_A_V1	149569174	VIRTUALUSDT	SHORT	2026-10-05 08:57:19.25087+00	2026-10-05 08:57:19.283203+00	1.310438319023943	1.4572977858111187	1.694532309082695	2.440126525079073	3.46814279258924	0.0	0.0	0.0	0.0	0.0	6.5522	7.2865	8.4727	12.2006	17.3407	0.0	0.0	0.0	0.0	0.0	-1.1409850881156798	-1.1974694984184302	-1.5589697243560816	-1.8752824220515079	-3.2986895616809764	f	f	f	f	f	\N	\N	2026-10-05 09:14:10.239609+00	2026-10-05 09:30:30.544976+00	2026-10-05 09:57:34.686585+00	2026-10-05 11:02:20.423301+00	2026-10-05 13:00:23.325312+00	t	2026-10-05 09:14:10.980942+00	2026-10-05 13:00:24.073408+00
7675	ME_SHORT_GEOM_B_V1	149569174	VIRTUALUSDT	SHORT	2026-10-05 08:57:19.25087+00	2026-10-05 08:57:19.283203+00	1.310438319023943	1.4572977858111187	1.694532309082695	2.440126525079073	3.46814279258924	0.0	0.0	0.0	0.0	0.0	1.7473	1.9431	2.2594	3.2535	4.6242	0.0	0.0	0.0	0.0	0.0	-1.1409850881156798	-1.1974694984184302	-1.5702666064166315	-1.8752824220515079	-3.2986895616809764	f	f	f	f	f	\N	\N	2026-10-05 09:14:11.164544+00	2026-10-05 09:30:31.472352+00	2026-10-05 09:57:35.610072+00	2026-10-05 11:02:22.165238+00	2026-10-05 13:00:24.442746+00	t	2026-10-05 09:14:12.229209+00	2026-10-05 13:00:25.019753+00
6959	ME_SHORT_GEOM_A_V1	152634840	HYPEUSDT	SHORT	2026-10-04 21:09:54.247648+00	2026-10-04 21:09:54.295133+00	0.2202643171806199	0.2202643171806199	0.3524229074889793	0.6387665198237867	0.9361233480176149	0.15418502202643236	0.15418502202643236	0.2202643171806199	0.5066079295154273	0.5066079295154273	1.1013	1.1013	1.7621	3.1938	4.6806	0.7709	0.7709	1.1013	2.533	2.533	0.08810572687224483	-0.11013215859030212	0.07709251101322401	-0.4625550660792971	-0.8700440528634273	f	t	f	t	f	\N	55.1	2026-10-04 21:26:46.277583+00	2026-10-04 21:42:59.717297+00	2026-10-04 22:10:05.00829+00	2026-10-04 23:15:09.676006+00	2026-10-05 01:14:13.967492+00	t	2026-10-04 21:26:47.205714+00	2026-10-05 01:14:15.528198+00
6960	ME_SHORT_GEOM_B_V1	152634840	HYPEUSDT	SHORT	2026-10-04 21:09:54.247648+00	2026-10-04 21:09:54.295133+00	0.2202643171806199	0.2202643171806199	0.3524229074889793	0.6387665198237867	0.9361233480176149	0.15418502202643236	0.15418502202643236	0.2202643171806199	0.5066079295154273	0.5066079295154273	0.2937	0.2937	0.4699	0.8517	1.2482	0.2056	0.2056	0.2937	0.6755	0.6755	0.08810572687224483	-0.11013215859030212	0.07709251101322401	-0.4625550660792971	-0.8700440528634273	f	f	f	f	f	\N	\N	2026-10-04 21:26:47.390333+00	2026-10-04 21:43:01.167243+00	2026-10-04 22:10:06.321095+00	2026-10-04 23:15:11.656143+00	2026-10-05 01:14:17.12747+00	t	2026-10-04 21:26:48.314669+00	2026-10-05 01:14:18.406758+00
4116	ME_SHORT_GEOM_A_V1	156175999	SOLUSDT	SHORT	2026-10-02 13:46:33.193608+00	2026-10-02 13:46:33.222836+00	1.264488935721814	1.4833427899813556	1.9534732917240907	3.0720596579395365	3.444921780011348	0.0	0.0	0.0	0.0	0.0	6.3224	7.4167	9.7674	15.3603	17.2246	0.0	0.0	0.0	0.0	0.0	-1.061846478074088	-1.086163572991816	-1.5076598848990836	-2.8775228985977233	-3.088271054551351	t	f	t	f	f	63.4	\N	2026-10-02 14:03:27.309692+00	2026-10-02 14:20:10.572399+00	2026-10-02 14:48:02.84417+00	2026-10-02 15:49:20.638516+00	2026-10-02 17:49:54.225071+00	t	2026-10-02 14:03:29.01153+00	2026-10-02 17:49:54.783471+00
4117	ME_SHORT_GEOM_B_V1	156175999	SOLUSDT	SHORT	2026-10-02 13:46:33.193608+00	2026-10-02 13:46:33.222836+00	1.264488935721814	1.4833427899813556	1.9534732917240907	3.0720596579395365	3.444921780011348	0.0	0.0	0.0	0.0	0.0	1.686	1.9778	2.6046	4.0961	4.5932	0.0	0.0	0.0	0.0	0.0	-1.0537407797681861	-1.086163572991816	-1.5076598848990836	-2.86941720029181	-3.088271054551351	t	f	t	f	f	63.4	\N	2026-10-02 14:03:29.015604+00	2026-10-02 14:20:12.232351+00	2026-10-02 14:48:04.704607+00	2026-10-02 15:49:22.667067+00	2026-10-02 17:49:55.527685+00	t	2026-10-02 14:03:30.683694+00	2026-10-02 17:49:56.663155+00
6437	ME_SHORT_GEOM_A_V1	160068300	SOLUSDT	SHORT	2026-10-04 13:43:45.456571+00	2026-10-04 13:43:45.515226+00	0.35248790884498127	0.3770800885318418	0.6885810312320594	0.6885810312320594	0.6885810312320594	0.0	0.0	0.0	0.11476350520534517	0.11476350520534517	1.7624	1.8854	3.4429	3.4429	3.4429	0.0	0.0	0.0	0.5738	0.5738	-0.2377244036396361	-0.3115009427002176	-0.48364620050822954	-0.2541191900975392	-0.30330354947126026	f	f	f	f	f	\N	\N	2026-10-04 14:00:57.237417+00	2026-10-04 14:17:16.079574+00	2026-10-04 14:44:31.154211+00	2026-10-04 15:44:28.283231+00	2026-10-04 17:44:35.132151+00	t	2026-10-04 14:00:57.437886+00	2026-10-04 17:44:35.507347+00
6438	ME_SHORT_GEOM_B_V1	160068300	SOLUSDT	SHORT	2026-10-04 13:43:45.456571+00	2026-10-04 13:43:45.515226+00	0.35248790884498127	0.3770800885318418	0.6885810312320594	0.6885810312320594	0.6885810312320594	0.0	0.0	0.0	0.11476350520534517	0.11476350520534517	0.47	0.5028	0.9181	0.9181	0.9181	0.0	0.0	0.0	0.153	0.153	-0.2377244036396361	-0.3115009427002176	-0.4918435937371869	-0.2541191900975392	-0.30330354947126026	f	f	f	f	f	\N	\N	2026-10-04 14:00:59.615244+00	2026-10-04 14:17:17.378899+00	2026-10-04 14:44:32.272483+00	2026-10-04 15:44:29.396558+00	2026-10-04 17:44:36.251338+00	t	2026-10-04 14:00:59.807104+00	2026-10-04 17:44:36.444746+00
517	ME_SHORT_GEOM_A_V1	161470103	CRVUSDT	SHORT	2026-09-29 14:37:07.039899+00	2026-09-29 14:37:07.070259+00	0.5677610466551529	0.5677610466551529	1.4317452480868988	2.666008392989393	7.109355714638359	1.3823747222907907	1.8020241915576334	2.567267341397177	2.567267341397177	2.567267341397177	2.8388	2.8388	7.1587	13.33	35.5468	6.9119	9.0101	12.8363	12.8363	12.8363	0.09874105159220227	1.5551715625771345	-0.6418168353492942	-1.5058010367810402	-4.739570476425572	t	t	f	t	f	187.9	7.9	2026-09-29 14:55:46.09371+00	2026-09-29 15:12:01.78163+00	2026-09-29 15:39:04.745118+00	2026-09-29 16:38:11.084403+00	2026-09-29 18:39:25.889686+00	t	2026-09-29 14:55:46.280061+00	2026-09-29 18:39:26.433707+00
518	ME_SHORT_GEOM_B_V1	161470103	CRVUSDT	SHORT	2026-09-29 14:37:07.039899+00	2026-09-29 14:37:07.070259+00	0.5677610466551529	0.5677610466551529	1.4317452480868988	2.666008392989393	7.109355714638359	1.3823747222907907	1.8020241915576334	2.567267341397177	2.567267341397177	2.567267341397177	0.757	0.757	1.909	3.5547	9.4791	1.8432	2.4027	3.423	3.423	3.423	0.09874105159220227	1.5551715625771345	-0.6418168353492942	-1.5058010367810402	-4.739570476425572	t	t	f	t	f	187.9	7.9	2026-09-29 14:55:46.461535+00	2026-09-29 15:12:02.157268+00	2026-09-29 15:39:05.113319+00	2026-09-29 16:38:11.639314+00	2026-09-29 18:39:26.436135+00	t	2026-09-29 14:55:46.650342+00	2026-09-29 18:39:26.988744+00
7294	ME_SHORT_GEOM_A_V1	165007959	XAUUSDT	SHORT	2026-10-05 00:45:44.513074+00	2026-10-05 00:45:44.561805+00	0.09560665787470897	0.09560665787470897	0.13452193067797524	0.13452193067797524	0.7845511171325873	0.02570329746881875	0.08599794854055541	0.08599794854055541	0.1179469070765707	0.1179469070765707	0.478	0.478	0.6726	0.6726	3.9228	0.1285	0.43	0.43	0.5897	0.5897	0.010569580267544898	0.008888056134077307	-0.0345913536029179	-0.10569580267555821	-0.5551431817799793	t	f	t	f	f	124.3	\N	2026-10-05 01:03:16.003447+00	2026-10-05 01:19:43.957539+00	2026-10-05 01:47:04.597493+00	2026-10-05 02:46:37.726765+00	2026-10-05 04:49:55.611209+00	t	2026-10-05 01:03:17.851062+00	2026-10-05 04:49:56.526453+00
7295	ME_SHORT_GEOM_B_V1	165007959	XAUUSDT	SHORT	2026-10-05 00:45:44.513074+00	2026-10-05 00:45:44.561805+00	0.09560665787470897	0.09560665787470897	0.13452193067797524	0.13452193067797524	0.7845511171325873	0.02570329746881875	0.08599794854055541	0.08599794854055541	0.1179469070765707	0.1179469070765707	0.1275	0.1275	0.1794	0.1794	1.0461	0.0343	0.1147	0.1147	0.1573	0.1573	0.010569580267544898	0.008888056134077307	-0.04155766787016887	-0.10569580267555821	-0.5551431817799793	t	f	t	f	f	124.3	\N	2026-10-05 01:03:18.224782+00	2026-10-05 01:19:46.155283+00	2026-10-05 01:47:06.803094+00	2026-10-05 02:46:39.861145+00	2026-10-05 04:49:56.893078+00	t	2026-10-05 01:03:20.056514+00	2026-10-05 04:49:57.809651+00
6935	ME_SHORT_GEOM_A_V1	170354747	KLACUSDT	SHORT	2026-10-04 20:55:08.145547+00	2026-10-04 20:55:08.194546+00	0.033760972315999414	0.033760972315999414	0.11092890903828966	0.11092890903828966	0.284556766663453	0.04822996045142969	0.06269894858685997	0.07234494067715139	0.33278672711488266	1.2588019677823792	0.1688	0.1688	0.5546	0.5546	1.4228	0.2411	0.3135	0.3617	1.6639	6.294	-0.028937976270860557	0.0	-0.028937976270860557	0.13504388926401134	1.1671650429246587	f	t	f	t	f	\N	69.9	2026-10-04 21:10:34.462638+00	2026-10-04 21:26:46.277583+00	2026-10-04 21:59:15.157854+00	2026-10-04 22:58:56.63869+00	2026-10-05 00:57:49.456934+00	t	2026-10-04 21:10:35.879364+00	2026-10-05 00:57:49.659897+00
6936	ME_SHORT_GEOM_B_V1	170354747	KLACUSDT	SHORT	2026-10-04 20:55:08.145547+00	2026-10-04 20:55:08.194546+00	0.033760972315999414	0.033760972315999414	0.11092890903828966	0.11092890903828966	0.284556766663453	0.04822996045142969	0.06269894858685997	0.07234494067715139	0.33278672711488266	1.2588019677823792	0.045	0.045	0.1479	0.1479	0.3794	0.0643	0.0836	0.0965	0.4437	1.6784	-0.028937976270860557	0.0	-0.028937976270860557	0.13504388926401134	1.1671650429246587	f	t	f	t	f	\N	184.9	2026-10-04 21:10:35.882432+00	2026-10-04 21:26:47.390333+00	2026-10-04 21:59:16.267722+00	2026-10-04 22:58:58.24624+00	2026-10-05 00:57:51.651322+00	t	2026-10-04 21:10:37.304027+00	2026-10-05 00:57:51.844181+00
6636	ME_SHORT_GEOM_A_V1	170496319	SOLUSDT	SHORT	2026-10-04 15:44:00.213049+00	2026-10-04 15:44:00.249477+00	0.4914407404373892	0.5815382095175755	0.5815382095175755	0.5815382095175755	0.737161110656078	0.0	0.0	0.0	0.0	0.0	2.4572	2.9077	2.9077	2.9077	3.6858	0.0	0.0	0.0	0.0	0.0	-0.4341059873863552	-0.42591530837907304	-0.34400851830616896	-0.38496191334261515	-0.6388729625685979	f	f	f	f	f	\N	\N	2026-10-04 16:00:50.311672+00	2026-10-04 16:17:14.819955+00	2026-10-04 16:44:29.122695+00	2026-10-04 17:44:35.132151+00	2026-10-04 19:44:09.217661+00	t	2026-10-04 16:00:51.515785+00	2026-10-04 19:44:09.783828+00
6637	ME_SHORT_GEOM_B_V1	170496319	SOLUSDT	SHORT	2026-10-04 15:44:00.213049+00	2026-10-04 15:44:00.249477+00	0.4914407404373892	0.5815382095175755	0.5815382095175755	0.5815382095175755	0.737161110656078	0.0	0.0	0.0	0.0	0.0	0.6553	0.7754	0.7754	0.7754	0.9829	0.0	0.0	0.0	0.0	0.0	-0.4341059873863552	-0.42591530837907304	-0.34400851830616896	-0.38496191334261515	-0.6470636415758918	f	f	f	f	f	\N	\N	2026-10-04 16:00:52.071915+00	2026-10-04 16:17:16.069392+00	2026-10-04 16:44:30.057829+00	2026-10-04 17:44:36.251338+00	2026-10-04 19:44:10.33217+00	t	2026-10-04 16:00:52.264322+00	2026-10-04 19:44:10.521176+00
393	ME_SHORT_GEOM_A_V1	180528137	CRVUSDT	SHORT	2026-09-29 12:31:53.861343+00	2026-09-29 12:31:53.885421+00	2.289696366351415	2.289696366351415	2.289696366351415	2.289696366351415	2.289696366351415	0.0	0.0	0.3733200597312099	0.8213041314086672	3.409656545545045	11.4485	11.4485	11.4485	11.4485	11.4485	0.0	0.0	1.8666	4.1065	17.0483	-2.115480338476856	-1.5181682429069174	-0.49776007964161323	-0.1742160278745591	-0.7715281234444976	f	t	f	t	f	\N	48.1	2026-09-29 12:50:25.455284+00	2026-09-29 13:06:27.816771+00	2026-09-29 13:35:03.884664+00	2026-09-29 14:34:19.130464+00	2026-09-29 16:32:49.983861+00	t	2026-09-29 12:50:25.636826+00	2026-09-29 16:32:50.172764+00
394	ME_SHORT_GEOM_B_V1	180528137	CRVUSDT	SHORT	2026-09-29 12:31:53.861343+00	2026-09-29 12:31:53.885421+00	2.289696366351415	2.289696366351415	2.289696366351415	2.289696366351415	2.289696366351415	0.0	0.0	0.3733200597312099	0.8213041314086672	3.409656545545045	3.0529	3.0529	3.0529	3.0529	3.0529	0.0	0.0	0.4978	1.0951	4.5462	-2.115480338476856	-1.5181682429069174	-0.49776007964161323	-0.1742160278745591	-0.7715281234444976	f	t	f	t	f	\N	113.1	2026-09-29 12:50:25.639305+00	2026-09-29 13:06:28.004879+00	2026-09-29 13:35:04.07036+00	2026-09-29 14:34:19.320733+00	2026-09-29 16:32:50.538383+00	t	2026-09-29 12:50:25.823453+00	2026-09-29 16:32:50.725673+00
2910	ME_SHORT_GEOM_A_V1	191305117	MOVRUSDT	SHORT	2026-10-01 18:44:18.806932+00	2026-10-01 18:44:18.833747+00	2.2187004754358113	2.2187004754358113	7.92393026941363	12.329635499207601	12.329635499207601	1.0776545166402616	1.0776545166402616	1.2044374009508798	1.2044374009508798	1.2044374009508798	11.0935	11.0935	39.6197	61.6482	61.6482	5.3883	5.3883	6.0222	6.0222	6.0222	-0.4120443740095056	0.729001584786058	-4.912836767036445	-7.4484944532488075	-9.35023771790808	f	t	f	t	f	\N	0.7	2026-10-01 19:01:30.711932+00	2026-10-01 19:17:47.169119+00	2026-10-01 19:44:59.327576+00	2026-10-01 20:45:00.535199+00	2026-10-01 22:44:41.527385+00	t	2026-10-01 19:01:31.09497+00	2026-10-01 22:44:41.896345+00
2911	ME_SHORT_GEOM_B_V1	191305117	MOVRUSDT	SHORT	2026-10-01 18:44:18.806932+00	2026-10-01 18:44:18.833747+00	2.2187004754358113	2.2187004754358113	7.92393026941363	12.329635499207601	12.329635499207601	1.0776545166402616	1.0776545166402616	1.2044374009508798	1.2044374009508798	1.2044374009508798	2.9583	2.9583	10.5652	16.4395	16.4395	1.4369	1.4369	1.6059	1.6059	1.6059	-0.4120443740095056	0.729001584786058	-4.912836767036445	-7.4484944532488075	-9.35023771790808	f	t	f	t	f	\N	0.7	2026-10-01 19:01:31.278033+00	2026-10-01 19:17:48.032472+00	2026-10-01 19:44:59.87899+00	2026-10-01 20:45:01.403269+00	2026-10-01 22:44:42.078705+00	t	2026-10-01 19:01:31.962701+00	2026-10-01 22:44:42.455683+00
4192	ME_SHORT_GEOM_A_V1	191348185	SANDUSDT	SHORT	2026-10-02 15:06:55.191138+00	2026-10-02 15:06:55.218237+00	4.810049019607849	4.978553921568631	7.322303921568637	7.322303921568637	9.803921568627455	0.0	0.0	0.0	0.030637254901948907	0.33700980392156554	24.0502	24.8928	36.6115	36.6115	49.0196	0.0	0.0	0.0	0.1532	1.685	-4.166666666666666	-3.814338235294127	-4.580269607843147	-1.8229166666666827	-6.31127450980393	f	t	f	t	f	\N	123.1	2026-10-02 15:27:05.136549+00	2026-10-02 15:38:12.930496+00	2026-10-02 16:11:44.752817+00	2026-10-02 17:12:09.464634+00	2026-10-02 19:09:43.125842+00	t	2026-10-02 15:27:05.332711+00	2026-10-02 19:09:43.313224+00
4193	ME_SHORT_GEOM_B_V1	191348185	SANDUSDT	SHORT	2026-10-02 15:06:55.191138+00	2026-10-02 15:06:55.218237+00	4.810049019607849	4.978553921568631	7.322303921568637	7.322303921568637	9.803921568627455	0.0	0.0	0.0	0.030637254901948907	0.33700980392156554	6.4134	6.6381	9.7631	9.7631	13.0719	0.0	0.0	0.0	0.0408	0.4493	-4.166666666666666	-3.89093137254902	-4.580269607843147	-1.8229166666666827	-6.31127450980393	f	f	f	f	f	\N	\N	2026-10-02 15:27:07.179356+00	2026-10-02 15:38:15.320317+00	2026-10-02 16:11:46.631447+00	2026-10-02 17:12:11.314295+00	2026-10-02 19:09:43.684925+00	t	2026-10-02 15:27:07.932765+00	2026-10-02 19:09:43.874083+00
14797	ME_SHORT_GEOM_A_V1	193583234	SANDUSDT	SHORT	2026-10-07 07:48:57.132305+00	2026-10-07 07:48:57.180828+00	2.1527213647441026	2.3964256701868316	3.696181965881393	4.819929596533975	5.889520714865953	0.0	0.0	0.0	0.0	0.0	10.7636	11.9821	18.4809	24.0996	29.4476	0.0	0.0	0.0	0.0	0.0	-1.6517736257784985	-1.7465475223395608	-2.1527213647441026	-3.33062550771729	-5.104251286217162	f	f	f	f	f	\N	\N	2026-10-07 08:06:53.239382+00	2026-10-07 08:22:52.212643+00	2026-10-07 08:53:55.036701+00	2026-10-07 09:52:24.890256+00	2026-10-07 11:51:06.923499+00	t	2026-10-07 08:06:53.634006+00	2026-10-07 11:51:07.121348+00
14798	ME_SHORT_GEOM_B_V1	193583234	SANDUSDT	SHORT	2026-10-07 07:48:57.132305+00	2026-10-07 07:48:57.180828+00	2.1527213647441026	2.3964256701868316	3.696181965881393	4.819929596533975	5.889520714865953	0.0	0.0	0.0	0.0	0.0	2.8703	3.1952	4.9282	6.4266	7.8527	0.0	0.0	0.0	0.0	0.0	-1.6517736257784985	-1.7465475223395608	-2.1527213647441026	-3.33062550771729	-5.104251286217162	f	f	f	f	f	\N	\N	2026-10-07 08:06:53.636985+00	2026-10-07 08:22:52.416367+00	2026-10-07 08:53:55.235585+00	2026-10-07 09:52:25.085245+00	2026-10-07 11:51:07.126229+00	t	2026-10-07 08:06:54.012065+00	2026-10-07 11:51:07.323968+00
14937	ME_SHORT_GEOM_A_V1	196141048	SANDUSDT	SHORT	2026-10-07 08:03:59.550453+00	2026-10-07 08:03:59.603388+00	1.8515997277059226	1.8515997277059226	3.158611300204224	4.288631722260041	5.364193328795097	0.17699115044248484	0.17699115044248484	0.17699115044248484	0.17699115044248484	0.17699115044248484	9.258	9.258	15.7931	21.4432	26.821	0.885	0.885	0.885	0.885	0.885	-1.1980939414567813	-1.184479237576577	-2.7229407760381235	-1.2525527569775414	-4.138869979577946	f	f	f	f	f	\N	\N	2026-10-07 08:22:52.212643+00	2026-10-07 08:38:00.994538+00	2026-10-07 09:04:32.203838+00	2026-10-07 10:08:26.284344+00	2026-10-07 12:07:17.002867+00	t	2026-10-07 08:22:52.41246+00	2026-10-07 12:07:17.201179+00
14938	ME_SHORT_GEOM_B_V1	196141048	SANDUSDT	SHORT	2026-10-07 08:03:59.550453+00	2026-10-07 08:03:59.603388+00	1.8515997277059226	1.8515997277059226	3.158611300204224	4.288631722260041	5.364193328795097	0.17699115044248484	0.17699115044248484	0.17699115044248484	0.17699115044248484	0.17699115044248484	2.4688	2.4688	4.2115	5.7182	7.1523	0.236	0.236	0.236	0.236	0.236	-1.1980939414567813	-1.184479237576577	-2.7229407760381235	-1.2525527569775414	-4.138869979577946	f	f	f	f	f	\N	\N	2026-10-07 08:22:52.416367+00	2026-10-07 08:38:01.19744+00	2026-10-07 09:04:32.403765+00	2026-10-07 10:08:26.483509+00	2026-10-07 12:07:17.206378+00	t	2026-10-07 08:22:52.618467+00	2026-10-07 12:07:17.404472+00
3964	ME_SHORT_GEOM_A_V1	201544343	MSTRUSDT	SHORT	2026-10-02 12:38:49.376455+00	2026-10-02 12:38:49.45882+00	2.3353933919657752	2.3353933919657752	2.3353933919657752	4.213216068457335	5.425481340622769	0.0	0.0	1.1528405039220333	1.1528405039220333	1.1528405039220333	11.677	11.677	11.677	21.0661	27.1274	0.0	0.0	5.7642	5.7642	5.7642	-0.9626812455431452	-1.0577608747325893	0.7190396957451913	-3.244592346089855	-5.18778226764915	t	t	f	t	f	111.2	51.2	2026-10-02 12:56:58.282524+00	2026-10-02 13:13:30.409284+00	2026-10-02 13:41:12.134557+00	2026-10-02 14:42:29.078955+00	2026-10-02 16:39:27.749309+00	t	2026-10-02 12:56:59.212787+00	2026-10-02 16:39:28.317097+00
3965	ME_SHORT_GEOM_B_V1	201544343	MSTRUSDT	SHORT	2026-10-02 12:38:49.376455+00	2026-10-02 12:38:49.45882+00	2.3353933919657752	2.3353933919657752	2.3353933919657752	4.213216068457335	5.425481340622769	0.0	0.0	1.1528405039220333	1.1528405039220333	1.1528405039220333	3.1139	3.1139	3.1139	5.6176	7.234	0.0	0.0	1.5371	1.5371	1.5371	-0.9626812455431452	-1.0577608747325893	0.7190396957451913	-3.244592346089855	-5.1818397908248155	t	t	f	t	f	111.2	51.2	2026-10-02 12:56:59.398489+00	2026-10-02 13:13:31.709536+00	2026-10-02 13:41:14.278068+00	2026-10-02 14:42:31.268993+00	2026-10-02 16:39:29.426882+00	t	2026-10-02 12:57:00.148187+00	2026-10-02 16:39:29.992038+00
865	ME_SHORT_GEOM_A_V1	203084799	ICPUSDT	SHORT	2026-09-30 01:27:10.308554+00	2026-09-30 01:27:10.334193+00	1.4281633818908834	1.4281633818908834	4.3130534133104765	4.655812624964291	4.655812624964291	0.0	0.11425307055127118	0.11425307055127118	0.11425307055127118	0.11425307055127118	7.1408	7.1408	21.5653	23.2791	23.2791	0.0	0.5713	0.5713	0.5713	0.5713	-0.1713796058269004	-0.5998286203941705	-3.9988574692944785	-4.341616680948292	-1.0282776349614406	f	f	f	f	f	\N	\N	2026-09-30 01:45:21.18337+00	2026-09-30 02:01:21.332048+00	2026-09-30 02:28:05.014473+00	2026-09-30 03:32:08.117759+00	2026-09-30 05:28:51.900114+00	t	2026-09-30 01:45:21.730234+00	2026-09-30 05:28:52.269034+00
866	ME_SHORT_GEOM_B_V1	203084799	ICPUSDT	SHORT	2026-09-30 01:27:10.308554+00	2026-09-30 01:27:10.334193+00	1.4281633818908834	1.4281633818908834	4.3130534133104765	4.655812624964291	4.655812624964291	0.0	0.11425307055127118	0.11425307055127118	0.11425307055127118	0.11425307055127118	1.9042	1.9042	5.7507	6.2078	6.2078	0.0	0.1523	0.1523	0.1523	0.1523	-0.1713796058269004	-0.5998286203941705	-3.9988574692944785	-4.341616680948292	-1.0282776349614406	f	f	f	f	f	\N	\N	2026-09-30 01:45:21.913927+00	2026-09-30 02:01:22.063217+00	2026-09-30 02:28:05.758986+00	2026-09-30 03:32:08.862544+00	2026-09-30 05:28:52.273656+00	t	2026-09-30 01:45:22.459112+00	2026-09-30 05:28:52.638318+00
6644	ME_SHORT_GEOM_A_V1	206350356	BTCUSDT	SHORT	2026-10-04 15:54:01.798358+00	2026-10-04 15:54:01.844436+00	0.27177000760253167	0.27177000760253167	0.27177000760253167	0.27177000760253167	0.27177000760253167	0.0	0.0	0.03947693644915744	0.06759107516666071	0.22046170444308477	1.3589	1.3589	1.3589	1.3589	1.3589	0.0	0.0	0.1974	0.338	1.1023	-0.16786483659242923	-0.19363613041680722	-0.05892254906210403	-0.07848530391969664	0.027411285249558874	f	t	f	t	f	\N	216.0	2026-10-04 16:11:45.428773+00	2026-10-04 16:28:11.145068+00	2026-10-04 16:55:21.699271+00	2026-10-04 17:55:30.853637+00	2026-10-04 19:54:57.909859+00	t	2026-10-04 16:11:46.163774+00	2026-10-04 19:54:58.468493+00
6645	ME_SHORT_GEOM_B_V1	206350356	BTCUSDT	SHORT	2026-10-04 15:54:01.798358+00	2026-10-04 15:54:01.844436+00	0.27177000760253167	0.27177000760253167	0.27177000760253167	0.27177000760253167	0.27177000760253167	0.0	0.0	0.03947693644915744	0.06759107516666071	0.22046170444308477	0.3624	0.3624	0.3624	0.3624	0.3624	0.0	0.0	0.0526	0.0901	0.2939	-0.16786483659242923	-0.19363613041680722	-0.05892254906210403	-0.07848530391969664	0.027411285249558874	f	f	f	f	f	\N	\N	2026-10-04 16:11:46.348865+00	2026-10-04 16:28:12.08111+00	2026-10-04 16:55:22.628807+00	2026-10-04 17:55:32.050267+00	2026-10-04 19:54:59.15034+00	t	2026-10-04 16:11:47.08903+00	2026-10-04 19:54:59.711618+00
472	ME_SHORT_GEOM_A_V1	212602459	CRVUSDT	SHORT	2026-09-29 13:47:00.051328+00	2026-09-29 13:47:00.076902+00	1.6125031009675033	1.6125031009675033	1.6125031009675033	1.6125031009675033	6.077896303646743	0.0	0.0	1.8853882411312317	3.0761597618456875	3.0761597618456875	8.0625	8.0625	8.0625	8.0625	30.3895	0.0	0.0	9.4269	15.3808	15.3808	-1.041925080625164	-1.1659637806995875	0.9923096005953866	-0.0744232200446595	-5.805011163483014	t	t	f	t	f	238.0	38.0	2026-09-29 14:02:12.936185+00	2026-09-29 14:18:13.601002+00	2026-09-29 14:50:24.909983+00	2026-09-29 15:49:53.188824+00	2026-09-29 17:52:12.140335+00	t	2026-09-29 14:02:13.436328+00	2026-09-29 17:52:12.697876+00
473	ME_SHORT_GEOM_B_V1	212602459	CRVUSDT	SHORT	2026-09-29 13:47:00.051328+00	2026-09-29 13:47:00.076902+00	1.6125031009675033	1.6125031009675033	1.6125031009675033	1.6125031009675033	6.077896303646743	0.0	0.0	1.8853882411312317	3.0761597618456875	3.0761597618456875	2.15	2.15	2.15	2.15	8.1039	0.0	0.0	2.5139	4.1015	4.1015	-1.041925080625164	-1.1659637806995875	0.9923096005953866	-0.0744232200446595	-5.805011163483014	t	t	f	t	f	238.0	58.0	2026-09-29 14:02:13.439148+00	2026-09-29 14:18:13.787856+00	2026-09-29 14:50:25.126209+00	2026-09-29 15:49:53.572881+00	2026-09-29 17:52:12.7001+00	t	2026-09-29 14:02:13.630484+00	2026-09-29 17:52:13.558961+00
8624	ME_SHORT_GEOM_A_V1	213645036	RLCUSDT	SHORT	2026-10-06 01:39:36.696663+00	2026-10-06 01:39:36.734601+00	7.454361054766729	8.722109533468556	12.740872210953338	14.896044624746443	14.896044624746443	0.0	0.0	0.0	0.0	20.157200811359033	37.2718	43.6105	63.7044	74.4802	74.4802	0.0	0.0	0.0	0.0	100.786	-6.655679513184584	-5.996450304259622	-9.013691683569974	-9.178498985801205	11.58722109533469	f	t	f	t	f	\N	215.4	2026-10-06 01:56:02.067301+00	2026-10-06 02:12:18.554561+00	2026-10-06 02:44:52.397073+00	2026-10-06 03:44:45.686999+00	2026-10-06 05:43:10.378431+00	t	2026-10-06 01:56:02.440378+00	2026-10-06 05:43:10.56551+00
8625	ME_SHORT_GEOM_B_V1	213645036	RLCUSDT	SHORT	2026-10-06 01:39:36.696663+00	2026-10-06 01:39:36.734601+00	7.454361054766729	8.722109533468556	12.740872210953338	14.896044624746443	14.896044624746443	0.0	0.0	0.0	0.0	20.157200811359033	9.9391	11.6295	16.9878	19.8614	19.8614	0.0	0.0	0.0	0.0	26.8763	-6.655679513184584	-5.996450304259622	-9.013691683569974	-9.178498985801205	11.58722109533469	f	t	f	t	f	\N	215.4	2026-10-06 01:56:02.625181+00	2026-10-06 02:12:19.111096+00	2026-10-06 02:44:52.96053+00	2026-10-06 03:44:46.062959+00	2026-10-06 05:43:10.569362+00	t	2026-10-06 01:56:03.172406+00	2026-10-06 05:43:10.761532+00
8564	ME_SHORT_GEOM_A_V1	219405869	RLCUSDT	SHORT	2026-10-06 00:49:31.41928+00	2026-10-06 00:49:31.466979+00	5.073341407616735	5.073341407616735	5.073341407616735	7.374512178710802	9.662225810792622	0.0	3.41811330911048	6.149912528596416	6.149912528596416	6.149912528596416	25.3667	25.3667	25.3667	36.8726	48.3111	0.0	17.0906	30.7496	30.7496	30.7496	-4.683084376261599	1.8167137666532187	1.5206567083837945	-5.315569909837166	-1.5475709864082836	f	t	f	t	f	\N	20.5	2026-10-06 01:07:09.908037+00	2026-10-06 01:23:24.829944+00	2026-10-06 01:50:33.941237+00	2026-10-06 02:50:19.452979+00	2026-10-06 04:49:40.474043+00	t	2026-10-06 01:07:10.097667+00	2026-10-06 04:49:40.663276+00
8565	ME_SHORT_GEOM_B_V1	219405869	RLCUSDT	SHORT	2026-10-06 00:49:31.41928+00	2026-10-06 00:49:31.466979+00	5.073341407616735	5.073341407616735	5.073341407616735	7.374512178710802	9.662225810792622	0.0	3.41811330911048	6.149912528596416	6.149912528596416	6.149912528596416	6.7645	6.7645	6.7645	9.8327	12.883	0.0	4.5575	8.1999	8.1999	8.1999	-4.683084376261599	1.8167137666532187	1.5206567083837945	-5.315569909837166	-1.5475709864082836	f	t	f	t	f	\N	20.5	2026-10-06 01:07:10.458607+00	2026-10-06 01:23:25.388603+00	2026-10-06 01:50:34.817847+00	2026-10-06 02:50:20.038896+00	2026-10-06 04:49:40.666667+00	t	2026-10-06 01:07:10.647008+00	2026-10-06 04:49:40.853881+00
7393	ME_SHORT_GEOM_A_V1	224210446	HBARUSDT	SHORT	2026-10-05 02:31:12.58619+00	2026-10-05 02:31:12.628311+00	0.5550770408651519	0.5550770408651519	1.0240214374581316	1.885347880179921	1.9427696430280448	0.210546463776436	0.29667910804862163	0.29667910804862163	0.29667910804862163	0.29667910804862163	2.7754	2.7754	5.1201	9.4267	9.7138	1.0527	1.4834	1.4834	1.4834	1.4834	0.18183558235237415	0.1148435256962342	-0.210546463776436	-1.5216767154751596	-1.2632787826586291	t	t	f	t	f	118.8	13.8	2026-10-05 02:46:37.726765+00	2026-10-05 03:02:41.370338+00	2026-10-05 03:34:44.537958+00	2026-10-05 04:33:44.731355+00	2026-10-05 06:32:13.054201+00	t	2026-10-05 02:46:38.954485+00	2026-10-05 06:32:13.246893+00
7394	ME_SHORT_GEOM_B_V1	224210446	HBARUSDT	SHORT	2026-10-05 02:31:12.58619+00	2026-10-05 02:31:12.628311+00	0.5550770408651519	0.5550770408651519	1.0240214374581316	1.885347880179921	1.9427696430280448	0.210546463776436	0.29667910804862163	0.29667910804862163	0.29667910804862163	0.29667910804862163	0.7401	0.7401	1.3654	2.5138	2.5904	0.2807	0.3956	0.3956	0.3956	0.3956	0.18183558235237415	0.13398411331227986	-0.210546463776436	-1.5216767154751596	-1.2632787826586291	t	f	t	f	f	118.8	\N	2026-10-05 02:46:39.861145+00	2026-10-05 03:02:43.020542+00	2026-10-05 03:34:46.012376+00	2026-10-05 04:33:46.204332+00	2026-10-05 06:32:13.977758+00	t	2026-10-05 02:46:41.14494+00	2026-10-05 06:32:14.358559+00
4267	ME_SHORT_GEOM_A_V1	225522220	SPCXUSDT	SHORT	2026-10-02 17:17:10.111629+00	2026-10-02 17:17:10.136893+00	0.5503890681343737	0.5503890681343737	0.5503890681343737	0.5503890681343737	0.5503890681343737	0.0	0.0	0.48712595685456456	0.9489466691971913	1.2019991143164457	2.7519	2.7519	2.7519	2.7519	2.7519	0.0	0.0	2.4356	4.7447	6.01	-0.208768267223372	-0.018978933383944543	0.4491680900866755	0.8034415132536283	0.4934522679825401	f	t	f	t	f	\N	32.8	2026-10-02 17:33:43.7967+00	2026-10-02 17:49:54.225071+00	2026-10-02 18:21:57.835363+00	2026-10-02 19:20:19.821194+00	2026-10-02 21:22:01.18565+00	t	2026-10-02 17:33:45.101658+00	2026-10-02 21:22:01.374763+00
4268	ME_SHORT_GEOM_B_V1	225522220	SPCXUSDT	SHORT	2026-10-02 17:17:10.111629+00	2026-10-02 17:17:10.136893+00	0.5503890681343737	0.5503890681343737	0.5503890681343737	0.5503890681343737	0.5503890681343737	0.0	0.0	0.48712595685456456	0.9489466691971913	1.2019991143164457	0.7339	0.7339	0.7339	0.7339	0.7339	0.0	0.0	0.6495	1.2653	1.6027	-0.208768267223372	-0.018978933383944543	0.4491680900866755	0.8034415132536283	0.4934522679825401	f	t	f	t	f	\N	92.8	2026-10-02 17:33:45.104193+00	2026-10-02 17:49:55.527685+00	2026-10-02 18:21:58.42625+00	2026-10-02 19:20:20.39986+00	2026-10-02 21:22:01.565105+00	t	2026-10-02 17:33:46.389648+00	2026-10-02 21:22:01.94121+00
7772	ME_SHORT_GEOM_A_V1	229519079	ADAUSDT	SHORT	2026-10-05 11:02:23.630295+00	2026-10-05 11:02:23.664143+00	1.2704174228675147	1.2704174228675147	1.4882032667876761	1.7785843920145243	2.8675136116152515	0.0	0.0	0.0	0.0	0.4718693284936362	6.3521	6.3521	7.441	8.8929	14.3376	0.0	0.0	0.0	0.0	2.3593	-1.1252268602541007	-0.834845735027232	-0.9437386569873127	-0.6533575317604442	-2.1778584392014535	f	t	f	t	f	\N	132.6	2026-10-05 11:18:31.226193+00	2026-10-05 11:34:32.79769+00	2026-10-05 12:06:40.360089+00	2026-10-05 13:05:47.167658+00	2026-10-05 15:05:59.85649+00	t	2026-10-05 11:18:31.419021+00	2026-10-05 15:06:00.046673+00
7773	ME_SHORT_GEOM_B_V1	229519079	ADAUSDT	SHORT	2026-10-05 11:02:23.630295+00	2026-10-05 11:02:23.664143+00	1.2704174228675147	1.2704174228675147	1.4882032667876761	1.7785843920145243	2.8675136116152515	0.0	0.0	0.0	0.0	0.4718693284936362	1.6939	1.6939	1.9843	2.3714	3.8234	0.0	0.0	0.0	0.0	0.6292	-1.0889292196007267	-0.834845735027232	-0.9437386569873127	-0.6533575317604442	-2.1778584392014535	f	f	f	f	f	\N	\N	2026-10-05 11:18:32.148237+00	2026-10-05 11:34:33.719009+00	2026-10-05 12:06:41.292285+00	2026-10-05 13:05:48.302391+00	2026-10-05 15:06:00.415432+00	t	2026-10-05 11:18:32.340064+00	2026-10-05 15:06:00.784519+00
790	ME_SHORT_GEOM_A_V1	230420384	PUMPFUNUSDT	SHORT	2026-09-30 00:11:43.00136+00	2026-09-30 00:11:43.046725+00	3.9271869206135124	3.9271869206135124	3.9271869206135124	3.9271869206135124	4.415978425754257	0.0	0.0	0.5393561436035716	0.9270183718186475	0.9270183718186475	19.6359	19.6359	19.6359	19.6359	22.0799	0.0	0.0	2.6968	4.6351	4.6351	-2.7304904769930864	-2.3596831282656243	0.4045171077026751	-0.8427439743805781	-2.781055115455928	f	t	f	t	f	\N	53.3	2026-09-30 00:31:00.35106+00	2026-09-30 00:46:49.451159+00	2026-09-30 01:13:23.213577+00	2026-09-30 02:12:05.330791+00	2026-09-30 04:14:42.412483+00	t	2026-09-30 00:31:00.719923+00	2026-09-30 04:14:42.785712+00
791	ME_SHORT_GEOM_B_V1	230420384	PUMPFUNUSDT	SHORT	2026-09-30 00:11:43.00136+00	2026-09-30 00:11:43.046725+00	3.9271869206135124	3.9271869206135124	3.9271869206135124	3.9271869206135124	4.415978425754257	0.0	0.0	0.5393561436035716	0.9270183718186475	0.9270183718186475	5.2362	5.2362	5.2362	5.2362	5.888	0.0	0.0	0.7191	1.236	1.236	-2.7304904769930864	-2.3596831282656243	0.4045171077026751	-0.8427439743805781	-2.7473453564807007	f	t	f	t	f	\N	68.3	2026-09-30 00:31:00.901853+00	2026-09-30 00:46:50.499317+00	2026-09-30 01:13:23.951775+00	2026-09-30 02:12:06.061509+00	2026-09-30 04:14:43.148368+00	t	2026-09-30 00:31:01.267618+00	2026-09-30 04:14:43.703154+00
3014	ME_SHORT_GEOM_A_V1	232336988	MONUSDT	SHORT	2026-10-01 20:19:37.059175+00	2026-10-01 20:19:37.083785+00	2.68188302425106	4.279600570613393	4.279600570613393	5.221112696148355	5.477888730385159	0.0	0.0	0.0	0.0	0.0	13.4094	21.398	21.398	26.1056	27.3894	0.0	0.0	0.0	0.0	0.0	-1.9971469329529221	-3.509272467902982	-2.938659058487864	-4.308131241084158	-4.136947218259629	f	f	f	f	f	\N	\N	2026-10-01 20:39:33.740013+00	2026-10-01 20:50:29.801208+00	2026-10-01 21:23:15.274674+00	2026-10-01 22:23:02.080152+00	2026-10-02 00:21:43.630817+00	t	2026-10-01 20:39:33.929326+00	2026-10-02 00:21:43.814649+00
3015	ME_SHORT_GEOM_B_V1	232336988	MONUSDT	SHORT	2026-10-01 20:19:37.059175+00	2026-10-01 20:19:37.083785+00	2.68188302425106	4.279600570613393	4.279600570613393	5.221112696148355	5.477888730385159	0.0	0.0	0.0	0.0	0.0	3.5758	5.7061	5.7061	6.9615	7.3039	0.0	0.0	0.0	0.0	0.0	-1.9971469329529221	-3.509272467902982	-2.938659058487864	-4.308131241084158	-4.136947218259629	f	f	f	f	f	\N	\N	2026-10-01 20:39:34.292469+00	2026-10-01 20:50:30.368078+00	2026-10-01 21:23:15.820154+00	2026-10-01 22:23:02.632915+00	2026-10-02 00:21:44.001182+00	t	2026-10-01 20:39:34.477341+00	2026-10-02 00:21:44.187497+00
7326	ME_SHORT_GEOM_A_V1	233307211	XAUUSDT	SHORT	2026-10-05 01:00:47.367992+00	2026-10-05 01:00:47.397418+00	0.016096869519257928	0.11099632414770418	0.12036614371862236	0.40866828436201663	0.770487470869486	0.10018499387358126	0.10018499387358126	0.10162650457678599	0.13213848112822238	0.13213848112822238	0.0805	0.555	0.6018	2.0433	3.8524	0.5009	0.5009	0.5081	0.6607	0.6607	0.023064171251472417	-0.07351704586407515	0.04973211926097852	-0.3149700886529222	-0.6124017970833381	t	f	t	f	f	109.2	\N	2026-10-05 01:19:43.957539+00	2026-10-05 01:36:10.765722+00	2026-10-05 02:03:26.8069+00	2026-10-05 03:02:41.370338+00	2026-10-05 05:00:48.197861+00	t	2026-10-05 01:19:44.336643+00	2026-10-05 05:00:49.068776+00
7327	ME_SHORT_GEOM_B_V1	233307211	XAUUSDT	SHORT	2026-10-05 01:00:47.367992+00	2026-10-05 01:00:47.397418+00	0.016096869519257928	0.11099632414770418	0.12036614371862236	0.40866828436201663	0.770487470869486	0.10018499387358126	0.10018499387358126	0.10162650457678599	0.13213848112822238	0.13213848112822238	0.0215	0.148	0.1605	0.5449	1.0273	0.1336	0.1336	0.1355	0.1762	0.1762	0.023064171251472417	-0.07351704586407515	0.045647838935195355	-0.3082430387045606	-0.6124017970833381	t	f	t	f	f	109.2	\N	2026-10-05 01:19:46.155283+00	2026-10-05 01:36:13.317068+00	2026-10-05 02:03:29.691486+00	2026-10-05 03:02:43.020542+00	2026-10-05 05:00:49.807601+00	t	2026-10-05 01:19:46.531881+00	2026-10-05 05:00:50.6806+00
8946	ME_SHORT_GEOM_A_V1	239326031	SPCXUSDT	SHORT	2026-10-06 08:30:43.766514+00	2026-10-06 08:30:43.819974+00	0.24313997915943955	0.24313997915943955	0.24313997915943955	0.24313997915943955	0.7757323144610416	0.07525761259696391	0.23735093203658478	0.2431399791594231	0.3762880629848195	0.4341785342132685	1.2157	1.2157	1.2157	1.2157	3.8787	0.3763	1.1868	1.2157	1.8814	2.1709	0.04052332985990111	0.17946046080815228	0.0173671413685314	0.28945235614217896	-0.48627995831886267	f	t	f	t	f	\N	29.3	2026-10-06 08:49:33.055498+00	2026-10-06 09:05:42.431556+00	2026-10-06 09:32:23.671046+00	2026-10-06 10:31:17.250595+00	2026-10-06 12:33:59.170952+00	t	2026-10-06 08:49:33.940104+00	2026-10-06 12:33:59.727515+00
8947	ME_SHORT_GEOM_B_V1	239326031	SPCXUSDT	SHORT	2026-10-06 08:30:43.766514+00	2026-10-06 08:30:43.819974+00	0.24313997915943955	0.24313997915943955	0.24313997915943955	0.24313997915943955	0.7757323144610416	0.07525761259696391	0.23735093203658478	0.2431399791594231	0.3762880629848195	0.4341785342132685	0.3242	0.3242	0.3242	0.3242	1.0343	0.1003	0.3165	0.3242	0.5017	0.5789	0.04052332985990111	0.17946046080815228	0.0173671413685314	0.28945235614217896	-0.48627995831886267	f	f	f	f	f	\N	\N	2026-10-06 08:49:33.944792+00	2026-10-06 09:05:42.986397+00	2026-10-06 09:32:24.234502+00	2026-10-06 10:31:17.805074+00	2026-10-06 12:33:59.910506+00	t	2026-10-06 08:49:34.507317+00	2026-10-06 12:34:00.283487+00
7882	ME_SHORT_GEOM_A_V1	242783089	LITUSDT	SHORT	2026-10-05 13:07:59.621546+00	2026-10-05 13:07:59.687112+00	1.8362662586074885	1.8872736546799245	2.1678143330782955	3.340984442744192	4.0550879877582195	0.0	0.0	0.0	0.0	0.20402958428972223	9.1813	9.4364	10.8391	16.7049	20.2754	0.0	0.0	0.0	0.0	1.0201	-1.4792144861004801	-1.020147921448611	-1.275184901810758	-1.8362662586074885	-2.295332823259369	f	t	f	t	f	\N	137.0	2026-10-05 13:27:23.730057+00	2026-10-05 13:38:15.665642+00	2026-10-05 14:11:19.101089+00	2026-10-05 15:11:24.038014+00	2026-10-05 17:11:35.457328+00	t	2026-10-05 13:27:24.470087+00	2026-10-05 17:11:35.644807+00
7883	ME_SHORT_GEOM_B_V1	242783089	LITUSDT	SHORT	2026-10-05 13:07:59.621546+00	2026-10-05 13:07:59.687112+00	1.8362662586074885	1.8872736546799245	2.1678143330782955	3.340984442744192	4.0550879877582195	0.0	0.0	0.0	0.0	0.20402958428972223	2.4484	2.5164	2.8904	4.4546	5.4068	0.0	0.0	0.0	0.0	0.272	-1.4792144861004801	-1.020147921448611	-1.275184901810758	-1.8362662586074885	-2.295332823259369	f	f	f	f	f	\N	\N	2026-10-05 13:27:24.6591+00	2026-10-05 13:38:16.400387+00	2026-10-05 14:11:19.839412+00	2026-10-05 15:11:24.942278+00	2026-10-05 17:11:36.011381+00	t	2026-10-05 13:27:25.535357+00	2026-10-05 17:11:36.205517+00
5666	ME_SHORT_GEOM_A_V1	244378679	STRKUSDT	SHORT	2026-10-04 02:02:04.472078+00	2026-10-04 02:02:04.506032+00	2.8566128733073635	3.171953255425702	3.171953255425702	4.229271007234274	4.229271007234274	0.0	0.0	0.0	0.0	0.7234279354479716	14.2831	15.8598	15.8598	21.1464	21.1464	0.0	0.0	0.0	0.0	3.6171	-2.1517343721016533	-2.8566128733073635	-1.8920422927100726	-3.134854386941193	-0.27824151363382926	f	t	f	t	f	\N	147.9	2026-10-04 02:20:37.599984+00	2026-10-04 02:36:42.154479+00	2026-10-04 03:03:36.301518+00	2026-10-04 04:02:50.882489+00	2026-10-04 06:06:22.823801+00	t	2026-10-04 02:20:37.980936+00	2026-10-04 06:06:23.022061+00
5667	ME_SHORT_GEOM_B_V1	244378679	STRKUSDT	SHORT	2026-10-04 02:02:04.472078+00	2026-10-04 02:02:04.506032+00	2.8566128733073635	3.171953255425702	3.171953255425702	4.229271007234274	4.229271007234274	0.0	0.0	0.0	0.0	0.7234279354479716	3.8088	4.2293	4.2293	5.639	5.639	0.0	0.0	0.0	0.0	0.9646	-2.1517343721016533	-2.8566128733073635	-1.8920422927100726	-3.0792060842144346	-0.27824151363382926	f	f	f	f	f	\N	\N	2026-10-04 02:20:38.164786+00	2026-10-04 02:36:42.710733+00	2026-10-04 03:03:36.8561+00	2026-10-04 04:02:51.442676+00	2026-10-04 06:06:23.580274+00	t	2026-10-04 02:20:38.536648+00	2026-10-04 06:06:23.76918+00
6964	ME_SHORT_GEOM_A_V1	251124546	KLACUSDT	SHORT	2026-10-04 21:10:09.286535+00	2026-10-04 21:10:09.32077+00	0.048206710374081335	0.15908214423446976	0.15908214423446976	0.15908214423446976	0.332626301581179	0.01446201311222577	0.024103355187047516	0.2699575780948719	0.2844195912070977	1.5474354030081026	0.241	0.7954	0.7954	0.7954	1.6631	0.0723	0.1205	1.3498	1.4221	7.7372	-0.048206710374081335	-0.09641342074816267	-0.01446201311222577	0.2313922097955986	1.4703046664095698	f	t	f	t	f	\N	54.8	2026-10-04 21:26:46.277583+00	2026-10-04 21:42:59.717297+00	2026-10-04 22:15:31.648803+00	2026-10-04 23:15:09.676006+00	2026-10-05 01:14:13.967492+00	t	2026-10-04 21:26:46.477311+00	2026-10-05 01:14:14.159022+00
6965	ME_SHORT_GEOM_B_V1	251124546	KLACUSDT	SHORT	2026-10-04 21:10:09.286535+00	2026-10-04 21:10:09.32077+00	0.048206710374081335	0.15908214423446976	0.15908214423446976	0.15908214423446976	0.332626301581179	0.01446201311222577	0.024103355187047516	0.2699575780948719	0.2844195912070977	1.5715387581951363	0.0643	0.2121	0.2121	0.2121	0.4435	0.0193	0.0321	0.3599	0.3792	2.0954	-0.048206710374081335	-0.09641342074816267	-0.01446201311222577	0.2313922097955986	1.5715387581951363	f	t	f	t	f	\N	179.8	2026-10-04 21:26:47.390333+00	2026-10-04 21:43:01.167243+00	2026-10-04 22:15:32.951933+00	2026-10-04 23:15:11.656143+00	2026-10-05 01:14:17.12747+00	t	2026-10-04 21:26:47.580309+00	2026-10-05 01:14:18.219018+00
3274	ME_SHORT_GEOM_A_V1	258347743	MSTRUSDT	SHORT	2026-10-02 00:45:12.598464+00	2026-10-02 00:45:12.632736+00	0.45206836759969643	0.6068863017091838	0.8112459747337146	0.8112459747337146	0.8112459747337146	0.0	0.0	0.0	0.5201882586078793	3.5422343324250676	2.2603	3.0344	4.0562	4.0562	4.0562	0.0	0.0	0.0	2.6009	17.7112	-0.42729749814218343	-0.5263809759722532	-0.644042605895462	0.3963339113202965	2.545206836759979	f	t	f	t	f	\N	74.8	2026-10-02 01:04:45.341085+00	2026-10-02 01:15:29.317297+00	2026-10-02 01:47:42.071556+00	2026-10-02 02:46:56.874367+00	2026-10-02 04:45:36.154626+00	t	2026-10-02 01:04:45.523039+00	2026-10-02 04:45:36.517441+00
3275	ME_SHORT_GEOM_B_V1	258347743	MSTRUSDT	SHORT	2026-10-02 00:45:12.598464+00	2026-10-02 00:45:12.632736+00	0.45206836759969643	0.6068863017091838	0.8112459747337146	0.8112459747337146	0.8112459747337146	0.0	0.0	0.0	0.5201882586078793	3.5422343324250676	0.6028	0.8092	1.0817	1.0817	1.0817	0.0	0.0	0.0	0.6936	4.723	-0.42729749814218343	-0.5263809759722532	-0.644042605895462	0.3963339113202965	2.545206836759979	f	t	f	t	f	\N	129.8	2026-10-02 01:04:45.525545+00	2026-10-02 01:15:29.50908+00	2026-10-02 01:47:42.268256+00	2026-10-02 02:46:57.059273+00	2026-10-02 04:45:36.520312+00	t	2026-10-02 01:04:45.709033+00	2026-10-02 04:45:36.882971+00
4224	ME_SHORT_GEOM_A_V1	260008331	SANDUSDT	SHORT	2026-10-02 16:21:50.060183+00	2026-10-02 16:21:50.10504+00	5.119926199261992	5.119926199261992	5.119926199261992	5.119926199261992	9.471094710947108	0.0	0.0	0.7072570725707289	0.7072570725707289	0.7072570725707289	25.5996	25.5996	25.5996	25.5996	47.3555	0.0	0.0	3.5363	3.5363	3.5363	-3.8899138991389983	-3.75153751537515	-1.3222632226322257	-3.490159901599007	-2.87515375153751	f	t	f	t	f	\N	38.2	2026-10-02 16:39:27.749309+00	2026-10-02 16:55:57.589068+00	2026-10-02 17:22:56.724712+00	2026-10-02 18:21:57.835363+00	2026-10-02 20:24:02.450865+00	t	2026-10-02 16:39:27.947205+00	2026-10-02 20:24:02.84083+00
4225	ME_SHORT_GEOM_B_V1	260008331	SANDUSDT	SHORT	2026-10-02 16:21:50.060183+00	2026-10-02 16:21:50.10504+00	5.119926199261992	5.119926199261992	5.119926199261992	5.119926199261992	9.471094710947108	0.0	0.0	0.7072570725707289	0.7072570725707289	0.7072570725707289	6.8266	6.8266	6.8266	6.8266	12.6281	0.0	0.0	0.943	0.943	0.943	-3.9052890528905295	-3.75153751537515	-1.3376383763837574	-3.490159901599007	-2.87515375153751	f	f	f	f	f	\N	\N	2026-10-02 16:39:29.426882+00	2026-10-02 16:55:59.277861+00	2026-10-02 17:22:58.359078+00	2026-10-02 18:21:58.42625+00	2026-10-02 20:24:02.845749+00	t	2026-10-02 16:39:30.178829+00	2026-10-02 20:24:03.039632+00
9038	ME_SHORT_GEOM_A_V1	263416739	ORCAUSDT	SHORT	2026-10-06 10:41:09.839532+00	2026-10-06 10:41:09.876952+00	3.0808877264510115	3.0808877264510115	3.0808877264510115	5.1232739720758484	5.1232739720758484	0.0	0.8769568060310071	6.027154890572726	6.027154890572726	6.027154890572726	15.4044	15.4044	15.4044	25.6164	25.6164	0.0	4.3848	30.1358	30.1358	30.1358	-1.853917458363784	0.5461748528789651	-0.1576983730143379	-3.9001500057694503	-2.827031808915715	f	t	f	t	f	\N	23.8	2026-10-06 10:57:48.160823+00	2026-10-06 11:13:40.989324+00	2026-10-06 11:46:11.88044+00	2026-10-06 12:42:26.149742+00	2026-10-06 14:46:31.848031+00	t	2026-10-06 10:57:48.350527+00	2026-10-06 14:46:32.04111+00
9039	ME_SHORT_GEOM_B_V1	263416739	ORCAUSDT	SHORT	2026-10-06 10:41:09.839532+00	2026-10-06 10:41:09.876952+00	3.0808877264510115	3.0808877264510115	3.0808877264510115	5.1232739720758484	5.1232739720758484	0.0	0.8769568060310071	6.027154890572726	6.027154890572726	6.027154890572726	4.1079	4.1079	4.1079	6.831	6.831	0.0	1.1693	8.0362	8.0362	8.0362	-1.853917458363784	0.5461748528789651	-0.1576983730143379	-3.9001500057694503	-2.827031808915715	f	t	f	t	f	\N	28.8	2026-10-06 10:57:48.721205+00	2026-10-06 11:13:41.544461+00	2026-10-06 11:46:12.754929+00	2026-10-06 12:42:26.899182+00	2026-10-06 14:46:32.732878+00	t	2026-10-06 10:57:49.093809+00	2026-10-06 14:46:32.928263+00
5251	ME_SHORT_GEOM_A_V1	266197789	SPCXUSDT	SHORT	2026-10-03 14:00:38.966696+00	2026-10-03 14:00:39.005971+00	0.07538161944846067	0.08794522268985888	0.1319178340348062	0.14448143727620438	0.14448143727620438	0.0	0.0	0.0	0.0	0.0	0.3769	0.4397	0.6596	0.7224	0.7224	0.0	0.0	0.0	0.0	0.0	-0.06281801620704461	-0.08794522268985888	-0.113072429172691	-0.1319178340348062	-0.037690809724230334	f	f	f	f	f	\N	\N	2026-10-03 14:19:00.749393+00	2026-10-03 14:34:38.949218+00	2026-10-03 15:00:48.721786+00	2026-10-03 16:03:26.109785+00	2026-10-03 18:03:52.761175+00	t	2026-10-03 14:19:00.941894+00	2026-10-03 18:03:52.94774+00
5252	ME_SHORT_GEOM_B_V1	266197789	SPCXUSDT	SHORT	2026-10-03 14:00:38.966696+00	2026-10-03 14:00:39.005971+00	0.07538161944846067	0.08794522268985888	0.1319178340348062	0.14448143727620438	0.14448143727620438	0.0	0.0	0.0	0.0	0.0	0.1005	0.1173	0.1759	0.1926	0.1926	0.0	0.0	0.0	0.0	0.0	-0.06281801620704461	-0.08794522268985888	-0.113072429172691	-0.1319178340348062	-0.037690809724230334	f	f	f	f	f	\N	\N	2026-10-03 14:19:00.943803+00	2026-10-03 14:34:39.23266+00	2026-10-03 15:00:48.917624+00	2026-10-03 16:03:26.626378+00	2026-10-03 18:03:52.950959+00	t	2026-10-03 14:19:01.135676+00	2026-10-03 18:03:53.140407+00
8471	ME_SHORT_GEOM_A_V1	280023554	RLCUSDT	SHORT	2026-10-06 00:14:24.561675+00	2026-10-06 00:14:24.604505+00	6.709511568123397	8.341902313624686	9.331619537275063	9.331619537275063	13.7146529562982	0.0	0.0	0.0	1.3881748071979332	1.3881748071979332	33.5476	41.7095	46.6581	46.6581	68.5733	0.0	0.0	0.0	6.9409	6.9409	-6.053984575835479	-7.2879177377892	-3.6246786632390746	-4.820051413881745	-11.311053984575844	f	t	f	t	f	\N	75.6	2026-10-06 00:34:42.046748+00	2026-10-06 00:45:30.810875+00	2026-10-06 01:17:59.065065+00	2026-10-06 02:17:44.05152+00	2026-10-06 04:17:20.553238+00	t	2026-10-06 00:34:42.599865+00	2026-10-06 04:17:20.741457+00
8472	ME_SHORT_GEOM_B_V1	280023554	RLCUSDT	SHORT	2026-10-06 00:14:24.561675+00	2026-10-06 00:14:24.604505+00	6.709511568123397	8.341902313624686	9.331619537275063	9.331619537275063	13.7146529562982	0.0	0.0	0.0	1.3881748071979332	1.3881748071979332	8.946	11.1225	12.4422	12.4422	18.2862	0.0	0.0	0.0	1.8509	1.8509	-6.053984575835479	-7.2879177377892	-3.6246786632390746	-4.820051413881745	-11.311053984575844	f	t	f	t	f	\N	80.6	2026-10-06 00:34:42.605641+00	2026-10-06 00:45:31.362046+00	2026-10-06 01:17:59.633039+00	2026-10-06 02:17:44.611986+00	2026-10-06 04:17:20.924012+00	t	2026-10-06 00:34:42.977388+00	2026-10-06 04:17:21.110477+00
4035	ME_SHORT_GEOM_A_V1	286610536	XAUTUSDT	SHORT	2026-10-02 12:51:43.329216+00	2026-10-02 12:51:43.35415+00	0.40058784488481425	0.8746563003697863	0.8746563003697863	1.3345027021902005	2.1167156537404046	0.0355551341613729	0.0355551341613729	0.0355551341613729	0.0355551341613729	0.0355551341613729	2.0029	4.3733	4.3733	6.6725	10.5836	0.1778	0.1778	0.1778	0.1778	0.1778	-0.3674030530008533	-0.7798426092727919	-0.7419171328339855	-1.2989475680288276	-1.8346449227268544	t	f	t	f	f	98.3	\N	2026-10-02 13:07:58.082677+00	2026-10-02 13:24:32.378998+00	2026-10-02 13:52:21.237379+00	2026-10-02 14:53:39.513323+00	2026-10-02 16:55:57.589068+00	t	2026-10-02 13:07:59.515912+00	2026-10-02 16:55:59.275091+00
4036	ME_SHORT_GEOM_B_V1	286610536	XAUTUSDT	SHORT	2026-10-02 12:51:43.329216+00	2026-10-02 12:51:43.35415+00	0.40058784488481425	0.8746563003697863	0.8746563003697863	1.3345027021902005	2.1167156537404046	0.0355551341613729	0.0355551341613729	0.0355551341613729	0.0355551341613729	0.0355551341613729	0.5341	1.1662	1.1662	1.7793	2.8223	0.0474	0.0474	0.0474	0.0474	0.0474	-0.36503271072344134	-0.7774722669953584	-0.7419171328339855	-1.2989475680288276	-1.8346449227268544	t	f	t	f	f	98.3	\N	2026-10-02 13:07:59.518422+00	2026-10-02 13:24:33.715919+00	2026-10-02 13:52:22.924729+00	2026-10-02 14:53:41.379842+00	2026-10-02 16:55:59.277861+00	t	2026-10-02 13:08:00.452593+00	2026-10-02 16:56:00.025286+00
9079	ME_SHORT_GEOM_A_V1	296845377	SPCXUSDT	SHORT	2026-10-06 11:40:50.627037+00	2026-10-06 11:40:50.669982+00	0.9049512940227227	1.2046803850366035	1.2046803850366035	1.3948930774108108	1.3948930774108108	0.0	0.0	0.0	1.268084615827995	1.6369819586143313	4.5248	6.0234	6.0234	6.9745	6.9745	0.0	0.0	0.0	6.3404	8.1849	-0.8646031471554556	-0.9914116087382552	-0.8300190212692361	0.3977174476915083	0.2997290910138808	f	t	f	t	f	\N	109.2	2026-10-06 11:56:50.460256+00	2026-10-06 12:12:48.381314+00	2026-10-06 12:42:26.149742+00	2026-10-06 13:42:01.024777+00	2026-10-06 15:45:49.521317+00	t	2026-10-06 11:56:51.022567+00	2026-10-06 15:45:49.913595+00
9080	ME_SHORT_GEOM_B_V1	296845377	SPCXUSDT	SHORT	2026-10-06 11:40:50.627037+00	2026-10-06 11:40:50.669982+00	0.9049512940227227	1.2046803850366035	1.2046803850366035	1.3948930774108108	1.3948930774108108	0.0	0.0	0.0	1.268084615827995	1.6369819586143313	1.2066	1.6062	1.6062	1.8599	1.8599	0.0	0.0	0.0	1.6908	2.1826	-0.8646031471554556	-0.9914116087382552	-0.8300190212692361	0.4265375525966803	0.2997290910138808	f	t	f	t	f	\N	114.2	2026-10-06 11:56:51.02642+00	2026-10-06 12:12:48.985274+00	2026-10-06 12:42:26.899182+00	2026-10-06 13:42:01.934905+00	2026-10-06 15:45:50.469+00	t	2026-10-06 11:56:51.413552+00	2026-10-06 15:45:51.036028+00
4169	ME_SHORT_GEOM_A_V1	298575758	SANDUSDT	SHORT	2026-10-02 14:36:52.333661+00	2026-10-02 14:36:52.366036+00	7.403591404180168	8.25728584044745	8.698851928171916	10.950838975566679	10.950838975566679	0.0	0.0	0.0	0.0	0.0	37.018	41.2864	43.4943	54.7542	54.7542	0.0	0.0	0.0	0.0	0.0	-5.725640270827207	-6.623491315866947	-7.580217839269947	-7.992346187812782	-7.6979687959964656	f	f	f	f	f	\N	\N	2026-10-02 14:53:39.513323+00	2026-10-02 15:10:24.703005+00	2026-10-02 15:38:12.930496+00	2026-10-02 16:39:27.749309+00	2026-10-02 18:37:51.581184+00	t	2026-10-02 14:53:41.376909+00	2026-10-02 18:37:51.780609+00
4170	ME_SHORT_GEOM_B_V1	298575758	SANDUSDT	SHORT	2026-10-02 14:36:52.333661+00	2026-10-02 14:36:52.366036+00	7.403591404180168	8.25728584044745	8.698851928171916	10.950838975566679	10.950838975566679	0.0	0.0	0.0	0.0	0.0	9.8715	11.0097	11.5985	14.6011	14.6011	0.0	0.0	0.0	0.0	0.0	-5.769796879599657	-6.623491315866947	-7.653812187224015	-8.007065057403592	-7.6979687959964656	f	f	f	f	f	\N	\N	2026-10-02 14:53:41.379842+00	2026-10-02 15:10:26.562896+00	2026-10-02 15:38:15.320317+00	2026-10-02 16:39:29.426882+00	2026-10-02 18:37:52.149814+00	t	2026-10-02 14:53:43.255514+00	2026-10-02 18:37:52.340255+00
8549	ME_SHORT_GEOM_A_V1	298637476	RLCUSDT	SHORT	2026-10-06 00:39:28.782324+00	2026-10-06 00:39:28.819653+00	5.6278205468542595	6.3711176002123615	6.3711176002123615	8.64082824528802	10.89726572869657	0.0	0.0	4.698699230156622	4.698699230156622	4.698699230156622	28.1391	31.8556	31.8556	43.2041	54.4863	0.0	0.0	23.4935	23.4935	23.4935	-3.4908415184496935	-3.769577913458984	0.19909742500664415	-4.738518715157944	-7.101141491903371	f	t	f	t	f	\N	35.5	2026-10-06 00:56:20.68331+00	2026-10-06 01:12:33.102391+00	2026-10-06 01:39:44.011473+00	2026-10-06 02:44:52.397073+00	2026-10-06 04:44:18.875662+00	t	2026-10-06 00:56:20.877518+00	2026-10-06 04:44:19.065005+00
8550	ME_SHORT_GEOM_B_V1	298637476	RLCUSDT	SHORT	2026-10-06 00:39:28.782324+00	2026-10-06 00:39:28.819653+00	5.6278205468542595	6.3711176002123615	6.3711176002123615	8.64082824528802	10.89726572869657	0.0	0.0	4.698699230156622	4.698699230156622	4.698699230156622	7.5038	8.4948	8.4948	11.5211	14.5297	0.0	0.0	6.2649	6.2649	6.2649	-3.4908415184496935	-3.769577913458984	0.19909742500664415	-4.738518715157944	-7.101141491903371	f	t	f	t	f	\N	35.5	2026-10-06 00:56:21.565649+00	2026-10-06 01:12:33.655364+00	2026-10-06 01:39:44.567404+00	2026-10-06 02:44:52.96053+00	2026-10-06 04:44:19.258379+00	t	2026-10-06 00:56:21.753443+00	2026-10-06 04:44:19.451266+00
5770	ME_SHORT_GEOM_A_V1	306351088	STRKUSDT	SHORT	2026-10-04 03:17:17.977288+00	2026-10-04 03:17:18.008066+00	3.3563304120827824	3.7292560134253123	3.7292560134253123	3.7292560134253123	3.7292560134253123	0.0	0.0	0.0	0.8390826030207086	1.510348685437265	16.7817	18.6463	18.6463	18.6463	18.6463	0.0	0.0	0.0	4.1954	7.5517	-2.0697370874510534	-2.424016408726451	-0.5034495618124173	-1.8646280067126497	-0.09323140033562279	f	t	f	t	f	\N	67.7	2026-10-04 03:35:51.488785+00	2026-10-04 03:52:05.034377+00	2026-10-04 04:19:00.357078+00	2026-10-04 05:18:04.730786+00	2026-10-04 07:21:10.777908+00	t	2026-10-04 03:35:51.872477+00	2026-10-04 07:21:10.978469+00
5771	ME_SHORT_GEOM_B_V1	306351088	STRKUSDT	SHORT	2026-10-04 03:17:17.977288+00	2026-10-04 03:17:18.008066+00	3.3563304120827824	3.7292560134253123	3.7292560134253123	3.7292560134253123	3.7292560134253123	0.0	0.0	0.0	0.8390826030207086	1.510348685437265	4.4751	4.9723	4.9723	4.9723	4.9723	0.0	0.0	0.0	1.1188	2.0138	-2.0697370874510534	-2.424016408726451	-0.5034495618124173	-1.8086891665112785	-0.09323140033562279	f	t	f	t	f	\N	72.7	2026-10-04 03:35:52.059542+00	2026-10-04 03:52:05.598794+00	2026-10-04 04:19:00.914083+00	2026-10-04 05:18:05.774528+00	2026-10-04 07:21:11.528731+00	t	2026-10-04 03:35:52.431578+00	2026-10-04 07:21:11.724591+00
5650	ME_SHORT_GEOM_A_V1	319101275	STRKUSDT	SHORT	2026-10-04 01:47:01.388482+00	2026-10-04 01:47:01.428317+00	4.128607964925098	4.329557910120565	4.640116916331738	5.681402995980991	5.681402995980991	0.0	0.0	0.0	0.0	0.0	20.643	21.6478	23.2006	28.407	28.407	0.0	0.0	0.0	0.0	0.0	-3.050785531603942	-3.6353671903544007	-3.324808184143214	-4.402630617464369	-1.1874314943368613	f	f	f	f	f	\N	\N	2026-10-04 02:04:38.59682+00	2026-10-04 02:20:37.599984+00	2026-10-04 02:47:27.703433+00	2026-10-04 03:52:05.034377+00	2026-10-04 05:50:17.514837+00	t	2026-10-04 02:04:38.966191+00	2026-10-04 05:50:17.71018+00
5651	ME_SHORT_GEOM_B_V1	319101275	STRKUSDT	SHORT	2026-10-04 01:47:01.388482+00	2026-10-04 01:47:01.428317+00	4.128607964925098	4.329557910120565	4.640116916331738	5.681402995980991	5.681402995980991	0.0	0.0	0.0	0.0	0.0	5.5048	5.7727	6.1868	7.5752	7.5752	0.0	0.0	0.0	0.0	0.0	-3.050785531603942	-3.6353671903544007	-3.324808184143214	-4.402630617464369	-1.1874314943368613	f	f	f	f	f	\N	\N	2026-10-04 02:04:38.968546+00	2026-10-04 02:20:38.164786+00	2026-10-04 02:47:28.26685+00	2026-10-04 03:52:05.598794+00	2026-10-04 05:50:18.264817+00	t	2026-10-04 02:04:39.338016+00	2026-10-04 05:50:18.460197+00
4120	ME_SHORT_GEOM_A_V1	322051802	BTCUSDT	SHORT	2026-10-02 13:46:34.396472+00	2026-10-02 13:46:34.424825+00	0.8110868816710628	1.0806840353494844	1.7180075748880914	2.171927005623774	3.0425800527946745	0.0	0.0	0.0	0.0	0.0	4.0554	5.4034	8.59	10.8596	15.2129	0.0	0.0	0.0	0.0	0.0	-0.5657064157006705	-0.7203029955239365	-1.2989785378170584	-2.071272810742565	-2.7775737403879326	t	f	t	f	f	43.4	\N	2026-10-02 14:03:27.309692+00	2026-10-02 14:20:10.572399+00	2026-10-02 14:48:02.84417+00	2026-10-02 15:49:20.638516+00	2026-10-02 17:49:54.225071+00	t	2026-10-02 14:03:27.68716+00	2026-10-02 17:49:55.338904+00
4121	ME_SHORT_GEOM_B_V1	322051802	BTCUSDT	SHORT	2026-10-02 13:46:34.396472+00	2026-10-02 13:46:34.424825+00	0.8110868816710628	1.0806840353494844	1.7180075748880914	2.171927005623774	3.0425800527946745	0.0	0.0	0.0	0.0	0.0	1.0814	1.4409	2.2907	2.8959	4.0568	0.0	0.0	0.0	0.0	0.0	-0.5525077470446392	-0.7203029955239365	-1.29886376678526	-2.077585217491102	-2.7759669459428404	t	f	t	f	f	43.4	\N	2026-10-02 14:03:29.015604+00	2026-10-02 14:20:12.232351+00	2026-10-02 14:48:04.704607+00	2026-10-02 15:49:22.667067+00	2026-10-02 17:49:55.527685+00	t	2026-10-02 14:03:29.394455+00	2026-10-02 17:49:56.468005+00
725	ME_SHORT_GEOM_A_V1	332690896	PUMPFUNUSDT	SHORT	2026-09-29 22:31:29.479052+00	2026-09-29 22:31:29.501296+00	1.7398648648648614	1.7398648648648614	1.7398648648648614	3.7162162162162113	3.7162162162162113	0.0	0.45608108108108303	1.875	1.875	1.875	8.6993	8.6993	8.6993	18.5811	18.5811	0.0	2.2804	9.375	9.375	9.375	-1.0304054054054104	0.3547297297297329	-0.371621621621627	-1.9256756756756674	-1.1148648648648662	f	t	f	t	f	\N	28.5	2026-09-29 22:50:46.538322+00	2026-09-29 23:06:36.846849+00	2026-09-29 23:32:56.31011+00	2026-09-30 00:36:15.622189+00	2026-09-30 02:33:25.299158+00	t	2026-09-29 22:50:46.725109+00	2026-09-30 02:33:25.850109+00
726	ME_SHORT_GEOM_B_V1	332690896	PUMPFUNUSDT	SHORT	2026-09-29 22:31:29.479052+00	2026-09-29 22:31:29.501296+00	1.7398648648648614	1.7398648648648614	1.7398648648648614	3.7162162162162113	3.7162162162162113	0.0	0.45608108108108303	1.875	1.875	1.875	2.3198	2.3198	2.3198	4.955	4.955	0.0	0.6081	2.5	2.5	2.5	-1.0304054054054104	0.3547297297297329	-0.371621621621627	-1.9256756756756674	-1.1148648648648662	f	t	f	t	f	\N	33.5	2026-09-29 22:50:46.904034+00	2026-09-29 23:06:37.220503+00	2026-09-29 23:32:56.685415+00	2026-09-30 00:36:16.176051+00	2026-09-30 02:33:26.029923+00	t	2026-09-29 22:50:47.089164+00	2026-09-30 02:33:26.409336+00
7045	ME_SHORT_GEOM_A_V1	341092418	XRPUSDT	SHORT	2026-10-04 21:49:58.93531+00	2026-10-04 21:49:58.974913+00	0.5089226701916602	0.5089226701916602	0.5089226701916602	0.5089226701916602	0.5089226701916602	0.48909451421018335	0.7204230006609473	0.7204230006609473	0.8922670191672221	1.2161269001982944	2.5446	2.5446	2.5446	2.5446	2.5446	2.4455	3.6021	3.6021	4.4613	6.0806	0.38334434897554714	0.4626569729015279	0.2842035690680894	0.5221414408460026	0.660938532716458	f	t	f	t	f	\N	10.0	2026-10-04 22:10:05.00829+00	2026-10-04 22:20:55.540085+00	2026-10-04 22:53:30.657464+00	2026-10-04 23:52:54.775448+00	2026-10-05 01:52:31.830045+00	t	2026-10-04 22:10:05.956515+00	2026-10-05 01:52:33.164083+00
7046	ME_SHORT_GEOM_B_V1	341092418	XRPUSDT	SHORT	2026-10-04 21:49:58.93531+00	2026-10-04 21:49:58.974913+00	0.5089226701916602	0.5089226701916602	0.5089226701916602	0.5089226701916602	0.5089226701916602	0.48909451421018335	0.7204230006609473	0.7204230006609473	0.8922670191672221	1.2161269001982944	0.6786	0.6786	0.6786	0.6786	0.6786	0.6521	0.9606	0.9606	1.1897	1.6215	0.38334434897554714	0.4626569729015279	0.2842035690680894	0.5221414408460026	0.660938532716458	f	t	f	t	f	\N	95.0	2026-10-04 22:10:06.321095+00	2026-10-04 22:20:56.832526+00	2026-10-04 22:53:31.951666+00	2026-10-04 23:52:56.247456+00	2026-10-05 01:52:34.076637+00	t	2026-10-04 22:10:07.070249+00	2026-10-05 01:52:35.732741+00
3521	ME_SHORT_GEOM_A_V1	345606166	ZROUSDT	SHORT	2026-10-02 05:15:43.300408+00	2026-10-02 05:15:43.327973+00	0.07397622192866937	0.15852047556143267	0.9828269484808545	2.1136063408190244	3.1862615587846776	1.8229854689564056	1.8229854689564056	1.8229854689564056	2.5099075297225824	2.5099075297225824	0.3699	0.7926	4.9141	10.568	15.9313	9.1149	9.1149	9.1149	12.5495	12.5495	0.544253632760897	0.6129458388375076	1.0250990752972187	-0.8507265521796566	-2.0026420079260263	f	t	f	t	f	\N	4.3	2026-10-02 05:34:11.029897+00	2026-10-02 05:50:23.749591+00	2026-10-02 06:15:58.360611+00	2026-10-02 07:19:56.967282+00	2026-10-02 09:15:45.092925+00	t	2026-10-02 05:34:11.597311+00	2026-10-02 09:15:45.603808+00
3522	ME_SHORT_GEOM_B_V1	345606166	ZROUSDT	SHORT	2026-10-02 05:15:43.300408+00	2026-10-02 05:15:43.327973+00	0.07397622192866937	0.15852047556143267	0.9828269484808545	2.1136063408190244	3.1862615587846776	1.8229854689564056	1.8229854689564056	1.8229854689564056	2.5099075297225824	2.5099075297225824	0.0986	0.2114	1.3104	2.8181	4.2483	2.4306	2.4306	2.4306	3.3465	3.3465	0.6023778071334137	0.6129458388375076	1.0250990752972187	-0.8507265521796566	-2.0026420079260263	f	t	f	t	f	\N	4.3	2026-10-02 05:34:11.600885+00	2026-10-02 05:50:24.30541+00	2026-10-02 06:15:58.927764+00	2026-10-02 07:19:57.340311+00	2026-10-02 09:15:45.608011+00	t	2026-10-02 05:34:12.522912+00	2026-10-02 09:15:45.798812+00
6596	ME_SHORT_GEOM_A_V1	352839455	BTCUSDT	SHORT	2026-10-04 15:23:57.664465+00	2026-10-04 15:23:57.704079+00	0.26670567583381416	0.26670567583381416	0.36945582211819433	0.36945582211819433	0.36945582211819433	0.0	0.0	0.0	0.0	0.0	1.3335	1.3335	1.8473	1.8473	1.8473	0.0	0.0	0.0	0.0	0.0	-0.2227033352837951	-0.18946752486833723	-0.291398478642481	-0.16816851960210308	-0.10193095377414373	f	f	f	f	f	\N	\N	2026-10-04 15:38:57.806537+00	2026-10-04 15:55:22.623996+00	2026-10-04 16:28:11.145068+00	2026-10-04 17:28:10.776823+00	2026-10-04 19:27:55.81858+00	t	2026-10-04 15:38:59.414281+00	2026-10-04 19:27:56.373266+00
6597	ME_SHORT_GEOM_B_V1	352839455	BTCUSDT	SHORT	2026-10-04 15:23:57.664465+00	2026-10-04 15:23:57.704079+00	0.26670567583381416	0.26670567583381416	0.36945582211819433	0.36945582211819433	0.36945582211819433	0.0	0.0	0.0	0.0	0.0	0.3556	0.3556	0.4926	0.4926	0.4926	0.0	0.0	0.0	0.0	0.0	-0.22282036278524772	-0.18946752486833723	-0.291398478642481	-0.16816851960210308	-0.10193095377414373	f	f	f	f	f	\N	\N	2026-10-04 15:38:59.417048+00	2026-10-04 15:55:23.564143+00	2026-10-04 16:28:12.08111+00	2026-10-04 17:28:11.908322+00	2026-10-04 19:27:56.919532+00	t	2026-10-04 15:39:00.708578+00	2026-10-04 19:27:57.657803+00
6411	ME_SHORT_GEOM_A_V1	359895462	SOLUSDT	SHORT	2026-10-04 13:03:38.3167+00	2026-10-04 13:03:38.360827+00	0.20569359881520485	0.20569359881520485	0.20569359881520485	0.3208820141517201	0.3208820141517201	0.0	0.2632878064834566	0.37024847786735937	0.4854368932038746	0.4854368932038746	1.0285	1.0285	1.0285	1.6044	1.6044	0.0	1.3164	1.8512	2.4272	2.4272	-0.1480993911469531	0.17278262300476693	0.1234161592891159	0.23037683067301867	0.16455487905215452	f	t	f	t	f	\N	26.4	2026-10-04 13:23:05.826088+00	2026-10-04 13:33:54.336111+00	2026-10-04 14:06:22.894769+00	2026-10-04 15:06:12.949173+00	2026-10-04 17:06:17.670039+00	t	2026-10-04 13:23:06.017423+00	2026-10-04 17:06:18.039015+00
6412	ME_SHORT_GEOM_B_V1	359895462	SOLUSDT	SHORT	2026-10-04 13:03:38.3167+00	2026-10-04 13:03:38.360827+00	0.20569359881520485	0.20569359881520485	0.20569359881520485	0.3208820141517201	0.3208820141517201	0.0	0.2632878064834566	0.37024847786735937	0.4854368932038746	0.4854368932038746	0.2743	0.2743	0.2743	0.4278	0.4278	0.0	0.3511	0.4937	0.6472	0.6472	-0.1480993911469531	0.18101036695737935	0.1234161592891159	0.23037683067301867	0.16455487905215452	f	f	f	f	f	\N	\N	2026-10-04 13:23:06.74626+00	2026-10-04 13:33:55.27454+00	2026-10-04 14:06:24.023352+00	2026-10-04 15:06:14.059581+00	2026-10-04 17:06:18.591874+00	t	2026-10-04 13:23:06.938945+00	2026-10-04 17:06:18.781854+00
6857	ME_SHORT_GEOM_A_V1	371153118	XRPUSDT	SHORT	2026-10-04 19:24:36.725085+00	2026-10-04 19:24:36.783063+00	0.15250978051853117	0.291757840991974	0.291757840991974	0.4508984815330494	0.4508984815330494	0.08620118029308925	0.08620118029308925	0.08620118029308925	0.3182812810821507	1.0476758835621003	0.7625	1.4588	1.4588	2.2545	2.2545	0.431	0.431	0.431	1.5914	5.2384	-0.11272462038326601	-0.21218752072144367	-0.20555666069889947	0.13261720045089861	0.7691797626152148	f	t	f	t	f	\N	105.4	2026-10-04 19:44:09.217661+00	2026-10-04 19:54:57.909859+00	2026-10-04 20:27:28.280455+00	2026-10-04 21:26:46.277583+00	2026-10-04 23:25:58.95057+00	t	2026-10-04 19:44:09.409624+00	2026-10-04 23:25:59.70986+00
6858	ME_SHORT_GEOM_B_V1	371153118	XRPUSDT	SHORT	2026-10-04 19:24:36.725085+00	2026-10-04 19:24:36.783063+00	0.15250978051853117	0.291757840991974	0.291757840991974	0.4508984815330494	0.4508984815330494	0.08620118029308925	0.08620118029308925	0.08620118029308925	0.3182812810821507	1.0476758835621003	0.2033	0.389	0.389	0.6012	0.6012	0.1149	0.1149	0.1149	0.4244	1.3969	-0.11272462038326601	-0.21218752072144367	-0.20555666069889947	0.13261720045089861	0.7691797626152148	f	t	f	t	f	\N	155.4	2026-10-04 19:44:10.33217+00	2026-10-04 19:54:59.15034+00	2026-10-04 20:27:29.207095+00	2026-10-04 21:26:47.390333+00	2026-10-04 23:26:00.44726+00	t	2026-10-04 19:44:11.269324+00	2026-10-04 23:26:01.382833+00
7594	ME_SHORT_GEOM_A_V1	375504835	NILUSDT	SHORT	2026-10-05 07:12:00.625382+00	2026-10-05 07:12:00.668201+00	14.201834862385315	14.201834862385315	14.201834862385315	14.201834862385315	14.201834862385315	0.0	0.0	0.0	0.0	0.0	71.0092	71.0092	71.0092	71.0092	71.0092	0.0	0.0	0.0	0.0	0.0	-10.321100917431188	-12.04587155963303	-8.348623853211008	-9.522935779816514	-11.220183486238538	t	f	t	f	f	8.0	\N	2026-10-05 07:31:21.884417+00	2026-10-05 07:42:11.323988+00	2026-10-05 08:14:39.273045+00	2026-10-05 09:14:10.239609+00	2026-10-05 11:13:09.998175+00	t	2026-10-05 07:31:22.074551+00	2026-10-05 11:13:10.55958+00
7595	ME_SHORT_GEOM_B_V1	375504835	NILUSDT	SHORT	2026-10-05 07:12:00.625382+00	2026-10-05 07:12:00.668201+00	14.201834862385315	14.201834862385315	14.201834862385315	14.201834862385315	14.201834862385315	0.0	0.0	0.0	0.0	0.0	18.9358	18.9358	18.9358	18.9358	18.9358	0.0	0.0	0.0	0.0	0.0	-10.321100917431188	-12.073394495412849	-8.348623853211008	-9.660550458715594	-11.220183486238538	t	f	t	f	f	8.0	\N	2026-10-05 07:31:22.811857+00	2026-10-05 07:42:12.446106+00	2026-10-05 08:14:40.008562+00	2026-10-05 09:14:11.164544+00	2026-10-05 11:13:11.112608+00	t	2026-10-05 07:31:23.508285+00	2026-10-05 11:13:11.489383+00
7367	ME_SHORT_GEOM_A_V1	380036248	XAUUSDT	SHORT	2026-10-05 01:40:56.40021+00	2026-10-05 01:40:56.442276+00	0.14027772106352002	0.14027772106352002	0.14027772106352002	0.5164333909016446	0.7912239951767646	0.0662956352971466	0.11121333022672888	0.11121333022672888	0.11121333022672888	0.11121333022672888	0.7014	0.7014	0.7014	2.5822	3.9561	0.3315	0.5561	0.5561	0.5561	0.5561	0.05764837851924461	0.09343841351663101	-0.0975218403284132	-0.33460079698884004	-0.5013006915403381	t	f	t	f	f	69.1	\N	2026-10-05 01:57:59.866171+00	2026-10-05 02:14:21.451523+00	2026-10-05 02:41:16.350659+00	2026-10-05 03:45:26.596025+00	2026-10-05 05:43:44.864751+00	t	2026-10-05 01:58:00.423312+00	2026-10-05 05:43:45.05125+00
7368	ME_SHORT_GEOM_B_V1	380036248	XAUUSDT	SHORT	2026-10-05 01:40:56.40021+00	2026-10-05 01:40:56.442276+00	0.14027772106352002	0.14027772106352002	0.14027772106352002	0.5164333909016446	0.7912239951767646	0.0662956352971466	0.11121333022672888	0.11121333022672888	0.11121333022672888	0.11121333022672888	0.187	0.187	0.187	0.6886	1.055	0.0884	0.1483	0.1483	0.1483	0.1483	0.05764837851924461	0.07542329522936435	-0.10208567029451115	-0.33460079698884004	-0.5013006915403381	t	f	t	f	f	69.1	\N	2026-10-05 01:58:02.059141+00	2026-10-05 02:14:23.963199+00	2026-10-05 02:41:18.196637+00	2026-10-05 03:45:28.576206+00	2026-10-05 05:43:45.965021+00	t	2026-10-05 01:58:02.252506+00	2026-10-05 05:43:46.333986+00
5693	ME_SHORT_GEOM_A_V1	386075798	USELESSUSDT	SHORT	2026-10-04 02:12:18.966007+00	2026-10-04 02:12:19.042283+00	1.007053451298569	1.5248501651241464	2.3280466424756363	2.3606637583071675	2.3606637583071675	0.0	0.0	0.0	0.0	0.0	5.0353	7.6243	11.6402	11.8033	11.8033	0.0	0.0	0.0	0.0	0.0	-0.9255106617197352	-1.3739960044033042	-1.8469441839605245	-1.2109104252456477	-1.8020956496921678	f	f	f	f	f	\N	\N	2026-10-04 02:31:20.829474+00	2026-10-04 02:47:27.703433+00	2026-10-04 03:14:22.889071+00	2026-10-04 04:13:39.192614+00	2026-10-04 06:17:07.094747+00	t	2026-10-04 02:31:21.386339+00	2026-10-04 06:17:07.834033+00
5694	ME_SHORT_GEOM_B_V1	386075798	USELESSUSDT	SHORT	2026-10-04 02:12:18.966007+00	2026-10-04 02:12:19.042283+00	1.007053451298569	1.5248501651241464	2.3280466424756363	2.3606637583071675	2.3606637583071675	0.0	0.0	0.0	0.0	0.0	1.3427	2.0331	3.1041	3.1476	3.1476	0.0	0.0	0.0	0.0	0.0	-0.9255106617197352	-1.3739960044033042	-1.8469441839605245	-1.1171362172299883	-1.8020956496921678	f	f	f	f	f	\N	\N	2026-10-04 02:31:21.388786+00	2026-10-04 02:47:28.26685+00	2026-10-04 03:14:23.448866+00	2026-10-04 04:13:39.752376+00	2026-10-04 06:17:07.836749+00	t	2026-10-04 02:31:21.943207+00	2026-10-04 06:17:08.576911+00
7423	ME_SHORT_GEOM_A_V1	386208500	HBARUSDT	SHORT	2026-10-05 03:41:24.523094+00	2026-10-05 03:41:24.565231+00	0.5743825387708246	0.8711468504690736	1.9146084625694064	1.9146084625694064	1.9146084625694064	0.01914608462569991	0.01914608462569991	0.01914608462569991	0.01914608462569991	0.01914608462569991	2.8719	4.3557	9.573	9.573	9.573	0.0957	0.0957	0.0957	0.0957	0.0957	-0.40206777713957853	-0.660539919586441	-1.368945050737125	-1.3497989661114251	-0.27761822707256234	t	f	t	f	f	48.6	\N	2026-10-05 04:01:32.181873+00	2026-10-05 04:12:17.195863+00	2026-10-05 04:44:33.093009+00	2026-10-05 05:43:44.864751+00	2026-10-05 07:42:11.323988+00	t	2026-10-05 04:01:32.372078+00	2026-10-05 07:42:11.698182+00
7424	ME_SHORT_GEOM_B_V1	386208500	HBARUSDT	SHORT	2026-10-05 03:41:24.523094+00	2026-10-05 03:41:24.565231+00	0.5743825387708246	0.8711468504690736	1.9146084625694064	1.9146084625694064	1.9146084625694064	0.01914608462569991	0.01914608462569991	0.01914608462569991	0.01914608462569991	0.01914608462569991	0.7658	1.1615	2.5528	2.5528	2.5528	0.0255	0.0255	0.0255	0.0255	0.0255	-0.40206777713957853	-0.660539919586441	-1.368945050737125	-1.3497989661114251	-0.27761822707256234	t	f	t	f	f	48.6	\N	2026-10-05 04:01:33.826241+00	2026-10-05 04:12:18.654033+00	2026-10-05 04:44:34.375325+00	2026-10-05 05:43:45.965021+00	2026-10-05 07:42:12.446106+00	t	2026-10-05 04:01:34.883383+00	2026-10-05 07:42:13.012395+00
1716	ME_SHORT_GEOM_A_V1	388007803	USUSDT	SHORT	2026-09-30 21:48:06.224189+00	2026-09-30 21:48:06.252382+00	5.663847002574475	5.663847002574475	5.663847002574475	5.663847002574475	8.017653549098926	0.0	0.0	0.0	0.0	0.0	28.3192	28.3192	28.3192	28.3192	40.0883	0.0	0.0	0.0	0.0	0.0	-4.192717910996685	-2.942258183155567	-3.126149319602795	-1.1401250459727759	-6.362633321073921	f	f	f	f	f	\N	\N	2026-09-30 22:07:03.938762+00	2026-09-30 22:23:10.593992+00	2026-09-30 22:50:01.11154+00	2026-09-30 23:49:33.37957+00	2026-10-01 01:48:50.809483+00	t	2026-09-30 22:07:04.133454+00	2026-10-01 01:48:51.205468+00
1717	ME_SHORT_GEOM_B_V1	388007803	USUSDT	SHORT	2026-09-30 21:48:06.224189+00	2026-09-30 21:48:06.252382+00	5.663847002574475	5.663847002574475	5.663847002574475	5.663847002574475	8.017653549098926	0.0	0.0	0.0	0.0	0.0	7.5518	7.5518	7.5518	7.5518	10.6902	0.0	0.0	0.0	0.0	0.0	-4.192717910996685	-2.942258183155567	-3.126149319602795	-1.1401250459727759	-6.362633321073921	f	f	f	f	f	\N	\N	2026-09-30 22:07:04.32936+00	2026-09-30 22:23:10.98541+00	2026-09-30 22:50:01.698979+00	2026-09-30 23:49:33.976593+00	2026-10-01 01:48:51.399748+00	t	2026-09-30 22:07:04.522596+00	2026-10-01 01:48:51.798484+00
3745	ME_SHORT_GEOM_A_V1	389343869	HYPEUSDT	SHORT	2026-10-02 10:54:07.060367+00	2026-10-02 10:54:07.084472+00	0.35118525021949887	0.35118525021949887	0.35118525021949887	0.6365232660228252	1.8546971027216832	0.2524143985952478	0.32923617208076944	0.32923617208076944	0.32923617208076944	0.4170324846356403	1.7559	1.7559	1.7559	3.1826	9.2735	1.2621	1.6462	1.6462	1.6462	2.0852	0.21949078138716926	0.010974539069349105	-0.14266900790167872	-0.13169446883231403	-1.7339771729587339	f	t	f	t	f	\N	10.9	2026-10-02 11:12:44.865405+00	2026-10-02 11:28:53.799315+00	2026-10-02 11:55:53.921592+00	2026-10-02 12:56:58.282524+00	2026-10-02 14:59:14.290479+00	t	2026-10-02 11:12:45.280682+00	2026-10-02 14:59:14.677947+00
3746	ME_SHORT_GEOM_B_V1	389343869	HYPEUSDT	SHORT	2026-10-02 10:54:07.060367+00	2026-10-02 10:54:07.084472+00	0.35118525021949887	0.35118525021949887	0.35118525021949887	0.6365232660228252	1.8546971027216832	0.2524143985952478	0.32923617208076944	0.32923617208076944	0.32923617208076944	0.4170324846356403	0.4682	0.4682	0.4682	0.8487	2.4729	0.3366	0.439	0.439	0.439	0.556	0.21949078138716926	0.010974539069349105	-0.14266900790167872	-0.13169446883231403	-1.7339771729587339	f	f	f	f	f	\N	\N	2026-10-02 11:12:45.283303+00	2026-10-02 11:28:54.172741+00	2026-10-02 11:55:54.483451+00	2026-10-02 12:56:59.398489+00	2026-10-02 14:59:16.149446+00	t	2026-10-02 11:12:45.653225+00	2026-10-02 14:59:16.529466+00
764	ME_SHORT_GEOM_A_V1	392683745	SOONUSDT	SHORT	2026-09-29 23:36:51.074009+00	2026-09-29 23:36:51.100691+00	4.765193370165745	5.801104972375691	6.468692449355435	7.8499079189686976	11.279926335174952	0.0	0.0	0.0	0.0	0.0	23.826	29.0055	32.3435	39.2495	56.3996	0.0	0.0	0.0	0.0	0.0	-3.867403314917123	-3.9825046040515613	-2.025782688766121	-6.399631675874767	-6.307550644567226	f	f	f	f	f	\N	\N	2026-09-29 23:54:01.53243+00	2026-09-30 00:09:49.388748+00	2026-09-30 00:41:32.491607+00	2026-09-30 01:40:00.383463+00	2026-09-30 03:37:29.28627+00	t	2026-09-29 23:54:01.720437+00	2026-09-30 03:37:29.471058+00
765	ME_SHORT_GEOM_B_V1	392683745	SOONUSDT	SHORT	2026-09-29 23:36:51.074009+00	2026-09-29 23:36:51.100691+00	4.765193370165745	5.801104972375691	6.468692449355435	7.8499079189686976	11.279926335174952	0.0	0.0	0.0	0.0	0.0	6.3536	7.7348	8.6249	10.4665	15.0399	0.0	0.0	0.0	0.0	0.0	-3.867403314917123	-3.9825046040515613	-2.025782688766121	-6.399631675874767	-6.261510128913445	f	f	f	f	f	\N	\N	2026-09-29 23:54:01.902422+00	2026-09-30 00:09:49.752636+00	2026-09-30 00:41:33.223931+00	2026-09-30 01:40:01.142345+00	2026-09-30 03:37:30.329791+00	t	2026-09-29 23:54:02.087007+00	2026-09-30 03:37:30.513988+00
6275	ME_SHORT_GEOM_A_V1	396892869	NEARUSDT	SHORT	2026-10-04 11:23:28.562181+00	2026-10-04 11:23:28.595164+00	1.1340623734305397	1.4783313082219423	1.7618469015795817	1.8833535844471443	2.187120291616032	0.0	0.0	0.0	0.0	0.0	5.6703	7.3917	8.8092	9.4168	10.9356	0.0	0.0	0.0	0.0	0.0	-1.093560145808007	-1.2758201701093506	-0.9518023491291963	-1.7213446739570668	-1.6200891049007708	f	f	f	f	f	\N	\N	2026-10-04 11:40:09.041881+00	2026-10-04 11:56:24.463097+00	2026-10-04 12:23:34.801674+00	2026-10-04 13:28:29.808401+00	2026-10-04 15:28:04.216691+00	t	2026-10-04 11:40:10.268363+00	2026-10-04 15:28:04.777041+00
6276	ME_SHORT_GEOM_B_V1	396892869	NEARUSDT	SHORT	2026-10-04 11:23:28.562181+00	2026-10-04 11:23:28.595164+00	1.1340623734305397	1.4783313082219423	1.7618469015795817	1.8833535844471443	2.187120291616032	0.0	0.0	0.0	0.0	0.0	1.5121	1.9711	2.3491	2.5111	2.9162	0.0	0.0	0.0	0.0	0.0	-1.093560145808007	-1.2758201701093506	-0.9518023491291963	-1.7213446739570668	-1.6200891049007708	f	f	f	f	f	\N	\N	2026-10-04 11:40:10.45524+00	2026-10-04 11:56:25.590329+00	2026-10-04 12:23:35.735775+00	2026-10-04 13:28:30.73426+00	2026-10-04 15:28:05.70073+00	t	2026-10-04 11:40:11.3648+00	2026-10-04 15:28:06.260428+00
6869	ME_SHORT_GEOM_A_V1	399679040	BTCUSDT	SHORT	2026-10-04 19:44:35.494472+00	2026-10-04 19:44:35.543792+00	0.20489863186624072	0.23867826940721656	0.23867826940721656	0.23867826940721656	0.23867826940721656	0.0	0.0	0.2224313157110414	0.56969534039705	1.4252903120233233	1.0245	1.1934	1.1934	1.1934	1.1934	0.0	0.0	1.1122	2.8485	7.1265	-0.1980024428872756	-0.1718203016790467	0.19543098259004155	0.46181089247205676	1.1038577748686442	f	t	f	t	f	\N	55.4	2026-10-04 20:00:27.586676+00	2026-10-04 20:16:45.548646+00	2026-10-04 20:49:00.775061+00	2026-10-04 21:48:24.235882+00	2026-10-04 23:47:32.685568+00	t	2026-10-04 20:00:28.324195+00	2026-10-04 23:47:33.427404+00
6870	ME_SHORT_GEOM_B_V1	399679040	BTCUSDT	SHORT	2026-10-04 19:44:35.494472+00	2026-10-04 19:44:35.543792+00	0.20489863186624072	0.23867826940721656	0.23867826940721656	0.23867826940721656	0.23867826940721656	0.0	0.0	0.2224313157110414	0.56969534039705	1.4252903120233233	0.2732	0.3182	0.3182	0.3182	0.3182	0.0	0.0	0.2966	0.7596	1.9004	-0.1980024428872756	-0.1718203016790467	0.19543098259004155	0.46181089247205676	1.1038577748686442	f	t	f	t	f	\N	135.4	2026-10-04 20:00:28.507874+00	2026-10-04 20:16:46.474929+00	2026-10-04 20:49:01.515427+00	2026-10-04 21:48:25.344735+00	2026-10-04 23:47:34.16294+00	t	2026-10-04 20:00:29.251772+00	2026-10-04 23:47:34.730703+00
7786	ME_SHORT_GEOM_A_V1	400682355	ADAUSDT	SHORT	2026-10-05 11:12:25.898207+00	2026-10-05 11:12:25.941705+00	1.2704174228675147	1.4882032667876761	1.4882032667876761	1.7785843920145243	2.8675136116152515	0.0	0.0	0.0	0.0	0.4718693284936362	6.3521	7.441	7.441	8.8929	14.3376	0.0	0.0	0.0	0.0	2.3593	-0.6170598911070907	-1.343012704174242	-1.3067150635208884	-0.25408348457351504	-2.64972776769511	f	t	f	t	f	\N	122.6	2026-10-05 11:29:12.379246+00	2026-10-05 11:45:14.644888+00	2026-10-05 12:17:20.122366+00	2026-10-05 13:16:36.011383+00	2026-10-05 15:16:51.128593+00	t	2026-10-05 11:29:12.884881+00	2026-10-05 15:16:51.315879+00
7787	ME_SHORT_GEOM_B_V1	400682355	ADAUSDT	SHORT	2026-10-05 11:12:25.898207+00	2026-10-05 11:12:25.941705+00	1.2704174228675147	1.4882032667876761	1.4882032667876761	1.7785843920145243	2.8675136116152515	0.0	0.0	0.0	0.0	0.4718693284936362	1.6939	1.9843	1.9843	2.3714	3.8234	0.0	0.0	0.0	0.0	0.6292	-0.6170598911070907	-1.343012704174242	-1.3067150635208884	-0.25408348457351504	-2.64972776769511	f	f	f	f	f	\N	\N	2026-10-05 11:29:13.971023+00	2026-10-05 11:45:15.569719+00	2026-10-05 12:17:21.36246+00	2026-10-05 13:16:37.1263+00	2026-10-05 15:16:51.689704+00	t	2026-10-05 11:29:14.162551+00	2026-10-05 15:16:52.067568+00
8411	ME_SHORT_GEOM_A_V1	405285085	ZROUSDT	SHORT	2026-10-05 23:24:26.921048+00	2026-10-05 23:24:26.9545+00	0.5892057506481346	0.5892057506481346	0.6410558567051745	3.7426349281169045	3.7426349281169045	0.04713646005184491	1.4989394296488356	3.158142823473944	3.158142823473944	3.158142823473944	2.946	2.946	3.2053	18.7132	18.7132	0.2357	7.4947	15.7907	15.7907	15.7907	-0.3488098043836942	1.2208343153429193	0.3912326184303441	-2.149422578364379	0.6976196087673675	f	t	f	t	f	\N	15.6	2026-10-05 23:40:44.827337+00	2026-10-05 23:56:59.733953+00	2026-10-06 00:29:18.97286+00	2026-10-06 01:28:50.499509+00	2026-10-06 03:28:27.485766+00	t	2026-10-05 23:40:45.329139+00	2026-10-06 03:28:27.670684+00
8412	ME_SHORT_GEOM_B_V1	405285085	ZROUSDT	SHORT	2026-10-05 23:24:26.921048+00	2026-10-05 23:24:26.9545+00	0.5892057506481346	0.5892057506481346	0.6410558567051745	3.7426349281169045	3.7426349281169045	0.04713646005184491	1.4989394296488356	3.158142823473944	3.158142823473944	3.158142823473944	0.7856	0.7856	0.8547	4.9902	4.9902	0.0628	1.9986	4.2109	4.2109	4.2109	-0.3488098043836942	1.2208343153429193	0.3912326184303441	-2.149422578364379	0.6976196087673675	f	t	f	t	f	\N	25.6	2026-10-05 23:40:45.332317+00	2026-10-05 23:56:59.928244+00	2026-10-06 00:29:19.523708+00	2026-10-06 01:28:51.051565+00	2026-10-06 03:28:28.350684+00	t	2026-10-05 23:40:45.5188+00	2026-10-06 03:28:28.543074+00
8195	ME_SHORT_GEOM_A_V1	412527593	NEARUSDT	SHORT	2026-10-05 19:28:43.68378+00	2026-10-05 19:28:43.738985+00	0.5769230769230818	0.9230769230769239	0.9230769230769239	0.9230769230769239	0.9230769230769239	0.1923076923076882	0.1923076923076882	0.8653846153846141	1.8461538461538478	2.384615384615378	2.8846	4.6154	4.6154	4.6154	4.6154	0.9615	0.9615	4.3269	9.2308	11.9231	-0.42307692307692774	-0.11538461538461975	-0.28846153846154937	1.7115384615384521	-0.557692307692306	f	t	f	t	f	\N	31.3	2026-10-05 19:48:54.864089+00	2026-10-05 19:59:38.356144+00	2026-10-05 20:32:09.086099+00	2026-10-05 21:31:26.632485+00	2026-10-05 23:29:51.461997+00	t	2026-10-05 19:48:55.425905+00	2026-10-05 23:29:51.837656+00
8196	ME_SHORT_GEOM_B_V1	412527593	NEARUSDT	SHORT	2026-10-05 19:28:43.68378+00	2026-10-05 19:28:43.738985+00	0.5769230769230818	0.9230769230769239	0.9230769230769239	0.9230769230769239	0.9230769230769239	0.1923076923076882	0.1923076923076882	0.8653846153846141	1.8461538461538478	2.384615384615378	0.7692	1.2308	1.2308	1.2308	1.2308	0.2564	0.2564	1.1538	2.4615	3.1795	-0.42307692307692774	-0.11538461538461975	-0.28846153846154937	1.7115384615384521	-0.557692307692306	f	t	f	t	f	\N	46.3	2026-10-05 19:48:55.428488+00	2026-10-05 19:59:38.910568+00	2026-10-05 20:32:09.650435+00	2026-10-05 21:31:27.183519+00	2026-10-05 23:29:51.839895+00	t	2026-10-05 19:48:55.979297+00	2026-10-05 23:29:52.212043+00
9377	ME_SHORT_GEOM_A_V1	413344405	SPCXUSDT	SHORT	2026-10-06 16:56:03.111846+00	2026-10-06 16:56:03.143232+00	0.35029286780750274	0.8441483863558051	1.004938555185483	1.4873090616745004	1.579189158148616	0.0	0.0	0.0	0.0	0.0	1.7515	4.2207	5.0247	7.4365	7.8959	0.0	0.0	0.0	0.0	0.0	-0.275640289422298	-0.7867233260594787	-0.769495807970584	-1.0910761456299398	-1.4298840013781904	f	f	f	f	f	\N	\N	2026-10-06 17:12:02.421672+00	2026-10-06 17:28:07.703344+00	2026-10-06 17:59:57.834169+00	2026-10-06 18:58:11.441815+00	2026-10-06 20:59:28.246298+00	t	2026-10-06 17:12:02.619764+00	2026-10-06 20:59:28.438812+00
9378	ME_SHORT_GEOM_B_V1	413344405	SPCXUSDT	SHORT	2026-10-06 16:56:03.111846+00	2026-10-06 16:56:03.143232+00	0.35029286780750274	0.8441483863558051	1.004938555185483	1.4873090616745004	1.579189158148616	0.0	0.0	0.0	0.0	0.0	0.4671	1.1255	1.3399	1.9831	2.1056	0.0	0.0	0.0	0.0	0.0	-0.275640289422298	-0.7867233260594787	-0.769495807970584	-1.0910761456299398	-1.4298840013781904	f	f	f	f	f	\N	\N	2026-10-06 17:12:03.493854+00	2026-10-06 17:28:08.460436+00	2026-10-06 17:59:58.591317+00	2026-10-06 18:58:12.196146+00	2026-10-06 20:59:28.630205+00	t	2026-10-06 17:12:04.194315+00	2026-10-06 20:59:29.004151+00
9116	ME_SHORT_GEOM_A_V1	415260652	SPCXUSDT	SHORT	2026-10-06 12:20:56.173392+00	2026-10-06 12:20:56.223197+00	0.37112206436647516	0.37112206436647516	0.8002319512902265	0.8002319512902265	0.8002319512902265	0.0	0.0	0.0	2.2499275152218177	2.2499275152218177	1.8556	1.8556	4.0012	4.0012	4.0012	0.0	0.0	0.0	11.2496	11.2496	-0.13917077413741996	-0.1971585966946796	-0.4581037982023729	1.2351406204697153	0.5276891852711076	f	t	f	t	f	\N	69.1	2026-10-06 12:39:19.89666+00	2026-10-06 12:53:55.817445+00	2026-10-06 13:25:57.999356+00	2026-10-06 14:24:57.960517+00	2026-10-06 16:23:36.475905+00	t	2026-10-06 12:39:20.2947+00	2026-10-06 16:23:36.857807+00
9117	ME_SHORT_GEOM_B_V1	415260652	SPCXUSDT	SHORT	2026-10-06 12:20:56.173392+00	2026-10-06 12:20:56.223197+00	0.37112206436647516	0.37112206436647516	0.8002319512902265	0.8002319512902265	0.8002319512902265	0.0	0.0	0.0	2.2499275152218177	2.2499275152218177	0.4948	0.4948	1.067	1.067	1.067	0.0	0.0	0.0	2.9999	2.9999	-0.13917077413741996	-0.1971585966946796	-0.4581037982023729	1.2351406204697153	0.5276891852711076	f	t	f	t	f	\N	69.1	2026-10-06 12:39:20.662263+00	2026-10-06 12:53:56.569053+00	2026-10-06 13:25:58.742421+00	2026-10-06 14:24:59.035697+00	2026-10-06 16:23:37.435711+00	t	2026-10-06 12:39:21.046961+00	2026-10-06 16:23:37.812776+00
3006	ME_SHORT_GEOM_A_V1	419385148	MONUSDT	SHORT	2026-10-01 20:14:36.051855+00	2026-10-01 20:14:36.075957+00	3.206583427922812	4.795686719636768	4.795686719636768	5.73212258796822	5.987514188422249	0.0	0.0	0.0	0.0	0.0	16.0329	23.9784	23.9784	28.6606	29.9376	0.0	0.0	0.0	0.0	0.0	-2.5255391600454082	-4.483541430192957	-3.887627695800236	-4.824063564131669	-4.994324631101015	f	f	f	f	f	\N	\N	2026-10-01 20:34:05.328125+00	2026-10-01 20:45:00.535199+00	2026-10-01 21:17:47.707143+00	2026-10-01 22:17:34.29797+00	2026-10-02 00:16:22.326301+00	t	2026-10-01 20:34:05.511334+00	2026-10-02 00:16:22.515306+00
3007	ME_SHORT_GEOM_B_V1	419385148	MONUSDT	SHORT	2026-10-01 20:14:36.051855+00	2026-10-01 20:14:36.075957+00	3.206583427922812	4.795686719636768	4.795686719636768	5.73212258796822	5.987514188422249	0.0	0.0	0.0	0.0	0.0	4.2754	6.3942	6.3942	7.6428	7.9834	0.0	0.0	0.0	0.0	0.0	-2.5255391600454082	-4.483541430192957	-3.887627695800236	-4.824063564131669	-4.994324631101015	f	f	f	f	f	\N	\N	2026-10-01 20:34:05.872124+00	2026-10-01 20:45:01.403269+00	2026-10-01 21:17:48.268591+00	2026-10-01 22:17:34.843928+00	2026-10-02 00:16:22.519652+00	t	2026-10-01 20:34:06.058247+00	2026-10-02 00:16:23.024687+00
7432	ME_SHORT_GEOM_A_V1	422165386	AKTUSDT	SHORT	2026-10-05 03:51:26.681443+00	2026-10-05 03:51:26.726133+00	6.603550295857984	7.218934911242597	8.09467455621302	9.420118343195268	9.420118343195268	0.0	0.0	0.0	0.0	0.0	33.0178	36.0947	40.4734	47.1006	47.1006	0.0	0.0	0.0	0.0	0.0	-5.727810650887574	-6.662721893491126	-7.538461538461536	-9.14792899408283	-7.834319526627211	f	f	f	f	f	\N	\N	2026-10-05 04:06:53.652537+00	2026-10-05 04:22:59.76559+00	2026-10-05 04:55:20.965201+00	2026-10-05 05:54:29.366141+00	2026-10-05 07:53:00.636869+00	t	2026-10-05 04:06:55.061711+00	2026-10-05 07:53:01.007724+00
7433	ME_SHORT_GEOM_B_V1	422165386	AKTUSDT	SHORT	2026-10-05 03:51:26.681443+00	2026-10-05 03:51:26.726133+00	6.603550295857984	7.218934911242597	8.09467455621302	9.420118343195268	9.420118343195268	0.0	0.0	0.0	0.0	0.0	8.8047	9.6252	10.7929	12.5602	12.5602	0.0	0.0	0.0	0.0	0.0	-5.7396449704142	-6.603550295857984	-7.538461538461536	-9.06508875739645	-7.905325443786978	f	f	f	f	f	\N	\N	2026-10-05 04:06:55.425551+00	2026-10-05 04:23:01.231954+00	2026-10-05 04:55:22.248859+00	2026-10-05 05:54:30.287858+00	2026-10-05 07:53:01.377154+00	t	2026-10-05 04:06:57.022676+00	2026-10-05 07:53:01.562089+00
12183	ME_SHORT_GEOM_A_V1	427028984	NMRUSDT	SHORT	2026-10-07 02:37:50.369183+00	2026-10-07 02:37:50.406514+00	13.504930636804286	13.504930636804286	13.504930636804286	13.504930636804286	13.504930636804286	0.0	0.0	0.0	0.0	0.284138392110972	67.5247	67.5247	67.5247	67.5247	67.5247	0.0	0.0	0.0	0.0	1.4207	-10.485263802997387	-8.490723717198733	-7.799877430497531	-2.144966293386827	-7.85559084071536	f	t	f	t	f	\N	127.2	2026-10-07 02:56:25.121936+00	2026-10-07 03:12:44.933601+00	2026-10-07 03:39:52.748851+00	2026-10-07 04:39:36.226103+00	2026-10-07 06:42:18.677201+00	t	2026-10-07 02:56:25.676219+00	2026-10-07 06:42:18.881497+00
12184	ME_SHORT_GEOM_B_V1	427028984	NMRUSDT	SHORT	2026-10-07 02:37:50.369183+00	2026-10-07 02:37:50.406514+00	13.504930636804286	13.504930636804286	13.504930636804286	13.504930636804286	13.504930636804286	0.0	0.0	0.0	0.0	0.284138392110972	18.0066	18.0066	18.0066	18.0066	18.0066	0.0	0.0	0.0	0.0	0.3789	-10.485263802997387	-8.490723717198733	-7.727449997214331	-2.144966293386827	-7.85559084071536	f	f	f	f	f	\N	\N	2026-10-07 02:56:25.68007+00	2026-10-07 03:12:45.489095+00	2026-10-07 03:39:53.130845+00	2026-10-07 04:39:36.417555+00	2026-10-07 06:42:18.886327+00	t	2026-10-07 02:56:26.236521+00	2026-10-07 06:42:19.085935+00
7041	ME_SHORT_GEOM_A_V1	433361786	KLACUSDT	SHORT	2026-10-04 21:45:16.933559+00	2026-10-04 21:45:16.978534+00	0.1494047905923188	0.1494047905923188	0.1494047905923188	0.1494047905923188	0.35664369367198856	0.0	0.24579497807122797	0.2602535061930657	0.35664369367197485	1.7976769964817532	0.747	0.747	0.747	0.747	1.7832	0.0	1.229	1.3013	1.7832	8.9884	-0.1494047905923188	-0.03855607499157188	0.07711214998313007	0.22651694057544886	1.7687599402380776	f	t	f	t	f	\N	19.7	2026-10-04 22:04:38.928477+00	2026-10-04 22:15:31.648803+00	2026-10-04 22:48:07.44367+00	2026-10-04 23:47:32.685568+00	2026-10-05 01:47:04.597493+00	t	2026-10-04 22:04:39.129297+00	2026-10-05 01:47:04.789466+00
7042	ME_SHORT_GEOM_B_V1	433361786	KLACUSDT	SHORT	2026-10-04 21:45:16.933559+00	2026-10-04 21:45:16.978534+00	0.1494047905923188	0.1494047905923188	0.1494047905923188	0.1494047905923188	0.35664369367198856	0.0	0.24579497807122797	0.2602535061930657	0.35664369367197485	1.7976769964817532	0.1992	0.1992	0.1992	0.1992	0.4755	0.0	0.3277	0.347	0.4755	2.3969	-0.1494047905923188	-0.03855607499157188	0.07711214998313007	0.22651694057544886	1.7687599402380776	f	t	f	t	f	\N	144.7	2026-10-04 22:04:40.059581+00	2026-10-04 22:15:32.951933+00	2026-10-04 22:48:08.734468+00	2026-10-04 23:47:34.16294+00	2026-10-05 01:47:06.803094+00	t	2026-10-04 22:04:40.569851+00	2026-10-05 01:47:07.720836+00
531	ME_SHORT_GEOM_A_V1	433712819	GRASSUSDT	SHORT	2026-09-29 14:57:09.631329+00	2026-09-29 14:57:09.653094+00	2.5268210050818785	3.162055335968376	5.053642010163757	7.5239977413890475	7.905138339920955	0.0	0.0	0.0	0.0	0.0	12.6341	15.8103	25.2682	37.62	39.5257	0.0	0.0	0.0	0.0	0.0	-1.581027667984188	-1.990400903444382	-3.5149632975719975	-4.799548277809151	-5.759457933370985	f	f	f	f	f	\N	\N	2026-09-29 15:17:26.806729+00	2026-09-29 15:28:16.553894+00	2026-09-29 16:00:47.145302+00	2026-09-29 16:59:26.668112+00	2026-09-29 19:00:21.681491+00	t	2026-09-29 15:17:27.208227+00	2026-09-29 19:00:21.86448+00
532	ME_SHORT_GEOM_B_V1	433712819	GRASSUSDT	SHORT	2026-09-29 14:57:09.631329+00	2026-09-29 14:57:09.653094+00	2.5268210050818785	3.162055335968376	5.053642010163757	7.5239977413890475	7.905138339920955	0.0	0.0	0.0	0.0	0.0	3.3691	4.2161	6.7382	10.032	10.5402	0.0	0.0	0.0	0.0	0.0	-1.581027667984188	-1.948051948051953	-3.5149632975719975	-4.799548277809151	-5.759457933370985	f	f	f	f	f	\N	\N	2026-09-29 15:17:27.210179+00	2026-09-29 15:28:16.923737+00	2026-09-29 16:00:47.524521+00	2026-09-29 16:59:27.221501+00	2026-09-29 19:00:22.22813+00	t	2026-09-29 15:17:27.603104+00	2026-09-29 19:00:22.411516+00
2169	ME_SHORT_GEOM_A_V1	438192658	NEARUSDT	SHORT	2026-10-01 06:08:50.482315+00	2026-10-01 06:08:50.517589+00	0.6877828054298689	1.176470588235301	1.6832579185520355	4.868778280542988	7.782805429864263	0.05429864253392263	0.05429864253392263	0.05429864253392263	0.05429864253392263	0.05429864253392263	3.4389	5.8824	8.4163	24.3439	38.914	0.2715	0.2715	0.2715	0.2715	0.2715	-0.5248868778280527	-1.0316742081448034	-0.8506787330316851	-4.8144796380090495	-6.895927601809958	t	f	t	f	f	136.2	\N	2026-10-01 06:23:58.346654+00	2026-10-01 06:44:08.019198+00	2026-10-01 07:11:12.099865+00	2026-10-01 08:10:24.667421+00	2026-10-01 10:14:10.683321+00	t	2026-10-01 06:23:58.715403+00	2026-10-01 10:14:11.182001+00
2170	ME_SHORT_GEOM_B_V1	438192658	NEARUSDT	SHORT	2026-10-01 06:08:50.482315+00	2026-10-01 06:08:50.517589+00	0.6877828054298689	1.176470588235301	1.6832579185520355	4.868778280542988	7.782805429864263	0.05429864253392263	0.05429864253392263	0.05429864253392263	0.05429864253392263	0.05429864253392263	0.917	1.5686	2.2443	6.4917	10.3771	0.0724	0.0724	0.0724	0.0724	0.0724	-0.5248868778280527	-1.0316742081448034	-0.8506787330316851	-4.8144796380090495	-6.895927601809958	t	f	t	f	f	136.2	\N	2026-10-01 06:23:58.718397+00	2026-10-01 06:44:08.385203+00	2026-10-01 07:11:12.472519+00	2026-10-01 08:10:24.85548+00	2026-10-01 10:14:11.1843+00	t	2026-10-01 06:23:59.081175+00	2026-10-01 10:14:11.380388+00
3762	ME_SHORT_GEOM_A_V1	439586831	HYPEUSDT	SHORT	2026-10-02 11:04:10.363557+00	2026-10-02 11:04:10.391902+00	0.30728709394205567	0.30728709394205567	0.5158033362598758	0.6365232660228252	1.9424934152765694	0.32923617208076944	0.32923617208076944	0.32923617208076944	0.32923617208076944	0.4170324846356403	1.5364	1.5364	2.579	3.1826	9.7125	1.6462	1.6462	1.6462	1.6462	2.0852	0.10974539069358463	-0.10974539069360022	-0.30728709394205567	0.010974539069349105	-1.8107989464442555	f	t	f	t	f	\N	0.8	2026-10-02 11:23:28.549675+00	2026-10-02 11:34:17.4492+00	2026-10-02 12:06:44.405615+00	2026-10-02 13:07:58.082677+00	2026-10-02 15:04:49.79166+00	t	2026-10-02 11:23:28.916856+00	2026-10-02 15:04:49.982315+00
3763	ME_SHORT_GEOM_B_V1	439586831	HYPEUSDT	SHORT	2026-10-02 11:04:10.363557+00	2026-10-02 11:04:10.391902+00	0.30728709394205567	0.30728709394205567	0.5158033362598758	0.6365232660228252	1.9424934152765694	0.32923617208076944	0.32923617208076944	0.32923617208076944	0.32923617208076944	0.4170324846356403	0.4097	0.4097	0.6877	0.8487	2.59	0.439	0.439	0.439	0.439	0.556	0.10974539069358463	-0.10974539069360022	-0.30728709394205567	0.010974539069349105	-1.82177348551362	f	f	f	f	f	\N	\N	2026-10-02 11:23:28.920324+00	2026-10-02 11:34:17.829148+00	2026-10-02 12:06:44.962369+00	2026-10-02 13:07:59.518422+00	2026-10-02 15:04:51.660983+00	t	2026-10-02 11:23:29.285823+00	2026-10-02 15:04:52.04783+00
3819	ME_SHORT_GEOM_A_V1	447224520	XRPUSDT	SHORT	2026-10-02 11:29:11.333938+00	2026-10-02 11:29:11.357108+00	0.738341968911922	0.8613989637305758	1.1334196891191755	1.1334196891191755	2.7137305699481895	0.0	0.0	0.0	0.8095854922279764	0.8095854922279764	3.6917	4.307	5.6671	5.6671	13.5687	0.0	0.0	0.0	4.0479	4.0479	-0.6606217616580302	-0.7772020725388608	-0.33031088082902227	-0.4080310880828998	-2.11787564766839	t	t	f	t	f	205.8	60.8	2026-10-02 11:45:04.06789+00	2026-10-02 12:01:19.615493+00	2026-10-02 12:33:50.28874+00	2026-10-02 13:30:04.08431+00	2026-10-02 15:32:39.12372+00	t	2026-10-02 11:45:04.256539+00	2026-10-02 15:32:39.498541+00
3820	ME_SHORT_GEOM_B_V1	447224520	XRPUSDT	SHORT	2026-10-02 11:29:11.333938+00	2026-10-02 11:29:11.357108+00	0.738341968911922	0.8613989637305758	1.1334196891191755	1.1334196891191755	2.7137305699481895	0.0	0.0	0.0	0.8095854922279764	0.8095854922279764	0.9845	1.1485	1.5112	1.5112	3.6183	0.0	0.0	0.0	1.0794	1.0794	-0.6606217616580302	-0.7772020725388608	-0.33031088082902227	-0.4080310880828998	-2.11787564766839	t	t	f	t	f	205.8	60.8	2026-10-02 11:45:04.626185+00	2026-10-02 12:01:20.178866+00	2026-10-02 12:33:50.860374+00	2026-10-02 13:30:05.39665+00	2026-10-02 15:32:41.15632+00	t	2026-10-02 11:45:04.814376+00	2026-10-02 15:32:41.344773+00
5984	ME_SHORT_GEOM_A_V1	452005399	STRKUSDT	SHORT	2026-10-04 06:57:48.438241+00	2026-10-04 06:57:48.465356+00	0.7262569832402133	0.7262569832402133	0.7262569832402133	0.7262569832402133	1.9553072625698238	1.3780260707635095	1.3780260707635095	5.605214152700197	5.605214152700197	5.605214152700197	3.6313	3.6313	3.6313	3.6313	9.7765	6.8901	6.8901	28.0261	28.0261	28.0261	-0.3165735567970141	0.35381750465549844	3.3147113594041038	0.5959031657355696	0.39106145251396995	f	t	f	t	f	\N	2.2	2026-10-04 07:15:49.51915+00	2026-10-04 07:31:50.595686+00	2026-10-04 07:58:27.047004+00	2026-10-04 09:02:40.946001+00	2026-10-04 11:02:10.877187+00	t	2026-10-04 07:15:49.717638+00	2026-10-04 11:02:11.381309+00
5985	ME_SHORT_GEOM_B_V1	452005399	STRKUSDT	SHORT	2026-10-04 06:57:48.438241+00	2026-10-04 06:57:48.465356+00	0.7262569832402133	0.7262569832402133	0.7262569832402133	0.7262569832402133	1.9553072625698238	1.3780260707635095	1.3780260707635095	5.605214152700197	5.605214152700197	5.605214152700197	0.9683	0.9683	0.9683	0.9683	2.6071	1.8374	1.8374	7.4736	7.4736	7.4736	-0.3165735567970141	0.35381750465549844	3.3147113594041038	0.5959031657355696	0.39106145251396995	f	t	f	t	f	\N	2.2	2026-10-04 07:15:50.270849+00	2026-10-04 07:31:51.338523+00	2026-10-04 07:58:27.786416+00	2026-10-04 09:02:41.878763+00	2026-10-04 11:02:12.30788+00	t	2026-10-04 07:15:50.467538+00	2026-10-04 11:02:13.184682+00
3825	ME_SHORT_GEOM_A_V1	464542579	HYPEUSDT	SHORT	2026-10-02 11:34:17.536832+00	2026-10-02 11:34:17.56172+00	0.4156639684970416	0.8422664624808532	0.8641435134543931	0.9625902428352607	2.625246116823458	0.0	0.0	0.0	0.0	0.0875082038941132	2.0783	4.2113	4.3207	4.813	13.1262	0.0	0.0	0.0	0.0	0.4375	-0.19689345876176637	-0.6344344782323325	-0.48129512141763037	-0.1859549332749964	-2.384598556114643	t	f	t	f	f	210.7	\N	2026-10-02 11:50:29.78426+00	2026-10-02 12:06:44.405615+00	2026-10-02 12:39:16.018374+00	2026-10-02 13:35:42.356205+00	2026-10-02 15:38:12.930496+00	t	2026-10-02 11:50:30.163533+00	2026-10-02 15:38:14.214008+00
3826	ME_SHORT_GEOM_B_V1	464542579	HYPEUSDT	SHORT	2026-10-02 11:34:17.536832+00	2026-10-02 11:34:17.56172+00	0.4156639684970416	0.8422664624808532	0.8641435134543931	0.9625902428352607	2.625246116823458	0.0	0.0	0.0	0.0	0.0875082038941132	0.5542	1.123	1.1522	1.2835	3.5003	0.0	0.0	0.0	0.0	0.1167	-0.19689345876176637	-0.6344344782323325	-0.48129512141763037	-0.1859549332749964	-2.384598556114643	t	f	t	f	f	210.7	\N	2026-10-02 11:50:30.346026+00	2026-10-02 12:06:44.962369+00	2026-10-02 12:39:17.087019+00	2026-10-02 13:35:43.66337+00	2026-10-02 15:38:15.320317+00	t	2026-10-02 11:50:30.720581+00	2026-10-02 15:38:16.618582+00
6647	ME_SHORT_GEOM_A_V1	471630326	XRPUSDT	SHORT	2026-10-04 15:59:04.666731+00	2026-10-04 15:59:04.691752+00	0.2989040185984836	0.3653271338425812	0.3653271338425812	0.40518100298903975	0.48488874128197174	0.0	0.0	0.0	0.0	0.25905014945201027	1.4945	1.8266	1.8266	2.0259	2.4244	0.0	0.0	0.0	0.0	1.2953	-0.1129192959149807	-0.30554633012289334	-0.16605778811027358	-0.3121886416473031	0.046496180670868345	f	t	f	t	f	\N	210.9	2026-10-04 16:17:14.819955+00	2026-10-04 16:33:36.629806+00	2026-10-04 17:00:50.242694+00	2026-10-04 18:00:56.844178+00	2026-10-04 20:00:27.586676+00	t	2026-10-04 16:17:16.066908+00	2026-10-04 20:00:27.774099+00
6648	ME_SHORT_GEOM_B_V1	471630326	XRPUSDT	SHORT	2026-10-04 15:59:04.666731+00	2026-10-04 15:59:04.691752+00	0.2989040185984836	0.3653271338425812	0.3653271338425812	0.40518100298903975	0.48488874128197174	0.0	0.0	0.0	0.0	0.25905014945201027	0.3985	0.4871	0.4871	0.5402	0.6465	0.0	0.0	0.0	0.0	0.3454	-0.1129192959149807	-0.30554633012289334	-0.16605778811027358	-0.3121886416473031	0.046496180670868345	f	f	f	f	f	\N	\N	2026-10-04 16:17:16.069392+00	2026-10-04 16:33:37.586168+00	2026-10-04 17:00:51.176278+00	2026-10-04 18:00:57.959159+00	2026-10-04 20:00:28.507874+00	t	2026-10-04 16:17:17.003727+00	2026-10-04 20:00:28.884419+00
1193	ME_SHORT_GEOM_A_V1	474829792	QNTUSDT	SHORT	2026-09-30 10:32:58.428462+00	2026-09-30 10:32:58.463428+00	1.9767480818842875	2.301738868227964	2.301738868227964	2.301738868227964	4.268435688678932	0.0	0.17422186484403182	9.77317653365496	9.77317653365496	9.77317653365496	9.8837	11.5087	11.5087	11.5087	21.3422	0.0	0.8711	48.8659	48.8659	48.8659	-1.5813984655074305	-0.9682715180755329	9.334271451067092	5.662210607431224	-3.4978389787918562	f	t	f	t	f	\N	32.0	2026-09-30 10:52:22.742689+00	2026-09-30 11:03:08.292415+00	2026-09-30 11:35:34.70263+00	2026-09-30 12:34:41.519902+00	2026-09-30 14:33:42.343352+00	t	2026-09-30 10:52:23.118249+00	2026-09-30 14:33:42.528337+00
1194	ME_SHORT_GEOM_B_V1	474829792	QNTUSDT	SHORT	2026-09-30 10:32:58.428462+00	2026-09-30 10:32:58.463428+00	1.9767480818842875	2.301738868227964	2.301738868227964	2.301738868227964	4.268435688678932	0.0	0.17422186484403182	9.77317653365496	9.77317653365496	9.77317653365496	2.6357	3.069	3.069	3.069	5.6912	0.0	0.2323	13.0309	13.0309	13.0309	-1.5813984655074305	-0.9280664723422918	9.334271451067092	5.65550976647569	-3.477736455925236	f	t	f	t	f	\N	32.0	2026-09-30 10:52:23.120568+00	2026-09-30 11:03:08.665164+00	2026-09-30 11:35:35.072883+00	2026-09-30 12:34:41.902234+00	2026-09-30 14:33:43.251176+00	t	2026-09-30 10:52:23.483074+00	2026-09-30 14:33:43.435824+00
8954	ME_SHORT_GEOM_A_V1	479197829	SPCXUSDT	SHORT	2026-10-06 08:40:45.477998+00	2026-10-06 08:40:45.523307+00	0.011583458820809819	0.011583458820809819	0.011583458820809819	0.011583458820809819	0.7297579057106399	0.14479323526004864	0.2837947411097006	0.2895864705200973	0.42279624695933615	0.4807135410633687	0.0579	0.0579	0.0579	0.0579	3.6488	0.724	1.419	1.4479	2.114	2.4036	0.08687594115603249	0.15058496467044533	0.14479323526004864	0.3359203058033201	-0.35329549403451016	f	t	f	t	f	\N	19.2	2026-10-06 09:00:15.307742+00	2026-10-06 09:11:04.309288+00	2026-10-06 09:43:07.232615+00	2026-10-06 10:41:56.200344+00	2026-10-06 12:42:26.149742+00	t	2026-10-06 09:00:16.735757+00	2026-10-06 12:42:26.53266+00
8955	ME_SHORT_GEOM_B_V1	479197829	SPCXUSDT	SHORT	2026-10-06 08:40:45.477998+00	2026-10-06 08:40:45.523307+00	0.011583458820809819	0.011583458820809819	0.011583458820809819	0.011583458820809819	0.7297579057106399	0.14479323526004864	0.2837947411097006	0.2895864705200973	0.42279624695933615	0.4807135410633687	0.0154	0.0154	0.0154	0.0154	0.973	0.1931	0.3784	0.3861	0.5637	0.641	0.08687594115603249	0.15058496467044533	0.14479323526004864	0.3359203058033201	-0.35329549403451016	f	f	f	f	f	\N	\N	2026-10-06 09:00:16.738771+00	2026-10-06 09:11:04.881241+00	2026-10-06 09:43:07.796987+00	2026-10-06 10:41:56.759137+00	2026-10-06 12:42:26.899182+00	t	2026-10-06 09:00:17.300348+00	2026-10-06 12:42:27.275386+00
6631	ME_SHORT_GEOM_A_V1	479478417	SOLUSDT	SHORT	2026-10-04 15:38:59.258402+00	2026-10-04 15:38:59.297474+00	0.40943334425155586	0.6059613494923101	0.6059613494923101	0.6059613494923101	0.7615460203078994	0.0	0.0	0.0	0.0	0.0	2.0472	3.0298	3.0298	3.0298	3.8077	0.0	0.0	0.0	0.0	0.0	-0.3848673435964616	-0.45856534556174444	-0.39305601048149685	-0.4258106780216264	-0.5404520144120626	f	f	f	f	f	\N	\N	2026-10-04 15:55:22.623996+00	2026-10-04 16:11:45.428773+00	2026-10-04 16:39:01.204093+00	2026-10-04 17:39:06.730763+00	2026-10-04 19:44:09.217661+00	t	2026-10-04 15:55:22.999547+00	2026-10-04 19:44:09.780385+00
6632	ME_SHORT_GEOM_B_V1	479478417	SOLUSDT	SHORT	2026-10-04 15:38:59.258402+00	2026-10-04 15:38:59.297474+00	0.40943334425155586	0.6059613494923101	0.6059613494923101	0.6059613494923101	0.7615460203078994	0.0	0.0	0.0	0.0	0.0	0.5459	0.8079	0.8079	0.8079	1.0154	0.0	0.0	0.0	0.0	0.0	-0.3848673435964616	-0.45856534556174444	-0.39305601048149685	-0.4258106780216264	-0.5404520144120626	f	f	f	f	f	\N	\N	2026-10-04 15:55:23.564143+00	2026-10-04 16:11:46.348865+00	2026-10-04 16:39:02.5775+00	2026-10-04 17:39:08.623612+00	2026-10-04 19:44:10.33217+00	t	2026-10-04 15:55:23.754857+00	2026-10-04 19:44:10.523983+00
4258	ME_SHORT_GEOM_A_V1	493072408	SPCXUSDT	SHORT	2026-10-02 17:12:11.036094+00	2026-10-02 17:12:11.060271+00	0.5503890681343737	0.5503890681343737	0.5503890681343737	0.5503890681343737	0.5503890681343737	0.0	0.0	0.48712595685456456	0.9489466691971913	1.2019991143164457	2.7519	2.7519	2.7519	2.7519	2.7519	0.0	0.0	2.4356	4.7447	6.01	-0.5314101347504292	-0.16448408932750738	0.47447333459859564	0.6073258682862074	0.5187575124944602	f	t	f	t	f	\N	37.8	2026-10-02 17:28:20.377822+00	2026-10-02 17:44:30.730383+00	2026-10-02 18:16:37.901065+00	2026-10-02 19:15:00.635831+00	2026-10-02 21:16:45.280249+00	t	2026-10-02 17:28:21.68532+00	2026-10-02 21:16:45.470465+00
4259	ME_SHORT_GEOM_B_V1	493072408	SPCXUSDT	SHORT	2026-10-02 17:12:11.036094+00	2026-10-02 17:12:11.060271+00	0.5503890681343737	0.5503890681343737	0.5503890681343737	0.5503890681343737	0.5503890681343737	0.0	0.0	0.48712595685456456	0.9489466691971913	1.2019991143164457	0.7339	0.7339	0.7339	0.7339	0.7339	0.0	0.0	0.6495	1.2653	1.6027	-0.5250838236224357	-0.16448408932750738	0.47447333459859564	0.6073258682862074	0.5187575124944602	f	t	f	t	f	\N	97.8	2026-10-02 17:28:21.68814+00	2026-10-02 17:44:32.064568+00	2026-10-02 18:16:38.658305+00	2026-10-02 19:15:01.198889+00	2026-10-02 21:16:45.655856+00	t	2026-10-02 17:28:23.000861+00	2026-10-02 21:16:46.025763+00
685	ME_SHORT_GEOM_A_V1	496162361	PUMPFUNUSDT	SHORT	2026-09-29 21:36:24.154835+00	2026-09-29 21:36:24.204166+00	2.9147602101338803	2.9147602101338803	2.9147602101338803	2.9147602101338803	3.4062023385866764	0.0	0.0	0.32197932553804304	2.2030164378918813	2.2030164378918813	14.5738	14.5738	14.5738	14.5738	17.031	0.0	0.0	1.6099	11.0151	11.0151	-1.559057786815795	-1.6776817488561282	-1.0506693780715206	0.1186239620403332	-0.5253346890357529	f	t	f	t	f	\N	43.6	2026-09-29 21:52:49.959262+00	2026-09-29 22:08:36.781538+00	2026-09-29 22:40:14.841649+00	2026-09-29 23:38:11.108411+00	2026-09-30 01:40:00.383463+00	t	2026-09-29 21:52:50.146151+00	2026-09-30 01:40:00.583764+00
686	ME_SHORT_GEOM_B_V1	496162361	PUMPFUNUSDT	SHORT	2026-09-29 21:36:24.154835+00	2026-09-29 21:36:24.204166+00	2.9147602101338803	2.9147602101338803	2.9147602101338803	2.9147602101338803	3.4062023385866764	0.0	0.0	0.32197932553804304	2.2030164378918813	2.2030164378918813	3.8863	3.8863	3.8863	3.8863	4.5416	0.0	0.0	0.4293	2.9374	2.9374	-1.559057786815795	-1.6776817488561282	-1.0506693780715206	0.13557024233181145	-0.5761735299101877	f	t	f	t	f	\N	83.6	2026-09-29 21:52:50.328369+00	2026-09-29 22:08:37.145665+00	2026-09-29 22:40:15.287796+00	2026-09-29 23:38:11.477302+00	2026-09-30 01:40:01.142345+00	t	2026-09-29 21:52:50.514907+00	2026-09-30 01:40:01.328053+00
9536	ME_SHORT_GEOM_A_V1	498206918	PONSUSDT	SHORT	2026-10-06 18:41:34.411826+00	2026-10-06 18:41:34.441447+00	1.9529411764705822	3.6941176470588215	5.435294117647061	5.435294117647061	7.152941176470584	0.0	0.0	0.0	0.0	0.0	9.7647	18.4706	27.1765	27.1765	35.7647	0.0	0.0	0.0	0.0	0.0	-1.69411764705882	-3.5999999999999956	-4.588235294117638	-4.282352941176469	-6.988235294117648	t	f	t	f	f	233.4	\N	2026-10-06 18:58:11.441815+00	2026-10-06 19:13:57.153893+00	2026-10-06 19:45:30.383485+00	2026-10-06 20:43:39.479328+00	2026-10-06 22:45:08.713483+00	t	2026-10-06 18:58:12.193584+00	2026-10-06 22:45:08.904144+00
9537	ME_SHORT_GEOM_B_V1	498206918	PONSUSDT	SHORT	2026-10-06 18:41:34.411826+00	2026-10-06 18:41:34.441447+00	1.9529411764705822	3.6941176470588215	5.435294117647061	5.435294117647061	7.152941176470584	0.0	0.0	0.0	0.0	0.0	2.6039	4.9255	7.2471	7.2471	9.5373	0.0	0.0	0.0	0.0	0.0	-1.69411764705882	-3.5999999999999956	-4.588235294117638	-4.282352941176469	-6.988235294117648	t	f	t	f	f	233.4	\N	2026-10-06 18:58:12.196146+00	2026-10-06 19:13:57.916576+00	2026-10-06 19:45:30.766407+00	2026-10-06 20:43:39.861189+00	2026-10-06 22:45:08.906738+00	t	2026-10-06 18:58:12.938693+00	2026-10-06 22:45:09.094427+00
8139	ME_SHORT_GEOM_A_V1	508603824	HYPEUSDT	SHORT	2026-10-05 18:18:32.196954+00	2026-10-05 18:18:32.238541+00	0.7128417916799679	1.170337269922326	1.2128949888285996	1.2128949888285996	1.2128949888285996	0.0	0.0	0.0	0.7022023619534109	1.2448132780083005	3.5642	5.8517	6.0645	6.0645	6.0645	0.0	0.0	0.0	3.511	6.2241	-0.6809235025002666	-1.0852218321097946	-0.6064474944142922	0.6277263538674364	1.2022555591020425	f	t	f	t	f	\N	96.5	2026-10-05 18:38:38.954595+00	2026-10-05 18:49:25.243313+00	2026-10-05 19:21:53.55361+00	2026-10-05 20:21:18.300967+00	2026-10-05 22:19:56.364752+00	t	2026-10-05 18:38:39.336877+00	2026-10-05 22:19:56.554136+00
8140	ME_SHORT_GEOM_B_V1	508603824	HYPEUSDT	SHORT	2026-10-05 18:18:32.196954+00	2026-10-05 18:18:32.238541+00	0.7128417916799679	1.170337269922326	1.2128949888285996	1.2128949888285996	1.2128949888285996	0.0	0.0	0.0	0.7022023619534109	1.2448132780083005	0.9505	1.5604	1.6172	1.6172	1.6172	0.0	0.0	0.0	0.9363	1.6598	-0.6809235025002666	-1.0852218321097946	-0.6064474944142922	0.6277263538674364	1.2022555591020425	f	t	f	t	f	\N	121.5	2026-10-05 18:38:39.339218+00	2026-10-05 18:49:25.613197+00	2026-10-05 19:21:53.928976+00	2026-10-05 20:21:19.16871+00	2026-10-05 22:19:56.916728+00	t	2026-10-05 18:38:39.708174+00	2026-10-05 22:19:57.102867+00
3863	ME_SHORT_GEOM_A_V1	512390773	HYPEUSDT	SHORT	2026-10-02 11:59:19.308051+00	2026-10-02 11:59:19.345946+00	0.7554193124589421	0.7773155244142851	0.875848478213266	1.0181738559229327	2.5618567987738157	0.0	0.0	0.0	0.1751696956426501	0.1751696956426501	3.7771	3.8866	4.3792	5.0909	12.8093	0.0	0.0	0.0	0.8758	0.8758	-0.39413181519597046	-0.6678344646376171	-0.5364571929056373	-0.875848478213266	-1.543682942850883	f	f	f	f	f	\N	\N	2026-10-02 12:17:31.624656+00	2026-10-02 12:33:50.28874+00	2026-10-02 13:02:27.055065+00	2026-10-02 14:03:27.309692+00	2026-10-02 16:00:29.313513+00	t	2026-10-02 12:17:32.003333+00	2026-10-02 16:00:30.562822+00
3864	ME_SHORT_GEOM_B_V1	512390773	HYPEUSDT	SHORT	2026-10-02 11:59:19.308051+00	2026-10-02 11:59:19.345946+00	0.7554193124589421	0.7773155244142851	0.875848478213266	1.0181738559229327	2.5618567987738157	0.0	0.0	0.0	0.1751696956426501	0.1751696956426501	1.0072	1.0364	1.1678	1.3576	3.4158	0.0	0.0	0.0	0.2336	0.2336	-0.39413181519597046	-0.6678344646376171	-0.5364571929056373	-0.875848478213266	-1.543682942850883	f	f	f	f	f	\N	\N	2026-10-02 12:17:32.199545+00	2026-10-02 12:33:50.860374+00	2026-10-02 13:02:28.170476+00	2026-10-02 14:03:29.015604+00	2026-10-02 16:00:32.575744+00	t	2026-10-02 12:17:32.570227+00	2026-10-02 16:00:35.015845+00
6037	ME_SHORT_GEOM_A_V1	515688270	ETHUSDT	SHORT	2026-10-04 08:02:55.051381+00	2026-10-04 08:02:55.096633+00	0.22426329323440536	0.35172760322761737	0.3576389915171518	0.37352584754528395	0.37352584754528395	0.0	0.0	0.0	0.0	0.0	1.1213	1.7586	1.7882	1.8676	1.8676	0.0	0.0	0.0	0.0	0.0	-0.2120710548872322	-0.2818993290574164	-0.35024975615523374	-0.18916442526526953	-0.2637957024207088	f	f	f	f	f	\N	\N	2026-10-04 08:19:47.547844+00	2026-10-04 08:35:52.179001+00	2026-10-04 09:08:06.906186+00	2026-10-04 10:07:45.791379+00	2026-10-04 12:07:17.185217+00	t	2026-10-04 08:19:48.47711+00	2026-10-04 12:07:17.371572+00
6038	ME_SHORT_GEOM_B_V1	515688270	ETHUSDT	SHORT	2026-10-04 08:02:55.051381+00	2026-10-04 08:02:55.096633+00	0.22426329323440536	0.35172760322761737	0.3576389915171518	0.37352584754528395	0.37352584754528395	0.0	0.0	0.0	0.0	0.0	0.299	0.469	0.4769	0.498	0.498	0.0	0.0	0.0	0.0	0.0	-0.2120710548872322	-0.2818993290574164	-0.35024975615523374	-0.18916442526526953	-0.2637957024207088	f	f	f	f	f	\N	\N	2026-10-04 08:19:48.661006+00	2026-10-04 08:35:53.607372+00	2026-10-04 09:08:08.334642+00	2026-10-04 10:07:46.904722+00	2026-10-04 12:07:18.28976+00	t	2026-10-04 08:19:49.779618+00	2026-10-04 12:07:18.663539+00
8887	ME_SHORT_GEOM_A_V1	517170622	AVAXUSDT	SHORT	2026-10-06 07:45:39.72091+00	2026-10-06 07:45:39.769555+00	0.0	0.22974286471679597	0.45948572943359195	0.7952637624812217	0.7952637624812217	0.4948307855438646	0.4948307855438646	0.7864274984536574	0.7864274984536574	1.634708845100296	0.0	1.1487	2.2974	3.9763	3.9763	2.4742	2.4742	3.9321	3.9321	8.1735	0.28276044888221286	-0.0971989043032695	0.30926924096492125	-0.18556154457895904	1.39612971635592	f	t	f	t	f	\N	4.3	2026-10-06 08:01:42.227751+00	2026-10-06 08:17:38.117107+00	2026-10-06 08:49:33.055498+00	2026-10-06 09:48:28.458825+00	2026-10-06 11:46:11.88044+00	t	2026-10-06 08:01:42.777264+00	2026-10-06 11:46:12.570105+00
8888	ME_SHORT_GEOM_B_V1	517170622	AVAXUSDT	SHORT	2026-10-06 07:45:39.72091+00	2026-10-06 07:45:39.769555+00	0.0	0.22974286471679597	0.45948572943359195	0.7952637624812217	0.7952637624812217	0.4948307855438646	0.4948307855438646	0.7864274984536574	0.7864274984536574	1.634708845100296	0.0	0.3063	0.6126	1.0604	1.0604	0.6598	0.6598	1.0486	1.0486	2.1796	0.28276044888221286	-0.0971989043032695	0.30926924096492125	-0.18556154457895904	1.4138022444110643	f	t	f	t	f	\N	54.3	2026-10-06 08:01:42.779879+00	2026-10-06 08:17:38.990501+00	2026-10-06 08:49:33.944792+00	2026-10-06 09:48:29.014188+00	2026-10-06 11:46:12.754929+00	t	2026-10-06 08:01:43.328816+00	2026-10-06 11:46:13.310257+00
5378	ME_SHORT_GEOM_A_V1	517597430	ZROUSDT	SHORT	2026-10-03 19:31:12.227922+00	2026-10-03 19:31:12.256463+00	3.5411424843910204	4.305283757338554	5.526046034852289	6.252912123753605	8.056099151989555	0.0	0.0	0.0	0.0	0.0	17.7057	21.5264	27.6302	31.2646	40.2805	0.0	0.0	0.0	0.0	0.0	-2.809616997483916	-4.123567235113215	-4.841114528002977	-5.241822756499852	-6.65362035225048	f	f	f	f	f	\N	\N	2026-10-03 19:48:46.60717+00	2026-10-03 20:04:30.493784+00	2026-10-03 20:36:01.152795+00	2026-10-03 21:33:57.495393+00	2026-10-03 23:35:46.117555+00	t	2026-10-03 19:48:46.977602+00	2026-10-03 23:35:46.306757+00
5379	ME_SHORT_GEOM_B_V1	517597430	ZROUSDT	SHORT	2026-10-03 19:31:12.227922+00	2026-10-03 19:31:12.256463+00	3.5411424843910204	4.305283757338554	5.526046034852289	6.252912123753605	8.056099151989555	0.0	0.0	0.0	0.0	0.0	4.7215	5.7404	7.3681	8.3372	10.7415	0.0	0.0	0.0	0.0	0.0	-2.809616997483916	-4.123567235113215	-4.841114528002977	-5.241822756499852	-6.65362035225048	f	f	f	f	f	\N	\N	2026-10-03 19:48:46.981785+00	2026-10-03 20:04:30.871039+00	2026-10-03 20:36:01.525281+00	2026-10-03 21:33:58.195158+00	2026-10-03 23:35:46.310674+00	t	2026-10-03 19:48:47.363336+00	2026-10-03 23:35:46.503569+00
7303	ME_SHORT_GEOM_A_V1	517769822	DOGEUSDT	SHORT	2026-10-05 00:50:34.470819+00	2026-10-05 00:50:34.507946+00	0.22840531561461583	0.22840531561461583	0.3529900332225986	0.3529900332225986	1.6922757475083121	0.0726744186046518	0.6333056478405309	0.6333056478405309	0.6333056478405309	0.6333056478405309	1.142	1.142	1.765	1.765	8.4614	0.3634	3.1665	3.1665	3.1665	3.1665	-0.06229235880399138	0.44642857142857123	-0.1453488372093036	-0.06229235880399138	-1.3289036544850534	t	t	f	t	f	219.4	19.4	2026-10-05 01:08:44.765523+00	2026-10-05 01:25:12.579708+00	2026-10-05 01:52:31.830045+00	2026-10-05 02:51:59.243179+00	2026-10-05 04:55:20.965201+00	t	2026-10-05 01:08:47.745585+00	2026-10-05 04:55:21.335626+00
7304	ME_SHORT_GEOM_B_V1	517769822	DOGEUSDT	SHORT	2026-10-05 00:50:34.470819+00	2026-10-05 00:50:34.507946+00	0.22840531561461583	0.22840531561461583	0.3529900332225986	0.3529900332225986	1.6922757475083121	0.0726744186046518	0.6333056478405309	0.6333056478405309	0.6333056478405309	0.6333056478405309	0.3045	0.3045	0.4707	0.4707	2.2564	0.0969	0.8444	0.8444	0.8444	0.8444	-0.06229235880399138	0.44642857142857123	-0.1453488372093036	-0.06229235880399138	-1.3289036544850534	t	f	t	f	f	219.4	\N	2026-10-05 01:08:47.929503+00	2026-10-05 01:25:15.744213+00	2026-10-05 01:52:34.076637+00	2026-10-05 02:52:01.067315+00	2026-10-05 04:55:22.248859+00	t	2026-10-05 01:08:49.954331+00	2026-10-05 04:55:22.435192+00
6460	ME_SHORT_GEOM_A_V1	518592603	STRKUSDT	SHORT	2026-10-04 13:53:50.229004+00	2026-10-04 13:53:50.269272+00	2.159410112359542	2.159410112359542	2.159410112359542	2.159410112359542	3.599016853932578	0.0	0.0	4.687500000000011	4.687500000000011	4.687500000000011	10.7971	10.7971	10.7971	10.7971	17.9951	0.0	0.0	23.4375	23.4375	23.4375	-1.6678370786516845	-0.561797752808978	2.1067415730337196	0.4564606741573092	-3.0723314606741483	f	t	f	t	f	\N	31.2	2026-10-04 14:11:49.150626+00	2026-10-04 14:28:06.521188+00	2026-10-04 14:55:21.653398+00	2026-10-04 15:55:22.623996+00	2026-10-04 17:55:30.853637+00	t	2026-10-04 14:11:50.272605+00	2026-10-04 17:55:31.40832+00
6461	ME_SHORT_GEOM_B_V1	518592603	STRKUSDT	SHORT	2026-10-04 13:53:50.229004+00	2026-10-04 13:53:50.269272+00	2.159410112359542	2.159410112359542	2.159410112359542	2.159410112359542	3.599016853932578	0.0	0.0	4.687500000000011	4.687500000000011	4.687500000000011	2.8792	2.8792	2.8792	2.8792	4.7987	0.0	0.0	6.25	6.25	6.25	-1.6678370786516845	-0.561797752808978	2.1067415730337196	0.4564606741573092	-3.0723314606741483	f	t	f	t	f	\N	31.2	2026-10-04 14:11:50.275579+00	2026-10-04 14:28:07.945109+00	2026-10-04 14:55:23.415521+00	2026-10-04 15:55:23.564143+00	2026-10-04 17:55:32.050267+00	t	2026-10-04 14:11:51.391282+00	2026-10-04 17:55:32.609269+00
7148	ME_SHORT_GEOM_A_V1	520401456	KLACUSDT	SHORT	2026-10-04 22:20:24.649567+00	2026-10-04 22:20:24.680025+00	0.15865384615385217	0.23557692307692746	0.23557692307692746	0.6009615384615385	0.6009615384615385	0.0	0.0	0.0	0.9374999999999946	1.5528846153846105	0.7933	1.1779	1.1779	3.0048	3.0048	0.0	0.0	0.0	4.6875	7.7644	-0.1442307692307747	-0.23557692307692746	-0.05288461538462194	0.8653846153846209	1.173076923076922	f	t	f	t	f	\N	99.6	2026-10-04 22:37:14.524913+00	2026-10-04 22:53:30.657464+00	2026-10-04 23:20:35.832473+00	2026-10-05 00:25:11.705148+00	2026-10-05 02:25:09.094405+00	t	2026-10-04 22:37:15.938507+00	2026-10-05 02:25:09.284283+00
7149	ME_SHORT_GEOM_B_V1	520401456	KLACUSDT	SHORT	2026-10-04 22:20:24.649567+00	2026-10-04 22:20:24.680025+00	0.15865384615385217	0.23557692307692746	0.23557692307692746	0.6009615384615385	0.6009615384615385	0.0	0.0	0.0	0.9374999999999946	1.5528846153846105	0.2115	0.3141	0.3141	0.8013	0.8013	0.0	0.0	0.0	1.25	2.0705	-0.1442307692307747	-0.23557692307692746	-0.05288461538462194	0.8653846153846209	1.173076923076922	f	t	f	t	f	\N	109.6	2026-10-04 22:37:16.308846+00	2026-10-04 22:53:31.951666+00	2026-10-04 23:20:37.308626+00	2026-10-05 00:25:13.179856+00	2026-10-05 02:25:11.72185+00	t	2026-10-04 22:37:16.691394+00	2026-10-05 02:25:12.274148+00
7731	ME_SHORT_GEOM_A_V1	523207500	ADAUSDT	SHORT	2026-10-05 10:17:16.747325+00	2026-10-05 10:17:16.789047+00	1.0533962949509676	1.0533962949509676	1.198692335633843	1.4166363966581963	1.7072284780239675	0.0	0.0	0.07264802034145787	0.07264802034145787	0.5448601525608433	5.267	5.267	5.9935	7.0832	8.5361	0.0	0.0	0.3632	0.3632	2.7243	-0.7264802034144576	-0.14529604068289556	-1.0533962949509676	-1.3439883763167384	-0.3995641118779477	f	t	f	t	f	\N	177.7	2026-10-05 10:35:27.754571+00	2026-10-05 10:51:32.564303+00	2026-10-05 11:18:31.226193+00	2026-10-05 12:17:20.122366+00	2026-10-05 14:22:15.865011+00	t	2026-10-05 10:35:27.940656+00	2026-10-05 14:22:16.055445+00
7732	ME_SHORT_GEOM_B_V1	523207500	ADAUSDT	SHORT	2026-10-05 10:17:16.747325+00	2026-10-05 10:17:16.789047+00	1.0533962949509676	1.0533962949509676	1.198692335633843	1.4166363966581963	1.7072284780239675	0.0	0.0	0.07264802034145787	0.07264802034145787	0.5448601525608433	1.4045	1.4045	1.5983	1.8888	2.2763	0.0	0.0	0.0969	0.0969	0.7265	-0.7264802034144576	-0.14529604068289556	-1.0170722847802285	-1.3439883763167384	-0.3995641118779477	f	f	f	f	f	\N	\N	2026-10-05 10:35:28.675579+00	2026-10-05 10:51:33.505424+00	2026-10-05 11:18:32.148237+00	2026-10-05 12:17:21.36246+00	2026-10-05 14:22:16.613691+00	t	2026-10-05 10:35:28.864976+00	2026-10-05 14:22:16.990455+00
10770	ME_SHORT_GEOM_A_V1	525442902	ORCAUSDT	SHORT	2026-10-06 23:32:16.64624+00	2026-10-06 23:32:16.679289+00	2.0273836505324505	2.7663075537893054	4.203793970629319	5.644385109751932	9.717780744512396	3.719457294545007	3.719457294545007	3.719457294545007	3.719457294545007	3.719457294545007	10.1369	13.8315	21.019	28.2219	48.5889	18.5973	18.5973	18.5973	18.5973	18.5973	-0.7917041820609171	-0.9500450184730894	1.7479586450992033	-3.495917290198393	-8.975752118972956	f	t	f	t	f	\N	2.7	2026-10-06 23:48:46.461352+00	2026-10-07 00:04:38.846323+00	2026-10-07 00:36:27.432143+00	2026-10-07 01:35:12.181577+00	2026-10-07 03:34:27.17519+00	t	2026-10-06 23:48:46.650793+00	2026-10-07 03:34:27.363879+00
10771	ME_SHORT_GEOM_B_V1	525442902	ORCAUSDT	SHORT	2026-10-06 23:32:16.64624+00	2026-10-06 23:32:16.679289+00	2.0273836505324505	2.7663075537893054	4.203793970629319	5.644385109751932	9.717780744512396	3.719457294545007	3.719457294545007	3.719457294545007	3.719457294545007	3.719457294545007	2.7032	3.6884	5.6051	7.5258	12.957	4.9593	4.9593	4.9593	4.9593	4.9593	-0.8848458505386615	-0.940730851625322	1.7479586450992033	-3.495917290198393	-8.985066285820723	f	t	f	t	f	\N	2.7	2026-10-06 23:48:46.834094+00	2026-10-07 00:04:39.223682+00	2026-10-07 00:36:27.804357+00	2026-10-07 01:35:12.554955+00	2026-10-07 03:34:27.734191+00	t	2026-10-06 23:48:47.204386+00	2026-10-07 03:34:28.242324+00
6969	ME_SHORT_GEOM_A_V1	525535835	KLACUSDT	SHORT	2026-10-04 21:15:10.456894+00	2026-10-04 21:15:10.492893+00	0.048206710374081335	0.15908214423446976	0.15908214423446976	0.15908214423446976	0.332626301581179	0.024103355187047516	0.024103355187047516	0.2699575780948719	0.2844195912070977	1.5715387581951363	0.241	0.7954	0.7954	0.7954	1.6631	0.1205	0.1205	1.3498	1.4221	7.8577	-0.004820671037404023	-0.05302738141148536	-0.01446201311222577	0.21693019668337282	1.4172772849980706	f	t	f	t	f	\N	49.8	2026-10-04 21:32:11.162218+00	2026-10-04 21:48:24.235882+00	2026-10-04 22:15:31.648803+00	2026-10-04 23:20:35.832473+00	2026-10-05 01:19:43.957539+00	t	2026-10-04 21:32:11.907287+00	2026-10-05 01:19:44.149246+00
6970	ME_SHORT_GEOM_B_V1	525535835	KLACUSDT	SHORT	2026-10-04 21:15:10.456894+00	2026-10-04 21:15:10.492893+00	0.048206710374081335	0.15908214423446976	0.15908214423446976	0.15908214423446976	0.332626301581179	0.024103355187047516	0.024103355187047516	0.2699575780948719	0.2844195912070977	1.5715387581951363	0.0643	0.2121	0.2121	0.2121	0.4435	0.0321	0.0321	0.3599	0.3792	2.0954	-0.004820671037404023	-0.05302738141148536	-0.01446201311222577	0.2313922097955986	1.4172772849980706	f	t	f	t	f	\N	174.8	2026-10-04 21:32:12.276713+00	2026-10-04 21:48:25.344735+00	2026-10-04 22:15:32.951933+00	2026-10-04 23:15:11.656143+00	2026-10-05 01:19:46.155283+00	t	2026-10-04 21:32:13.011975+00	2026-10-05 01:19:47.438784+00
4026	ME_SHORT_GEOM_A_V1	530001843	XRPUSDT	SHORT	2026-10-02 12:51:29.009514+00	2026-10-02 12:51:29.038013+00	1.0086733054930965	1.233536781239954	1.7989078059749455	2.280758111146809	3.7648570510761314	0.0	0.0	0.0	0.0	0.0	5.0434	6.1677	8.9945	11.4038	18.8243	0.0	0.0	0.0	0.0	0.0	-0.8673305493093522	-1.1757147446193372	-1.6190170253774423	-2.267908769675547	-3.597815611949891	t	f	t	f	f	118.5	\N	2026-10-02 13:07:58.082677+00	2026-10-02 13:24:32.378998+00	2026-10-02 13:52:21.237379+00	2026-10-02 14:53:39.513323+00	2026-10-02 16:55:57.589068+00	t	2026-10-02 13:07:58.454994+00	2026-10-02 16:55:57.98734+00
4027	ME_SHORT_GEOM_B_V1	530001843	XRPUSDT	SHORT	2026-10-02 12:51:29.009514+00	2026-10-02 12:51:29.038013+00	1.0086733054930965	1.233536781239954	1.7989078059749455	2.280758111146809	3.7648570510761314	0.0	0.0	0.0	0.0	0.0	1.3449	1.6447	2.3985	3.041	5.0198	0.0	0.0	0.0	0.0	0.0	-0.8673305493093522	-1.2014134275618336	-1.6190170253774423	-2.2229360745261784	-3.597815611949891	t	f	t	f	f	118.5	\N	2026-10-02 13:07:59.518422+00	2026-10-02 13:24:33.715919+00	2026-10-02 13:52:22.924729+00	2026-10-02 14:53:41.379842+00	2026-10-02 16:55:59.277861+00	t	2026-10-02 13:07:59.894156+00	2026-10-02 16:55:59.467467+00
387	ME_SHORT_GEOM_A_V1	530166857	CRVUSDT	SHORT	2026-09-29 12:26:52.728521+00	2026-09-29 12:26:52.774467+00	2.0921544209215486	2.2166874221668786	2.2166874221668786	2.2166874221668786	2.2166874221668786	0.0	0.0	0.4483188044831801	0.4732254047322434	3.4869240348692294	10.4608	11.0834	11.0834	11.0834	11.0834	0.0	0.0	2.2416	2.3661	17.4346	-1.8430884184308887	-1.3947696139477084	-0.37359900373599036	0.37359900373599036	-0.8219178082191843	f	t	f	t	f	\N	53.1	2026-09-29 12:45:03.350844+00	2026-09-29 13:01:05.881018+00	2026-09-29 13:29:41.313785+00	2026-09-29 14:28:57.493562+00	2026-09-29 16:27:32.213061+00	t	2026-09-29 12:45:03.532261+00	2026-09-29 16:27:32.399758+00
388	ME_SHORT_GEOM_B_V1	530166857	CRVUSDT	SHORT	2026-09-29 12:26:52.728521+00	2026-09-29 12:26:52.774467+00	2.0921544209215486	2.2166874221668786	2.2166874221668786	2.2166874221668786	2.2166874221668786	0.0	0.0	0.4483188044831801	0.4732254047322434	3.4869240348692294	2.7895	2.9556	2.9556	2.9556	2.9556	0.0	0.0	0.5978	0.631	4.6492	-1.8430884184308887	-1.3947696139477084	-0.37359900373599036	0.37359900373599036	-0.8219178082191843	f	t	f	t	f	\N	118.1	2026-09-29 12:45:03.535319+00	2026-09-29 13:01:06.069312+00	2026-09-29 13:29:41.514925+00	2026-09-29 14:28:57.681873+00	2026-09-29 16:27:32.590124+00	t	2026-09-29 12:45:03.718701+00	2026-09-29 16:27:32.78258+00
7230	ME_SHORT_GEOM_A_V1	531265576	DOGEUSDT	SHORT	2026-10-04 23:25:22.350956+00	2026-10-04 23:25:22.38652+00	0.8289296445964098	0.8289296445964098	0.9947155735157006	1.0361620557455196	1.0361620557455196	0.0	0.0	0.0	0.4351880634131217	0.4351880634131217	4.1446	4.1446	4.9736	5.1808	5.1808	0.0	0.0	0.0	2.1759	2.1759	-0.797844782924042	-0.6735053362345849	-0.9843539529582348	0.15542430836182505	-0.27976375505128226	f	t	f	t	f	\N	109.6	2026-10-04 23:42:10.526913+00	2026-10-04 23:58:15.980053+00	2026-10-05 00:30:40.035302+00	2026-10-05 01:30:41.220525+00	2026-10-05 03:29:21.653054+00	t	2026-10-04 23:42:10.901898+00	2026-10-05 03:29:22.342682+00
7231	ME_SHORT_GEOM_B_V1	531265576	DOGEUSDT	SHORT	2026-10-04 23:25:22.350956+00	2026-10-04 23:25:22.38652+00	0.8289296445964098	0.8289296445964098	0.9947155735157006	1.0361620557455196	1.0361620557455196	0.0	0.0	0.0	0.4351880634131217	0.4351880634131217	1.1052	1.1052	1.3263	1.3815	1.3815	0.0	0.0	0.0	0.5803	0.5803	-0.8082064034815076	-0.6735053362345849	-0.9843539529582348	0.15542430836182505	-0.27976375505128226	f	f	f	f	f	\N	\N	2026-10-04 23:42:11.990535+00	2026-10-04 23:58:17.462497+00	2026-10-05 00:30:41.712597+00	2026-10-05 01:30:44.435584+00	2026-10-05 03:29:23.627922+00	t	2026-10-04 23:42:13.462353+00	2026-10-05 03:29:23.818524+00
8536	ME_SHORT_GEOM_A_V1	538804136	RLCUSDT	SHORT	2026-10-06 00:34:29.166532+00	2026-10-06 00:34:29.205034+00	5.349084151844971	6.3711176002123615	6.3711176002123615	8.64082824528802	10.89726572869657	0.0	0.0	3.995221661799843	4.698699230156622	4.698699230156622	26.7454	31.8556	31.8556	43.2041	54.4863	0.0	0.0	19.9761	23.4935	23.4935	-4.167772763472257	-5.986195911866196	2.9333687284311134	-7.02150252190071	-8.959384125298648	f	t	f	t	f	\N	40.5	2026-10-06 00:50:56.236297+00	2026-10-06 01:07:09.908037+00	2026-10-06 01:39:44.011473+00	2026-10-06 02:39:24.991719+00	2026-10-06 04:38:56.00098+00	t	2026-10-06 00:50:56.426271+00	2026-10-06 04:38:56.503197+00
8537	ME_SHORT_GEOM_B_V1	538804136	RLCUSDT	SHORT	2026-10-06 00:34:29.166532+00	2026-10-06 00:34:29.205034+00	5.349084151844971	6.3711176002123615	6.3711176002123615	8.64082824528802	10.89726572869657	0.0	0.0	3.995221661799843	4.698699230156622	4.698699230156622	7.1321	8.4948	8.4948	11.5211	14.5297	0.0	0.0	5.327	6.2649	6.2649	-4.167772763472257	-5.986195911866196	2.9333687284311134	-7.02150252190071	-8.959384125298648	f	t	f	t	f	\N	40.5	2026-10-06 00:50:56.786974+00	2026-10-06 01:07:10.458607+00	2026-10-06 01:39:44.567404+00	2026-10-06 02:39:25.555595+00	2026-10-06 04:38:56.689859+00	t	2026-10-06 00:50:56.979293+00	2026-10-06 04:38:56.876936+00
7160	ME_SHORT_GEOM_A_V1	540274194	KLACUSDT	SHORT	2026-10-04 22:25:24.402919+00	2026-10-04 22:25:24.44983+00	0.2018939576022629	0.24996394750757592	0.24996394750757592	0.6152958707878676	0.6152958707878676	0.0	0.0	0.09613997981059877	0.9229438061817946	1.5382396769696625	1.0095	1.2498	1.2498	3.0765	3.0765	0.0	0.0	0.4807	4.6147	7.6912	-0.15863096668750298	-0.19708695861173706	0.033648992933708204	0.5672258808825683	1.057539777916641	f	t	f	t	f	\N	94.6	2026-10-04 22:42:43.606424+00	2026-10-04 22:58:56.63869+00	2026-10-04 23:25:58.95057+00	2026-10-05 00:30:40.035302+00	2026-10-05 02:30:31.663374+00	t	2026-10-04 22:42:44.538705+00	2026-10-05 02:30:31.854969+00
7161	ME_SHORT_GEOM_B_V1	540274194	KLACUSDT	SHORT	2026-10-04 22:25:24.402919+00	2026-10-04 22:25:24.44983+00	0.2018939576022629	0.24996394750757592	0.24996394750757592	0.6152958707878676	0.6152958707878676	0.0	0.0	0.09613997981059877	0.9229438061817946	1.5382396769696625	0.2692	0.3333	0.3333	0.8204	0.8204	0.0	0.0	0.1282	1.2306	2.051	-0.15863096668750298	-0.19708695861173706	0.033648992933708204	0.5672258808825683	1.057539777916641	f	t	f	t	f	\N	104.6	2026-10-04 22:42:44.910912+00	2026-10-04 22:58:58.24624+00	2026-10-04 23:26:00.44726+00	2026-10-05 00:30:41.712597+00	2026-10-05 02:30:33.681902+00	t	2026-10-04 22:42:45.282472+00	2026-10-05 02:30:34.238409+00
9396	ME_SHORT_GEOM_A_V1	542267177	SPCXUSDT	SHORT	2026-10-06 17:11:06.206168+00	2026-10-06 17:11:06.232158+00	0.6558886140038057	0.8169840630573706	0.8169840630573706	1.3923249525343857	1.3923249525343857	0.0	0.0	0.0	0.0	0.0	3.2794	4.0849	4.0849	6.9616	6.9616	0.0	0.0	0.0	0.0	0.0	-0.5983545250560911	-0.1956159024221871	-0.4142454404234502	-1.1449283700592652	-1.121914734480173	f	f	f	f	f	\N	\N	2026-10-06 17:28:07.703344+00	2026-10-06 17:44:08.483089+00	2026-10-06 18:15:55.637759+00	2026-10-06 19:13:57.153893+00	2026-10-06 21:15:21.463449+00	t	2026-10-06 17:28:07.897867+00	2026-10-06 21:15:21.653464+00
9397	ME_SHORT_GEOM_B_V1	542267177	SPCXUSDT	SHORT	2026-10-06 17:11:06.206168+00	2026-10-06 17:11:06.232158+00	0.6558886140038057	0.8169840630573706	0.8169840630573706	1.3923249525343857	1.3923249525343857	0.0	0.0	0.0	0.0	0.0	0.8745	1.0893	1.0893	1.8564	1.8564	0.0	0.0	0.0	0.0	0.0	-0.5983545250560911	-0.1956159024221871	-0.4142454404234502	-1.1449283700592652	-1.121914734480173	f	f	f	f	f	\N	\N	2026-10-06 17:28:08.460436+00	2026-10-06 17:44:09.275019+00	2026-10-06 18:15:56.576865+00	2026-10-06 19:13:57.916576+00	2026-10-06 21:15:21.840224+00	t	2026-10-06 17:28:08.669621+00	2026-10-06 21:15:22.216909+00
7222	ME_SHORT_GEOM_A_V1	543566980	BNBUSDT	SHORT	2026-10-04 23:20:28.977422+00	2026-10-04 23:20:29.034702+00	0.3262642740619931	0.3513615259129068	0.45175053331660464	0.5144936629439105	0.5144936629439105	0.0	0.0	0.0	0.36391015183837083	1.6438699962354153	1.6313	1.7568	2.2588	2.5725	2.5725	0.0	0.0	0.0	1.8196	8.2193	-0.30116702221106506	-0.20077801480738144	-0.33881289998744285	0.26352114443468727	-0.06274312962730581	f	t	f	t	f	\N	114.5	2026-10-04 23:36:46.804158+00	2026-10-04 23:52:54.775448+00	2026-10-05 00:25:11.705148+00	2026-10-05 01:25:12.579708+00	2026-10-05 03:24:00.026601+00	t	2026-10-04 23:36:47.192266+00	2026-10-05 03:24:01.67148+00
7223	ME_SHORT_GEOM_B_V1	543566980	BNBUSDT	SHORT	2026-10-04 23:20:28.977422+00	2026-10-04 23:20:29.034702+00	0.3262642740619931	0.3513615259129068	0.45175053331660464	0.5144936629439105	0.5144936629439105	0.0	0.0	0.0	0.36391015183837083	1.6438699962354153	0.435	0.4685	0.6023	0.686	0.686	0.0	0.0	0.0	0.4852	2.1918	-0.30116702221106506	-0.20077801480738144	-0.33881289998744285	0.26352114443468727	-0.06274312962730581	f	t	f	t	f	\N	164.5	2026-10-04 23:36:48.600343+00	2026-10-04 23:52:56.247456+00	2026-10-05 00:25:13.179856+00	2026-10-05 01:25:15.744213+00	2026-10-05 03:24:01.674783+00	t	2026-10-04 23:36:48.982755+00	2026-10-05 03:24:02.234989+00
9121	ME_SHORT_GEOM_A_V1	543902117	ORCAUSDT	SHORT	2026-10-06 12:20:59.88671+00	2026-10-06 12:20:59.914101+00	5.5266181539640105	5.5266181539640105	5.5266181539640105	5.5266181539640105	5.5266181539640105	0.0	0.0	0.0	0.7621600919187976	5.350440444274222	27.6331	27.6331	27.6331	27.6331	27.6331	0.0	0.0	0.0	3.8108	26.7522	-4.569130601302198	-2.738414400612805	-1.7426273458445076	-1.7081577939486943	3.983148219073138	f	t	f	t	f	\N	94.0	2026-10-06 12:39:19.89666+00	2026-10-06 12:53:55.817445+00	2026-10-06 13:25:57.999356+00	2026-10-06 14:24:57.960517+00	2026-10-06 16:23:36.475905+00	t	2026-10-06 12:39:20.107018+00	2026-10-06 16:23:36.671046+00
9122	ME_SHORT_GEOM_B_V1	543902117	ORCAUSDT	SHORT	2026-10-06 12:20:59.88671+00	2026-10-06 12:20:59.914101+00	5.5266181539640105	5.5266181539640105	5.5266181539640105	5.5266181539640105	5.5266181539640105	0.0	0.0	0.0	0.7621600919187976	5.350440444274222	7.3688	7.3688	7.3688	7.3688	7.3688	0.0	0.0	0.0	1.0162	7.1339	-4.569130601302198	-2.738414400612805	-1.7426273458445076	-1.723477594791282	3.983148219073138	f	t	f	t	f	\N	94.0	2026-10-06 12:39:20.662263+00	2026-10-06 12:53:56.569053+00	2026-10-06 13:25:58.742421+00	2026-10-06 14:24:59.035697+00	2026-10-06 16:23:37.435711+00	t	2026-10-06 12:39:20.859595+00	2026-10-06 16:23:37.626728+00
556	ME_SHORT_GEOM_A_V1	549065693	CRVUSDT	SHORT	2026-09-29 15:37:12.45509+00	2026-09-29 15:37:12.489326+00	4.182785299806585	4.545454545454555	4.666344294003878	7.229206963249525	9.018375241779497	0.0	0.0	0.0	0.0	0.0	20.9139	22.7273	23.3317	36.146	45.0919	0.0	0.0	0.0	0.0	0.0	-3.965183752417801	-4.255319148936171	-3.5299806576402326	-7.035783365570603	-6.673114119922634	t	f	t	f	f	127.8	\N	2026-09-29 15:55:17.522342+00	2026-09-29 16:11:28.098302+00	2026-09-29 16:38:11.084403+00	2026-09-29 17:41:44.340436+00	2026-09-29 19:42:09.559898+00	t	2026-09-29 15:55:17.708225+00	2026-09-29 19:42:09.933679+00
557	ME_SHORT_GEOM_B_V1	549065693	CRVUSDT	SHORT	2026-09-29 15:37:12.45509+00	2026-09-29 15:37:12.489326+00	4.182785299806585	4.545454545454555	4.666344294003878	7.229206963249525	9.018375241779497	0.0	0.0	0.0	0.0	0.0	5.577	6.0606	6.2218	9.6389	12.0245	0.0	0.0	0.0	0.0	0.0	-3.965183752417801	-4.255319148936171	-3.5299806576402326	-7.035783365570603	-6.673114119922634	t	f	t	f	f	127.8	\N	2026-09-29 15:55:17.892477+00	2026-09-29 16:11:28.485014+00	2026-09-29 16:38:11.639314+00	2026-09-29 17:41:44.915508+00	2026-09-29 19:42:09.938252+00	t	2026-09-29 15:55:18.080367+00	2026-09-29 19:42:10.311255+00
1500	ME_SHORT_GEOM_A_V1	550419300	ASTERUSDT	SHORT	2026-09-30 15:42:57.150434+00	2026-09-30 15:42:57.185775+00	1.3740850134840032	1.3740850134840032	1.7721844099139497	2.8380634390650954	4.186464620521377	0.0	0.0	0.0	0.0	0.0	6.8704	6.8704	8.8609	14.1903	20.9323	0.0	0.0	0.0	0.0	0.0	-0.7448311288044069	-0.6035700526518463	-1.6566071657891246	-2.4784897906767673	-3.0563760113008773	t	f	t	f	f	172.0	\N	2026-09-30 16:00:24.591581+00	2026-09-30 16:16:44.616607+00	2026-09-30 16:43:52.358154+00	2026-09-30 17:48:05.828053+00	2026-09-30 19:43:54.245241+00	t	2026-09-30 16:00:24.787261+00	2026-09-30 19:43:54.435166+00
1501	ME_SHORT_GEOM_B_V1	550419300	ASTERUSDT	SHORT	2026-09-30 15:42:57.150434+00	2026-09-30 15:42:57.185775+00	1.3740850134840032	1.3740850134840032	1.7721844099139497	2.8380634390650954	4.186464620521377	0.0	0.0	0.0	0.0	0.0	1.8321	1.8321	2.3629	3.7841	5.582	0.0	0.0	0.0	0.0	0.0	-0.7448311288044069	-0.6035700526518463	-1.6566071657891246	-2.4784897906767673	-3.0563760113008773	t	f	t	f	f	172.0	\N	2026-09-30 16:00:24.973311+00	2026-09-30 16:16:44.991862+00	2026-09-30 16:43:52.727775+00	2026-09-30 17:48:06.208249+00	2026-09-30 19:43:54.438256+00	t	2026-09-30 16:00:25.491115+00	2026-09-30 19:43:54.620857+00
3365	ME_SHORT_GEOM_A_V1	551340501	MSTRUSDT	SHORT	2026-10-02 02:35:22.823059+00	2026-10-02 02:35:22.842166+00	0.3455510304825387	0.3455510304825387	0.3455510304825387	0.3455510304825387	0.3455510304825387	0.19128717758854885	0.9194125632481852	1.1045291867209626	3.171664815500423	3.171664815500423	1.7278	1.7278	1.7278	1.7278	1.7278	0.9564	4.5971	5.5226	15.8583	15.8583	0.11106997408367693	0.3825743551770977	0.9687769961742523	2.3818338886831945	1.5488090830556527	f	t	f	t	f	\N	19.6	2026-10-02 02:52:21.002892+00	2026-10-02 03:08:32.064974+00	2026-10-02 03:35:37.536346+00	2026-10-02 04:40:12.357372+00	2026-10-02 06:37:23.956482+00	t	2026-10-02 02:52:21.189192+00	2026-10-02 06:37:24.506523+00
3366	ME_SHORT_GEOM_B_V1	551340501	MSTRUSDT	SHORT	2026-10-02 02:35:22.823059+00	2026-10-02 02:35:22.842166+00	0.3455510304825387	0.3455510304825387	0.3455510304825387	0.3455510304825387	0.3455510304825387	0.19128717758854885	0.9194125632481852	1.1045291867209626	3.171664815500423	3.171664815500423	0.4607	0.4607	0.4607	0.4607	0.4607	0.255	1.2259	1.4727	4.2289	4.2289	0.11106997408367693	0.3825743551770977	0.9687769961742523	2.3818338886831945	1.5488090830556527	f	t	f	t	f	\N	24.6	2026-10-02 02:52:21.19104+00	2026-10-02 03:08:32.252203+00	2026-10-02 03:35:37.904658+00	2026-10-02 04:40:12.726564+00	2026-10-02 06:37:24.510407+00	t	2026-10-02 02:52:21.376671+00	2026-10-02 06:37:25.066568+00
7389	ME_SHORT_GEOM_A_V1	556957075	XRPUSDT	SHORT	2026-10-05 02:30:51.018+00	2026-10-05 02:30:51.047486+00	0.555955261953035	0.7783373667342548	1.1315324743279398	1.9491137419059341	1.9948982928903114	0.0	0.0	0.0	0.0	0.0	2.7798	3.8917	5.6577	9.7456	9.9745	0.0	0.0	0.0	0.0	0.0	-0.33357315717181524	-0.7521747661717473	-0.8241219177186176	-1.6482438354372353	-1.02034142193733	t	f	t	f	f	109.1	\N	2026-10-05 02:46:37.726765+00	2026-10-05 03:02:41.370338+00	2026-10-05 03:34:44.537958+00	2026-10-05 04:33:44.731355+00	2026-10-05 06:32:13.054201+00	t	2026-10-05 02:46:39.499496+00	2026-10-05 06:32:13.430977+00
7390	ME_SHORT_GEOM_B_V1	556957075	XRPUSDT	SHORT	2026-10-05 02:30:51.018+00	2026-10-05 02:30:51.047486+00	0.555955261953035	0.7783373667342548	1.1315324743279398	1.9491137419059341	1.9948982928903114	0.0	0.0	0.0	0.0	0.0	0.7413	1.0378	1.5087	2.5988	2.6599	0.0	0.0	0.0	0.0	0.0	-0.3466544574530617	-0.7521747661717473	-0.8241219177186176	-1.661325135718482	-1.02034142193733	t	f	t	f	f	109.1	\N	2026-10-05 02:46:39.861145+00	2026-10-05 03:02:43.020542+00	2026-10-05 03:34:46.012376+00	2026-10-05 04:33:46.204332+00	2026-10-05 06:32:13.977758+00	t	2026-10-05 02:46:41.507705+00	2026-10-05 06:32:14.542946+00
1445	ME_SHORT_GEOM_A_V1	563778458	SOONUSDT	SHORT	2026-09-30 14:28:39.292129+00	2026-09-30 14:28:39.321372+00	4.264214046822737	4.264214046822737	4.264214046822737	4.264214046822737	4.264214046822737	16.722408026755854	17.767558528428097	17.767558528428097	17.767558528428097	17.767558528428097	21.3211	21.3211	21.3211	21.3211	21.3211	83.612	88.8378	88.8378	88.8378	88.8378	13.336120401337798	13.900501672240814	9.531772575250843	1.5677257525083625	4.57775919732441	f	t	f	t	f	\N	1.3	2026-09-30 14:44:35.317614+00	2026-09-30 15:00:48.201195+00	2026-09-30 15:33:10.090569+00	2026-09-30 16:32:59.652437+00	2026-09-30 18:30:18.134149+00	t	2026-09-30 14:44:35.691996+00	2026-09-30 18:30:18.518812+00
1446	ME_SHORT_GEOM_B_V1	563778458	SOONUSDT	SHORT	2026-09-30 14:28:39.292129+00	2026-09-30 14:28:39.321372+00	4.264214046822737	4.264214046822737	4.264214046822737	4.264214046822737	4.264214046822737	16.722408026755854	17.767558528428097	17.767558528428097	17.767558528428097	17.767558528428097	5.6856	5.6856	5.6856	5.6856	5.6856	22.2965	23.6901	23.6901	23.6901	23.6901	13.336120401337798	13.900501672240814	9.531772575250843	1.5677257525083625	4.57775919732441	f	t	f	t	f	\N	1.3	2026-09-30 14:44:35.874311+00	2026-09-30 15:00:48.579701+00	2026-09-30 15:33:10.476813+00	2026-09-30 16:33:00.027605+00	2026-09-30 18:30:18.521753+00	t	2026-09-30 14:44:36.242504+00	2026-09-30 18:30:19.206089+00
5220	ME_SHORT_GEOM_A_V1	567455246	SPCXUSDT	SHORT	2026-10-03 13:15:25.752973+00	2026-10-03 13:15:25.829728+00	0.0125651818809963	0.01884777282151231	0.06282590940503506	0.119369227869572	0.13193440975056828	0.06282590940505292	0.06282590940505292	0.06282590940505292	0.06282590940505292	0.06282590940505292	0.0628	0.0942	0.3141	0.5968	0.6597	0.3141	0.3141	0.3141	0.3141	0.3141	0.01884777282151231	-0.01884777282151231	-0.050260727524020915	-0.08795627316704553	-0.050260727524020915	f	f	f	f	f	\N	\N	2026-10-03 13:31:42.819821+00	2026-10-03 13:47:28.808178+00	2026-10-03 14:19:00.749393+00	2026-10-03 15:16:31.201237+00	2026-10-03 17:16:34.574163+00	t	2026-10-03 13:31:43.015238+00	2026-10-03 17:16:34.865559+00
5221	ME_SHORT_GEOM_B_V1	567455246	SPCXUSDT	SHORT	2026-10-03 13:15:25.752973+00	2026-10-03 13:15:25.829728+00	0.0125651818809963	0.01884777282151231	0.06282590940503506	0.119369227869572	0.13193440975056828	0.06282590940505292	0.06282590940505292	0.06282590940505292	0.06282590940505292	0.06282590940505292	0.0168	0.0251	0.0838	0.1592	0.1759	0.0838	0.0838	0.0838	0.0838	0.0838	0.01884777282151231	-0.01884777282151231	-0.050260727524020915	-0.08795627316704553	-0.050260727524020915	f	f	f	f	f	\N	\N	2026-10-03 13:31:43.01705+00	2026-10-03 13:47:29.005895+00	2026-10-03 14:19:00.943803+00	2026-10-03 15:16:31.392842+00	2026-10-03 17:16:34.867943+00	t	2026-10-03 13:31:43.219302+00	2026-10-03 17:16:35.056111+00
5943	ME_SHORT_GEOM_A_V1	574359263	STRKUSDT	SHORT	2026-10-04 06:17:41.699002+00	2026-10-04 06:17:41.744033+00	1.9687964338781547	1.9687964338781547	1.9687964338781547	1.9687964338781547	2.1173848439821734	0.0	0.0	1.1144130757800952	5.330609212481434	5.330609212481434	9.844	9.844	9.844	9.844	10.5869	0.0	0.0	5.5721	26.653	26.653	-0.6872213967310592	-0.6129271916790434	-0.48291233283803187	2.488855869242201	-1.820208023774149	f	t	f	t	f	\N	42.3	2026-10-04 06:33:12.829837+00	2026-10-04 06:49:11.225138+00	2026-10-04 07:21:10.777908+00	2026-10-04 08:19:47.547844+00	2026-10-04 10:18:38.184844+00	t	2026-10-04 06:33:13.019783+00	2026-10-04 10:18:38.552763+00
5944	ME_SHORT_GEOM_B_V1	574359263	STRKUSDT	SHORT	2026-10-04 06:17:41.699002+00	2026-10-04 06:17:41.744033+00	1.9687964338781547	1.9687964338781547	1.9687964338781547	1.9687964338781547	2.1173848439821734	0.0	0.0	1.1144130757800952	5.330609212481434	5.330609212481434	2.6251	2.6251	2.6251	2.6251	2.8232	0.0	0.0	1.4859	7.1075	7.1075	-0.7243684992570607	-0.6129271916790434	-0.48291233283803187	2.3959881129271907	-1.820208023774149	f	t	f	t	f	\N	47.3	2026-10-04 06:33:13.573935+00	2026-10-04 06:49:11.974625+00	2026-10-04 07:21:11.528731+00	2026-10-04 08:19:48.661006+00	2026-10-04 10:18:39.285806+00	t	2026-10-04 06:33:13.766901+00	2026-10-04 10:18:39.667624+00
5898	ME_SHORT_GEOM_A_V1	575735960	PUMPFUNUSDT	SHORT	2026-10-04 05:27:32.20897+00	2026-10-04 05:27:32.247465+00	0.37209302325580956	0.5116279069767449	0.5116279069767449	0.8992248062015488	1.5968992248061982	0.465116279069762	0.465116279069762	2.4341085271317833	2.4341085271317833	2.4341085271317833	1.8605	2.5581	2.5581	4.4961	7.9845	2.3256	2.3256	12.1705	12.1705	12.1705	-0.26356589147286286	0.1395348837209353	0.07751937984495809	-0.6511627906976801	-1.1782945736434058	f	t	f	t	f	\N	2.5	2026-10-04 05:44:56.476928+00	2026-10-04 06:00:59.801029+00	2026-10-04 06:27:52.708493+00	2026-10-04 07:31:50.595686+00	2026-10-04 09:29:44.848866+00	t	2026-10-04 05:44:56.850046+00	2026-10-04 09:29:45.220553+00
5899	ME_SHORT_GEOM_B_V1	575735960	PUMPFUNUSDT	SHORT	2026-10-04 05:27:32.20897+00	2026-10-04 05:27:32.247465+00	0.37209302325580956	0.5116279069767449	0.5116279069767449	0.8992248062015488	1.5968992248061982	0.465116279069762	0.465116279069762	2.4341085271317833	2.4341085271317833	2.4341085271317833	0.4961	0.6822	0.6822	1.199	2.1292	0.6202	0.6202	3.2455	3.2455	3.2455	-0.26356589147286286	0.1395348837209353	0.07751937984495809	-0.6511627906976801	-1.2093023255813944	f	t	f	t	f	\N	37.5	2026-10-04 05:44:57.219085+00	2026-10-04 06:01:01.182874+00	2026-10-04 06:27:53.460499+00	2026-10-04 07:31:51.338523+00	2026-10-04 09:29:45.955625+00	t	2026-10-04 05:44:57.594498+00	2026-10-04 09:29:46.146707+00
6472	ME_SHORT_GEOM_A_V1	584564504	STRKUSDT	SHORT	2026-10-04 13:58:50.753434+00	2026-10-04 13:58:50.814388+00	1.6407904022582926	1.6407904022582926	1.6407904022582926	1.6407904022582926	3.1227946365561055	0.0	1.6937191249117776	5.20465772759351	5.20465772759351	5.20465772759351	8.204	8.204	8.204	8.204	15.614	0.0	8.4686	26.0233	26.0233	26.0233	-0.458715596330281	0.8468595624558949	1.3761467889908185	1.3408609738884911	-2.5935074100211697	f	t	f	t	f	\N	21.2	2026-10-04 14:17:16.079574+00	2026-10-04 14:33:34.109452+00	2026-10-04 15:00:48.66231+00	2026-10-04 16:00:50.311672+00	2026-10-04 18:00:56.844178+00	t	2026-10-04 14:17:16.269522+00	2026-10-04 18:00:57.408975+00
6473	ME_SHORT_GEOM_B_V1	584564504	STRKUSDT	SHORT	2026-10-04 13:58:50.753434+00	2026-10-04 13:58:50.814388+00	1.6407904022582926	1.6407904022582926	1.6407904022582926	1.6407904022582926	3.1227946365561055	0.0	1.6937191249117776	5.20465772759351	5.20465772759351	5.20465772759351	2.1877	2.1877	2.1877	2.1877	4.1637	0.0	2.2583	6.9395	6.9395	6.9395	-0.458715596330281	0.8468595624558949	1.3761467889908185	1.3408609738884911	-2.5935074100211697	f	t	f	t	f	\N	26.2	2026-10-04 14:17:17.378899+00	2026-10-04 14:33:35.566324+00	2026-10-04 15:00:49.782523+00	2026-10-04 16:00:52.071915+00	2026-10-04 18:00:57.959159+00	t	2026-10-04 14:17:17.569055+00	2026-10-04 18:00:58.517174+00
465	ME_SHORT_GEOM_A_V1	586061331	CRVUSDT	SHORT	2026-09-29 13:41:59.726266+00	2026-09-29 13:41:59.745535+00	1.3885445078105614	1.6612943218447764	1.6612943218447764	1.6612943218447764	4.859905777336972	0.0	0.0	0.5207041904289588	3.0250433920158666	3.0250433920158666	6.9427	8.3065	8.3065	8.3065	24.2995	0.0	0.0	2.6035	15.1252	15.1252	-0.9174311926605458	-1.2893627572526611	0.0743863129184286	-0.7686585668237024	-4.711133151500128	f	t	f	t	f	\N	43.0	2026-09-29 14:01:45.300825+00	2026-09-29 14:12:54.395387+00	2026-09-29 14:45:02.410293+00	2026-09-29 15:44:29.948319+00	2026-09-29 17:46:58.354707+00	t	2026-09-29 14:01:45.485688+00	2026-09-29 17:46:58.909046+00
466	ME_SHORT_GEOM_B_V1	586061331	CRVUSDT	SHORT	2026-09-29 13:41:59.726266+00	2026-09-29 13:41:59.745535+00	1.3885445078105614	1.6612943218447764	1.6612943218447764	1.6612943218447764	4.859905777336972	0.0	0.0	0.5207041904289588	3.0250433920158666	3.0250433920158666	1.8514	2.2151	2.2151	2.2151	6.4799	0.0	0.0	0.6943	4.0334	4.0334	-0.9174311926605458	-1.2893627572526611	0.0743863129184286	-0.7686585668237024	-4.711133151500128	f	t	f	t	f	\N	63.0	2026-09-29 14:01:45.490154+00	2026-09-29 14:12:54.591701+00	2026-09-29 14:45:02.921334+00	2026-09-29 15:44:30.318298+00	2026-09-29 17:46:58.913594+00	t	2026-09-29 14:01:45.691298+00	2026-09-29 17:46:59.459173+00
4306	ME_SHORT_GEOM_A_V1	590760510	SANDUSDT	SHORT	2026-10-02 17:36:59.902921+00	2026-10-02 17:36:59.932293+00	5.3893129770992445	5.3893129770992445	5.3893129770992445	10.106870229007635	10.106870229007635	0.0	0.0	0.0	0.0	0.9618320610686895	26.9466	26.9466	26.9466	50.5344	50.5344	0.0	0.0	0.0	0.0	4.8092	-2.870229007633598	-3.3435114503816754	-4.2595419847328255	-6.320610687022908	-2.8396946564885504	f	t	f	t	f	\N	228.0	2026-10-02 17:55:14.951371+00	2026-10-02 18:11:17.551543+00	2026-10-02 18:37:51.581184+00	2026-10-02 19:41:30.833069+00	2026-10-02 21:37:43.835727+00	t	2026-10-02 17:55:15.146447+00	2026-10-02 21:37:44.204673+00
4307	ME_SHORT_GEOM_B_V1	590760510	SANDUSDT	SHORT	2026-10-02 17:36:59.902921+00	2026-10-02 17:36:59.932293+00	5.3893129770992445	5.3893129770992445	5.3893129770992445	10.106870229007635	10.106870229007635	0.0	0.0	0.0	0.0	0.9618320610686895	7.1858	7.1858	7.1858	13.4758	13.4758	0.0	0.0	0.0	0.0	1.2824	-2.870229007633598	-3.3435114503816754	-4.2595419847328255	-6.320610687022908	-2.8549618320610635	f	t	f	t	f	\N	228.0	2026-10-02 17:55:15.901869+00	2026-10-02 18:11:18.511354+00	2026-10-02 18:37:52.149814+00	2026-10-02 19:41:31.209435+00	2026-10-02 21:37:44.207686+00	t	2026-10-02 17:55:16.103768+00	2026-10-02 21:37:44.577085+00
3271	ME_SHORT_GEOM_A_V1	590760637	MSTRUSDT	SHORT	2026-10-02 00:40:10.431641+00	2026-10-02 00:40:10.480883+00	0.42698019801980064	0.6806930693069272	0.8849009900990141	0.8849009900990141	0.8849009900990141	0.0	0.0	0.0	0.4455445544554449	3.465346534653462	2.1349	3.4035	4.4245	4.4245	4.4245	0.0	0.0	0.0	2.2277	17.3267	-0.3217821782178105	-0.6002475247524746	-0.810643564356437	0.08663366336634579	2.7970297029703035	f	t	f	t	f	\N	79.8	2026-10-02 00:59:24.170784+00	2026-10-02 01:15:29.317297+00	2026-10-02 01:42:20.421386+00	2026-10-02 02:41:33.063762+00	2026-10-02 04:40:12.357372+00	t	2026-10-02 00:59:24.355113+00	2026-10-02 04:40:12.724158+00
3272	ME_SHORT_GEOM_B_V1	590760637	MSTRUSDT	SHORT	2026-10-02 00:40:10.431641+00	2026-10-02 00:40:10.480883+00	0.42698019801980064	0.6806930693069272	0.8849009900990141	0.8849009900990141	0.8849009900990141	0.0	0.0	0.0	0.4455445544554449	3.465346534653462	0.5693	0.9076	1.1799	1.1799	1.1799	0.0	0.0	0.0	0.5941	4.6205	-0.3217821782178105	-0.6002475247524746	-0.810643564356437	0.08663366336634579	2.7970297029703035	f	t	f	t	f	\N	134.8	2026-10-02 00:59:24.35818+00	2026-10-02 01:15:29.50908+00	2026-10-02 01:42:20.611685+00	2026-10-02 02:41:33.249259+00	2026-10-02 04:40:12.726564+00	t	2026-10-02 00:59:24.540503+00	2026-10-02 04:40:13.095809+00
7182	ME_SHORT_GEOM_A_V1	596477569	LINKUSDT	SHORT	2026-10-04 22:55:20.257414+00	2026-10-04 22:55:20.284868+00	0.1683383601038026	0.1683383601038026	0.1683383601038026	0.7084239321035217	0.8627340955320146	0.2805639335063542	0.43487409693484724	0.43487409693484724	0.43487409693484724	0.43487409693484724	0.8417	0.8417	0.8417	3.5421	4.3137	1.4028	2.1744	2.1744	2.1744	2.1744	0.2595216384933774	0.16132426176614778	0.04909868836360856	-0.2244511468050784	-0.6873816370905448	f	t	f	t	f	\N	14.7	2026-10-04 23:15:09.676006+00	2026-10-04 23:25:58.95057+00	2026-10-04 23:58:15.980053+00	2026-10-05 00:57:49.456934+00	2026-10-05 02:57:21.56484+00	t	2026-10-04 23:15:11.651193+00	2026-10-05 02:57:23.729191+00
7183	ME_SHORT_GEOM_B_V1	596477569	LINKUSDT	SHORT	2026-10-04 22:55:20.257414+00	2026-10-04 22:55:20.284868+00	0.1683383601038026	0.1683383601038026	0.1683383601038026	0.7084239321035217	0.8627340955320146	0.2805639335063542	0.43487409693484724	0.43487409693484724	0.43487409693484724	0.43487409693484724	0.2245	0.2245	0.2245	0.9446	1.1503	0.3741	0.5798	0.5798	0.5798	0.5798	0.2595216384933774	0.16132426176614778	0.04909868836360856	-0.2244511468050784	-0.6873816370905448	f	f	f	f	f	\N	\N	2026-10-04 23:15:11.656143+00	2026-10-04 23:26:00.44726+00	2026-10-04 23:58:17.462497+00	2026-10-05 00:57:51.651322+00	2026-10-05 02:57:23.732267+00	t	2026-10-04 23:15:13.262543+00	2026-10-05 02:57:25.882236+00
8492	ME_SHORT_GEOM_A_V1	597556018	RLCUSDT	SHORT	2026-10-06 00:19:25.681012+00	2026-10-06 00:19:25.717234+00	8.007712082262215	8.341902313624686	9.331619537275063	9.331619537275063	13.7146529562982	0.0	0.0	0.0	1.3881748071979332	1.3881748071979332	40.0386	41.7095	46.6581	46.6581	68.5733	0.0	0.0	0.0	6.9409	6.9409	-6.233933161953726	-7.197943444730083	-2.7506426735218477	-6.91516709511569	-9.511568123393324	f	t	f	t	f	\N	70.6	2026-10-06 00:34:42.046748+00	2026-10-06 00:50:56.236297+00	2026-10-06 01:23:24.829944+00	2026-10-06 02:23:09.224283+00	2026-10-06 04:22:46.476243+00	t	2026-10-06 00:34:42.603009+00	2026-10-06 04:22:46.843863+00
8493	ME_SHORT_GEOM_B_V1	597556018	RLCUSDT	SHORT	2026-10-06 00:19:25.681012+00	2026-10-06 00:19:25.717234+00	8.007712082262215	8.341902313624686	9.331619537275063	9.331619537275063	13.7146529562982	0.0	0.0	0.0	1.3881748071979332	1.3881748071979332	10.6769	11.1225	12.4422	12.4422	18.2862	0.0	0.0	0.0	1.8509	1.8509	-6.233933161953726	-7.197943444730083	-2.7506426735218477	-6.91516709511569	-9.511568123393324	f	t	f	t	f	\N	75.6	2026-10-06 00:34:42.605641+00	2026-10-06 00:50:56.786974+00	2026-10-06 01:23:25.388603+00	2026-10-06 02:23:09.78188+00	2026-10-06 04:22:46.846526+00	t	2026-10-06 00:34:42.980468+00	2026-10-06 04:22:47.033868+00
870	ME_SHORT_GEOM_A_V1	606561241	SOONUSDT	SHORT	2026-09-30 01:32:04.36922+00	2026-09-30 01:32:04.409293+00	4.475853945818601	9.21083627797408	9.21083627797408	9.21083627797408	9.21083627797408	0.0	0.0	0.0	1.790341578327443	5.818610129564193	22.3793	46.0542	46.0542	46.0542	46.0542	0.0	0.0	0.0	8.9517	29.0931	-3.5571260306242642	-7.7267373380447575	-4.8527679623086	-4.075382803297994	2.497055359246172	f	t	f	t	f	\N	87.9	2026-09-30 01:50:39.627415+00	2026-09-30 02:06:42.376132+00	2026-09-30 02:33:25.299158+00	2026-09-30 03:32:08.117759+00	2026-09-30 05:34:08.103877+00	t	2026-09-30 01:50:39.809853+00	2026-09-30 05:34:08.286857+00
871	ME_SHORT_GEOM_B_V1	606561241	SOONUSDT	SHORT	2026-09-30 01:32:04.36922+00	2026-09-30 01:32:04.409293+00	4.475853945818601	9.21083627797408	9.21083627797408	9.21083627797408	9.21083627797408	0.0	0.0	0.0	1.790341578327443	5.818610129564193	5.9678	12.2811	12.2811	12.2811	12.2811	0.0	0.0	0.0	2.3871	7.7581	-3.5571260306242642	-7.7267373380447575	-4.876325088339222	-4.075382803297994	2.47349823321555	f	t	f	t	f	\N	87.9	2026-09-30 01:50:40.356863+00	2026-09-30 02:06:43.114208+00	2026-09-30 02:33:26.029923+00	2026-09-30 03:32:08.862544+00	2026-09-30 05:34:08.470266+00	t	2026-09-30 01:50:41.033426+00	2026-09-30 05:34:08.652802+00
8950	ME_SHORT_GEOM_A_V1	610536496	AVAXUSDT	SHORT	2026-10-06 08:30:47.3924+00	2026-10-06 08:30:47.444486+00	0.0	0.458069062720222	1.1011275546159267	1.1011275546159267	1.1011275546159267	0.47568710359408267	0.47568710359408267	0.47568710359408267	0.47568710359408267	3.01268498942918	0.0	2.2903	5.5056	5.5056	5.5056	2.3784	2.3784	2.3784	2.3784	15.0634	0.0	-0.40521494009867115	-0.6430584918957047	0.229034531360111	1.585623678646932	f	t	f	t	f	\N	4.2	2026-10-06 08:49:33.055498+00	2026-10-06 09:05:42.431556+00	2026-10-06 09:32:23.671046+00	2026-10-06 10:31:17.250595+00	2026-10-06 12:33:59.170952+00	t	2026-10-06 08:49:33.756015+00	2026-10-06 12:33:59.545347+00
8951	ME_SHORT_GEOM_B_V1	610536496	AVAXUSDT	SHORT	2026-10-06 08:30:47.3924+00	2026-10-06 08:30:47.444486+00	0.0	0.458069062720222	1.1011275546159267	1.1011275546159267	1.1011275546159267	0.47568710359408267	0.47568710359408267	0.47568710359408267	0.47568710359408267	3.01268498942918	0.0	0.6108	1.4682	1.4682	1.4682	0.6342	0.6342	0.6342	0.6342	4.0169	0.0	-0.40521494009867115	-0.6430584918957047	0.19379844961240522	1.5503875968992262	f	t	f	t	f	\N	184.2	2026-10-06 08:49:33.944792+00	2026-10-06 09:05:42.986397+00	2026-10-06 09:32:24.234502+00	2026-10-06 10:31:17.805074+00	2026-10-06 12:33:59.910506+00	t	2026-10-06 08:49:34.323986+00	2026-10-06 12:34:00.466309+00
6887	ME_SHORT_GEOM_A_V1	614029014	BTCUSDT	SHORT	2026-10-04 19:59:38.597288+00	2026-10-04 19:59:38.634635+00	0.19236436266003076	0.19236436266003076	0.19236436266003076	0.19236436266003076	0.19236436266003076	0.0	0.0	0.3847287253200615	0.6163845322680884	1.4723767113996538	0.9618	0.9618	0.9618	0.9618	0.9618	0.0	0.0	1.9236	3.0819	7.3619	-0.1254753563125949	-0.09355105782858639	0.31585175899375456	0.3643813702423338	1.1365284137950322	f	t	f	t	f	\N	40.4	2026-10-04 20:16:45.548646+00	2026-10-04 20:32:53.671615+00	2026-10-04 20:59:44.5213+00	2026-10-04 22:04:38.928477+00	2026-10-05 00:03:37.562669+00	t	2026-10-04 20:16:46.106236+00	2026-10-05 00:03:37.93907+00
6888	ME_SHORT_GEOM_B_V1	614029014	BTCUSDT	SHORT	2026-10-04 19:59:38.597288+00	2026-10-04 19:59:38.634635+00	0.19236436266003076	0.19236436266003076	0.19236436266003076	0.19236436266003076	0.19236436266003076	0.0	0.0	0.3847287253200615	0.6163845322680884	1.4723767113996538	0.2565	0.2565	0.2565	0.2565	0.2565	0.0	0.0	0.513	0.8218	1.9632	-0.1254753563125949	-0.09355105782858639	0.31585175899375456	0.3643813702423338	1.1365284137950322	f	t	f	t	f	\N	120.4	2026-10-04 20:16:46.474929+00	2026-10-04 20:32:54.599403+00	2026-10-04 20:59:45.454534+00	2026-10-04 22:04:40.059581+00	2026-10-05 00:03:39.355806+00	t	2026-10-04 20:16:47.032397+00	2026-10-05 00:03:39.911948+00
1512	ME_SHORT_GEOM_A_V1	614721171	ASTERUSDT	SHORT	2026-09-30 15:58:00.036616+00	2026-09-30 15:58:00.07155+00	0.8747105737072328	1.0290712631849765	1.9552354000514522	3.421661950090038	4.026241317211216	0.0	0.0	0.0	0.0	0.0	4.3736	5.1454	9.7762	17.1083	20.1312	0.0	0.0	0.0	0.0	0.0	-0.4373552868536093	-0.9004373552868544	-1.7751479289940875	-3.1901209158734156	-2.7784924105994278	t	f	t	f	f	157.0	\N	2026-09-30 16:16:44.616607+00	2026-09-30 16:32:59.652437+00	2026-09-30 16:59:57.56479+00	2026-09-30 17:58:39.714256+00	2026-09-30 19:59:41.947436+00	t	2026-09-30 16:16:44.804546+00	2026-09-30 19:59:42.133169+00
1513	ME_SHORT_GEOM_B_V1	614721171	ASTERUSDT	SHORT	2026-09-30 15:58:00.036616+00	2026-09-30 15:58:00.07155+00	0.8747105737072328	1.0290712631849765	1.9552354000514522	3.421661950090038	4.026241317211216	0.0	0.0	0.0	0.0	0.0	1.1663	1.3721	2.607	4.5622	5.3683	0.0	0.0	0.0	0.0	0.0	-0.4373552868536093	-0.9004373552868544	-1.7751479289940875	-3.2287110882428625	-2.7784924105994278	t	f	t	f	f	157.0	\N	2026-09-30 16:16:44.991862+00	2026-09-30 16:33:00.027605+00	2026-09-30 16:59:57.935765+00	2026-09-30 17:58:40.102626+00	2026-09-30 19:59:42.13759+00	t	2026-09-30 16:16:45.180828+00	2026-09-30 19:59:42.328042+00
4680	ME_SHORT_GEOM_A_V1	620260785	MAGMAUSDT	SHORT	2026-10-03 02:53:44.483349+00	2026-10-03 02:53:44.532808+00	6.170886075949361	11.392405063291129	16.666666666666664	16.666666666666664	16.666666666666664	0.0	0.0	0.0	0.0	0.0	30.8544	56.962	83.3333	83.3333	83.3333	0.0	0.0	0.0	0.0	0.0	-4.272151898734176	-7.885021097046409	-14.082278481012658	-6.276371308016874	-4.219409282700411	f	f	f	f	f	\N	\N	2026-10-03 03:08:50.442031+00	2026-10-03 03:24:48.96236+00	2026-10-03 03:56:53.025833+00	2026-10-03 04:55:15.188752+00	2026-10-03 06:57:39.69457+00	t	2026-10-03 03:08:50.817853+00	2026-10-03 06:57:39.881167+00
4681	ME_SHORT_GEOM_B_V1	620260785	MAGMAUSDT	SHORT	2026-10-03 02:53:44.483349+00	2026-10-03 02:53:44.532808+00	6.170886075949361	11.392405063291129	16.666666666666664	16.666666666666664	16.666666666666664	0.0	0.0	0.0	0.0	0.0	8.2278	15.1899	22.2222	22.2222	22.2222	0.0	0.0	0.0	0.0	0.0	-4.245780590717301	-7.885021097046409	-14.082278481012658	-6.276371308016874	-4.219409282700411	f	f	f	f	f	\N	\N	2026-10-03 03:08:50.82142+00	2026-10-03 03:24:49.336293+00	2026-10-03 03:56:53.220104+00	2026-10-03 04:55:15.378064+00	2026-10-03 06:57:39.883821+00	t	2026-10-03 03:08:51.514015+00	2026-10-03 06:57:40.070374+00
3870	ME_SHORT_GEOM_A_V1	620859650	WLDUSDT	SHORT	2026-10-02 11:59:25.116201+00	2026-10-02 11:59:25.141297+00	0.678899082568814	0.678899082568814	0.678899082568814	0.678899082568814	0.678899082568814	0.7155963302752321	1.8715596330275204	4.788990825688075	8.23853211009173	8.23853211009173	3.3945	3.3945	3.3945	3.3945	3.3945	3.578	9.3578	23.945	41.1927	41.1927	0.49541284403668334	1.082568807339432	4.293577981651372	6.220183486238519	5.596330275229352	f	t	f	t	f	\N	10.6	2026-10-02 12:17:31.624656+00	2026-10-02 12:33:50.28874+00	2026-10-02 13:02:27.055065+00	2026-10-02 14:03:27.309692+00	2026-10-02 16:00:29.313513+00	t	2026-10-02 12:17:32.197661+00	2026-10-02 16:00:31.1127+00
3871	ME_SHORT_GEOM_B_V1	620859650	WLDUSDT	SHORT	2026-10-02 11:59:25.116201+00	2026-10-02 11:59:25.141297+00	0.678899082568814	0.678899082568814	0.678899082568814	0.678899082568814	0.678899082568814	0.7155963302752321	1.8715596330275204	4.788990825688075	8.23853211009173	8.23853211009173	0.9052	0.9052	0.9052	0.9052	0.9052	0.9541	2.4954	6.3853	10.9847	10.9847	0.49541284403668334	1.082568807339432	4.293577981651372	6.220183486238519	5.596330275229352	f	t	f	t	f	\N	15.6	2026-10-02 12:17:32.199545+00	2026-10-02 12:33:50.860374+00	2026-10-02 13:02:28.170476+00	2026-10-02 14:03:29.015604+00	2026-10-02 16:00:32.575744+00	t	2026-10-02 12:17:32.757262+00	2026-10-02 16:00:35.20247+00
8377	ME_SHORT_GEOM_A_V1	631218840	ZROUSDT	SHORT	2026-10-05 23:14:25.827202+00	2026-10-05 23:14:25.883703+00	0.6881923167570194	0.6881923167570194	0.6881923167570194	3.7426349281169045	3.7426349281169045	0.0	0.4053735564459081	3.158142823473944	3.158142823473944	3.158142823473944	3.441	3.441	3.441	18.7132	18.7132	0.0	2.0269	15.7907	15.7907	15.7907	-0.06127739806740885	0.31581428234739234	1.6592033938251083	-2.8093330190902708	1.0322884751355188	f	t	f	t	f	\N	25.6	2026-10-05 23:29:51.461997+00	2026-10-05 23:46:11.431706+00	2026-10-06 00:18:33.979363+00	2026-10-06 01:17:59.065065+00	2026-10-06 03:17:33.186458+00	t	2026-10-05 23:29:51.653059+00	2026-10-06 03:17:33.373272+00
8378	ME_SHORT_GEOM_B_V1	631218840	ZROUSDT	SHORT	2026-10-05 23:14:25.827202+00	2026-10-05 23:14:25.883703+00	0.6881923167570194	0.6881923167570194	0.6881923167570194	3.7426349281169045	3.7426349281169045	0.0	0.4053735564459081	3.158142823473944	3.158142823473944	3.158142823473944	0.9176	0.9176	0.9176	4.9902	4.9902	0.0	0.5405	4.2109	4.2109	4.2109	-0.06127739806740885	0.31581428234739234	1.6592033938251083	-2.8093330190902708	1.0322884751355188	f	t	f	t	f	\N	35.6	2026-10-05 23:29:51.839895+00	2026-10-05 23:46:11.624247+00	2026-10-06 00:18:34.359771+00	2026-10-06 01:17:59.633039+00	2026-10-06 03:17:33.736412+00	t	2026-10-05 23:29:52.025332+00	2026-10-06 03:17:33.92946+00
6214	ME_SHORT_GEOM_A_V1	633130900	SOLUSDT	SHORT	2026-10-04 10:23:17.091444+00	2026-10-04 10:23:17.131896+00	0.40289426081237384	0.40289426081237384	0.40289426081237384	0.40289426081237384	0.40289426081237384	0.0	0.0	0.0	0.14800197335963872	0.3042262785725952	2.0145	2.0145	2.0145	2.0145	2.0145	0.0	0.0	0.0	0.74	1.5211	-0.3124486104259247	-0.23022529189278174	-0.23022529189278174	-0.1397796415063326	-0.2631146193060413	f	t	f	t	f	\N	191.7	2026-10-04 10:40:23.774635+00	2026-10-04 10:56:43.423193+00	2026-10-04 11:23:51.372108+00	2026-10-04 12:23:34.801674+00	2026-10-04 14:28:06.521188+00	t	2026-10-04 10:40:25.520694+00	2026-10-04 14:28:06.897104+00
6215	ME_SHORT_GEOM_B_V1	633130900	SOLUSDT	SHORT	2026-10-04 10:23:17.091444+00	2026-10-04 10:23:17.131896+00	0.40289426081237384	0.40289426081237384	0.40289426081237384	0.40289426081237384	0.40289426081237384	0.0	0.0	0.0	0.14800197335963872	0.3042262785725952	0.5372	0.5372	0.5372	0.5372	0.5372	0.0	0.0	0.0	0.1973	0.4056	-0.3124486104259247	-0.23022529189278174	-0.22200296003947562	-0.13155730965302648	-0.2631146193060413	f	f	f	f	f	\N	\N	2026-10-04 10:40:25.523231+00	2026-10-04 10:56:44.528935+00	2026-10-04 11:23:52.666759+00	2026-10-04 12:23:35.735775+00	2026-10-04 14:28:07.945109+00	t	2026-10-04 10:40:26.629361+00	2026-10-04 14:28:08.326821+00
6616	ME_SHORT_GEOM_A_V1	645924074	XRPUSDT	SHORT	2026-10-04 15:29:01.568749+00	2026-10-04 15:29:01.597312+00	0.45713528554393323	0.45713528554393323	0.6227640121902792	0.6492646084536922	0.7420166953756525	0.0	0.0	0.0	0.0	0.0	2.2857	2.2857	3.1138	3.2463	3.7101	0.0	0.0	0.0	0.0	0.0	-0.41075924208294573	-0.3445077514244132	-0.5631376705975999	-0.6227640121902792	-0.17225387571221398	f	f	f	f	f	\N	\N	2026-10-04 15:44:28.283231+00	2026-10-04 16:00:50.311672+00	2026-10-04 16:33:36.629806+00	2026-10-04 17:33:38.848988+00	2026-10-04 19:33:21.536113+00	t	2026-10-04 15:44:29.394335+00	2026-10-04 19:33:21.902986+00
6617	ME_SHORT_GEOM_B_V1	645924074	XRPUSDT	SHORT	2026-10-04 15:29:01.568749+00	2026-10-04 15:29:01.597312+00	0.45713528554393323	0.45713528554393323	0.6227640121902792	0.6492646084536922	0.7420166953756525	0.0	0.0	0.0	0.0	0.0	0.6095	0.6095	0.8304	0.8657	0.9894	0.0	0.0	0.0	0.0	0.0	-0.41075924208294573	-0.3445077514244132	-0.5631376705975999	-0.6227640121902792	-0.17225387571221398	f	f	f	f	f	\N	\N	2026-10-04 15:44:29.396558+00	2026-10-04 16:00:52.071915+00	2026-10-04 16:33:37.586168+00	2026-10-04 17:33:40.274407+00	2026-10-04 19:33:22.637878+00	t	2026-10-04 15:44:30.510989+00	2026-10-04 19:33:23.191627+00
1754	ME_SHORT_GEOM_A_V1	646768170	MOVRUSDT	SHORT	2026-09-30 22:17:54.682225+00	2026-09-30 22:17:54.709398+00	5.194197473093131	5.194197473093131	5.194197473093131	5.194197473093131	5.194197473093131	2.9480580252690767	2.9480580252690767	9.826860084230228	9.826860084230228	15.301824988301355	25.971	25.971	25.971	25.971	25.971	14.7403	14.7403	49.1343	49.1343	76.5091	0.1403837154890086	-2.1525503041647083	2.0121665886757207	5.708937763219462	7.159569489939169	f	t	f	t	f	\N	7.1	2026-09-30 22:33:55.498678+00	2026-09-30 22:50:01.11154+00	2026-09-30 23:22:26.762742+00	2026-10-01 00:22:11.177924+00	2026-10-01 02:21:23.459091+00	t	2026-09-30 22:33:55.891756+00	2026-10-01 02:21:23.660558+00
1755	ME_SHORT_GEOM_B_V1	646768170	MOVRUSDT	SHORT	2026-09-30 22:17:54.682225+00	2026-09-30 22:17:54.709398+00	5.194197473093131	5.194197473093131	5.194197473093131	5.194197473093131	5.194197473093131	2.9480580252690767	2.9480580252690767	9.826860084230228	9.826860084230228	15.301824988301355	6.9256	6.9256	6.9256	6.9256	6.9256	3.9307	3.9307	13.1025	13.1025	20.4024	0.1403837154890086	-2.1525503041647083	2.0121665886757207	5.708937763219462	7.159569489939169	f	t	f	t	f	\N	7.1	2026-09-30 22:33:55.896701+00	2026-09-30 22:50:01.698979+00	2026-09-30 23:22:27.358899+00	2026-10-01 00:22:11.775537+00	2026-10-01 02:21:23.855269+00	t	2026-09-30 22:33:56.287975+00	2026-10-01 02:21:24.051659+00
4029	ME_SHORT_GEOM_A_V1	647596981	XAUUSDT	SHORT	2026-10-02 12:51:33.917031+00	2026-10-02 12:51:33.949981+00	0.48014297906140424	0.9430282341092867	0.9725791313927319	1.5054409112078135	2.326246634152791	0.0	0.0	0.0	0.0	0.0	2.4007	4.7151	4.8629	7.5272	11.6312	0.0	0.0	0.0	0.0	0.0	-0.4520105248475739	-0.8657230868158056	-0.8096945855663961	-1.4593415114456432	-2.0260095177529927	t	f	t	f	f	98.4	\N	2026-10-02 13:07:58.082677+00	2026-10-02 13:24:32.378998+00	2026-10-02 13:52:21.237379+00	2026-10-02 14:53:39.513323+00	2026-10-02 16:55:57.589068+00	t	2026-10-02 13:07:59.329531+00	2026-10-02 16:55:59.090263+00
4030	ME_SHORT_GEOM_B_V1	647596981	XAUUSDT	SHORT	2026-10-02 12:51:33.917031+00	2026-10-02 12:51:33.949981+00	0.48014297906140424	0.9430282341092867	0.9725791313927319	1.5054409112078135	2.326246634152791	0.0	0.0	0.0	0.0	0.0	0.6402	1.2574	1.2968	2.0073	3.1017	0.0	0.0	0.0	0.0	0.0	-0.42647854959467907	-0.8735245236986332	-0.7914912328397836	-1.452249296097612	-2.0260095177529927	t	f	t	f	f	98.4	\N	2026-10-02 13:07:59.518422+00	2026-10-02 13:24:33.715919+00	2026-10-02 13:52:22.924729+00	2026-10-02 14:53:41.379842+00	2026-10-02 16:55:59.277861+00	t	2026-10-02 13:08:00.636686+00	2026-10-02 16:56:00.210637+00
7702	ME_SHORT_GEOM_A_V1	650191005	VIRTUALUSDT	SHORT	2026-10-05 09:22:21.30232+00	2026-10-05 09:22:21.331583+00	1.4238897050514243	1.4238897050514243	1.9550231664594848	2.407051644253586	3.435416431235166	0.0	0.0	0.0	0.0	0.0	7.1194	7.1194	9.7751	12.0353	17.1771	0.0	0.0	0.0	0.0	0.0	-0.5537348852977755	-1.2430783139337789	-1.6160018081139087	-2.0454288620183076	-2.7008701548197576	f	f	f	f	f	\N	\N	2026-10-05 09:41:17.749621+00	2026-10-05 09:57:34.686585+00	2026-10-05 10:24:37.822827+00	2026-10-05 11:23:50.457342+00	2026-10-05 13:27:23.730057+00	t	2026-10-05 09:41:18.301342+00	2026-10-05 13:27:24.655309+00
7703	ME_SHORT_GEOM_B_V1	650191005	VIRTUALUSDT	SHORT	2026-10-05 09:22:21.30232+00	2026-10-05 09:22:21.331583+00	1.4238897050514243	1.4238897050514243	1.9550231664594848	2.407051644253586	3.435416431235166	0.0	0.0	0.0	0.0	0.0	1.8985	1.8985	2.6067	3.2094	4.5806	0.0	0.0	0.0	0.0	0.0	-0.5537348852977755	-1.2430783139337789	-1.6160018081139087	-2.0454288620183076	-2.7008701548197576	f	f	f	f	f	\N	\N	2026-10-05 09:41:18.66349+00	2026-10-05 09:57:35.610072+00	2026-10-05 10:24:38.757347+00	2026-10-05 11:23:51.377642+00	2026-10-05 13:27:24.6591+00	t	2026-10-05 09:41:19.037844+00	2026-10-05 13:27:25.718765+00
4177	ME_SHORT_GEOM_A_V1	656483060	SANDUSDT	SHORT	2026-10-02 14:56:54.90295+00	2026-10-02 14:56:54.941721+00	4.810049019607849	4.810049019607849	5.790441176470596	7.322303921568637	9.803921568627455	0.0	0.0	0.0	0.0	0.33700980392156554	24.0502	24.0502	28.9522	36.6115	49.0196	0.0	0.0	0.0	0.0	1.685	-4.243259803921581	-4.36580882352942	-5.499387254901965	-2.9105392156862724	-6.081495098039217	f	t	f	t	f	\N	133.1	2026-10-02 15:15:57.991999+00	2026-10-02 15:27:05.136549+00	2026-10-02 16:00:29.313513+00	2026-10-02 17:01:21.610724+00	2026-10-02 18:59:06.224371+00	t	2026-10-02 15:15:59.86059+00	2026-10-02 18:59:06.411505+00
4178	ME_SHORT_GEOM_B_V1	656483060	SANDUSDT	SHORT	2026-10-02 14:56:54.90295+00	2026-10-02 14:56:54.941721+00	4.810049019607849	4.810049019607849	5.790441176470596	7.322303921568637	9.803921568627455	0.0	0.0	0.0	0.0	0.33700980392156554	6.4134	6.4134	7.7206	9.7631	13.0719	0.0	0.0	0.0	0.0	0.4493	-4.243259803921581	-4.350490196078435	-5.499387254901965	-2.9105392156862724	-6.020220588235299	f	f	f	f	f	\N	\N	2026-10-02 15:15:59.86277+00	2026-10-02 15:27:07.179356+00	2026-10-02 16:00:32.575744+00	2026-10-02 17:01:22.920768+00	2026-10-02 18:59:06.784902+00	t	2026-10-02 15:16:01.734969+00	2026-10-02 18:59:06.976102+00
1431	ME_SHORT_GEOM_A_V1	658891068	SOONUSDT	SHORT	2026-09-30 14:23:38.862108+00	2026-09-30 14:23:38.887658+00	4.264214046822737	4.264214046822737	4.264214046822737	4.264214046822737	4.264214046822737	14.46488294314381	17.767558528428097	17.767558528428097	17.767558528428097	17.767558528428097	21.3211	21.3211	21.3211	21.3211	21.3211	72.3244	88.8378	88.8378	88.8378	88.8378	10.994983277591981	15.781772575250827	9.385451505016722	4.640468227424761	4.7031772575250885	f	t	f	t	f	\N	6.4	2026-09-30 14:39:08.926966+00	2026-09-30 14:55:21.504772+00	2026-09-30 15:27:43.264133+00	2026-09-30 16:27:31.975675+00	2026-09-30 18:24:58.293765+00	t	2026-09-30 14:39:09.310971+00	2026-09-30 18:24:58.672711+00
1432	ME_SHORT_GEOM_B_V1	658891068	SOONUSDT	SHORT	2026-09-30 14:23:38.862108+00	2026-09-30 14:23:38.887658+00	4.264214046822737	4.264214046822737	4.264214046822737	4.264214046822737	4.264214046822737	14.46488294314381	17.767558528428097	17.767558528428097	17.767558528428097	17.767558528428097	5.6856	5.6856	5.6856	5.6856	5.6856	19.2865	23.6901	23.6901	23.6901	23.6901	12.353678929765884	15.781772575250827	9.385451505016722	4.640468227424761	4.7031772575250885	f	t	f	t	f	\N	6.4	2026-09-30 14:39:09.518153+00	2026-09-30 14:55:22.061438+00	2026-09-30 15:27:43.638112+00	2026-09-30 16:27:32.357769+00	2026-09-30 18:24:58.675529+00	t	2026-09-30 14:39:09.884991+00	2026-09-30 18:24:59.051749+00
8791	ME_SHORT_GEOM_A_V1	667576206	SPCXUSDT	SHORT	2026-10-06 05:45:18.534064+00	2026-10-06 05:45:18.597342+00	0.023230152738249632	0.023230152738249632	0.023230152738249632	0.023230152738249632	0.023230152738249632	0.2845693710436199	0.37748998199663497	0.9292061095301668	0.9292061095301668	0.9292061095301668	0.1162	0.1162	0.1162	0.1162	0.1162	1.4228	1.8874	4.646	4.646	4.646	0.27295429467448684	0.36587490562750186	0.8479005749462849	0.7782101167315195	0.47041059294965	f	t	f	t	f	\N	14.7	2026-10-06 06:04:23.705264+00	2026-10-06 06:20:21.556589+00	2026-10-06 06:47:06.055812+00	2026-10-06 07:45:46.466714+00	2026-10-06 09:48:28.458825+00	t	2026-10-06 06:04:23.891013+00	2026-10-06 09:48:29.011167+00
8792	ME_SHORT_GEOM_B_V1	667576206	SPCXUSDT	SHORT	2026-10-06 05:45:18.534064+00	2026-10-06 05:45:18.597342+00	0.023230152738249632	0.023230152738249632	0.023230152738249632	0.023230152738249632	0.023230152738249632	0.2845693710436199	0.37748998199663497	0.9292061095301668	0.9292061095301668	0.9292061095301668	0.031	0.031	0.031	0.031	0.031	0.3794	0.5033	1.2389	1.2389	1.2389	0.27295429467448684	0.36587490562750186	0.8479005749462849	0.7782101167315195	0.47041059294965	f	t	f	t	f	\N	49.7	2026-10-06 06:04:23.89359+00	2026-10-06 06:20:21.745599+00	2026-10-06 06:47:06.427422+00	2026-10-06 07:45:47.336698+00	2026-10-06 09:48:29.014188+00	t	2026-10-06 06:04:24.07991+00	2026-10-06 09:48:29.571681+00
4253	ME_SHORT_GEOM_A_V1	695570333	SPCXUSDT	SHORT	2026-10-02 17:07:09.375428+00	2026-10-02 17:07:09.40177+00	0.37325235655089734	0.5503890681343737	0.5503890681343737	0.5503890681343737	0.5503890681343737	0.0	0.0	0.43651546783070644	0.9489466691971913	1.2019991143164457	1.8663	2.7519	2.7519	2.7519	2.7519	0.0	0.0	2.1826	4.7447	6.01	-0.37325235655089734	-0.25305244511925457	0.25305244511925457	0.6579363573100655	0.455494401214651	f	t	f	t	f	\N	42.8	2026-10-02 17:22:56.724712+00	2026-10-02 17:39:06.746295+00	2026-10-02 18:11:17.551543+00	2026-10-02 19:09:43.125842+00	2026-10-02 21:11:30.969807+00	t	2026-10-02 17:22:58.354688+00	2026-10-02 21:11:31.158295+00
4254	ME_SHORT_GEOM_B_V1	695570333	SPCXUSDT	SHORT	2026-10-02 17:07:09.375428+00	2026-10-02 17:07:09.40177+00	0.37325235655089734	0.5503890681343737	0.5503890681343737	0.5503890681343737	0.5503890681343737	0.0	0.0	0.43651546783070644	0.9489466691971913	1.2019991143164457	0.4977	0.7339	0.7339	0.7339	0.7339	0.0	0.0	0.582	1.2653	1.6027	-0.37325235655089734	-0.25305244511925457	0.25305244511925457	0.6579363573100655	0.455494401214651	f	t	f	t	f	\N	102.8	2026-10-02 17:22:58.359078+00	2026-10-02 17:39:08.055439+00	2026-10-02 18:11:18.511354+00	2026-10-02 19:09:43.684925+00	2026-10-02 21:11:31.34123+00	t	2026-10-02 17:22:59.660194+00	2026-10-02 21:11:31.714349+00
7605	ME_SHORT_GEOM_A_V1	698146388	ADAUSDT	SHORT	2026-10-05 07:46:50.352201+00	2026-10-05 07:46:50.398393+00	0.3295496155254529	0.3295496155254529	1.0618820944708947	1.1717319663127193	1.1717319663127193	0.18308311973636046	0.6224826071036175	0.6224826071036175	0.6224826071036175	0.8787989747345343	1.6477	1.6477	5.3094	5.8587	5.8587	0.9154	3.1124	3.1124	3.1124	4.394	0.14646649578909243	0.0	-1.0618820944708947	-0.8055657268399982	-0.2196997436836285	f	t	f	t	f	\N	13.2	2026-10-05 08:03:51.086346+00	2026-10-05 08:20:04.469326+00	2026-10-05 08:47:06.893617+00	2026-10-05 09:52:08.170869+00	2026-10-05 11:50:36.485161+00	t	2026-10-05 08:03:52.14439+00	2026-10-05 11:50:36.672037+00
7606	ME_SHORT_GEOM_B_V1	698146388	ADAUSDT	SHORT	2026-10-05 07:46:50.352201+00	2026-10-05 07:46:50.398393+00	0.3295496155254529	0.3295496155254529	1.0618820944708947	1.1717319663127193	1.1717319663127193	0.18308311973636046	0.6224826071036175	0.6224826071036175	0.6224826071036175	0.8787989747345343	0.4394	0.4394	1.4158	1.5623	1.5623	0.2441	0.83	0.83	0.83	1.1717	0.14646649578909243	0.0	-1.0252654705236266	-0.8055657268399982	-0.2196997436836285	f	t	f	t	f	\N	148.2	2026-10-05 08:03:52.14697+00	2026-10-05 08:20:05.33973+00	2026-10-05 08:47:07.643515+00	2026-10-05 09:52:09.086218+00	2026-10-05 11:50:37.415361+00	t	2026-10-05 08:03:52.88382+00	2026-10-05 11:50:37.604849+00
9349	ME_SHORT_GEOM_A_V1	711445776	SPCXUSDT	SHORT	2026-10-06 16:35:59.920906+00	2026-10-06 16:35:59.963458+00	0.38465954759445165	0.3904007348719754	1.0276725226777015	1.4295556321047242	1.6017912504306009	0.0	0.0	0.0	0.0	0.0	1.9233	1.952	5.1384	7.1478	8.009	0.0	0.0	0.0	0.0	0.0	-0.3272476748191487	-0.2985417384315135	-0.4248478585371506	-1.3951085084395491	-1.52715581582271	f	f	f	f	f	\N	\N	2026-10-06 16:55:54.820409+00	2026-10-06 17:06:41.171618+00	2026-10-06 17:38:48.099732+00	2026-10-06 18:37:10.240424+00	2026-10-06 20:38:21.611795+00	t	2026-10-06 16:55:55.031575+00	2026-10-06 20:38:21.801295+00
9350	ME_SHORT_GEOM_B_V1	711445776	SPCXUSDT	SHORT	2026-10-06 16:35:59.920906+00	2026-10-06 16:35:59.963458+00	0.38465954759445165	0.3904007348719754	1.0276725226777015	1.4295556321047242	1.6017912504306009	0.0	0.0	0.0	0.0	0.0	0.5129	0.5205	1.3702	1.9061	2.1357	0.0	0.0	0.0	0.0	0.0	-0.3272476748191487	-0.2985417384315135	-0.4248478585371506	-1.4008496957170729	-1.52715581582271	f	f	f	f	f	\N	\N	2026-10-06 16:55:55.586959+00	2026-10-06 17:06:41.912907+00	2026-10-06 17:38:48.884834+00	2026-10-06 18:37:10.985635+00	2026-10-06 20:38:21.990794+00	t	2026-10-06 16:55:56.294221+00	2026-10-06 20:38:22.361975+00
5078	ME_SHORT_GEOM_A_V1	717857594	SPCXUSDT	SHORT	2026-10-03 09:54:53.680369+00	2026-10-03 09:54:53.708098+00	0.044000251430003884	0.044000251430003884	0.050286001634302906	0.050286001634302906	0.050286001634302906	0.006285750204281165	0.006285750204281165	0.03771450122572272	0.03771450122572272	0.11314350367716815	0.22	0.22	0.2514	0.2514	0.2514	0.0314	0.0314	0.1886	0.1886	0.5657	0.006285750204281165	-0.012571500408580193	-0.01885725061286136	0.012571500408580193	0.03142875102142369	f	f	f	f	f	\N	\N	2026-10-03 10:14:41.726622+00	2026-10-03 10:25:24.516106+00	2026-10-03 10:57:27.057921+00	2026-10-03 11:56:03.952834+00	2026-10-03 13:58:01.726466+00	t	2026-10-03 10:14:41.916324+00	2026-10-03 13:58:01.916383+00
5079	ME_SHORT_GEOM_B_V1	717857594	SPCXUSDT	SHORT	2026-10-03 09:54:53.680369+00	2026-10-03 09:54:53.708098+00	0.044000251430003884	0.044000251430003884	0.050286001634302906	0.050286001634302906	0.050286001634302906	0.006285750204281165	0.006285750204281165	0.03771450122572272	0.03771450122572272	0.11314350367716815	0.0587	0.0587	0.067	0.067	0.067	0.0084	0.0084	0.0503	0.0503	0.1509	0.006285750204281165	-0.012571500408580193	-0.01885725061286136	0.012571500408580193	0.03142875102142369	f	f	f	f	f	\N	\N	2026-10-03 10:14:41.918548+00	2026-10-03 10:25:24.711181+00	2026-10-03 10:57:27.258333+00	2026-10-03 11:56:04.143977+00	2026-10-03 13:58:01.923531+00	t	2026-10-03 10:14:42.106913+00	2026-10-03 13:58:02.11811+00
9091	ME_SHORT_GEOM_A_V1	718742424	ORCAUSDT	SHORT	2026-10-06 11:55:56.107297+00	2026-10-06 11:55:56.141629+00	5.708385574157396	9.038277159082538	9.038277159082538	9.038277159082538	9.038277159082538	0.0	0.0	0.0	0.0	1.4344715686997542	28.5419	45.1914	45.1914	45.1914	45.1914	0.0	0.0	0.0	0.0	7.1724	-4.074784276126559	-8.30813481820194	-6.386901688915112	-3.1860756692971552	-2.625562357105987	f	t	f	t	f	\N	184.1	2026-10-06 12:12:48.381314+00	2026-10-06 12:28:41.967508+00	2026-10-06 12:59:14.583313+00	2026-10-06 13:58:08.824243+00	2026-10-06 15:56:35.177785+00	t	2026-10-06 12:12:48.600801+00	2026-10-06 15:56:35.375003+00
9092	ME_SHORT_GEOM_B_V1	718742424	ORCAUSDT	SHORT	2026-10-06 11:55:56.107297+00	2026-10-06 11:55:56.141629+00	5.708385574157396	9.038277159082538	9.038277159082538	9.038277159082538	9.038277159082538	0.0	0.0	0.0	0.0	1.4344715686997542	7.6112	12.051	12.051	12.051	12.051	0.0	0.0	0.0	0.0	1.9126	-4.074784276126559	-8.392949332546657	-6.386901688915112	-3.1639501438159274	-2.625562357105987	f	t	f	t	f	\N	184.1	2026-10-06 12:12:48.985274+00	2026-10-06 12:28:42.523705+00	2026-10-06 12:59:15.330746+00	2026-10-06 13:58:09.898347+00	2026-10-06 15:56:36.120776+00	t	2026-10-06 12:12:49.184742+00	2026-10-06 15:56:36.509717+00
6373	ME_SHORT_GEOM_A_V1	721718485	SOLUSDT	SHORT	2026-10-04 12:28:34.373644+00	2026-10-04 12:28:34.426262+00	0.35303776683086424	0.48440065681445277	0.492610837438419	0.5336617405582853	0.5336617405582853	0.0	0.0	0.0	0.15599343185549894	0.2709359605911316	1.7652	2.422	2.4631	2.6683	2.6683	0.0	0.0	0.0	0.78	1.3547	-0.28735632183907583	-0.4269293924466306	-0.188834154351399	-0.2709359605911316	-0.2791461412151095	f	t	f	t	f	\N	151.4	2026-10-04 12:45:13.334254+00	2026-10-04 13:01:28.346668+00	2026-10-04 13:33:54.336111+00	2026-10-04 14:33:34.109452+00	2026-10-04 16:33:36.629806+00	t	2026-10-04 12:45:13.527735+00	2026-10-04 16:33:36.82103+00
6374	ME_SHORT_GEOM_B_V1	721718485	SOLUSDT	SHORT	2026-10-04 12:28:34.373644+00	2026-10-04 12:28:34.426262+00	0.35303776683086424	0.48440065681445277	0.492610837438419	0.5336617405582853	0.5336617405582853	0.0	0.0	0.0	0.15599343185549894	0.2709359605911316	0.4707	0.6459	0.6568	0.7115	0.7115	0.0	0.0	0.0	0.208	0.3612	-0.28735632183907583	-0.4269293924466306	-0.188834154351399	-0.2709359605911316	-0.2791461412151095	f	f	f	f	f	\N	\N	2026-10-04 12:45:14.279261+00	2026-10-04 13:01:29.599868+00	2026-10-04 13:33:55.27454+00	2026-10-04 14:33:35.566324+00	2026-10-04 16:33:37.586168+00	t	2026-10-04 12:45:14.483637+00	2026-10-04 16:33:37.775666+00
7439	ME_SHORT_GEOM_A_V1	721995258	AKTUSDT	SHORT	2026-10-05 03:56:28.604101+00	2026-10-05 03:56:28.666839+00	2.350903241771841	3.526354862657768	3.9099232863152777	5.295718881464992	5.295718881464992	0.0	0.0	0.0	0.0	0.0	11.7545	17.6318	19.5496	26.4786	26.4786	0.0	0.0	0.0	0.0	0.0	-1.1878247958426198	-3.2541450136104912	-2.214798317248209	-4.61519425884682	-3.625340262311308	f	f	f	f	f	\N	\N	2026-10-05 04:12:17.195863+00	2026-10-05 04:28:22.799546+00	2026-10-05 05:00:48.197861+00	2026-10-05 05:59:51.020226+00	2026-10-05 07:58:26.43165+00	t	2026-10-05 04:12:18.291017+00	2026-10-05 07:58:26.801669+00
7440	ME_SHORT_GEOM_B_V1	721995258	AKTUSDT	SHORT	2026-10-05 03:56:28.604101+00	2026-10-05 03:56:28.666839+00	2.350903241771841	3.526354862657768	3.9099232863152777	5.295718881464992	5.295718881464992	0.0	0.0	0.0	0.0	0.0	3.1345	4.7018	5.2132	7.061	7.061	0.0	0.0	0.0	0.0	0.0	-1.1878247958426198	-3.2541450136104912	-2.214798317248209	-4.61519425884682	-3.625340262311308	f	f	f	f	f	\N	\N	2026-10-05 04:12:18.654033+00	2026-10-05 04:28:24.264643+00	2026-10-05 05:00:49.807601+00	2026-10-05 05:59:51.933947+00	2026-10-05 07:58:27.168561+00	t	2026-10-05 04:12:19.933648+00	2026-10-05 07:58:27.356276+00
7354	ME_SHORT_GEOM_A_V1	723556248	XAUUSDT	SHORT	2026-10-05 01:30:54.819461+00	2026-10-05 01:30:54.863164+00	0.1712123176816966	0.1712123176816966	0.1712123176816966	0.5462945620278454	0.8210026846475742	0.0	0.05066731981883846	0.08116376350128252	0.08116376350128252	0.08116376350128252	0.8561	0.8561	0.8561	2.7315	4.105	0.0	0.2533	0.4058	0.4058	0.4058	-0.07131845491089407	-0.0012006473890765557	-0.10997930083901065	-0.3414641174521363	-0.6140110747715098	t	f	t	f	f	79.1	\N	2026-10-05 01:47:04.597493+00	2026-10-05 02:03:26.8069+00	2026-10-05 02:35:53.500675+00	2026-10-05 03:34:44.537958+00	2026-10-05 05:33:04.047368+00	t	2026-10-05 01:47:05.153266+00	2026-10-05 05:33:04.239046+00
7355	ME_SHORT_GEOM_B_V1	723556248	XAUUSDT	SHORT	2026-10-05 01:30:54.819461+00	2026-10-05 01:30:54.863164+00	0.1712123176816966	0.1712123176816966	0.1712123176816966	0.5462945620278454	0.8210026846475742	0.0	0.05066731981883846	0.08116376350128252	0.08116376350128252	0.08116376350128252	0.2283	0.2283	0.2283	0.7284	1.0947	0.0	0.0676	0.1082	0.1082	0.1082	-0.07828220976751188	-0.005282848511923741	-0.10997930083901065	-0.3414641174521363	-0.6140110747715098	t	f	t	f	f	79.1	\N	2026-10-05 01:47:06.803094+00	2026-10-05 02:03:29.691486+00	2026-10-05 02:35:55.329392+00	2026-10-05 03:34:46.012376+00	2026-10-05 05:33:05.14877+00	t	2026-10-05 01:47:06.995669+00	2026-10-05 05:33:05.337403+00
5673	ME_SHORT_GEOM_A_V1	728515427	STRKUSDT	SHORT	2026-10-04 02:07:06.83981+00	2026-10-04 02:07:06.869839+00	2.5855654761904807	2.9017857142857117	2.9017857142857117	3.962053571428571	3.962053571428571	0.0	0.0	0.0	0.0	1.0044642857142836	12.9278	14.5089	14.5089	19.8103	19.8103	0.0	0.0	0.0	0.0	5.0223	-2.213541666666673	-2.455357142857146	-1.581101190476197	-2.5297619047619047	-0.8370535714285695	f	t	f	t	f	\N	142.9	2026-10-04 02:25:58.219303+00	2026-10-04 02:42:03.692462+00	2026-10-04 03:09:00.068155+00	2026-10-04 04:08:14.438661+00	2026-10-04 06:11:44.373807+00	t	2026-10-04 02:25:58.912916+00	2026-10-04 06:11:44.566685+00
5674	ME_SHORT_GEOM_B_V1	728515427	STRKUSDT	SHORT	2026-10-04 02:07:06.83981+00	2026-10-04 02:07:06.869839+00	2.5855654761904807	2.9017857142857117	2.9017857142857117	3.962053571428571	3.962053571428571	0.0	0.0	0.0	0.0	1.0044642857142836	3.4474	3.869	3.869	5.2827	5.2827	0.0	0.0	0.0	0.0	1.3393	-2.213541666666673	-2.455357142857146	-1.581101190476197	-2.5297619047619047	-0.8370535714285695	f	t	f	t	f	\N	212.9	2026-10-04 02:25:59.10019+00	2026-10-04 02:42:04.255249+00	2026-10-04 03:09:00.624459+00	2026-10-04 04:08:14.993316+00	2026-10-04 06:11:45.116475+00	t	2026-10-04 02:25:59.485222+00	2026-10-04 06:11:45.310665+00
7164	ME_SHORT_GEOM_A_V1	731008689	KLACUSDT	SHORT	2026-10-04 22:30:25.790448+00	2026-10-04 22:30:25.836787+00	0.2018939576022629	0.24996394750757592	0.24996394750757592	0.6152958707878676	0.6152958707878676	0.0	0.0	0.09613997981059877	0.9229438061817946	1.5382396769696625	1.0095	1.2498	1.2498	3.0765	3.0765	0.0	0.0	0.4807	4.6147	7.6912	-0.18266596164014587	-0.12017497476325531	0.033648992933708204	0.5191558909772689	1.1152237658030058	f	t	f	t	f	\N	89.6	2026-10-04 22:48:07.44367+00	2026-10-04 23:04:21.719036+00	2026-10-04 23:31:22.612213+00	2026-10-05 00:30:40.035302+00	2026-10-05 02:30:31.663374+00	t	2026-10-04 22:48:08.000912+00	2026-10-05 02:30:31.851892+00
7165	ME_SHORT_GEOM_B_V1	731008689	KLACUSDT	SHORT	2026-10-04 22:30:25.790448+00	2026-10-04 22:30:25.836787+00	0.2018939576022629	0.24996394750757592	0.24996394750757592	0.6152958707878676	0.6152958707878676	0.0	0.0	0.09613997981059877	0.9229438061817946	1.5382396769696625	0.2692	0.3333	0.3333	0.8204	0.8204	0.0	0.0	0.1282	1.2306	2.051	-0.18266596164014587	-0.12017497476325531	0.033648992933708204	0.5191558909772689	1.11041676681248	f	t	f	t	f	\N	99.6	2026-10-04 22:48:08.734468+00	2026-10-04 23:04:23.016386+00	2026-10-04 23:31:24.093941+00	2026-10-05 00:30:41.712597+00	2026-10-05 02:30:33.681902+00	t	2026-10-04 22:48:09.123247+00	2026-10-05 02:30:34.241606+00
5247	ME_SHORT_GEOM_A_V1	735072533	SPCXUSDT	SHORT	2026-10-03 13:55:33.556059+00	2026-10-03 13:55:33.593823+00	0.07538161944846067	0.07538161944846067	0.1319178340348062	0.14448143727620438	0.14448143727620438	0.0	0.0	0.0	0.0	0.0	0.3769	0.3769	0.6596	0.7224	0.7224	0.0	0.0	0.0	0.0	0.0	-0.06909981782774371	-0.05025441296562855	-0.10050882593127496	-0.11935423079339011	-0.05025441296562855	f	f	f	f	f	\N	\N	2026-10-03 14:13:46.451272+00	2026-10-03 14:29:25.865312+00	2026-10-03 14:55:35.453691+00	2026-10-03 15:58:13.594187+00	2026-10-03 17:58:38.43568+00	t	2026-10-03 14:13:46.642507+00	2026-10-03 17:58:38.623914+00
5248	ME_SHORT_GEOM_B_V1	735072533	SPCXUSDT	SHORT	2026-10-03 13:55:33.556059+00	2026-10-03 13:55:33.593823+00	0.07538161944846067	0.07538161944846067	0.1319178340348062	0.14448143727620438	0.14448143727620438	0.0	0.0	0.0	0.0	0.0	0.1005	0.1005	0.1759	0.1926	0.1926	0.0	0.0	0.0	0.0	0.0	-0.06909981782774371	-0.05025441296562855	-0.10050882593127496	-0.11935423079339011	-0.05025441296562855	f	f	f	f	f	\N	\N	2026-10-03 14:13:46.644347+00	2026-10-03 14:29:26.057623+00	2026-10-03 14:55:35.647091+00	2026-10-03 15:58:13.784072+00	2026-10-03 17:58:38.626823+00	t	2026-10-03 14:13:46.832498+00	2026-10-03 17:58:38.815104+00
7560	ME_SHORT_GEOM_A_V1	735745381	1000PEPEUSDT	SHORT	2026-10-05 06:51:49.618976+00	2026-10-05 06:51:49.665701+00	0.0	0.0	0.0	0.0	0.0	1.1241007194244732	1.3938848920863405	1.3938848920863405	2.832733812949646	2.832733812949646	0.0	0.0	0.0	0.0	0.0	5.6205	6.9694	6.9694	14.1637	14.1637	0.9667266187050473	0.8992805755395707	1.1465827338129655	2.18075539568347	1.7311151079136844	f	t	f	t	f	\N	3.2	2026-10-05 07:09:43.828651+00	2026-10-05 07:25:57.916047+00	2026-10-05 07:53:00.636869+00	2026-10-05 08:52:31.984759+00	2026-10-05 10:56:57.180165+00	t	2026-10-05 07:09:44.563744+00	2026-10-05 10:56:57.550854+00
7561	ME_SHORT_GEOM_B_V1	735745381	1000PEPEUSDT	SHORT	2026-10-05 06:51:49.618976+00	2026-10-05 06:51:49.665701+00	0.0	0.0	0.0	0.0	0.0	1.1241007194244732	1.3938848920863405	1.3938848920863405	2.832733812949646	2.832733812949646	0.0	0.0	0.0	0.0	0.0	1.4988	1.8585	1.8585	3.777	3.777	0.9667266187050473	0.8992805755395707	1.1465827338129655	2.18075539568347	1.7311151079136844	f	t	f	t	f	\N	13.2	2026-10-05 07:09:44.757477+00	2026-10-05 07:25:58.848102+00	2026-10-05 07:53:01.377154+00	2026-10-05 08:52:32.736202+00	2026-10-05 10:56:58.275442+00	t	2026-10-05 07:09:45.489564+00	2026-10-05 10:56:58.839953+00
5847	ME_SHORT_GEOM_A_V1	737571006	STRKUSDT	SHORT	2026-10-04 04:47:27.573008+00	2026-10-04 04:47:27.606732+00	1.6272189349112534	2.97707100591716	3.1989644970414246	3.1989644970414246	3.1989644970414246	0.0	0.0	0.2958579881656684	0.4068047337278069	4.863165680473373	8.1361	14.8854	15.9948	15.9948	15.9948	0.0	0.0	1.4793	2.034	24.3158	-1.1094674556213078	-2.681213017751479	0.01849112426034786	-1.0539940828402385	-0.18491124260355557	f	t	f	t	f	\N	52.5	2026-10-04 05:07:18.303503+00	2026-10-04 05:18:04.730786+00	2026-10-04 05:50:17.514837+00	2026-10-04 06:49:11.225138+00	2026-10-04 08:51:56.468211+00	t	2026-10-04 05:07:18.684157+00	2026-10-04 08:51:56.657137+00
5848	ME_SHORT_GEOM_B_V1	737571006	STRKUSDT	SHORT	2026-10-04 04:47:27.573008+00	2026-10-04 04:47:27.606732+00	1.6272189349112534	2.97707100591716	3.1989644970414246	3.1989644970414246	3.1989644970414246	0.0	0.0	0.2958579881656684	0.4068047337278069	4.863165680473373	2.1696	3.9694	4.2653	4.2653	4.2653	0.0	0.0	0.3945	0.5424	6.4842	-1.1094674556213078	-2.6257396449704222	0.01849112426034786	-1.0539940828402385	-0.18491124260355557	f	t	f	t	f	\N	167.5	2026-10-04 05:07:19.234518+00	2026-10-04 05:18:05.774528+00	2026-10-04 05:50:18.264817+00	2026-10-04 06:49:11.974625+00	2026-10-04 08:51:57.718304+00	t	2026-10-04 05:07:19.613204+00	2026-10-04 08:51:58.094134+00
8970	ME_SHORT_GEOM_A_V1	752110022	SPCXUSDT	SHORT	2026-10-06 09:00:47.91717+00	2026-10-06 09:00:47.946813+00	0.03470013301717788	0.11566711005724865	0.11566711005724865	0.11566711005724865	0.8732866809322717	0.14458388757156904	0.14458388757156904	0.14458388757156904	0.32965126366317343	0.3354346191660474	0.1735	0.5783	0.5783	0.5783	4.3664	0.7229	0.7229	0.7229	1.6483	1.6772	0.10410039905153363	-0.08096697704007078	-0.028916777514303944	0.005783355502857502	-0.6824359493378097	f	t	f	t	f	\N	69.2	2026-10-06 09:16:23.353007+00	2026-10-06 09:32:23.671046+00	2026-10-06 10:04:31.690248+00	2026-10-06 11:03:04.889212+00	2026-10-06 13:04:34.308077+00	t	2026-10-06 09:16:23.920046+00	2026-10-06 13:04:34.863537+00
8971	ME_SHORT_GEOM_B_V1	752110022	SPCXUSDT	SHORT	2026-10-06 09:00:47.91717+00	2026-10-06 09:00:47.946813+00	0.03470013301717788	0.11566711005724865	0.11566711005724865	0.11566711005724865	0.8732866809322717	0.14458388757156904	0.14458388757156904	0.14458388757156904	0.32965126366317343	0.3354346191660474	0.0463	0.1542	0.1542	0.1542	1.1644	0.1928	0.1928	0.1928	0.4395	0.4472	0.10410039905153363	-0.08096697704007078	-0.028916777514303944	0.005783355502857502	-0.6824359493378097	f	f	f	f	f	\N	\N	2026-10-06 09:16:23.923961+00	2026-10-06 09:32:24.234502+00	2026-10-06 10:04:32.250362+00	2026-10-06 11:03:05.456786+00	2026-10-06 13:04:35.050256+00	t	2026-10-06 09:16:24.501621+00	2026-10-06 13:04:35.240517+00
6255	ME_SHORT_GEOM_A_V1	753977274	SOLUSDT	SHORT	2026-10-04 10:58:22.794061+00	2026-10-04 10:58:22.862337+00	0.23882071975624328	0.23882071975624328	0.24705591698922125	0.24705591698922125	0.24705591698922125	0.0	0.032940788931888364	0.032940788931888364	0.30470229762002005	0.461171045046519	1.1941	1.1941	1.2353	1.2353	1.2353	0.0	0.1647	0.1647	1.5235	2.3059	-0.16470394465947694	0.0	-0.18117433912543282	-0.12352795849461062	0.34587828378488633	f	t	f	t	f	\N	66.6	2026-10-04 11:18:26.40952+00	2026-10-04 11:29:15.461487+00	2026-10-04 12:01:49.93028+00	2026-10-04 13:01:28.346668+00	2026-10-04 15:00:48.66231+00	t	2026-10-04 11:18:27.337946+00	2026-10-04 15:00:48.85576+00
6256	ME_SHORT_GEOM_B_V1	753977274	SOLUSDT	SHORT	2026-10-04 10:58:22.794061+00	2026-10-04 10:58:22.862337+00	0.23882071975624328	0.23882071975624328	0.24705591698922125	0.24705591698922125	0.24705591698922125	0.0	0.032940788931888364	0.032940788931888364	0.30470229762002005	0.461171045046519	0.3184	0.3184	0.3294	0.3294	0.3294	0.0	0.0439	0.0439	0.4063	0.6149	-0.16470394465947694	0.0	-0.18117433912543282	-0.12352795849461062	0.34587828378488633	f	f	f	f	f	\N	\N	2026-10-04 11:18:27.34465+00	2026-10-04 11:29:16.568591+00	2026-10-04 12:01:51.067972+00	2026-10-04 13:01:29.599868+00	2026-10-04 15:00:49.782523+00	t	2026-10-04 11:18:29.552205+00	2026-10-04 15:00:49.97162+00
6950	ME_SHORT_GEOM_A_V1	754076323	HYPEUSDT	SHORT	2026-10-04 21:04:53.188985+00	2026-10-04 21:04:53.227538+00	0.29735682819382825	0.29735682819382825	0.3524229074889793	0.6387665198237867	0.8039647577092555	0.15418502202643236	0.15418502202643236	0.19823788546256257	0.5066079295154273	0.5066079295154273	1.4868	1.4868	1.7621	3.1938	4.0198	0.7709	0.7709	0.9912	2.533	2.533	0.11013215859031777	0.05506607929515106	0.17621145374448965	-0.4625550660792971	-0.6938325991189378	f	t	f	t	f	\N	60.1	2026-10-04 21:21:24.542948+00	2026-10-04 21:37:35.482503+00	2026-10-04 22:10:05.00829+00	2026-10-04 23:09:43.212991+00	2026-10-05 01:08:44.765523+00	t	2026-10-04 21:21:25.470176+00	2026-10-05 01:08:45.825553+00
6951	ME_SHORT_GEOM_B_V1	754076323	HYPEUSDT	SHORT	2026-10-04 21:04:53.188985+00	2026-10-04 21:04:53.227538+00	0.29735682819382825	0.29735682819382825	0.3524229074889793	0.6387665198237867	0.8039647577092555	0.15418502202643236	0.15418502202643236	0.19823788546256257	0.5066079295154273	0.5066079295154273	0.3965	0.3965	0.4699	0.8517	1.072	0.2056	0.2056	0.2643	0.6755	0.6755	0.11013215859031777	0.05506607929515106	0.17621145374448965	-0.4625550660792971	-0.6938325991189378	f	f	f	f	f	\N	\N	2026-10-04 21:21:25.472585+00	2026-10-04 21:37:36.92177+00	2026-10-04 22:10:06.321095+00	2026-10-04 23:09:44.498148+00	2026-10-05 01:08:47.929503+00	t	2026-10-04 21:21:26.388691+00	2026-10-05 01:08:48.855767+00
7740	ME_SHORT_GEOM_A_V1	754774268	1000PEPEUSDT	SHORT	2026-10-05 10:32:26.851366+00	2026-10-05 10:32:26.892382+00	1.2342957901697265	1.2342957901697265	1.2342957901697265	1.2342957901697265	2.4024685915803525	0.0	0.0	0.0	0.0	0.022040996253033563	6.1715	6.1715	6.1715	6.1715	12.0123	0.0	0.0	0.0	0.0	0.1102	-0.24245095878335007	-0.5730659025787961	-0.5289839100727481	-0.8816398501212278	-2.358386599074285	f	f	f	f	f	\N	\N	2026-10-05 10:51:32.564303+00	2026-10-05 11:07:47.941172+00	2026-10-05 11:34:32.79769+00	2026-10-05 12:33:22.561404+00	2026-10-05 14:33:12.656079+00	t	2026-10-05 10:51:33.126484+00	2026-10-05 14:33:12.843353+00
7741	ME_SHORT_GEOM_B_V1	754774268	1000PEPEUSDT	SHORT	2026-10-05 10:32:26.851366+00	2026-10-05 10:32:26.892382+00	1.2342957901697265	1.2342957901697265	1.2342957901697265	1.2342957901697265	2.4024685915803525	0.0	0.0	0.0	0.0	0.022040996253033563	1.6457	1.6457	1.6457	1.6457	3.2033	0.0	0.0	0.0	0.0	0.0294	-0.24245095878335007	-0.5730659025787961	-0.5510249063257626	-0.8816398501212278	-2.3804275953273186	f	f	f	f	f	\N	\N	2026-10-05 10:51:33.505424+00	2026-10-05 11:07:49.03994+00	2026-10-05 11:34:33.719009+00	2026-10-05 12:33:23.475636+00	2026-10-05 14:33:13.390756+00	t	2026-10-05 10:51:34.075467+00	2026-10-05 14:33:14.129714+00
7794	ME_SHORT_GEOM_A_V1	768450503	ADAUSDT	SHORT	2026-10-05 11:22:27.04599+00	2026-10-05 11:22:27.083542+00	1.1978221415608077	1.4882032667876761	1.5607985480943831	1.7785843920145243	2.8675136116152515	0.0	0.0	0.0	0.3629764065335756	0.4718693284936362	5.9891	7.441	7.804	8.8929	14.3376	0.0	0.0	0.0	1.8149	2.3593	-1.1615245009074542	-1.415607985480949	-1.3793103448275954	-0.10889292196008074	-2.4682395644283224	f	t	f	t	f	\N	112.5	2026-10-05 11:39:53.626483+00	2026-10-05 11:55:58.539585+00	2026-10-05 12:22:42.121844+00	2026-10-05 13:27:23.730057+00	2026-10-05 15:27:43.06224+00	t	2026-10-05 11:39:53.815877+00	2026-10-05 15:27:43.254713+00
7795	ME_SHORT_GEOM_B_V1	768450503	ADAUSDT	SHORT	2026-10-05 11:22:27.04599+00	2026-10-05 11:22:27.083542+00	1.1978221415608077	1.4882032667876761	1.5607985480943831	1.7785843920145243	2.8675136116152515	0.0	0.0	0.0	0.3629764065335756	0.4718693284936362	1.5971	1.9843	2.0811	2.3714	3.8234	0.0	0.0	0.0	0.484	0.6292	-1.1615245009074542	-1.415607985480949	-1.3793103448275954	-0.10889292196008074	-2.4682395644283224	f	f	f	f	f	\N	\N	2026-10-05 11:39:54.864288+00	2026-10-05 11:55:59.7952+00	2026-10-05 12:22:43.38268+00	2026-10-05 13:27:24.6591+00	2026-10-05 15:27:43.622506+00	t	2026-10-05 11:39:55.058242+00	2026-10-05 15:27:44.004345+00
8344	ME_SHORT_GEOM_A_V1	768990586	ZROUSDT	SHORT	2026-10-05 22:34:21.382888+00	2026-10-05 22:34:21.430434+00	0.33211557622053034	0.33211557622053034	0.33211557622053034	0.33211557622053034	3.1123974000094834	0.317882051525356	0.5218959054894018	0.7021872182948307	3.833562651231199	3.833562651231199	1.6606	1.6606	1.6606	1.6606	15.562	1.5894	2.6095	3.5109	19.1678	19.1678	0.13759073871992708	0.43649475731839804	0.34160459268397286	1.25255017317456	0.6737201689045031	f	t	f	t	f	\N	5.6	2026-10-05 22:52:04.704036+00	2026-10-05 23:08:15.316723+00	2026-10-05 23:35:20.801924+00	2026-10-06 00:34:42.046748+00	2026-10-06 02:39:24.991719+00	t	2026-10-05 22:52:05.26726+00	2026-10-06 02:39:25.181964+00
8345	ME_SHORT_GEOM_B_V1	768990586	ZROUSDT	SHORT	2026-10-05 22:34:21.382888+00	2026-10-05 22:34:21.430434+00	0.33211557622053034	0.33211557622053034	0.33211557622053034	0.33211557622053034	3.1123974000094834	0.317882051525356	0.5218959054894018	0.7021872182948307	3.833562651231199	3.833562651231199	0.4428	0.4428	0.4428	0.4428	4.1499	0.4238	0.6959	0.9362	5.1114	5.1114	0.13759073871992708	0.43649475731839804	0.34160459268397286	1.2857617307965983	0.6737201689045031	f	t	f	t	f	\N	65.6	2026-10-05 22:52:05.270272+00	2026-10-05 23:08:16.001565+00	2026-10-05 23:35:20.992846+00	2026-10-06 00:34:42.605641+00	2026-10-06 02:39:25.555595+00	t	2026-10-05 22:52:05.82341+00	2026-10-06 02:39:25.748106+00
7790	ME_SHORT_GEOM_A_V1	770382726	XAGUSDT	SHORT	2026-10-05 11:12:35.121302+00	2026-10-05 11:12:35.159891+00	0.11293965795417923	0.4356243949661117	0.5646982897708847	0.9196515004840277	1.5650209745079042	0.14520813165537821	0.2097450790577647	0.2097450790577647	0.2097450790577647	0.2097450790577647	0.5647	2.1781	2.8235	4.5983	7.8251	0.726	1.0487	1.0487	1.0487	1.0487	0.11293965795417923	-0.4356243949661117	-0.41949015811551793	-0.58083252662149	-1.2907389480477527	t	t	f	t	f	147.4	17.4	2026-10-05 11:29:12.379246+00	2026-10-05 11:45:14.644888+00	2026-10-05 12:17:20.122366+00	2026-10-05 13:16:36.011383+00	2026-10-05 15:16:51.128593+00	t	2026-10-05 11:29:13.108334+00	2026-10-05 15:16:51.502197+00
7791	ME_SHORT_GEOM_B_V1	770382726	XAGUSDT	SHORT	2026-10-05 11:12:35.121302+00	2026-10-05 11:12:35.159891+00	0.11293965795417923	0.4356243949661117	0.5646982897708847	0.9196515004840277	1.5650209745079042	0.14520813165537821	0.2097450790577647	0.2097450790577647	0.2097450790577647	0.2097450790577647	0.1506	0.5808	0.7529	1.2262	2.0867	0.1936	0.2797	0.2797	0.2797	0.2797	0.11293965795417923	-0.4356243949661117	-0.41949015811551793	-0.58083252662149	-1.2907389480477527	t	f	t	f	f	147.4	\N	2026-10-05 11:29:13.971023+00	2026-10-05 11:45:15.569719+00	2026-10-05 12:17:21.36246+00	2026-10-05 13:16:37.1263+00	2026-10-05 15:16:51.689704+00	t	2026-10-05 11:29:14.346038+00	2026-10-05 15:16:52.256364+00
6981	ME_SHORT_GEOM_A_V1	770418564	KLACUSDT	SHORT	2026-10-04 21:20:12.222861+00	2026-10-04 21:20:12.268323+00	0.1735190629970527	0.1735190629970527	0.1735190629970527	0.1735190629970527	0.3470381259941191	0.009639947944286032	0.009639947944286032	0.2554586205234497	0.2699185424398719	1.5568515930013929	0.8676	0.8676	0.8676	0.8676	1.7352	0.0482	0.0482	1.2773	1.3496	7.7843	-0.1735190629970527	-0.06747963560996113	-0.028919843832844398	0.20243890682989707	1.4074323998650349	f	t	f	t	f	\N	44.8	2026-10-04 21:37:35.482503+00	2026-10-04 21:53:50.527201+00	2026-10-04 22:20:55.540085+00	2026-10-04 23:20:35.832473+00	2026-10-05 01:25:12.579708+00	t	2026-10-04 21:37:35.684379+00	2026-10-05 01:25:12.770106+00
6982	ME_SHORT_GEOM_B_V1	770418564	KLACUSDT	SHORT	2026-10-04 21:20:12.222861+00	2026-10-04 21:20:12.268323+00	0.1735190629970527	0.1735190629970527	0.1735190629970527	0.1735190629970527	0.3470381259941191	0.009639947944286032	0.009639947944286032	0.2554586205234497	0.2699185424398719	1.5568515930013929	0.2314	0.2314	0.2314	0.2314	0.4627	0.0129	0.0129	0.3406	0.3599	2.0758	-0.1735190629970527	-0.06747963560996113	-0.028919843832844398	0.20243890682989707	1.4074323998650349	f	t	f	t	f	\N	169.8	2026-10-04 21:37:36.92177+00	2026-10-04 21:53:51.643665+00	2026-10-04 22:20:56.832526+00	2026-10-04 23:20:37.308626+00	2026-10-05 01:25:15.744213+00	t	2026-10-04 21:37:37.11372+00	2026-10-05 01:25:17.353481+00
7459	ME_SHORT_GEOM_A_V1	771080247	AKTUSDT	SHORT	2026-10-05 04:11:31.612393+00	2026-10-05 04:11:31.64972+00	3.130823704808051	3.5159647161138023	3.5159647161138023	4.907441918250712	4.907441918250712	0.0	0.0	0.0	0.0	0.0	15.6541	17.5798	17.5798	24.5372	24.5372	0.0	0.0	0.0	0.0	0.0	-2.8574978258168606	-3.1556715119890644	-2.397813392968069	-4.47260529258292	-3.9508013417815806	f	f	f	f	f	\N	\N	2026-10-05 04:28:22.799546+00	2026-10-05 04:44:33.093009+00	2026-10-05 05:11:38.081561+00	2026-10-05 06:15:59.178688+00	2026-10-05 08:14:39.273045+00	t	2026-10-05 04:28:24.262485+00	2026-10-05 08:14:39.458607+00
7460	ME_SHORT_GEOM_B_V1	771080247	AKTUSDT	SHORT	2026-10-05 04:11:31.612393+00	2026-10-05 04:11:31.64972+00	3.130823704808051	3.5159647161138023	3.5159647161138023	4.907441918250712	4.907441918250712	0.0	0.0	0.0	0.0	0.0	4.1744	4.688	4.688	6.5433	6.5433	0.0	0.0	0.0	0.0	0.0	-2.8574978258168606	-3.1059758976270233	-2.397813392968069	-4.47260529258292	-3.9508013417815806	f	f	f	f	f	\N	\N	2026-10-05 04:28:24.264643+00	2026-10-05 04:44:34.375325+00	2026-10-05 05:11:39.186356+00	2026-10-05 06:16:00.09631+00	2026-10-05 08:14:40.008562+00	t	2026-10-05 04:28:25.861845+00	2026-10-05 08:14:40.244728+00
5053	ME_SHORT_GEOM_A_V1	772515494	SPCXUSDT	SHORT	2026-10-03 09:29:46.84488+00	2026-10-03 09:29:46.870648+00	0.08796179944708869	0.08796179944708869	0.08796179944708869	0.09424478512189349	0.09424478512189349	0.0	0.0	0.0	0.0	0.06911284242272785	0.4398	0.4398	0.4398	0.4712	0.4712	0.0	0.0	0.0	0.0	0.3456	-0.08167881377230174	-0.06911284242270999	-0.043980899723544346	-0.043980899723544346	0.006282985674786947	f	f	f	f	f	\N	\N	2026-10-03 09:48:02.104425+00	2026-10-03 10:04:01.443091+00	2026-10-03 10:30:44.523263+00	2026-10-03 11:34:45.603609+00	2026-10-03 13:31:42.819821+00	t	2026-10-03 09:48:02.292581+00	2026-10-03 13:31:43.012697+00
5054	ME_SHORT_GEOM_B_V1	772515494	SPCXUSDT	SHORT	2026-10-03 09:29:46.84488+00	2026-10-03 09:29:46.870648+00	0.08796179944708869	0.08796179944708869	0.08796179944708869	0.09424478512189349	0.09424478512189349	0.0	0.0	0.0	0.0	0.06911284242272785	0.1173	0.1173	0.1173	0.1257	0.1257	0.0	0.0	0.0	0.0	0.0922	-0.08167881377230174	-0.06911284242270999	-0.043980899723544346	-0.043980899723544346	0.006282985674786947	f	f	f	f	f	\N	\N	2026-10-03 09:48:02.295157+00	2026-10-03 10:04:01.637417+00	2026-10-03 10:30:44.726829+00	2026-10-03 11:34:45.802946+00	2026-10-03 13:31:43.01705+00	t	2026-10-03 09:48:02.484432+00	2026-10-03 13:31:43.216354+00
7208	ME_SHORT_GEOM_A_V1	786108694	KLACUSDT	SHORT	2026-10-04 23:10:36.025861+00	2026-10-04 23:10:36.068304+00	0.10099067038569201	0.10099067038569201	0.5722804655188987	0.5722804655188987	0.5722804655188987	0.13946330672308938	0.13946330672308938	0.9666249879772968	1.3032605559295989	1.5821871693757779	0.505	0.505	2.8614	2.8614	2.8614	0.6973	0.6973	4.8331	6.5163	7.9109	0.0769452726748084	0.009618159084356176	0.5674713859767273	1.2263152832547906	0.37510820428969954	t	t	f	f	t	49.4	49.4	2026-10-04 23:25:58.95057+00	2026-10-04 23:42:10.526913+00	2026-10-05 00:14:23.439755+00	2026-10-05 01:14:13.967492+00	2026-10-05 03:13:21.975378+00	t	2026-10-04 23:25:59.153586+00	2026-10-05 03:13:23.435959+00
7209	ME_SHORT_GEOM_B_V1	786108694	KLACUSDT	SHORT	2026-10-04 23:10:36.025861+00	2026-10-04 23:10:36.068304+00	0.10099067038569201	0.10099067038569201	0.5722804655188987	0.5722804655188987	0.5722804655188987	0.13946330672308938	0.13946330672308938	0.9666249879772968	1.3273059536404688	1.5821871693757779	0.1347	0.1347	0.763	0.763	0.763	0.186	0.186	1.2888	1.7697	2.1096	0.0769452726748084	0.009618159084356176	0.5674713859767273	1.3273059536404688	0.37510820428969954	t	t	t	f	f	49.4	59.4	2026-10-04 23:26:00.44726+00	2026-10-04 23:42:11.990535+00	2026-10-05 00:14:24.908754+00	2026-10-05 01:14:17.12747+00	2026-10-05 03:13:23.621086+00	t	2026-10-04 23:26:00.646756+00	2026-10-05 03:13:23.991259+00
6013	ME_SHORT_GEOM_A_V1	791378608	STRKUSDT	SHORT	2026-10-04 07:22:54.060573+00	2026-10-04 07:22:54.100246+00	1.4327700220426212	1.4327700220426212	1.4327700220426212	1.5797207935341653	3.2880235121234382	0.2571638501102026	4.169728141072743	4.169728141072743	4.169728141072743	4.169728141072743	7.1639	7.1639	7.1639	7.8986	16.4401	1.2858	20.8486	20.8486	20.8486	20.8486	-0.4775900073475446	2.7002204261572356	1.5062454077883805	-0.624540778839089	1.1021307861866207	f	t	f	t	f	\N	12.1	2026-10-04 07:42:30.26695+00	2026-10-04 07:53:08.44224+00	2026-10-04 08:25:09.776138+00	2026-10-04 09:24:20.2122+00	2026-10-04 11:23:51.372108+00	t	2026-10-04 07:42:30.462455+00	2026-10-04 11:23:51.56452+00
6014	ME_SHORT_GEOM_B_V1	791378608	STRKUSDT	SHORT	2026-10-04 07:22:54.060573+00	2026-10-04 07:22:54.100246+00	1.4327700220426212	1.4327700220426212	1.4327700220426212	1.5797207935341653	3.2880235121234382	0.2571638501102026	4.169728141072743	4.169728141072743	4.169728141072743	4.169728141072743	1.9104	1.9104	1.9104	2.1063	4.384	0.3429	5.5596	5.5596	5.5596	5.5596	-0.4775900073475446	2.7185892725936722	1.5062454077883805	-0.6061719324026523	1.1204996326230703	f	t	f	t	f	\N	22.1	2026-10-04 07:42:31.019819+00	2026-10-04 07:53:09.188319+00	2026-10-04 08:25:10.885671+00	2026-10-04 09:24:21.636645+00	2026-10-04 11:23:52.666759+00	t	2026-10-04 07:42:31.408954+00	2026-10-04 11:23:53.036166+00
7358	ME_SHORT_GEOM_A_V1	791413279	DOGEUSDT	SHORT	2026-10-05 01:35:44.593062+00	2026-10-05 01:35:44.634014+00	0.8872382131435051	0.8975549365521467	0.8975549365521467	1.2999071494893193	2.3109460435365787	0.0	0.0	0.0	0.0	0.0	4.4362	4.4878	4.4878	6.4995	11.5547	0.0	0.0	0.0	0.0	0.0	-0.7737542556484067	-0.5571030640668512	-0.5571030640668512	-0.5674197874755068	-1.6713091922005534	f	f	f	f	f	\N	\N	2026-10-05 01:52:31.830045+00	2026-10-05 02:08:54.705467+00	2026-10-05 02:35:53.500675+00	2026-10-05 03:40:04.659072+00	2026-10-05 05:38:24.001087+00	t	2026-10-05 01:52:32.777088+00	2026-10-05 05:38:24.189564+00
7359	ME_SHORT_GEOM_B_V1	791413279	DOGEUSDT	SHORT	2026-10-05 01:35:44.593062+00	2026-10-05 01:35:44.634014+00	0.8872382131435051	0.8975549365521467	0.8975549365521467	1.2999071494893193	2.3109460435365787	0.0	0.0	0.0	0.0	0.0	1.183	1.1967	1.1967	1.7332	3.0813	0.0	0.0	0.0	0.0	0.0	-0.7737542556484067	-0.5571030640668512	-0.5571030640668512	-0.5674197874755068	-1.6713091922005534	f	f	f	f	f	\N	\N	2026-10-05 01:52:34.076637+00	2026-10-05 02:08:56.907667+00	2026-10-05 02:35:55.329392+00	2026-10-05 03:40:06.297906+00	2026-10-05 05:38:25.101415+00	t	2026-10-05 01:52:34.637798+00	2026-10-05 05:38:26.027082+00
7278	ME_SHORT_GEOM_A_V1	797025988	ADAUSDT	SHORT	2026-10-05 00:30:29.942288+00	2026-10-05 00:30:29.984143+00	0.6533435818600997	0.6533435818600997	0.6533435818600997	0.6533435818600997	0.6533435818600997	0.8839354342813315	1.844734819369726	2.8055342044581204	3.574173712528836	4.650269023827825	3.2667	3.2667	3.2667	3.2667	3.2667	4.4197	9.2237	14.0277	17.8709	23.2513	0.3843197540353578	1.652574942352047	1.8063028439661943	2.4980784012298254	2.1137586471944676	f	t	f	t	f	\N	9.5	2026-10-05 00:46:56.994799+00	2026-10-05 01:03:16.003447+00	2026-10-05 01:30:41.220525+00	2026-10-05 02:30:31.663374+00	2026-10-05 04:33:44.731355+00	t	2026-10-05 00:46:59.332108+00	2026-10-05 04:33:45.833569+00
7279	ME_SHORT_GEOM_B_V1	797025988	ADAUSDT	SHORT	2026-10-05 00:30:29.942288+00	2026-10-05 00:30:29.984143+00	0.6533435818600997	0.6533435818600997	0.6533435818600997	0.6533435818600997	0.6533435818600997	0.8839354342813315	1.844734819369726	2.8055342044581204	3.574173712528836	4.650269023827825	0.8711	0.8711	0.8711	0.8711	0.8711	1.1786	2.4596	3.7407	4.7656	6.2004	0.3843197540353578	1.7678708685626414	1.8063028439661943	2.57494235203691	2.1137586471944676	f	t	f	t	f	\N	9.5	2026-10-05 00:46:59.334728+00	2026-10-05 01:03:18.224782+00	2026-10-05 01:30:44.435584+00	2026-10-05 02:30:33.681902+00	2026-10-05 04:33:46.204332+00	t	2026-10-05 00:47:01.157967+00	2026-10-05 04:33:46.58118+00
7059	ME_SHORT_GEOM_A_V1	802739099	KLACUSDT	SHORT	2026-10-04 21:55:18.202715+00	2026-10-04 21:55:18.252679+00	0.08680555555555884	0.08680555555555884	0.08680555555555884	0.08680555555555884	0.29417438271605595	0.30864197530863535	0.3231095679012285	0.3231095679012285	0.41956018518517363	1.8663194444444329	0.434	0.434	0.434	0.434	1.4709	1.5432	1.6155	1.6155	2.0978	9.3316	0.024112654320979428	0.15914351851851083	0.12538580246913142	0.3375771604938217	1.4515817901234522	f	t	f	t	f	\N	9.7	2026-10-04 22:15:31.648803+00	2026-10-04 22:26:22.831541+00	2026-10-04 22:58:56.63869+00	2026-10-04 23:58:15.980053+00	2026-10-05 01:57:59.866171+00	t	2026-10-04 22:15:31.84943+00	2026-10-05 01:58:00.056299+00
7060	ME_SHORT_GEOM_B_V1	802739099	KLACUSDT	SHORT	2026-10-04 21:55:18.202715+00	2026-10-04 21:55:18.252679+00	0.08680555555555884	0.08680555555555884	0.08680555555555884	0.08680555555555884	0.29417438271605595	0.30864197530863535	0.3231095679012285	0.3231095679012285	0.41956018518517363	1.8663194444444329	0.1157	0.1157	0.1157	0.1157	0.3922	0.4115	0.4308	0.4308	0.5594	2.4884	0.024112654320979428	0.15914351851851083	0.12538580246913142	0.3375771604938217	1.4515817901234522	f	t	f	t	f	\N	134.7	2026-10-04 22:15:32.951933+00	2026-10-04 22:26:24.312286+00	2026-10-04 22:58:58.24624+00	2026-10-04 23:58:17.462497+00	2026-10-05 01:58:02.059141+00	t	2026-10-04 22:15:33.169937+00	2026-10-05 01:58:02.80461+00
7756	ME_SHORT_GEOM_A_V1	812912938	XAGUSDT	SHORT	2026-10-05 10:52:32.455549+00	2026-10-05 10:52:32.501863+00	0.0	0.0	0.2750809061488586	0.6310679611650495	1.2783171521035586	0.29126213592232963	0.3074433656958007	0.50161812297735	0.50161812297735	0.50161812297735	0.0	0.0	1.3754	3.1553	6.3916	1.4563	1.5372	2.5081	2.5081	2.5081	0.21035598705502032	0.2265372168284799	-0.21035598705500883	-0.48543689320387895	-0.744336569579278	t	t	f	t	f	172.5	2.5	2026-10-05 11:07:47.941172+00	2026-10-05 11:23:50.457342+00	2026-10-05 11:55:58.539585+00	2026-10-05 12:54:52.828905+00	2026-10-05 14:55:02.29598+00	t	2026-10-05 11:07:49.036989+00	2026-10-05 14:55:02.676239+00
7757	ME_SHORT_GEOM_B_V1	812912938	XAGUSDT	SHORT	2026-10-05 10:52:32.455549+00	2026-10-05 10:52:32.501863+00	0.0	0.0	0.2750809061488586	0.6310679611650495	1.2783171521035586	0.29126213592232963	0.3074433656958007	0.50161812297735	0.50161812297735	0.50161812297735	0.0	0.0	0.3668	0.8414	1.7044	0.3883	0.4099	0.6688	0.6688	0.6688	0.21035598705502032	0.2265372168284799	-0.21035598705500883	-0.48543689320387895	-0.744336569579278	t	f	t	f	f	172.5	\N	2026-10-05 11:07:49.03994+00	2026-10-05 11:23:51.377642+00	2026-10-05 11:55:59.7952+00	2026-10-05 12:54:54.239701+00	2026-10-05 14:55:02.861697+00	t	2026-10-05 11:07:50.140661+00	2026-10-05 14:55:03.42069+00
5636	ME_SHORT_GEOM_A_V1	824494610	MONUSDT	SHORT	2026-10-04 01:32:11.677091+00	2026-10-04 01:32:11.71213+00	1.3294797687861333	1.3294797687861333	1.7052023121387292	1.7052023121387292	1.7052023121387292	0.17341040462429044	0.7225433526011568	0.7225433526011568	1.618497109826584	2.485549132947976	6.6474	6.6474	8.526	8.526	8.526	0.8671	3.6127	3.6127	8.0925	12.4277	-0.05780346820809014	-0.7225433526011568	-1.1271676300578077	0.9537572254335374	1.300578034682078	f	t	f	t	f	\N	12.8	2026-10-04 01:48:42.62037+00	2026-10-04 02:04:38.59682+00	2026-10-04 02:36:42.154479+00	2026-10-04 03:35:51.488785+00	2026-10-04 05:34:10.868146+00	t	2026-10-04 01:48:42.80454+00	2026-10-04 05:34:11.423622+00
5637	ME_SHORT_GEOM_B_V1	824494610	MONUSDT	SHORT	2026-10-04 01:32:11.677091+00	2026-10-04 01:32:11.71213+00	1.3294797687861333	1.3294797687861333	1.7052023121387292	1.7052023121387292	1.7052023121387292	0.17341040462429044	0.7225433526011568	0.7225433526011568	1.618497109826584	2.485549132947976	1.7726	1.7726	2.2736	2.2736	2.2736	0.2312	0.9634	0.9634	2.158	3.3141	-0.05780346820809014	-0.7225433526011568	-1.1271676300578077	0.9537572254335374	1.300578034682078	f	t	f	t	f	\N	107.8	2026-10-04 01:48:42.988105+00	2026-10-04 02:04:38.968546+00	2026-10-04 02:36:42.710733+00	2026-10-04 03:35:52.059542+00	2026-10-04 05:34:11.800465+00	t	2026-10-04 01:48:43.174353+00	2026-10-04 05:34:12.370278+00
1215	ME_SHORT_GEOM_A_V1	826456123	SOONUSDT	SHORT	2026-09-30 11:03:13.386304+00	2026-09-30 11:03:13.413481+00	5.407707047051316	6.195443900361936	7.8347881626570155	9.814775388545886	9.814775388545886	0.0	0.0	0.0	0.0	19.948903555460934	27.0385	30.9772	39.1739	49.0739	49.0739	0.0	0.0	0.0	0.0	99.7445	-3.7044922290823985	-5.5780285288482006	-6.174153715137328	-5.173515009580581	12.433468171173091	f	t	f	t	f	\N	131.8	2026-09-30 11:19:17.657746+00	2026-09-30 11:35:34.70263+00	2026-09-30 12:07:46.548999+00	2026-09-30 13:07:08.809079+00	2026-09-30 15:06:12.330681+00	t	2026-09-30 11:19:17.840716+00	2026-09-30 15:06:12.514093+00
1216	ME_SHORT_GEOM_B_V1	826456123	SOONUSDT	SHORT	2026-09-30 11:03:13.386304+00	2026-09-30 11:03:13.413481+00	5.407707047051316	6.195443900361936	7.8347881626570155	9.814775388545886	9.814775388545886	0.0	0.0	0.0	0.0	19.948903555460934	7.2103	8.2606	10.4464	13.0864	13.0864	0.0	0.0	0.0	0.0	26.5985	-3.7044922290823985	-5.5780285288482006	-6.174153715137328	-5.173515009580581	12.433468171173091	f	t	f	t	f	\N	131.8	2026-09-30 11:19:18.02232+00	2026-09-30 11:35:35.072883+00	2026-09-30 12:07:46.91572+00	2026-09-30 13:07:09.177286+00	2026-09-30 15:06:12.711757+00	t	2026-09-30 11:19:18.206914+00	2026-09-30 15:06:12.90038+00
8633	ME_SHORT_GEOM_A_V1	834708586	RLCUSDT	SHORT	2026-10-06 01:44:37.252314+00	2026-10-06 01:44:37.282286+00	7.999492900608511	8.722109533468556	12.740872210953338	14.896044624746443	14.896044624746443	0.0	0.0	0.0	0.0	20.157200811359033	39.9975	43.6105	63.7044	74.4802	74.4802	0.0	0.0	0.0	0.0	100.786	-7.327586206896547	-6.1232251521298044	-8.443204868154158	-9.774340770791069	9.495436105476685	f	t	f	t	f	\N	210.4	2026-10-06 02:01:25.865607+00	2026-10-06 02:17:44.05152+00	2026-10-06 02:44:52.397073+00	2026-10-06 03:44:45.686999+00	2026-10-06 05:48:27.810832+00	t	2026-10-06 02:01:26.232906+00	2026-10-06 05:48:28.004645+00
8634	ME_SHORT_GEOM_B_V1	834708586	RLCUSDT	SHORT	2026-10-06 01:44:37.252314+00	2026-10-06 01:44:37.282286+00	7.999492900608511	8.722109533468556	12.740872210953338	14.896044624746443	14.896044624746443	0.0	0.0	0.0	0.0	20.157200811359033	10.666	11.6295	16.9878	19.8614	19.8614	0.0	0.0	0.0	0.0	26.8763	-7.327586206896547	-6.1232251521298044	-8.506592292089241	-9.774340770791069	9.495436105476685	f	t	f	t	f	\N	210.4	2026-10-06 02:01:26.417372+00	2026-10-06 02:17:44.611986+00	2026-10-06 02:44:52.96053+00	2026-10-06 03:44:46.062959+00	2026-10-06 05:48:28.191984+00	t	2026-10-06 02:01:26.971277+00	2026-10-06 05:48:28.381752+00
819	ME_SHORT_GEOM_A_V1	845442335	ICPUSDT	SHORT	2026-09-30 00:37:05.687679+00	2026-09-30 00:37:05.729844+00	0.862812769628985	0.9203336209375906	0.9203336209375906	3.9976991659476506	3.9976991659476506	0.20132297958010115	0.5176876617774012	0.690250215703193	0.8052919183203919	0.8052919183203919	4.3141	4.6017	4.6017	19.9885	19.9885	1.0066	2.5884	3.4513	4.0265	4.0265	-0.6039689387402908	0.4601668104687953	-0.43140638481448607	-2.847282139775662	-2.0995110727638755	f	t	f	t	f	\N	2.9	2026-09-30 00:52:10.544173+00	2026-09-30 01:08:05.021621+00	2026-09-30 01:40:00.383463+00	2026-09-30 02:38:46.331098+00	2026-09-30 04:41:11.195248+00	t	2026-09-30 00:52:11.264839+00	2026-09-30 04:41:11.557497+00
820	ME_SHORT_GEOM_B_V1	845442335	ICPUSDT	SHORT	2026-09-30 00:37:05.687679+00	2026-09-30 00:37:05.729844+00	0.862812769628985	0.9203336209375906	0.9203336209375906	3.9976991659476506	3.9976991659476506	0.20132297958010115	0.5176876617774012	0.690250215703193	0.8052919183203919	0.8052919183203919	1.1504	1.2271	1.2271	5.3303	5.3303	0.2684	0.6903	0.9203	1.0737	1.0737	-0.6039689387402908	0.4601668104687953	-0.43140638481448607	-2.847282139775662	-2.0995110727638755	f	t	f	t	f	\N	67.9	2026-09-30 00:52:11.267259+00	2026-09-30 01:08:05.742645+00	2026-09-30 01:40:01.142345+00	2026-09-30 02:38:47.059215+00	2026-09-30 04:41:11.562764+00	t	2026-09-30 00:52:12.000417+00	2026-09-30 04:41:11.929638+00
6172	ME_SHORT_GEOM_A_V1	864690112	BNBUSDT	SHORT	2026-10-04 09:58:18.012321+00	2026-10-04 09:58:18.048293+00	0.4913695350888359	0.5165679727856901	0.6929570366637268	0.8441476628449093	0.8693461005417779	0.0	0.0	0.0	0.0	0.0	2.4568	2.5828	3.4648	4.2207	4.3467	0.0	0.0	0.0	0.0	0.0	-0.44097265969509886	-0.3779765654529419	-0.6929570366637268	-0.6929570366637268	-0.6173617235731499	f	f	f	f	f	\N	\N	2026-10-04 10:18:38.184844+00	2026-10-04 10:29:32.060564+00	2026-10-04 11:02:10.877187+00	2026-10-04 12:01:49.93028+00	2026-10-04 14:00:57.237417+00	t	2026-10-04 10:18:39.283744+00	2026-10-04 14:00:57.938343+00
6173	ME_SHORT_GEOM_B_V1	864690112	BNBUSDT	SHORT	2026-10-04 09:58:18.012321+00	2026-10-04 09:58:18.048293+00	0.4913695350888359	0.5165679727856901	0.6929570366637268	0.8441476628449093	0.8693461005417779	0.0	0.0	0.0	0.0	0.0	0.6552	0.6888	0.9239	1.1255	1.1591	0.0	0.0	0.0	0.0	0.0	-0.44097265969509886	-0.3779765654529419	-0.6929570366637268	-0.6929570366637268	-0.6173617235731499	f	f	f	f	f	\N	\N	2026-10-04 10:18:39.285806+00	2026-10-04 10:29:33.16761+00	2026-10-04 11:02:12.30788+00	2026-10-04 12:01:51.067972+00	2026-10-04 14:00:59.615244+00	t	2026-10-04 10:18:40.398411+00	2026-10-04 14:01:00.307612+00
9490	ME_SHORT_GEOM_A_V1	869330929	PONSUSDT	SHORT	2026-10-06 18:11:30.284598+00	2026-10-06 18:11:30.317411+00	0.9228584950307523	2.1060104117368588	3.1471840984382347	4.898248935163274	5.679129200189297	0.5679129200189337	0.5679129200189337	0.5679129200189337	0.5679129200189337	0.5679129200189337	4.6143	10.5301	15.7359	24.4912	28.3956	2.8396	2.8396	2.8396	2.8396	2.8396	0.04732607666825213	-1.0648367250354824	-3.052531945101743	-3.3128253667770844	-5.229531471840974	f	t	f	t	f	\N	8.5	2026-10-06 18:26:34.217315+00	2026-10-06 18:42:26.263608+00	2026-10-06 19:13:57.153893+00	2026-10-06 20:11:55.931431+00	2026-10-06 22:13:30.328367+00	t	2026-10-06 18:26:34.953741+00	2026-10-06 22:13:30.517166+00
9491	ME_SHORT_GEOM_B_V1	869330929	PONSUSDT	SHORT	2026-10-06 18:11:30.284598+00	2026-10-06 18:11:30.317411+00	0.9228584950307523	2.1060104117368588	3.1471840984382347	4.898248935163274	5.679129200189297	0.5679129200189337	0.5679129200189337	0.5679129200189337	0.5679129200189337	0.5679129200189337	1.2305	2.808	4.1962	6.531	7.5722	0.7572	0.7572	0.7572	0.7572	0.7572	0.0	-1.0411736867013628	-3.052531945101743	-3.3128253667770844	-5.229531471840974	f	f	f	f	f	\N	\N	2026-10-06 18:26:34.956104+00	2026-10-06 18:42:27.010386+00	2026-10-06 19:13:57.916576+00	2026-10-06 20:11:56.322034+00	2026-10-06 22:13:30.520054+00	t	2026-10-06 18:26:36.01775+00	2026-10-06 22:13:30.70942+00
7386	ME_SHORT_GEOM_A_V1	870168857	HBARUSDT	SHORT	2026-10-05 02:26:10.73972+00	2026-10-05 02:26:10.775589+00	0.5550770408651519	0.5550770408651519	1.0240214374581316	1.186716432194473	1.9427696430280448	0.0	0.29667910804862163	0.29667910804862163	0.29667910804862163	0.29667910804862163	2.7754	2.7754	5.1201	5.9336	9.7138	0.0	1.4834	1.4834	1.4834	1.4834	-0.14355440712029605	0.038281175232078066	-0.49765527801702814	-0.9953105560340696	-1.253708488850613	t	t	f	t	f	123.8	18.8	2026-10-05 02:41:16.350659+00	2026-10-05 02:57:21.56484+00	2026-10-05 03:29:21.653054+00	2026-10-05 04:28:22.799546+00	2026-10-05 06:26:49.951488+00	t	2026-10-05 02:41:17.291932+00	2026-10-05 06:26:50.640414+00
7387	ME_SHORT_GEOM_B_V1	870168857	HBARUSDT	SHORT	2026-10-05 02:26:10.73972+00	2026-10-05 02:26:10.775589+00	0.5550770408651519	0.5550770408651519	1.0240214374581316	1.186716432194473	1.9427696430280448	0.0	0.29667910804862163	0.29667910804862163	0.29667910804862163	0.29667910804862163	0.7401	0.7401	1.3654	1.5823	2.5904	0.0	0.3956	0.3956	0.3956	0.3956	-0.12441381950426367	0.038281175232078066	-0.4689443965929795	-0.9953105560340696	-1.253708488850613	t	f	t	f	f	123.8	\N	2026-10-05 02:41:18.196637+00	2026-10-05 02:57:23.732267+00	2026-10-05 03:29:23.627922+00	2026-10-05 04:28:24.264643+00	2026-10-05 06:26:51.684239+00	t	2026-10-05 02:41:19.475787+00	2026-10-05 06:26:52.059504+00
7551	ME_SHORT_GEOM_A_V1	876183273	1000PEPEUSDT	SHORT	2026-10-05 06:26:44.746844+00	2026-10-05 06:26:44.818799+00	1.141450313339298	1.186213070725159	1.186213070725159	1.186213070725159	1.186213070725159	0.0	0.08952551477172183	0.9400179051029627	1.9695613249776276	2.372426141450318	5.7073	5.9311	5.9311	5.9311	5.9311	0.0	0.4476	4.7001	9.8478	11.8621	-1.0071620411817346	-0.17905102954340482	0.13428827215756334	1.3428827215756527	0.6490599820949056	f	t	f	t	f	\N	38.3	2026-10-05 06:42:55.464526+00	2026-10-05 06:58:57.661269+00	2026-10-05 07:31:21.884417+00	2026-10-05 08:30:53.175063+00	2026-10-05 10:30:00.532685+00	t	2026-10-05 06:42:56.191865+00	2026-10-05 10:30:01.223496+00
7552	ME_SHORT_GEOM_B_V1	876183273	1000PEPEUSDT	SHORT	2026-10-05 06:26:44.746844+00	2026-10-05 06:26:44.818799+00	1.141450313339298	1.186213070725159	1.186213070725159	1.186213070725159	1.186213070725159	0.0	0.08952551477172183	0.9400179051029627	1.9695613249776276	2.372426141450318	1.5219	1.5816	1.5816	1.5816	1.5816	0.0	0.1194	1.2534	2.6261	3.1632	-1.0071620411817346	-0.17905102954340482	0.13428827215756334	1.3428827215756527	0.6490599820949056	f	t	f	t	f	\N	43.3	2026-10-05 06:42:56.194224+00	2026-10-05 06:58:58.57337+00	2026-10-05 07:31:22.811857+00	2026-10-05 08:30:53.729976+00	2026-10-05 10:30:01.769224+00	t	2026-10-05 06:42:56.923406+00	2026-10-05 10:30:02.147989+00
7218	ME_SHORT_GEOM_A_V1	881649485	DOGEUSDT	SHORT	2026-10-04 23:20:23.150675+00	2026-10-04 23:20:23.207376+00	0.6527820951196681	0.8289296445964098	0.9739923324007838	1.0361620557455196	1.0361620557455196	0.0	0.0	0.0	0.4351880634131217	0.4351880634131217	3.2639	4.1446	4.87	5.1808	5.1808	0.0	0.0	0.0	2.1759	2.1759	-0.6527820951196681	-0.6735053362345849	-0.6838669567920359	0.2486788933789287	-0.4351880634131217	f	t	f	t	f	\N	114.6	2026-10-04 23:36:46.804158+00	2026-10-04 23:52:54.775448+00	2026-10-05 00:25:11.705148+00	2026-10-05 01:25:12.579708+00	2026-10-05 03:24:00.026601+00	t	2026-10-04 23:36:48.597827+00	2026-10-05 03:24:00.396629+00
7219	ME_SHORT_GEOM_B_V1	881649485	DOGEUSDT	SHORT	2026-10-04 23:20:23.150675+00	2026-10-04 23:20:23.207376+00	0.7253134390218551	0.8289296445964098	0.9739923324007838	1.0361620557455196	1.0361620557455196	0.0	0.0	0.0	0.4351880634131217	0.4351880634131217	0.9671	1.1052	1.2987	1.3815	1.3815	0.0	0.0	0.0	0.5803	0.5803	-0.6942285773495016	-0.6735053362345849	-0.6838669567920359	0.2486788933789287	-0.4351880634131217	f	f	f	f	f	\N	\N	2026-10-04 23:36:48.600343+00	2026-10-04 23:52:56.247456+00	2026-10-05 00:25:13.179856+00	2026-10-05 01:25:15.744213+00	2026-10-05 03:24:01.674783+00	t	2026-10-04 23:36:50.078092+00	2026-10-05 03:24:01.866431+00
7969	ME_SHORT_GEOM_A_V1	882335704	ADAUSDT	SHORT	2026-10-05 13:52:54.242638+00	2026-10-05 13:52:54.277332+00	1.0861694424330204	1.2309920347574272	3.0050687907313445	4.923968139029689	5.2860246198406955	0.0	0.0	0.0	0.0	0.0	5.4308	6.155	15.0253	24.6198	26.4301	0.0	0.0	0.0	0.0	0.0	-0.5068790731354136	-1.1947863866763306	-2.751629254163648	-4.453294713975372	-4.236060825488773	t	f	t	f	f	97.1	\N	2026-10-05 14:11:19.101089+00	2026-10-05 14:27:42.933846+00	2026-10-05 14:55:02.29598+00	2026-10-05 15:54:56.148232+00	2026-10-05 17:55:19.34271+00	t	2026-10-05 14:11:19.288831+00	2026-10-05 17:55:19.530864+00
7970	ME_SHORT_GEOM_B_V1	882335704	ADAUSDT	SHORT	2026-10-05 13:52:54.242638+00	2026-10-05 13:52:54.277332+00	1.0861694424330204	1.2309920347574272	3.0050687907313445	4.923968139029689	5.2860246198406955	0.0	0.0	0.0	0.0	0.0	1.4482	1.6413	4.0068	6.5653	7.048	0.0	0.0	0.0	0.0	0.0	-0.5068790731354136	-1.1947863866763306	-2.751629254163648	-4.453294713975372	-4.236060825488773	t	f	t	f	f	97.1	\N	2026-10-05 14:11:19.839412+00	2026-10-05 14:27:43.675019+00	2026-10-05 14:55:02.861697+00	2026-10-05 15:54:56.837247+00	2026-10-05 17:55:19.714167+00	t	2026-10-05 14:11:20.028066+00	2026-10-05 17:55:19.902454+00
14843	ME_SHORT_GEOM_A_V1	886965895	SANDUSDT	SHORT	2026-10-07 07:53:59.134731+00	2026-10-07 07:53:59.170286+00	2.1527213647441026	2.3964256701868316	3.696181965881393	4.819929596533975	5.889520714865953	0.0	0.0	0.0	0.0	0.0	10.7636	11.9821	18.4809	24.0996	29.4476	0.0	0.0	0.0	0.0	0.0	-0.5144868670457508	-1.5976171134578943	-2.802599512591374	-3.587868941240184	-4.278364473327913	f	f	f	f	f	\N	\N	2026-10-07 08:12:13.040259+00	2026-10-07 08:28:08.383363+00	2026-10-07 08:59:13.160856+00	2026-10-07 09:57:47.695998+00	2026-10-07 11:56:26.932775+00	t	2026-10-07 08:12:13.421517+00	2026-10-07 11:56:27.130599+00
14844	ME_SHORT_GEOM_B_V1	886965895	SANDUSDT	SHORT	2026-10-07 07:53:59.134731+00	2026-10-07 07:53:59.170286+00	2.1527213647441026	2.3964256701868316	3.696181965881393	4.819929596533975	5.889520714865953	0.0	0.0	0.0	0.0	0.0	2.8703	3.1952	4.9282	6.4266	7.8527	0.0	0.0	0.0	0.0	0.0	-0.5144868670457508	-1.5976171134578943	-2.802599512591374	-3.587868941240184	-4.278364473327913	f	f	f	f	f	\N	\N	2026-10-07 08:12:13.424212+00	2026-10-07 08:28:08.578464+00	2026-10-07 08:59:13.361399+00	2026-10-07 09:57:47.892689+00	2026-10-07 11:56:27.134258+00	t	2026-10-07 08:12:13.799541+00	2026-10-07 11:56:27.649016+00
1742	ME_SHORT_GEOM_A_V1	893859448	MOVRUSDT	SHORT	2026-09-30 22:07:54.575306+00	2026-09-30 22:07:54.636513+00	9.335727109515268	9.335727109515268	9.335727109515268	9.335727109515268	9.335727109515268	0.0	0.0	5.3411131059245855	5.3411131059245855	10.592459605026919	46.6786	46.6786	46.6786	46.6786	46.6786	0.0	0.0	26.7056	26.7056	52.9623	-7.450628366247772	-3.90484739676841	1.9748653500897482	-0.8527827648114957	4.398563734290837	f	t	f	t	f	\N	57.1	2026-09-30 22:23:10.593992+00	2026-09-30 22:39:18.009595+00	2026-09-30 23:11:36.250558+00	2026-10-01 00:11:22.86955+00	2026-10-01 02:10:30.949214+00	t	2026-09-30 22:23:10.983641+00	2026-10-01 02:10:31.146252+00
1743	ME_SHORT_GEOM_B_V1	893859448	MOVRUSDT	SHORT	2026-09-30 22:07:54.575306+00	2026-09-30 22:07:54.636513+00	9.335727109515268	9.335727109515268	9.335727109515268	9.335727109515268	9.335727109515268	0.0	0.0	5.3411131059245855	5.3411131059245855	10.592459605026919	12.4476	12.4476	12.4476	12.4476	12.4476	0.0	0.0	7.1215	7.1215	14.1233	-7.450628366247772	-3.90484739676841	1.9748653500897482	-0.8527827648114957	4.398563734290837	f	t	f	t	f	\N	57.1	2026-09-30 22:23:10.98541+00	2026-09-30 22:39:18.412363+00	2026-09-30 23:11:36.837467+00	2026-10-01 00:11:23.45661+00	2026-10-01 02:10:31.339627+00	t	2026-09-30 22:23:11.375931+00	2026-10-01 02:10:31.537485+00
688	ME_SHORT_GEOM_A_V1	894172321	SOONUSDT	SHORT	2026-09-29 21:41:37.216576+00	2026-09-29 21:41:37.249725+00	4.219009243896654	4.219009243896654	4.408627636880779	4.693055226356953	5.119696610571228	0.0	0.0	0.0	2.962787390376869	2.962787390376869	21.095	21.095	22.0431	23.4653	25.5985	0.0	0.0	0.0	14.8139	14.8139	-3.199810381607019	-2.630955202654657	-4.053093150035555	-1.611756340365009	-3.270917278976056	f	t	f	t	f	\N	98.4	2026-09-29 21:58:05.9595+00	2026-09-29 22:13:52.904569+00	2026-09-29 22:45:30.589815+00	2026-09-29 23:43:26.905837+00	2026-09-30 01:45:21.18337+00	t	2026-09-29 21:58:06.328877+00	2026-09-30 01:45:21.367403+00
689	ME_SHORT_GEOM_B_V1	894172321	SOONUSDT	SHORT	2026-09-29 21:41:37.216576+00	2026-09-29 21:41:37.249725+00	4.219009243896654	4.219009243896654	4.408627636880779	4.693055226356953	5.119696610571228	0.0	0.0	0.0	2.962787390376869	2.962787390376869	5.6253	5.6253	5.8782	6.2574	6.8263	0.0	0.0	0.0	3.9504	3.9504	-3.199810381607019	-2.630955202654657	-4.053093150035555	-1.5880540412419966	-3.270917278976056	f	t	f	t	f	\N	98.4	2026-09-29 21:58:06.330797+00	2026-09-29 22:13:53.279865+00	2026-09-29 22:45:30.954348+00	2026-09-29 23:43:27.276172+00	2026-09-30 01:45:21.913927+00	t	2026-09-29 21:58:06.699135+00	2026-09-30 01:45:22.096415+00
8358	ME_SHORT_GEOM_A_V1	895507268	ZROUSDT	SHORT	2026-10-05 22:54:23.895057+00	2026-10-05 22:54:23.932047+00	0.34525160802118154	0.3547105561861446	0.3547105561861446	2.0289443813847874	3.4194097616344976	0.23174423004162537	0.3357926598562395	1.8397654180855272	3.504540295119186	3.504540295119186	1.7263	1.7736	1.7736	10.1447	17.097	1.1587	1.679	9.1988	17.5227	17.5227	0.10404842981461417	-0.20336738554671535	1.5607264472190865	-1.7073401437760027	0.47294740824821374	f	t	f	t	f	\N	5.6	2026-10-05 23:13:39.321275+00	2026-10-05 23:24:26.227223+00	2026-10-05 23:56:59.733953+00	2026-10-06 00:56:20.68331+00	2026-10-06 02:55:46.243714+00	t	2026-10-05 23:13:39.507019+00	2026-10-06 02:55:46.428973+00
8359	ME_SHORT_GEOM_B_V1	895507268	ZROUSDT	SHORT	2026-10-05 22:54:23.895057+00	2026-10-05 22:54:23.932047+00	0.34525160802118154	0.3547105561861446	0.3547105561861446	2.0289443813847874	3.4194097616344976	0.23174423004162537	0.3357926598562395	1.8397654180855272	3.504540295119186	3.504540295119186	0.4603	0.4729	0.4729	2.7053	4.5592	0.309	0.4477	2.453	4.6727	4.6727	0.10404842981461417	-0.20336738554671535	1.5607264472190865	-1.7073401437760027	0.47294740824821374	f	t	f	t	f	\N	55.6	2026-10-05 23:13:39.690505+00	2026-10-05 23:24:26.596272+00	2026-10-05 23:56:59.928244+00	2026-10-06 00:56:21.565649+00	2026-10-06 02:55:46.791027+00	t	2026-10-05 23:13:39.876465+00	2026-10-06 02:55:46.978501+00
7719	ME_SHORT_GEOM_A_V1	905713041	ADAUSDT	SHORT	2026-10-05 10:12:15.859818+00	2026-10-05 10:12:15.900623+00	0.692672256653304	0.692672256653304	0.692672256653304	1.057236602260304	1.3488880787458917	0.36456434560699996	0.36456434560699996	0.43747721472841217	0.43747721472841217	0.9114108640174999	3.4634	3.4634	3.4634	5.2862	6.7444	1.8228	1.8228	2.1874	2.1874	4.5571	-0.6562158220925879	-0.510390083849804	-0.5833029529711959	-0.874954429456804	0.40102078016769593	f	t	f	t	f	\N	2.7	2026-10-05 10:30:00.532685+00	2026-10-05 10:46:11.670677+00	2026-10-05 11:13:09.998175+00	2026-10-05 12:17:20.122366+00	2026-10-05 14:16:45.405788+00	t	2026-10-05 10:30:00.722436+00	2026-10-05 14:16:45.605512+00
7720	ME_SHORT_GEOM_B_V1	905713041	ADAUSDT	SHORT	2026-10-05 10:12:15.859818+00	2026-10-05 10:12:15.900623+00	0.692672256653304	0.692672256653304	0.692672256653304	1.057236602260304	1.3488880787458917	0.36456434560699996	0.36456434560699996	0.43747721472841217	0.43747721472841217	0.9114108640174999	0.9236	0.9236	0.9236	1.4096	1.7985	0.4861	0.4861	0.5833	0.5833	1.2152	-0.6562158220925879	-0.510390083849804	-0.5833029529711959	-0.874954429456804	0.40102078016769593	f	t	f	t	f	\N	182.7	2026-10-05 10:30:01.769224+00	2026-10-05 10:46:12.618781+00	2026-10-05 11:13:11.112608+00	2026-10-05 12:17:21.36246+00	2026-10-05 14:16:46.219908+00	t	2026-10-05 10:30:01.964411+00	2026-10-05 14:16:46.599659+00
7945	ME_SHORT_GEOM_A_V1	906436872	ADAUSDT	SHORT	2026-10-05 13:42:51.41275+00	2026-10-05 13:42:51.463272+00	1.4450867052023135	1.4450867052023135	2.854046242774573	4.371387283236994	5.491329479768783	0.0	0.0	0.0	0.0	0.0	7.2254	7.2254	14.2702	21.8569	27.4566	0.0	0.0	0.0	0.0	0.0	-0.9393063583814998	-0.5057803468208137	-2.2398843930635777	-4.04624277456647	-4.588150289017337	t	f	t	f	f	107.1	\N	2026-10-05 14:00:12.976987+00	2026-10-05 14:16:45.405788+00	2026-10-05 14:44:10.737598+00	2026-10-05 15:44:03.264276+00	2026-10-05 17:44:24.925595+00	t	2026-10-05 14:00:13.995619+00	2026-10-05 17:44:25.114055+00
7946	ME_SHORT_GEOM_B_V1	906436872	ADAUSDT	SHORT	2026-10-05 13:42:51.41275+00	2026-10-05 13:42:51.463272+00	1.4450867052023135	1.4450867052023135	2.854046242774573	4.371387283236994	5.491329479768783	0.0	0.0	0.0	0.0	0.0	1.9268	1.9268	3.8054	5.8285	7.3218	0.0	0.0	0.0	0.0	0.0	-0.9393063583814998	-0.5057803468208137	-2.2398843930635777	-4.04624277456647	-4.588150289017337	t	f	t	f	f	107.1	\N	2026-10-05 14:00:15.276541+00	2026-10-05 14:16:46.219908+00	2026-10-05 14:44:11.293586+00	2026-10-05 15:44:03.636326+00	2026-10-05 17:44:25.299297+00	t	2026-10-05 14:00:15.466987+00	2026-10-05 17:44:25.488173+00
7666	ME_SHORT_GEOM_A_V1	911488928	ADAUSDT	SHORT	2026-10-05 08:57:03.213361+00	2026-10-05 08:57:03.244911+00	0.8058608058608188	0.879120879120884	1.1355311355311526	1.1355311355311526	1.1355311355311526	0.0	0.0	0.0	0.842490842490831	0.9157509157509165	4.0293	4.3956	5.6777	5.6777	5.6777	0.0	0.0	0.0	4.2125	4.5788	-0.6959706959707006	-0.8058608058608188	-0.6959706959707006	0.6959706959706802	-0.40293040293041954	f	t	f	t	f	\N	62.9	2026-10-05 09:14:10.239609+00	2026-10-05 09:30:30.544976+00	2026-10-05 09:57:34.686585+00	2026-10-05 11:02:20.423301+00	2026-10-05 13:00:23.325312+00	t	2026-10-05 09:14:10.431387+00	2026-10-05 13:00:23.698704+00
7667	ME_SHORT_GEOM_B_V1	911488928	ADAUSDT	SHORT	2026-10-05 08:57:03.213361+00	2026-10-05 08:57:03.244911+00	0.8058608058608188	0.879120879120884	1.1355311355311526	1.1355311355311526	1.1355311355311526	0.0	0.0	0.0	0.842490842490831	0.9157509157509165	1.0745	1.1722	1.514	1.514	1.514	0.0	0.0	0.0	1.1233	1.221	-0.6959706959707006	-0.8058608058608188	-0.6959706959707006	0.6959706959706802	-0.40293040293041954	f	t	f	t	f	\N	77.9	2026-10-05 09:14:11.164544+00	2026-10-05 09:30:31.472352+00	2026-10-05 09:57:35.610072+00	2026-10-05 11:02:22.165238+00	2026-10-05 13:00:24.442746+00	t	2026-10-05 09:14:11.353469+00	2026-10-05 13:00:24.634983+00
5683	ME_SHORT_GEOM_A_V1	918588487	STRKUSDT	SHORT	2026-10-04 02:12:06.939934+00	2026-10-04 02:12:06.965056+00	2.6301063234471083	2.6301063234471083	2.6301063234471083	3.69334079462786	3.69334079462786	0.0	0.0	0.03730647267300725	0.03730647267300725	1.2870733072188083	13.1505	13.1505	13.1505	18.4667	18.4667	0.0	0.0	0.1865	0.1865	6.4354	-2.33165454206305	-1.510912143256852	-1.6228315612758737	-1.38033948890132	-0.8020891624696882	f	t	f	t	f	\N	132.9	2026-10-04 02:31:20.829474+00	2026-10-04 02:47:27.703433+00	2026-10-04 03:14:22.889071+00	2026-10-04 04:13:39.192614+00	2026-10-04 06:17:07.094747+00	t	2026-10-04 02:31:21.203634+00	2026-10-04 06:17:07.286881+00
5684	ME_SHORT_GEOM_B_V1	918588487	STRKUSDT	SHORT	2026-10-04 02:12:06.939934+00	2026-10-04 02:12:06.965056+00	2.6301063234471083	2.6301063234471083	2.6301063234471083	3.69334079462786	3.69334079462786	0.0	0.0	0.03730647267300725	0.03730647267300725	1.2870733072188083	3.5068	3.5068	3.5068	4.9245	4.9245	0.0	0.0	0.0497	0.0497	1.7161	-2.33165454206305	-1.510912143256852	-1.6228315612758737	-1.38033948890132	-0.8020891624696882	f	t	f	t	f	\N	137.9	2026-10-04 02:31:21.388786+00	2026-10-04 02:47:28.26685+00	2026-10-04 03:14:23.448866+00	2026-10-04 04:13:39.752376+00	2026-10-04 06:17:07.836749+00	t	2026-10-04 02:31:21.760792+00	2026-10-04 06:17:08.030089+00
3721	ME_SHORT_GEOM_A_V1	923830045	XRPUSDT	SHORT	2026-10-02 10:34:00.733241+00	2026-10-02 10:34:00.785614+00	0.32322709936000343	0.620596030771209	0.7886741224384245	1.3187665653888405	1.6743163746848557	0.25858167948800853	0.25858167948800853	0.25858167948800853	0.6205960307712233	0.6205960307712233	1.6161	3.103	3.9434	6.5938	8.3716	1.2929	1.2929	1.2929	3.103	3.103	-0.3102980153856045	-0.40726614519361126	-0.7046350766048167	-0.09696812980799242	-1.4997737410304408	f	t	f	t	f	\N	1.0	2026-10-02 10:51:25.634357+00	2026-10-02 11:07:23.731588+00	2026-10-02 11:34:17.4492+00	2026-10-02 12:39:16.018374+00	2026-10-02 14:36:52.314642+00	t	2026-10-02 10:51:25.823631+00	2026-10-02 14:36:52.697241+00
3722	ME_SHORT_GEOM_B_V1	923830045	XRPUSDT	SHORT	2026-10-02 10:34:00.733241+00	2026-10-02 10:34:00.785614+00	0.32322709936000343	0.620596030771209	0.7886741224384245	1.3187665653888405	1.6743163746848557	0.25858167948800853	0.25858167948800853	0.25858167948800853	0.6205960307712233	0.6205960307712233	0.431	0.8275	1.0516	1.7584	2.2324	0.3448	0.3448	0.3448	0.8275	0.8275	-0.3102980153856045	-0.40726614519361126	-0.7046350766048167	-0.09696812980799242	-1.4997737410304408	f	f	f	f	f	\N	\N	2026-10-02 10:51:26.011853+00	2026-10-02 11:07:24.098618+00	2026-10-02 11:34:17.829148+00	2026-10-02 12:39:17.087019+00	2026-10-02 14:36:54.183085+00	t	2026-10-02 10:51:26.196531+00	2026-10-02 14:36:54.559158+00
5834	ME_SHORT_GEOM_A_V1	924166039	USELESSUSDT	SHORT	2026-10-04 04:37:39.819479+00	2026-10-04 04:37:39.84957+00	0.9398341951900134	1.0424361815644698	1.1696626446687972	1.3215135845029964	2.0766642042189862	0.0	0.0	0.0	0.0	1.272264631043265	4.6992	5.2122	5.8483	6.6076	10.3833	0.0	0.0	0.0	0.0	6.3613	-0.8659607650004107	-0.7428383813510542	-0.7059016662562585	-1.2065993597636044	-0.6894853484363405	f	t	f	t	f	\N	202.3	2026-10-04 04:56:33.919073+00	2026-10-04 05:12:43.411512+00	2026-10-04 05:39:33.407506+00	2026-10-04 06:38:33.262493+00	2026-10-04 08:41:15.281184+00	t	2026-10-04 04:56:34.483732+00	2026-10-04 08:41:16.033962+00
5835	ME_SHORT_GEOM_B_V1	924166039	USELESSUSDT	SHORT	2026-10-04 04:37:39.819479+00	2026-10-04 04:37:39.84957+00	0.9398341951900134	1.0424361815644698	1.1696626446687972	1.3215135845029964	2.0766642042189862	0.0	0.0	0.0	0.0	1.272264631043265	1.2531	1.3899	1.5596	1.762	2.7689	0.0	0.0	0.0	0.0	1.6964	-0.8659607650004107	-0.7428383813510542	-0.7059016662562585	-1.2065993597636044	-0.6894853484363405	f	t	f	t	f	\N	202.3	2026-10-04 04:56:34.853609+00	2026-10-04 05:12:44.659804+00	2026-10-04 05:39:34.387608+00	2026-10-04 06:38:34.026243+00	2026-10-04 08:41:16.406641+00	t	2026-10-04 04:56:35.412651+00	2026-10-04 08:41:17.788649+00
5660	ME_SHORT_GEOM_A_V1	924930017	STRKUSDT	SHORT	2026-10-04 01:57:04.526693+00	2026-10-04 01:57:04.565407+00	2.6525690966425537	3.171953255425702	3.171953255425702	4.229271007234274	4.229271007234274	0.0	0.0	0.0	0.0	0.7234279354479716	13.2628	15.8598	15.8598	21.1464	21.1464	0.0	0.0	0.0	0.0	3.6171	-1.5025041736227012	-2.875162307549625	-1.2613615284733817	-2.819514004822854	-0.6306807642366908	f	t	f	t	f	\N	152.9	2026-10-04 02:15:18.815775+00	2026-10-04 02:31:20.829474+00	2026-10-04 02:58:12.166413+00	2026-10-04 03:57:28.800777+00	2026-10-04 06:00:59.801029+00	t	2026-10-04 02:15:19.183318+00	2026-10-04 06:01:00.311294+00
5661	ME_SHORT_GEOM_B_V1	924930017	STRKUSDT	SHORT	2026-10-04 01:57:04.526693+00	2026-10-04 01:57:04.565407+00	2.6525690966425537	3.171953255425702	3.171953255425702	4.229271007234274	4.229271007234274	0.0	0.0	0.0	0.0	0.7234279354479716	3.5368	4.2293	4.2293	5.639	5.639	0.0	0.0	0.0	0.0	0.9646	-1.5025041736227012	-2.875162307549625	-1.2428120942311205	-2.819514004822854	-0.6306807642366908	f	f	f	f	f	\N	\N	2026-10-04 02:15:19.366301+00	2026-10-04 02:31:21.388786+00	2026-10-04 02:58:13.0394+00	2026-10-04 03:57:29.355822+00	2026-10-04 06:01:01.182874+00	t	2026-10-04 02:15:19.734186+00	2026-10-04 06:01:01.695047+00
9388	ME_SHORT_GEOM_A_V1	926060936	SPCXUSDT	SHORT	2026-10-06 17:06:03.953495+00	2026-10-06 17:06:03.985977+00	0.5003450655624595	0.8569128134345578	0.8569128134345578	1.340004600874157	1.4320220841960025	0.0	0.0	0.0	0.0	0.0	2.5017	4.2846	4.2846	6.7	7.1601	0.0	0.0	0.0	0.0	0.0	-0.5003450655624595	-0.25304807913503435	-0.5636070853462098	-1.3285024154589387	-1.2479871175523278	f	f	f	f	f	\N	\N	2026-10-06 17:22:47.596068+00	2026-10-06 17:38:48.099732+00	2026-10-06 18:10:36.409538+00	2026-10-06 19:08:42.411772+00	2026-10-06 21:10:01.338941+00	t	2026-10-06 17:22:47.794541+00	2026-10-06 21:10:01.534041+00
9389	ME_SHORT_GEOM_B_V1	926060936	SPCXUSDT	SHORT	2026-10-06 17:06:03.953495+00	2026-10-06 17:06:03.985977+00	0.5003450655624595	0.8569128134345578	0.8569128134345578	1.340004600874157	1.4320220841960025	0.0	0.0	0.0	0.0	0.0	0.6671	1.1426	1.1426	1.7867	1.9094	0.0	0.0	0.0	0.0	0.0	-0.4658385093167715	-0.25304807913503435	-0.5636070853462098	-1.305498044628469	-1.2479871175523278	f	f	f	f	f	\N	\N	2026-10-06 17:22:48.366195+00	2026-10-06 17:38:48.884834+00	2026-10-06 18:10:37.163392+00	2026-10-06 19:08:43.161601+00	2026-10-06 21:10:01.724685+00	t	2026-10-06 17:22:48.558327+00	2026-10-06 21:10:02.123467+00
6240	ME_SHORT_GEOM_A_V1	937647621	SOLUSDT	SHORT	2026-10-04 10:48:21.017277+00	2026-10-04 10:48:21.065693+00	0.23882071975624328	0.23882071975624328	0.24705591698922125	0.24705591698922125	0.24705591698922125	0.0	0.0	0.032940788931888364	0.30470229762002005	0.461171045046519	1.1941	1.1941	1.2353	1.2353	1.2353	0.0	0.0	0.1647	1.5235	2.3059	-0.2223503252902991	-0.1399983529605548	-0.1399983529605548	-0.07411677509676637	0.04941118339783254	f	t	f	t	f	\N	76.6	2026-10-04 11:07:35.578451+00	2026-10-04 11:18:26.40952+00	2026-10-04 11:50:58.482614+00	2026-10-04 12:50:37.348949+00	2026-10-04 14:49:55.525451+00	t	2026-10-04 11:07:36.674238+00	2026-10-04 14:49:55.716595+00
6241	ME_SHORT_GEOM_B_V1	937647621	SOLUSDT	SHORT	2026-10-04 10:48:21.017277+00	2026-10-04 10:48:21.065693+00	0.23882071975624328	0.23882071975624328	0.24705591698922125	0.24705591698922125	0.24705591698922125	0.0	0.0	0.032940788931888364	0.30470229762002005	0.461171045046519	0.3184	0.3184	0.3294	0.3294	0.3294	0.0	0.0	0.0439	0.4063	0.6149	-0.2223503252902991	-0.1399983529605548	-0.1399983529605548	-0.07411677509676637	0.04941118339783254	f	f	f	f	f	\N	\N	2026-10-04 11:07:36.677473+00	2026-10-04 11:18:27.34465+00	2026-10-04 11:50:59.611713+00	2026-10-04 12:50:38.282901+00	2026-10-04 14:49:56.942268+00	t	2026-10-04 11:07:37.778925+00	2026-10-04 14:49:57.135581+00
7688	ME_SHORT_GEOM_A_V1	940119127	VIRTUALUSDT	SHORT	2026-10-05 09:12:18.854768+00	2026-10-05 09:12:18.89033+00	1.4238897050514243	1.4238897050514243	1.9550231664594848	2.407051644253586	3.435416431235166	0.0	0.0	0.0	0.0	0.0	7.1194	7.1194	9.7751	12.0353	17.1771	0.0	0.0	0.0	0.0	0.0	-1.1639733303198074	-0.9153576675330541	-1.8985196067352286	-2.2827438128602098	-2.8138772742682825	f	f	f	f	f	\N	\N	2026-10-05 09:30:30.544976+00	2026-10-05 09:46:41.509517+00	2026-10-05 10:13:48.389166+00	2026-10-05 11:13:09.998175+00	2026-10-05 13:16:36.011383+00	t	2026-10-05 09:30:30.923539+00	2026-10-05 13:16:36.937472+00
7689	ME_SHORT_GEOM_B_V1	940119127	VIRTUALUSDT	SHORT	2026-10-05 09:12:18.854768+00	2026-10-05 09:12:18.89033+00	1.4238897050514243	1.4238897050514243	1.9550231664594848	2.407051644253586	3.435416431235166	0.0	0.0	0.0	0.0	0.0	1.8985	1.8985	2.6067	3.2094	4.5806	0.0	0.0	0.0	0.0	0.0	-1.1639733303198074	-0.9153576675330541	-1.8985196067352286	-2.2827438128602098	-2.8138772742682825	f	f	f	f	f	\N	\N	2026-10-05 09:30:31.472352+00	2026-10-05 09:46:42.430441+00	2026-10-05 10:13:49.322297+00	2026-10-05 11:13:11.112608+00	2026-10-05 13:16:37.1263+00	t	2026-10-05 09:30:31.849178+00	2026-10-05 13:16:37.880944+00
7186	ME_SHORT_GEOM_A_V1	943259796	BNBUSDT	SHORT	2026-10-04 22:55:23.063029+00	2026-10-04 22:55:23.105256+00	0.25122472051249845	0.25122472051249845	0.25122472051249845	0.414520788845631	0.414520788845631	0.0	0.10048988820499365	0.10048988820499365	0.10048988820499365	1.7460118075618611	1.2561	1.2561	1.2561	2.0726	2.0726	0.0	0.5024	0.5024	0.5024	8.7301	-0.012561236025627776	-0.06280618012812461	-0.11305112423062144	-0.037683708076883336	0.628061801281246	f	t	f	t	f	\N	139.6	2026-10-04 23:15:09.676006+00	2026-10-04 23:25:58.95057+00	2026-10-04 23:58:15.980053+00	2026-10-05 00:57:49.456934+00	2026-10-05 02:57:21.56484+00	t	2026-10-04 23:15:09.869064+00	2026-10-05 02:57:23.544211+00
7187	ME_SHORT_GEOM_B_V1	943259796	BNBUSDT	SHORT	2026-10-04 22:55:23.063029+00	2026-10-04 22:55:23.105256+00	0.25122472051249845	0.25122472051249845	0.25122472051249845	0.414520788845631	0.414520788845631	0.0	0.10048988820499365	0.10048988820499365	0.10048988820499365	1.7460118075618611	0.335	0.335	0.335	0.5527	0.5527	0.0	0.134	0.134	0.134	2.328	-0.012561236025627776	-0.06280618012812461	-0.11305112423062144	-0.037683708076883336	0.628061801281246	f	t	f	t	f	\N	184.6	2026-10-04 23:15:11.656143+00	2026-10-04 23:26:00.44726+00	2026-10-04 23:58:17.462497+00	2026-10-05 00:57:51.651322+00	2026-10-05 02:57:23.732267+00	t	2026-10-04 23:15:12.898584+00	2026-10-05 02:57:24.28884+00
9306	ME_SHORT_GEOM_A_V1	944029323	SPCXUSDT	SHORT	2026-10-06 15:50:50.33688+00	2026-10-06 15:50:50.366318+00	0.4929779306391432	0.997420464316412	0.997420464316412	1.1808541129263412	1.7540842648323316	0.0	0.0	0.0	0.0	0.0	2.4649	4.9871	4.9871	5.9043	8.7704	0.0	0.0	0.0	0.0	0.0	-0.4929779306391432	-0.6248208655775151	-0.4815133276010175	-0.9171682430495811	-1.398681570650615	f	f	f	f	f	\N	\N	2026-10-06 16:07:21.242487+00	2026-10-06 16:23:36.475905+00	2026-10-06 16:55:54.820409+00	2026-10-06 17:54:41.580427+00	2026-10-06 19:56:03.380604+00	t	2026-10-06 16:07:21.629134+00	2026-10-06 19:56:03.89391+00
9307	ME_SHORT_GEOM_B_V1	944029323	SPCXUSDT	SHORT	2026-10-06 15:50:50.33688+00	2026-10-06 15:50:50.366318+00	0.4929779306391432	0.997420464316412	0.997420464316412	1.1808541129263412	1.7540842648323316	0.0	0.0	0.0	0.0	0.0	0.6573	1.3299	1.3299	1.5745	2.3388	0.0	0.0	0.0	0.0	0.0	-0.4929779306391432	-0.6248208655775151	-0.4815133276010175	-0.9171682430495811	-1.398681570650615	f	f	f	f	f	\N	\N	2026-10-06 16:07:22.186338+00	2026-10-06 16:23:37.435711+00	2026-10-06 16:55:55.586959+00	2026-10-06 17:54:42.334361+00	2026-10-06 19:56:04.082808+00	t	2026-10-06 16:07:22.570103+00	2026-10-06 19:56:04.273908+00
5225	ME_SHORT_GEOM_A_V1	946421187	SPCXUSDT	SHORT	2026-10-03 13:25:25.741679+00	2026-10-03 13:25:25.794939+00	0.06278646323854005	0.08162240221009849	0.12557292647706225	0.18208074339173758	0.1946380360394313	0.0	0.0	0.0	0.0	0.0	0.3139	0.4081	0.6279	0.9104	0.9732	0.0	0.0	0.0	0.0	0.0	-0.05650781691467534	-0.08162240221009849	-0.1004583411816391	-0.169523450744026	-0.1004583411816391	f	f	f	f	f	\N	\N	2026-10-03 13:42:12.882014+00	2026-10-03 13:58:01.726466+00	2026-10-03 14:29:25.865312+00	2026-10-03 15:26:56.755931+00	2026-10-03 17:27:05.907098+00	t	2026-10-03 13:42:13.073024+00	2026-10-03 17:27:06.095603+00
5226	ME_SHORT_GEOM_B_V1	946421187	SPCXUSDT	SHORT	2026-10-03 13:25:25.741679+00	2026-10-03 13:25:25.794939+00	0.06278646323854005	0.08162240221009849	0.12557292647706225	0.18208074339173758	0.1946380360394313	0.0	0.0	0.0	0.0	0.0	0.0837	0.1088	0.1674	0.2428	0.2595	0.0	0.0	0.0	0.0	0.0	-0.05650781691467534	-0.08162240221009849	-0.1004583411816391	-0.169523450744026	-0.1004583411816391	f	f	f	f	f	\N	\N	2026-10-03 13:42:13.07493+00	2026-10-03 13:58:01.923531+00	2026-10-03 14:29:26.057623+00	2026-10-03 15:26:56.951782+00	2026-10-03 17:27:06.098029+00	t	2026-10-03 13:42:13.269744+00	2026-10-03 17:27:06.288407+00
5751	ME_SHORT_GEOM_A_V1	953401619	STRKUSDT	SHORT	2026-10-04 03:02:17.038688+00	2026-10-04 03:02:17.085571+00	2.3307850083908153	3.3563304120827824	3.7292560134253123	3.7292560134253123	3.7292560134253123	0.0	0.0	0.0	0.8390826030207086	1.2493007644974903	11.6539	16.7817	18.6463	18.6463	18.6463	0.0	0.0	0.0	4.1954	6.2465	-1.6035800857728877	-2.0697370874510534	-2.6291254894648417	-0.2796942010068942	0.7272049226179406	f	t	f	t	f	\N	82.7	2026-10-04 03:19:45.723235+00	2026-10-04 03:35:51.488785+00	2026-10-04 04:02:50.882489+00	2026-10-04 05:07:18.303503+00	2026-10-04 07:05:09.181798+00	t	2026-10-04 03:19:46.092607+00	2026-10-04 07:05:09.370672+00
5752	ME_SHORT_GEOM_B_V1	953401619	STRKUSDT	SHORT	2026-10-04 03:02:17.038688+00	2026-10-04 03:02:17.085571+00	2.3307850083908153	3.3563304120827824	3.7292560134253123	3.7292560134253123	3.7292560134253123	0.0	0.0	0.0	0.8390826030207086	1.2493007644974903	3.1077	4.4751	4.9723	4.9723	4.9723	0.0	0.0	0.0	1.1188	1.6657	-1.6035800857728877	-2.0697370874510534	-2.5731866492634707	-0.2796942010068942	0.7272049226179406	f	t	f	t	f	\N	87.7	2026-10-04 03:19:46.275882+00	2026-10-04 03:35:52.059542+00	2026-10-04 04:02:51.442676+00	2026-10-04 05:07:19.234518+00	2026-10-04 07:05:09.925432+00	t	2026-10-04 03:19:46.647434+00	2026-10-04 07:05:10.116152+00
6999	ME_SHORT_GEOM_A_V1	959927522	KLACUSDT	SHORT	2026-10-04 21:25:12.875754+00	2026-10-04 21:25:12.91231+00	0.1735190629970527	0.1735190629970527	0.1735190629970527	0.1735190629970527	0.3470381259941191	0.009639947944286032	0.009639947944286032	0.2699185424398719	0.3663180218826775	1.5954113847785234	0.8676	0.8676	0.8676	0.8676	1.7352	0.0482	0.0482	1.3496	1.8316	7.9771	-0.11085940135922773	-0.09157950547066937	0.10603942738709156	0.3036583602448525	1.5327517231406982	f	t	f	t	f	\N	39.8	2026-10-04 21:42:59.717297+00	2026-10-04 21:59:15.157854+00	2026-10-04 22:26:22.831541+00	2026-10-04 23:25:58.95057+00	2026-10-05 01:30:41.220525+00	t	2026-10-04 21:42:59.915721+00	2026-10-05 01:30:41.411359+00
7000	ME_SHORT_GEOM_B_V1	959927522	KLACUSDT	SHORT	2026-10-04 21:25:12.875754+00	2026-10-04 21:25:12.91231+00	0.1735190629970527	0.1735190629970527	0.1735190629970527	0.1735190629970527	0.3470381259941191	0.009639947944286032	0.009639947944286032	0.2699185424398719	0.3663180218826775	1.5568515930013929	0.2314	0.2314	0.2314	0.2314	0.4627	0.0129	0.0129	0.3599	0.4884	2.0758	-0.11085940135922773	-0.09157950547066937	0.10603942738709156	0.3036583602448525	1.5086518532799902	f	t	f	t	f	\N	164.8	2026-10-04 21:43:01.167243+00	2026-10-04 21:59:16.267722+00	2026-10-04 22:26:24.312286+00	2026-10-04 23:26:00.44726+00	2026-10-05 01:25:15.744213+00	t	2026-10-04 21:43:01.367983+00	2026-10-05 01:25:17.351354+00
7629	ME_SHORT_GEOM_A_V1	962874854	ADAUSDT	SHORT	2026-10-05 08:26:56.079381+00	2026-10-05 08:26:56.114748+00	1.2008733624454038	1.6739446870451213	1.6739446870451213	1.7831149927219854	1.7831149927219854	0.0	0.0	0.0	0.18195050946142666	0.25473071324600943	6.0044	8.3697	8.3697	8.9156	8.9156	0.0	0.0	0.0	0.9098	1.2737	-1.1280931586608411	-1.3100436681222678	-1.4556040756914133	-0.8369723435225506	-1.1644832605531226	f	t	f	t	f	\N	153.1	2026-10-05 08:47:06.893617+00	2026-10-05 08:57:55.242104+00	2026-10-05 09:30:30.544976+00	2026-10-05 10:30:00.532685+00	2026-10-05 12:28:03.477199+00	t	2026-10-05 08:47:07.452496+00	2026-10-05 12:28:03.848502+00
7630	ME_SHORT_GEOM_B_V1	962874854	ADAUSDT	SHORT	2026-10-05 08:26:56.079381+00	2026-10-05 08:26:56.114748+00	1.2008733624454038	1.6739446870451213	1.6739446870451213	1.7831149927219854	1.7831149927219854	0.0	0.0	0.0	0.18195050946142666	0.25473071324600943	1.6012	2.2319	2.2319	2.3775	2.3775	0.0	0.0	0.0	0.2426	0.3396	-1.1280931586608411	-1.3100436681222678	-1.4556040756914133	-0.8369723435225506	-1.1644832605531226	f	f	f	f	f	\N	\N	2026-10-05 08:47:07.643515+00	2026-10-05 08:57:55.974496+00	2026-10-05 09:30:31.472352+00	2026-10-05 10:30:01.769224+00	2026-10-05 12:28:04.390319+00	t	2026-10-05 08:47:07.834346+00	2026-10-05 12:28:04.579811+00
824	ME_SHORT_GEOM_A_V1	963696186	ICPUSDT	SHORT	2026-09-30 00:47:06.521331+00	2026-09-30 00:47:06.545231+00	1.1194029850746312	1.1194029850746312	1.1194029850746312	4.190585533869114	4.190585533869114	0.0	0.48794489092996285	0.6027554535017194	0.6027554535017194	0.6027554535017194	5.597	5.597	5.597	20.9529	20.9529	0.0	2.4397	3.0138	3.0138	3.0138	-0.5453501722158476	-0.0861079219288207	0.45924225028702687	-2.784156142365097	-1.8943742824339793	f	t	f	t	f	\N	17.9	2026-09-30 01:02:45.161906+00	2026-09-30 01:18:42.883265+00	2026-09-30 01:50:39.627415+00	2026-09-30 02:49:26.676306+00	2026-09-30 04:51:48.533315+00	t	2026-09-30 01:02:45.892996+00	2026-09-30 04:51:48.899132+00
825	ME_SHORT_GEOM_B_V1	963696186	ICPUSDT	SHORT	2026-09-30 00:47:06.521331+00	2026-09-30 00:47:06.545231+00	1.1194029850746312	1.1194029850746312	1.1194029850746312	4.190585533869114	4.190585533869114	0.0	0.48794489092996285	0.6027554535017194	0.6027554535017194	0.6027554535017194	1.4925	1.4925	1.4925	5.5874	5.5874	0.0	0.6506	0.8037	0.8037	0.8037	-0.48794489092996285	-0.0861079219288207	0.45924225028702687	-2.784156142365097	-1.8943742824339793	f	f	f	f	f	\N	\N	2026-09-30 01:02:45.895637+00	2026-09-30 01:18:43.618968+00	2026-09-30 01:50:40.356863+00	2026-09-30 02:49:27.42121+00	2026-09-30 04:51:48.901962+00	t	2026-09-30 01:02:46.622184+00	2026-09-30 04:51:49.263892+00
7341	ME_SHORT_GEOM_A_V1	969195725	FARTCOINUSDT	SHORT	2026-10-05 01:10:52.032965+00	2026-10-05 01:10:52.070562+00	0.6976744186046584	1.087074094104928	1.087074094104928	1.087074094104928	2.1471065440778805	0.0	0.0	1.8280151433207108	2.0010816657652684	2.0010816657652684	3.4884	5.4354	5.4354	5.4354	10.7355	0.0	0.0	9.1401	10.0054	10.0054	-0.35694970254192626	-0.8058409951325143	1.5684153596538593	0.7896160086533202	-1.308815575987023	f	t	f	t	f	\N	59.1	2026-10-05 01:30:41.220525+00	2026-10-05 01:41:38.037976+00	2026-10-05 02:14:21.451523+00	2026-10-05 03:13:21.975378+00	2026-10-05 05:11:38.081561+00	t	2026-10-05 01:30:43.023673+00	2026-10-05 05:11:38.269072+00
7342	ME_SHORT_GEOM_B_V1	969195725	FARTCOINUSDT	SHORT	2026-10-05 01:10:52.032965+00	2026-10-05 01:10:52.070562+00	0.6976744186046584	1.087074094104928	1.087074094104928	1.087074094104928	2.1471065440778805	0.0	0.0	1.8280151433207108	2.0010816657652684	2.0010816657652684	0.9302	1.4494	1.4494	1.4494	2.8628	0.0	0.0	2.4374	2.6681	2.6681	-0.35694970254192626	-0.8058409951325143	1.5684153596538593	0.7896160086533202	-1.325040562466202	f	t	f	t	f	\N	59.1	2026-10-05 01:30:44.435584+00	2026-10-05 01:41:40.874382+00	2026-10-05 02:14:23.963199+00	2026-10-05 03:13:23.621086+00	2026-10-05 05:11:39.186356+00	t	2026-10-05 01:30:44.828592+00	2026-10-05 05:11:39.37773+00
5820	ME_SHORT_GEOM_A_V1	969551056	USELESSUSDT	SHORT	2026-10-04 04:27:39.416077+00	2026-10-04 04:27:39.437108+00	0.9275219568250778	1.0424361815644698	1.124517770664037	1.3215135845029964	2.0766642042189862	0.0	0.0	0.0	0.0	1.272264631043265	4.6376	5.2122	5.6226	6.6076	10.3833	0.0	0.0	0.0	0.0	6.3613	-0.7633587786259545	-1.0096035459246449	-0.8085036526307148	-0.5786752031519308	-0.5868833620618842	f	t	f	t	f	\N	212.3	2026-10-04 04:45:46.815497+00	2026-10-04 05:01:55.575832+00	2026-10-04 05:28:48.65399+00	2026-10-04 06:27:52.708493+00	2026-10-04 08:30:30.763017+00	t	2026-10-04 04:45:47.368137+00	2026-10-04 08:30:31.513666+00
5821	ME_SHORT_GEOM_B_V1	969551056	USELESSUSDT	SHORT	2026-10-04 04:27:39.416077+00	2026-10-04 04:27:39.437108+00	0.9275219568250778	1.0424361815644698	1.124517770664037	1.3215135845029964	2.0766642042189862	0.0	0.0	0.0	0.0	1.272264631043265	1.2367	1.3899	1.4994	1.762	2.7689	0.0	0.0	0.0	0.0	1.6964	-0.7633587786259545	-1.0096035459246449	-0.8413362882705394	-0.5786752031519308	-0.5868833620618842	f	t	f	t	f	\N	212.3	2026-10-04 04:45:47.737898+00	2026-10-04 05:01:56.51334+00	2026-10-04 05:28:49.897274+00	2026-10-04 06:27:53.460499+00	2026-10-04 08:30:31.879907+00	t	2026-10-04 04:45:48.298377+00	2026-10-04 08:30:32.623587+00
9314	ME_SHORT_GEOM_A_V1	971963273	SPCXUSDT	SHORT	2026-10-06 16:00:52.986285+00	2026-10-06 16:00:53.018345+00	0.997420464316412	0.997420464316412	0.997420464316412	1.1808541129263412	1.7540842648323316	0.0	0.0	0.0	0.0	0.0	4.9871	4.9871	4.9871	5.9043	8.7704	0.0	0.0	0.0	0.0	0.0	-0.630553167096586	-0.5101748351963236	-0.4872456291200885	-0.8197191172255538	-1.450272284322156	f	f	f	f	f	\N	\N	2026-10-06 16:18:10.562547+00	2026-10-06 16:34:23.339343+00	2026-10-06 17:01:19.328183+00	2026-10-06 18:05:16.866564+00	2026-10-06 20:01:21.932547+00	t	2026-10-06 16:18:10.956457+00	2026-10-06 20:01:22.125225+00
9315	ME_SHORT_GEOM_B_V1	971963273	SPCXUSDT	SHORT	2026-10-06 16:00:52.986285+00	2026-10-06 16:00:53.018345+00	0.997420464316412	0.997420464316412	0.997420464316412	1.1808541129263412	1.7540842648323316	0.0	0.0	0.0	0.0	0.0	1.3299	1.3299	1.3299	1.5745	2.3388	0.0	0.0	0.0	0.0	0.0	-0.630553167096586	-0.5101748351963236	-0.4872456291200885	-0.8197191172255538	-1.450272284322156	f	f	f	f	f	\N	\N	2026-10-06 16:18:11.512662+00	2026-10-06 16:34:24.292732+00	2026-10-06 17:01:20.140083+00	2026-10-06 18:05:17.617302+00	2026-10-06 20:01:22.313962+00	t	2026-10-06 16:18:11.890918+00	2026-10-06 20:01:22.505617+00
9097	ME_SHORT_GEOM_A_V1	989195104	SPCXUSDT	SHORT	2026-10-06 12:05:54.24474+00	2026-10-06 12:05:54.293184+00	0.5969976236016931	0.5969976236016931	0.7766765200255048	0.846229641221821	0.846229641221821	0.01159218686605821	0.01159218686605821	0.01159218686605821	2.20251550454994	2.20251550454994	2.985	2.985	3.8834	4.2311	4.2311	0.058	0.058	0.058	11.0126	11.0126	-0.03477656059815816	-0.18547498985683253	-0.7650843331594466	1.4606155451225933	0.6143859039007722	f	t	f	t	f	\N	84.1	2026-10-06 12:23:24.844554+00	2026-10-06 12:39:19.89666+00	2026-10-06 13:09:51.526263+00	2026-10-06 14:08:53.039895+00	2026-10-06 16:07:21.242487+00	t	2026-10-06 12:23:25.717097+00	2026-10-06 16:07:21.623735+00
9098	ME_SHORT_GEOM_B_V1	989195104	SPCXUSDT	SHORT	2026-10-06 12:05:54.24474+00	2026-10-06 12:05:54.293184+00	0.5969976236016931	0.5969976236016931	0.7766765200255048	0.846229641221821	0.846229641221821	0.01159218686605821	0.01159218686605821	0.01159218686605821	2.20251550454994	2.20251550454994	0.796	0.796	1.0356	1.1283	1.1283	0.0155	0.0155	0.0155	2.9367	2.9367	-0.03477656059815816	-0.18547498985683253	-0.7650843331594466	1.489596012287714	0.6143859039007722	f	t	f	t	f	\N	84.1	2026-10-06 12:23:25.719032+00	2026-10-06 12:39:20.662263+00	2026-10-06 13:09:52.265544+00	2026-10-06 14:08:53.784988+00	2026-10-06 16:07:22.186338+00	t	2026-10-06 12:23:26.093473+00	2026-10-06 16:07:22.564794+00
7307	ME_SHORT_GEOM_A_V1	993686916	XAUUSDT	SHORT	2026-10-05 00:50:46.393251+00	2026-10-05 00:50:46.442692+00	0.060315949844048866	0.08987316829350994	0.09924496926530149	0.2561625598954168	0.7495037751536857	0.1213528074551519	0.1213528074551519	0.1213528074551519	0.15331305179482266	0.15331305179482266	0.3016	0.4494	0.4962	1.2808	3.7475	0.6068	0.6068	0.6068	0.7666	0.7666	0.08098197249976909	0.0031239336572638455	0.0776177362534799	-0.2520774158820735	-0.5764859110592004	t	f	t	f	f	119.2	\N	2026-10-05 01:08:44.765523+00	2026-10-05 01:25:12.579708+00	2026-10-05 01:52:31.830045+00	2026-10-05 02:51:59.243179+00	2026-10-05 04:55:20.965201+00	t	2026-10-05 01:08:45.142851+00	2026-10-05 04:55:21.701401+00
7308	ME_SHORT_GEOM_B_V1	993686916	XAUUSDT	SHORT	2026-10-05 00:50:46.393251+00	2026-10-05 00:50:46.442692+00	0.060315949844048866	0.08987316829350994	0.09924496926530149	0.2561625598954168	0.7495037751536857	0.1213528074551519	0.1213528074551519	0.1213528074551519	0.15331305179482266	0.15331305179482266	0.0804	0.1198	0.1323	0.3416	0.9993	0.1618	0.1618	0.1618	0.2044	0.2044	0.08098197249976909	0.0031239336572638455	0.0776177362534799	-0.24919378481383495	-0.5764859110592004	t	f	t	f	f	119.2	\N	2026-10-05 01:08:47.929503+00	2026-10-05 01:25:15.744213+00	2026-10-05 01:52:34.076637+00	2026-10-05 02:52:01.067315+00	2026-10-05 04:55:22.248859+00	t	2026-10-05 01:08:48.301667+00	2026-10-05 04:55:23.16534+00
5067	ME_SHORT_GEOM_A_V1	996024118	SPCXUSDT	SHORT	2026-10-03 09:44:49.853851+00	2026-10-03 09:44:49.8957+00	0.08168394596292519	0.08168394596292519	0.08168394596292519	0.08796732642162411	0.08796732642162411	0.0	0.0	0.0	0.0	0.07540056550424414	0.4084	0.4084	0.4084	0.4398	0.4398	0.0	0.0	0.0	0.0	0.377	-0.06283380458686416	-0.03141690229344101	-0.07540056550424414	-0.06283380458686416	0.0	f	f	f	f	f	\N	\N	2026-10-03 10:04:01.443091+00	2026-10-03 10:20:04.074646+00	2026-10-03 10:46:45.348953+00	2026-10-03 11:45:25.122851+00	2026-10-03 13:47:28.808178+00	t	2026-10-03 10:04:01.635445+00	2026-10-03 13:47:29.001135+00
5068	ME_SHORT_GEOM_B_V1	996024118	SPCXUSDT	SHORT	2026-10-03 09:44:49.853851+00	2026-10-03 09:44:49.8957+00	0.08168394596292519	0.08168394596292519	0.08168394596292519	0.08796732642162411	0.08796732642162411	0.0	0.0	0.0	0.0	0.07540056550424414	0.1089	0.1089	0.1089	0.1173	0.1173	0.0	0.0	0.0	0.0	0.1005	-0.06283380458686416	-0.03141690229344101	-0.07540056550424414	-0.06283380458686416	0.0	f	f	f	f	f	\N	\N	2026-10-03 10:04:01.637417+00	2026-10-03 10:20:04.268923+00	2026-10-03 10:46:45.542217+00	2026-10-03 11:45:25.311889+00	2026-10-03 13:47:29.005895+00	t	2026-10-03 10:04:01.83026+00	2026-10-03 13:47:29.193047+00
6719	ME_SHORT_GEOM_A_V1	1003838510	NEARUSDT	SHORT	2026-10-04 17:09:14.210429+00	2026-10-04 17:09:14.248671+00	2.192108409724979	2.192108409724979	2.192108409724979	2.192108409724979	2.192108409724979	0.0	0.0	0.0	0.5779194898365866	0.5779194898365866	10.9605	10.9605	10.9605	10.9605	10.9605	0.0	0.0	0.0	2.8896	2.8896	-1.5743324033479424	-0.9366281387006717	-0.7772020725388542	0.05978477481068382	-1.8134715025906776	f	t	f	t	f	\N	80.8	2026-10-04 17:28:10.776823+00	2026-10-04 17:44:35.132151+00	2026-10-04 18:11:49.903141+00	2026-10-04 19:11:39.423705+00	2026-10-04 21:10:34.462638+00	t	2026-10-04 17:28:11.905845+00	2026-10-04 21:10:35.018108+00
6720	ME_SHORT_GEOM_B_V1	1003838510	NEARUSDT	SHORT	2026-10-04 17:09:14.210429+00	2026-10-04 17:09:14.248671+00	2.192108409724979	2.192108409724979	2.192108409724979	2.192108409724979	2.192108409724979	0.0	0.0	0.0	0.5779194898365866	0.5779194898365866	2.9228	2.9228	2.9228	2.9228	2.9228	0.0	0.0	0.0	0.7706	0.7706	-1.5743324033479424	-0.9366281387006717	-0.7772020725388542	0.05978477481068382	-1.8134715025906776	f	f	f	f	f	\N	\N	2026-10-04 17:28:11.908322+00	2026-10-04 17:44:36.251338+00	2026-10-04 18:11:51.012184+00	2026-10-04 19:11:40.538508+00	2026-10-04 21:10:35.882432+00	t	2026-10-04 17:28:13.031828+00	2026-10-04 21:10:36.25571+00
6509	ME_SHORT_GEOM_A_V1	1007696928	SOLUSDT	SHORT	2026-10-04 14:13:49.962446+00	2026-10-04 14:13:50.024294+00	0.5989497866754101	0.5989497866754101	0.5989497866754101	0.5989497866754101	0.5989497866754101	0.0	0.0	0.2051197899573351	0.2051197899573351	0.2051197899573351	2.9947	2.9947	2.9947	2.9947	2.9947	0.0	0.0	1.0256	1.0256	1.0256	-0.3363964555300268	-0.39382999671807495	0.09025270758122697	-0.2543485395470974	-0.4266491631112537	f	t	f	t	f	\N	46.2	2026-10-04 14:33:34.109452+00	2026-10-04 14:44:31.154211+00	2026-10-04 15:17:09.092659+00	2026-10-04 16:17:14.819955+00	2026-10-04 18:17:18.609956+00	t	2026-10-04 14:33:34.312761+00	2026-10-04 18:17:19.171295+00
6510	ME_SHORT_GEOM_B_V1	1007696928	SOLUSDT	SHORT	2026-10-04 14:13:49.962446+00	2026-10-04 14:13:50.024294+00	0.5989497866754101	0.5989497866754101	0.5989497866754101	0.5989497866754101	0.5989497866754101	0.0	0.0	0.2051197899573351	0.2051197899573351	0.2051197899573351	0.7986	0.7986	0.7986	0.7986	0.7986	0.0	0.0	0.2735	0.2735	0.2735	-0.3363964555300268	-0.40203478831637257	0.09025270758122697	-0.2543485395470974	-0.4266491631112537	f	f	f	f	f	\N	\N	2026-10-04 14:33:35.566324+00	2026-10-04 14:44:32.272483+00	2026-10-04 15:17:10.515866+00	2026-10-04 16:17:16.069392+00	2026-10-04 18:17:19.723963+00	t	2026-10-04 14:33:35.760883+00	2026-10-04 18:17:19.915817+00
6946	ME_SHORT_GEOM_A_V1	1009036891	KLACUSDT	SHORT	2026-10-04 21:00:09.437435+00	2026-10-04 21:00:09.493508+00	0.07713445499686476	0.07713445499686476	0.15426890999372952	0.15426890999372952	0.32782143373668554	0.019283613749212766	0.028925420623825998	0.028925420623825998	0.2892542062382463	1.4993009690015837	0.3857	0.3857	0.7713	0.7713	1.6391	0.0964	0.1446	0.1446	1.4463	7.4965	0.009641806874599531	0.0	-0.12052258593260377	0.16873162030564254	1.4993009690015837	f	t	f	t	f	\N	64.8	2026-10-04 21:15:59.156715+00	2026-10-04 21:32:11.162218+00	2026-10-04 22:04:38.928477+00	2026-10-04 23:04:21.719036+00	2026-10-05 01:03:16.003447+00	t	2026-10-04 21:15:59.345038+00	2026-10-05 01:03:16.197471+00
6947	ME_SHORT_GEOM_B_V1	1009036891	KLACUSDT	SHORT	2026-10-04 21:00:09.437435+00	2026-10-04 21:00:09.493508+00	0.07713445499686476	0.07713445499686476	0.15426890999372952	0.15426890999372952	0.32782143373668554	0.019283613749212766	0.028925420623825998	0.028925420623825998	0.2892542062382463	1.4993009690015837	0.1028	0.1028	0.2057	0.2057	0.4371	0.0257	0.0386	0.0386	0.3857	1.9991	0.009641806874599531	0.0	-0.12052258593260377	0.16873162030564254	1.4993009690015837	f	t	f	t	f	\N	189.8	2026-10-04 21:16:00.073419+00	2026-10-04 21:32:12.276713+00	2026-10-04 22:04:40.059581+00	2026-10-04 23:04:23.016386+00	2026-10-05 01:03:18.224782+00	t	2026-10-04 21:16:00.263087+00	2026-10-05 01:03:18.422492+00
7692	ME_SHORT_GEOM_A_V1	1009612387	FARTCOINUSDT	SHORT	2026-10-05 09:12:23.365188+00	2026-10-05 09:12:23.39507+00	1.4792587913244786	1.942514213518635	1.9793640766477076	1.9846283428090101	2.2320488523899735	0.0	0.0	0.0	0.0	0.0	7.3963	9.7126	9.8968	9.9231	11.1602	0.0	0.0	0.0	0.0	0.0	-1.3002737418403874	-1.7003579700989595	-1.7372078332280467	-1.2581596125500123	-2.1004421983575456	f	f	f	f	f	\N	\N	2026-10-05 09:30:30.544976+00	2026-10-05 09:46:41.509517+00	2026-10-05 10:13:48.389166+00	2026-10-05 11:13:09.998175+00	2026-10-05 13:16:36.011383+00	t	2026-10-05 09:30:31.47008+00	2026-10-05 13:16:37.123969+00
7693	ME_SHORT_GEOM_B_V1	1009612387	FARTCOINUSDT	SHORT	2026-10-05 09:12:23.365188+00	2026-10-05 09:12:23.39507+00	1.4792587913244786	1.942514213518635	1.9793640766477076	1.9846283428090101	2.2320488523899735	0.0	0.0	0.0	0.0	0.0	1.9723	2.59	2.6392	2.6462	2.9761	0.0	0.0	0.0	0.0	0.0	-1.3002737418403874	-1.7003579700989595	-1.7372078332280467	-1.2371025479048174	-2.1004421983575456	f	f	f	f	f	\N	\N	2026-10-05 09:30:31.472352+00	2026-10-05 09:46:42.430441+00	2026-10-05 10:13:49.322297+00	2026-10-05 11:13:11.112608+00	2026-10-05 13:16:37.1263+00	t	2026-10-05 09:30:32.394727+00	2026-10-05 13:16:38.066629+00
3822	ME_SHORT_GEOM_A_V1	1017978849	HYPEUSDT	SHORT	2026-10-02 11:29:13.538635+00	2026-10-02 11:29:13.583918+00	0.5797418507985136	0.6672500546926268	0.8641435134543931	0.9625902428352607	2.6033690658499182	0.0	0.0	0.0	0.0	0.0875082038941132	2.8987	3.3363	4.3207	4.813	13.0168	0.0	0.0	0.0	0.0	0.4375	-0.1750164077882264	-0.6563115292058724	-0.7547582585867401	-0.5906803762852836	-2.461168234521986	t	f	t	f	f	215.8	\N	2026-10-02 11:45:04.06789+00	2026-10-02 12:01:19.615493+00	2026-10-02 12:33:50.28874+00	2026-10-02 13:30:04.08431+00	2026-10-02 15:32:39.12372+00	t	2026-10-02 11:45:04.441838+00	2026-10-02 15:32:39.865421+00
3823	ME_SHORT_GEOM_B_V1	1017978849	HYPEUSDT	SHORT	2026-10-02 11:29:13.538635+00	2026-10-02 11:29:13.583918+00	0.5797418507985136	0.6672500546926268	0.8641435134543931	0.9625902428352607	2.6033690658499182	0.0	0.0	0.0	0.0	0.0875082038941132	0.773	0.8897	1.1522	1.2835	3.4712	0.0	0.0	0.0	0.0	0.1167	-0.1750164077882264	-0.6563115292058724	-0.7547582585867401	-0.5906803762852836	-2.461168234521986	t	f	t	f	f	215.8	\N	2026-10-02 11:45:04.626185+00	2026-10-02 12:01:20.178866+00	2026-10-02 12:33:50.860374+00	2026-10-02 13:30:05.39665+00	2026-10-02 15:32:41.15632+00	t	2026-10-02 11:45:05.006047+00	2026-10-02 15:32:42.592253+00
9055	ME_SHORT_GEOM_A_V1	1021920214	ORCAUSDT	SHORT	2026-10-06 10:56:14.110739+00	2026-10-06 10:56:14.149315+00	1.8423785530212635	1.8423785530212635	2.050078849186495	5.1232739720758484	5.1232739720758484	0.8769568060310071	4.888649563444748	6.027154890572726	6.027154890572726	6.027154890572726	9.2119	9.2119	10.2504	25.6164	25.6164	4.3848	24.4432	30.1358	30.1358	30.1358	0.5461748528789651	4.607869533443599	-1.4769798838416774	-2.3577829916535133	2.8616485249432766	f	t	f	t	f	\N	8.8	2026-10-06 11:13:40.989324+00	2026-10-06 11:29:32.819744+00	2026-10-06 11:56:50.460256+00	2026-10-06 12:59:14.583313+00	2026-10-06 14:57:17.334092+00	t	2026-10-06 11:13:41.183258+00	2026-10-06 14:57:17.52622+00
9056	ME_SHORT_GEOM_B_V1	1021920214	ORCAUSDT	SHORT	2026-10-06 10:56:14.110739+00	2026-10-06 10:56:14.149315+00	1.8423785530212635	1.8423785530212635	2.050078849186495	5.1232739720758484	5.1232739720758484	0.8769568060310071	4.888649563444748	6.027154890572726	6.027154890572726	6.027154890572726	2.4565	2.4565	2.7334	6.831	6.831	1.1693	6.5182	8.0362	8.0362	8.0362	0.5461748528789651	4.619408438786119	-1.5000576945267012	-2.3577829916535133	2.8616485249432766	f	t	f	t	f	\N	13.8	2026-10-06 11:13:41.544461+00	2026-10-06 11:29:33.375397+00	2026-10-06 11:56:51.02642+00	2026-10-06 12:59:15.330746+00	2026-10-06 14:57:18.081009+00	t	2026-10-06 11:13:41.736389+00	2026-10-06 14:57:18.270618+00
6130	ME_SHORT_GEOM_A_V1	1024437763	SOLUSDT	SHORT	2026-10-04 09:33:08.284324+00	2026-10-04 09:33:08.339327+00	0.32951643463218194	0.32951643463218194	0.32951643463218194	0.32951643463218194	0.32951643463218194	0.10709284125545387	0.10709284125545387	0.18947194991350522	0.18947194991350522	0.3871818106928074	1.6476	1.6476	1.6476	1.6476	1.6476	0.5355	0.5355	0.9474	0.9474	1.9359	-0.08237910865803963	0.016475821731605587	-0.18947194991350522	-0.06590328692643405	0.29656479116895906	f	t	f	t	f	\N	151.9	2026-10-04 09:51:28.684269+00	2026-10-04 10:07:45.791379+00	2026-10-04 10:34:55.884231+00	2026-10-04 11:34:41.688194+00	2026-10-04 13:33:54.336111+00	t	2026-10-04 09:51:30.033306+00	2026-10-04 13:33:54.537226+00
6131	ME_SHORT_GEOM_B_V1	1024437763	SOLUSDT	SHORT	2026-10-04 09:33:08.284324+00	2026-10-04 09:33:08.339327+00	0.32951643463218194	0.32951643463218194	0.32951643463218194	0.32951643463218194	0.32951643463218194	0.10709284125545387	0.10709284125545387	0.18947194991350522	0.18947194991350522	0.3871818106928074	0.4394	0.4394	0.4394	0.4394	0.4394	0.1428	0.1428	0.2526	0.2526	0.5162	-0.08237910865803963	0.016475821731605587	-0.18947194991350522	-0.06590328692643405	0.3048027020347677	f	f	f	f	f	\N	\N	2026-10-04 09:51:30.038313+00	2026-10-04 10:07:46.904722+00	2026-10-04 10:34:57.321009+00	2026-10-04 11:34:43.109839+00	2026-10-04 13:33:55.27454+00	t	2026-10-04 09:51:31.353733+00	2026-10-04 13:33:55.478943+00
6279	ME_SHORT_GEOM_A_V1	1029440956	HYPEUSDT	SHORT	2026-10-04 11:23:31.066609+00	2026-10-04 11:23:31.100994+00	0.4411116012351187	0.5513895015438905	0.562417291574774	0.7057785619761806	0.9925011027790093	0.0	0.0	0.0	0.0	0.0	2.2056	2.7569	2.8121	3.5289	4.9625	0.0	0.0	0.0	0.0	0.0	-0.4300838112042352	-0.5293339214821393	-0.29775033083371216	-0.5734450816056575	-0.8932509925011052	f	f	f	f	f	\N	\N	2026-10-04 11:40:09.041881+00	2026-10-04 11:56:24.463097+00	2026-10-04 12:23:34.801674+00	2026-10-04 13:28:29.808401+00	2026-10-04 15:28:04.216691+00	t	2026-10-04 11:40:10.452672+00	2026-10-04 15:28:04.967584+00
6280	ME_SHORT_GEOM_B_V1	1029440956	HYPEUSDT	SHORT	2026-10-04 11:23:31.066609+00	2026-10-04 11:23:31.100994+00	0.4411116012351187	0.5513895015438905	0.562417291574774	0.7057785619761806	0.9925011027790093	0.0	0.0	0.0	0.0	0.0	0.5881	0.7352	0.7499	0.941	1.3233	0.0	0.0	0.0	0.0	0.0	-0.4300838112042352	-0.5293339214821393	-0.29775033083371216	-0.5734450816056575	-0.8932509925011052	f	f	f	f	f	\N	\N	2026-10-04 11:40:10.45524+00	2026-10-04 11:56:25.590329+00	2026-10-04 12:23:35.735775+00	2026-10-04 13:28:30.73426+00	2026-10-04 15:28:05.70073+00	t	2026-10-04 11:40:11.546061+00	2026-10-04 15:28:06.444428+00
9331	ME_SHORT_GEOM_A_V1	1032496179	SPCXUSDT	SHORT	2026-10-06 16:15:54.7702+00	2026-10-06 16:15:54.818562+00	0.5798599150304393	0.5798599150304393	0.5798599150304393	1.0276725226777015	1.6017912504306009	0.0	0.0	0.0	0.0	0.0	2.8993	2.8993	2.8993	5.1384	8.009	0.0	0.0	0.0	0.0	0.0	-0.35595361120680014	-0.269835802043862	-0.49374210586750117	-0.6257894132506622	-1.3319554483867224	f	f	f	f	f	\N	\N	2026-10-06 16:34:23.339343+00	2026-10-06 16:50:32.535265+00	2026-10-06 17:17:25.20443+00	2026-10-06 18:15:55.637759+00	2026-10-06 20:17:11.352435+00	t	2026-10-06 16:34:23.912875+00	2026-10-06 20:17:11.544658+00
9332	ME_SHORT_GEOM_B_V1	1032496179	SPCXUSDT	SHORT	2026-10-06 16:15:54.7702+00	2026-10-06 16:15:54.818562+00	0.5798599150304393	0.5798599150304393	0.5798599150304393	1.0276725226777015	1.6017912504306009	0.0	0.0	0.0	0.0	0.0	0.7731	0.7731	0.7731	1.3702	2.1357	0.0	0.0	0.0	0.0	0.0	-0.35595361120680014	-0.269835802043862	-0.49374210586750117	-0.6257894132506622	-1.3319554483867224	f	f	f	f	f	\N	\N	2026-10-06 16:34:24.292732+00	2026-10-06 16:50:33.293435+00	2026-10-06 17:17:25.961273+00	2026-10-06 18:15:56.576865+00	2026-10-06 20:17:11.732932+00	t	2026-10-06 16:34:24.668325+00	2026-10-06 20:17:12.110904+00
5862	ME_SHORT_GEOM_A_V1	1044177567	STRKUSDT	SHORT	2026-10-04 05:07:30.471678+00	2026-10-04 05:07:30.509709+00	2.4776453055141543	2.4776453055141543	2.4776453055141543	2.4776453055141543	2.4776453055141543	0.0	0.0	1.1549925484351762	1.4157973174366687	5.644560357675122	12.3882	12.3882	12.3882	12.3882	12.3882	0.0	0.0	5.775	7.079	28.2228	-2.179582712369593	-0.2980625931445611	-0.6892697466467872	0.3353204172876297	1.080476900149039	f	t	f	t	f	\N	32.5	2026-10-04 05:23:26.69402+00	2026-10-04 05:39:33.407506+00	2026-10-04 06:11:44.373807+00	2026-10-04 07:10:30.043858+00	2026-10-04 09:08:06.906186+00	t	2026-10-04 05:23:26.886527+00	2026-10-04 09:08:07.09435+00
5863	ME_SHORT_GEOM_B_V1	1044177567	STRKUSDT	SHORT	2026-10-04 05:07:30.471678+00	2026-10-04 05:07:30.509709+00	2.4776453055141543	2.4776453055141543	2.4776453055141543	2.4776453055141543	2.4776453055141543	0.0	0.0	1.1549925484351762	1.4157973174366687	5.644560357675122	3.3035	3.3035	3.3035	3.3035	3.3035	0.0	0.0	1.54	1.8877	7.5261	-2.2168405365126613	-0.26080476900149263	-0.6892697466467872	0.3353204172876297	1.080476900149039	f	t	f	t	f	\N	32.5	2026-10-04 05:23:27.621945+00	2026-10-04 05:39:34.387608+00	2026-10-04 06:11:45.116475+00	2026-10-04 07:10:30.792366+00	2026-10-04 09:08:08.334642+00	t	2026-10-04 05:23:27.815027+00	2026-10-04 09:08:08.709472+00
5915	ME_SHORT_GEOM_A_V1	1047244752	HYPEUSDT	SHORT	2026-10-04 05:47:36.230843+00	2026-10-04 05:47:36.271123+00	0.2664594204507549	0.3108693238592061	0.36638170311979384	0.5440213167536304	0.5440213167536304	0.0	0.0	0.0	0.0	0.7327634062396035	1.3323	1.5543	1.8319	2.7201	2.7201	0.0	0.0	0.0	0.0	3.6638	-0.22204951704228784	-0.23315199289440855	-0.32197179971132683	-0.28866437215498053	0.41079160652826086	f	t	f	t	f	\N	137.4	2026-10-04 06:06:22.823801+00	2026-10-04 06:22:30.81941+00	2026-10-04 06:49:11.225138+00	2026-10-04 07:47:49.152772+00	2026-10-04 09:51:28.684269+00	t	2026-10-04 06:06:23.577902+00	2026-10-04 09:51:29.069581+00
5916	ME_SHORT_GEOM_B_V1	1047244752	HYPEUSDT	SHORT	2026-10-04 05:47:36.230843+00	2026-10-04 05:47:36.271123+00	0.2664594204507549	0.3108693238592061	0.36638170311979384	0.5440213167536304	0.5440213167536304	0.0	0.0	0.0	0.0	0.7327634062396035	0.3553	0.4145	0.4885	0.7254	0.7254	0.0	0.0	0.0	0.0	0.977	-0.22204951704228784	-0.23315199289440855	-0.32197179971132683	-0.28866437215498053	0.41079160652826086	f	f	f	f	f	\N	\N	2026-10-04 06:06:23.580274+00	2026-10-04 06:22:31.893444+00	2026-10-04 06:49:11.974625+00	2026-10-04 07:47:49.892006+00	2026-10-04 09:51:30.038313+00	t	2026-10-04 06:06:24.319062+00	2026-10-04 09:51:30.425909+00
3352	ME_SHORT_GEOM_A_V1	1048347965	MSTRUSDT	SHORT	2026-10-02 02:20:24.337069+00	2026-10-02 02:20:24.373849+00	0.5482996550024559	0.5482996550024559	0.5482996550024559	0.5482996550024559	0.5482996550024559	0.0	0.03080335140463983	0.7577624445539787	2.057663873829475	3.006407097092161	2.7415	2.7415	2.7415	2.7415	2.7415	0.0	0.154	3.7888	10.2883	15.032	-0.443568260226712	-0.04928536224740272	0.2710694923607675	2.0453425332676156	1.232134056185313	f	t	f	t	f	\N	34.6	2026-10-02 02:36:09.198181+00	2026-10-02 02:52:21.002892+00	2026-10-02 03:24:47.333436+00	2026-10-02 04:24:03.07793+00	2026-10-02 06:21:19.69519+00	t	2026-10-02 02:36:09.38638+00	2026-10-02 06:21:20.577602+00
3353	ME_SHORT_GEOM_B_V1	1048347965	MSTRUSDT	SHORT	2026-10-02 02:20:24.337069+00	2026-10-02 02:20:24.373849+00	0.5482996550024559	0.5482996550024559	0.5482996550024559	0.5482996550024559	0.5482996550024559	0.0	0.03080335140463983	0.7577624445539787	2.057663873829475	3.006407097092161	0.7311	0.7311	0.7311	0.7311	0.7311	0.0	0.0411	1.0103	2.7436	4.0085	-0.443568260226712	-0.04928536224740272	0.2710694923607675	2.0453425332676156	1.232134056185313	f	t	f	t	f	\N	39.6	2026-10-02 02:36:09.390167+00	2026-10-02 02:52:21.19104+00	2026-10-02 03:24:47.699453+00	2026-10-02 04:24:03.761402+00	2026-10-02 06:21:20.581175+00	t	2026-10-02 02:36:09.578284+00	2026-10-02 06:21:21.143021+00
561	ME_SHORT_GEOM_A_V1	1053790576	CRVUSDT	SHORT	2026-09-29 15:42:12.873672+00	2026-09-29 15:42:12.903263+00	2.7961736571008142	3.1640912435614474	3.2867304390483256	5.88668138337013	7.7017414765759105	0.0	0.0	0.0	0.0	0.0	13.9809	15.8205	16.4337	29.4334	38.5087	0.0	0.0	0.0	0.0	0.0	-2.2565611969585446	-2.7225901398086823	-2.869757174392933	-5.73951434878588	-5.469708118714737	t	f	t	f	f	122.8	\N	2026-09-29 16:00:47.145302+00	2026-09-29 16:16:50.935332+00	2026-09-29 16:43:30.306422+00	2026-09-29 17:46:58.354707+00	2026-09-29 19:47:21.706095+00	t	2026-09-29 16:00:47.337319+00	2026-09-29 19:47:22.088612+00
562	ME_SHORT_GEOM_B_V1	1053790576	CRVUSDT	SHORT	2026-09-29 15:42:12.873672+00	2026-09-29 15:42:12.903263+00	2.7961736571008142	3.1640912435614474	3.2867304390483256	5.88668138337013	7.7017414765759105	0.0	0.0	0.0	0.0	0.0	3.7282	4.2188	4.3823	7.8489	10.269	0.0	0.0	0.0	0.0	0.0	-2.2565611969585446	-2.7225901398086823	-2.869757174392933	-5.73951434878588	-5.469708118714737	t	f	t	f	f	122.8	\N	2026-09-29 16:00:47.524521+00	2026-09-29 16:16:51.318286+00	2026-09-29 16:43:30.891201+00	2026-09-29 17:46:58.913594+00	2026-09-29 19:47:22.269636+00	t	2026-09-29 16:00:47.714484+00	2026-09-29 19:47:22.640493+00
5723	ME_SHORT_GEOM_A_V1	1055602243	USELESSUSDT	SHORT	2026-10-04 02:22:22.561085+00	2026-10-04 02:22:22.581711+00	1.5248501651241464	2.230195294981031	2.3606637583071675	2.3606637583071675	2.3606637583071675	0.0	0.0	0.0	0.0	0.0	7.6243	11.151	11.8033	11.8033	11.8033	0.0	0.0	0.0	0.0	0.0	-1.2231418436824621	-2.230195294981031	-1.8917927182288814	-1.0559791250458603	-1.0559791250458603	f	f	f	f	f	\N	\N	2026-10-04 02:42:03.692462+00	2026-10-04 02:52:49.932585+00	2026-10-04 03:25:06.398104+00	2026-10-04 04:24:21.264695+00	2026-10-04 06:22:30.81941+00	t	2026-10-04 02:42:04.252679+00	2026-10-04 06:22:31.890842+00
5724	ME_SHORT_GEOM_B_V1	1055602243	USELESSUSDT	SHORT	2026-10-04 02:22:22.561085+00	2026-10-04 02:22:22.581711+00	1.5248501651241464	2.230195294981031	2.3606637583071675	2.3606637583071675	2.3606637583071675	0.0	0.0	0.0	0.0	0.0	2.0331	2.9736	3.1476	3.1476	3.1476	0.0	0.0	0.0	0.0	0.0	-1.2231418436824621	-2.230195294981031	-1.8917927182288814	-1.0519019855669258	-1.023362009214329	f	f	f	f	f	\N	\N	2026-10-04 02:42:04.255249+00	2026-10-04 02:52:50.489867+00	2026-10-04 03:25:06.953371+00	2026-10-04 04:24:22.000208+00	2026-10-04 06:22:31.893444+00	t	2026-10-04 02:42:04.81949+00	2026-10-04 06:22:32.642944+00
6260	ME_SHORT_GEOM_A_V1	1055753894	SOLUSDT	SHORT	2026-10-04 11:03:23.229736+00	2026-10-04 11:03:23.261707+00	0.2223503252902991	0.2223503252902991	0.24705591698922125	0.24705591698922125	0.24705591698922125	0.0	0.032940788931888364	0.032940788931888364	0.30470229762002005	0.5764638063081516	1.1118	1.1118	1.2353	1.2353	1.2353	0.0	0.1647	0.1647	1.5235	2.8823	-0.1399983529605548	-0.0988223667956885	-0.06588157786380013	-0.11529276126163268	0.3211726920859642	f	t	f	t	f	\N	61.6	2026-10-04 11:18:26.40952+00	2026-10-04 11:34:41.688194+00	2026-10-04 12:07:17.185217+00	2026-10-04 13:06:54.569869+00	2026-10-04 15:06:12.949173+00	t	2026-10-04 11:18:27.341208+00	2026-10-04 15:06:13.141267+00
6261	ME_SHORT_GEOM_B_V1	1055753894	SOLUSDT	SHORT	2026-10-04 11:03:23.229736+00	2026-10-04 11:03:23.261707+00	0.2223503252902991	0.2223503252902991	0.24705591698922125	0.24705591698922125	0.24705591698922125	0.0	0.032940788931888364	0.032940788931888364	0.30470229762002005	0.5764638063081516	0.2965	0.2965	0.3294	0.3294	0.3294	0.0	0.0439	0.0439	0.4063	0.7686	-0.1399983529605548	-0.0988223667956885	-0.06588157786380013	-0.11529276126163268	0.3211726920859642	f	f	f	f	f	\N	\N	2026-10-04 11:18:27.34465+00	2026-10-04 11:34:43.109839+00	2026-10-04 12:07:18.28976+00	2026-10-04 13:06:55.506803+00	2026-10-04 15:06:14.059581+00	t	2026-10-04 11:18:29.550291+00	2026-10-04 15:06:14.248352+00
4202	ME_SHORT_GEOM_A_V1	1056970958	KORUUSDT	SHORT	2026-10-02 15:22:13.329655+00	2026-10-02 15:22:13.351146+00	2.6200873362445325	2.6200873362445325	2.6200873362445325	2.6200873362445325	3.1877729257641785	0.0	0.0	0.0	0.0	0.0	13.1004	13.1004	13.1004	13.1004	15.9389	0.0	0.0	0.0	0.0	0.0	-1.4410480349344905	-0.8733624454148442	-0.48034934497816345	-1.5720524017467226	-1.0043668122270608	f	f	f	f	f	\N	\N	2026-10-02 15:38:12.930496+00	2026-10-02 15:54:54.627619+00	2026-10-02 16:22:52.39708+00	2026-10-02 17:22:56.724712+00	2026-10-02 19:25:36.693622+00	t	2026-10-02 15:38:13.311165+00	2026-10-02 19:25:37.073999+00
4203	ME_SHORT_GEOM_B_V1	1056970958	KORUUSDT	SHORT	2026-10-02 15:22:13.329655+00	2026-10-02 15:22:13.351146+00	2.6200873362445325	2.6200873362445325	2.6200873362445325	2.6200873362445325	3.1877729257641785	0.0	0.0	0.0	0.0	0.0	3.4934	3.4934	3.4934	3.4934	4.2504	0.0	0.0	0.0	0.0	0.0	-1.3537117903930076	-0.8296943231440949	-0.48034934497816345	-1.6157205240174561	-1.0043668122270608	f	f	f	f	f	\N	\N	2026-10-02 15:38:15.320317+00	2026-10-02 15:54:56.705875+00	2026-10-02 16:22:54.067713+00	2026-10-02 17:22:58.359078+00	2026-10-02 19:25:37.262309+00	t	2026-10-02 15:38:16.244893+00	2026-10-02 19:25:37.640308+00
6955	ME_SHORT_GEOM_A_V1	1058231757	KLACUSDT	SHORT	2026-10-04 21:05:08.600572+00	2026-10-04 21:05:08.642683+00	0.07713073659853287	0.15908214423446976	0.15908214423446976	0.15908214423446976	0.332626301581179	0.01446201311222577	0.024103355187047516	0.2699575780948719	0.2844195912070977	1.5474354030081026	0.3857	0.7954	0.7954	0.7954	1.6631	0.0723	0.1205	1.3498	1.4221	7.7372	0.0	-0.15908214423446976	0.05784805244890308	0.24103355187042036	1.5474354030081026	f	t	f	t	f	\N	59.9	2026-10-04 21:21:24.542948+00	2026-10-04 21:37:35.482503+00	2026-10-04 22:10:05.00829+00	2026-10-04 23:09:43.212991+00	2026-10-05 01:08:44.765523+00	t	2026-10-04 21:21:24.732648+00	2026-10-05 01:08:44.957644+00
6956	ME_SHORT_GEOM_B_V1	1058231757	KLACUSDT	SHORT	2026-10-04 21:05:08.600572+00	2026-10-04 21:05:08.642683+00	0.07713073659853287	0.15908214423446976	0.15908214423446976	0.15908214423446976	0.332626301581179	0.01446201311222577	0.024103355187047516	0.2699575780948719	0.2844195912070977	1.5474354030081026	0.1028	0.2121	0.2121	0.2121	0.4435	0.0193	0.0321	0.3599	0.3792	2.0632	0.0	-0.15908214423446976	0.05784805244890308	0.24103355187042036	1.5474354030081026	f	t	f	t	f	\N	184.9	2026-10-04 21:21:25.472585+00	2026-10-04 21:37:36.92177+00	2026-10-04 22:10:06.321095+00	2026-10-04 23:09:44.498148+00	2026-10-05 01:08:47.929503+00	t	2026-10-04 21:21:25.660432+00	2026-10-05 01:08:48.668895+00
7321	ME_SHORT_GEOM_A_V1	1061253955	DOGEUSDT	SHORT	2026-10-05 01:00:38.352967+00	2026-10-05 01:00:38.376329+00	0.3008610851748092	0.3008610851748092	0.4253553273161194	0.4253553273161194	1.7636684303351042	0.5394750492789633	0.5602240896358531	0.5602240896358531	0.5602240896358531	0.5602240896358531	1.5043	1.5043	2.1268	2.1268	8.8183	2.6974	2.8011	2.8011	2.8011	2.8011	0.42535532731610504	0.1348687623197336	-0.1659923228550756	-0.269737524639496	-1.276065981948344	t	t	f	t	f	209.4	9.4	2026-10-05 01:19:43.957539+00	2026-10-05 01:30:41.220525+00	2026-10-05 02:03:26.8069+00	2026-10-05 03:02:41.370338+00	2026-10-05 05:00:48.197861+00	t	2026-10-05 01:19:44.702746+00	2026-10-05 05:00:49.251406+00
7322	ME_SHORT_GEOM_B_V1	1061253955	DOGEUSDT	SHORT	2026-10-05 01:00:38.352967+00	2026-10-05 01:00:38.376329+00	0.3008610851748092	0.3008610851748092	0.4253553273161194	0.4253553273161194	1.7636684303351042	0.5394750492789633	0.5602240896358531	0.5602240896358531	0.5602240896358531	0.5602240896358531	0.4011	0.4011	0.5671	0.5671	2.3516	0.7193	0.747	0.747	0.747	0.747	0.44610436767299494	0.11411972196285816	-0.1659923228550756	-0.269737524639496	-1.276065981948344	t	f	t	f	f	209.4	\N	2026-10-05 01:19:46.155283+00	2026-10-05 01:30:44.435584+00	2026-10-05 02:03:29.691486+00	2026-10-05 03:02:43.020542+00	2026-10-05 05:00:49.807601+00	t	2026-10-05 01:19:47.078288+00	2026-10-05 05:00:51.407219+00
4431	ME_SHORT_GEOM_A_V1	1063216069	MAGMAUSDT	SHORT	2026-10-02 22:08:00.906143+00	2026-10-02 22:08:00.941367+00	9.72408250736673	9.72408250736673	9.72408250736673	9.72408250736673	14.010179480310745	0.0	0.0	0.0	0.0	0.0	48.6204	48.6204	48.6204	48.6204	70.0509	0.0	0.0	0.0	0.0	0.0	-6.37556924725423	-4.0985802303777215	-3.6163943209215135	-3.911063487811412	-7.607822126975631	f	f	f	f	f	\N	\N	2026-10-02 22:24:44.035034+00	2026-10-02 22:40:27.349014+00	2026-10-02 23:11:35.80323+00	2026-10-03 00:08:56.791753+00	2026-10-03 02:10:31.046042+00	t	2026-10-02 22:24:44.222494+00	2026-10-03 02:10:31.2318+00
4432	ME_SHORT_GEOM_B_V1	1063216069	MAGMAUSDT	SHORT	2026-10-02 22:08:00.906143+00	2026-10-02 22:08:00.941367+00	9.72408250736673	9.72408250736673	9.72408250736673	9.72408250736673	14.010179480310745	0.0	0.0	0.0	0.0	0.0	12.9654	12.9654	12.9654	12.9654	18.6802	0.0	0.0	0.0	0.0	0.0	-6.37556924725423	-4.0985802303777215	-3.6163943209215135	-3.911063487811412	-7.607822126975631	f	f	f	f	f	\N	\N	2026-10-02 22:24:44.224834+00	2026-10-02 22:40:27.539775+00	2026-10-02 23:11:36.176993+00	2026-10-03 00:08:57.164338+00	2026-10-03 02:10:31.415808+00	t	2026-10-02 22:24:44.421862+00	2026-10-03 02:10:31.604243+00
9213	ME_SHORT_GEOM_A_V1	1071175290	AVAXUSDT	SHORT	2026-10-06 13:41:42.411099+00	2026-10-06 13:41:42.450433+00	0.6026200873362364	0.6288209606986829	0.6288209606986829	0.6288209606986829	0.6288209606986829	0.0	0.3056768558951978	0.768558951965074	1.5458515283842915	1.5458515283842915	3.0131	3.1441	3.1441	3.1441	3.1441	0.0	1.5284	3.8428	7.7293	7.7293	-0.35807860262007507	0.2358078602620177	0.6899563318777348	1.0480349344978255	0.37554585152839337	f	t	f	t	f	\N	28.3	2026-10-06 13:58:08.824243+00	2026-10-06 14:14:15.42979+00	2026-10-06 14:46:31.848031+00	2026-10-06 15:45:49.521317+00	2026-10-06 17:44:08.483089+00	t	2026-10-06 13:58:09.895103+00	2026-10-06 17:44:08.689762+00
9214	ME_SHORT_GEOM_B_V1	1071175290	AVAXUSDT	SHORT	2026-10-06 13:41:42.411099+00	2026-10-06 13:41:42.450433+00	0.6026200873362364	0.6288209606986829	0.6288209606986829	0.6288209606986829	0.6288209606986829	0.0	0.3056768558951978	0.768558951965074	1.5458515283842915	1.5458515283842915	0.8035	0.8384	0.8384	0.8384	0.8384	0.0	0.4076	1.0247	2.0611	2.0611	-0.34934497816593146	0.2358078602620177	0.6899563318777348	1.0480349344978255	0.37554585152839337	f	t	f	t	f	\N	58.3	2026-10-06 13:58:09.898347+00	2026-10-06 14:14:16.210083+00	2026-10-06 14:46:32.732878+00	2026-10-06 15:45:50.469+00	2026-10-06 17:44:09.275019+00	t	2026-10-06 13:58:10.644048+00	2026-10-06 17:44:09.661447+00
8924	ME_SHORT_GEOM_A_V1	1072609953	ORCAUSDT	SHORT	2026-10-06 08:10:52.791137+00	2026-10-06 08:10:52.826358+00	1.7534791252485187	1.7534791252485187	1.7534791252485187	1.7534791252485187	1.7534791252485187	1.491053677932409	1.491053677932409	6.560636182902585	7.423459244532807	9.606361829025847	8.7674	8.7674	8.7674	8.7674	8.7674	7.4553	7.4553	32.8032	37.1173	48.0318	0.023856858846915862	-0.4850894632206755	6.516898608349897	2.1749502982107343	3.4314115308151107	f	t	f	t	f	\N	9.1	2026-10-06 08:28:15.094188+00	2026-10-06 08:44:12.04214+00	2026-10-06 09:11:04.309288+00	2026-10-06 10:15:17.523591+00	2026-10-06 12:12:48.381314+00	t	2026-10-06 08:28:15.286877+00	2026-10-06 12:12:48.598139+00
8925	ME_SHORT_GEOM_B_V1	1072609953	ORCAUSDT	SHORT	2026-10-06 08:10:52.791137+00	2026-10-06 08:10:52.826358+00	1.7534791252485187	1.7534791252485187	1.7534791252485187	1.7534791252485187	1.7534791252485187	1.491053677932409	1.491053677932409	6.560636182902585	7.423459244532807	9.606361829025847	2.338	2.338	2.338	2.338	2.338	1.9881	1.9881	8.7475	9.8979	12.8085	0.023856858846915862	-0.4850894632206755	6.516898608349897	2.1749502982107343	3.4314115308151107	f	t	f	t	f	\N	9.1	2026-10-06 08:28:15.975876+00	2026-10-06 08:44:12.613996+00	2026-10-06 09:11:04.881241+00	2026-10-06 10:15:18.080159+00	2026-10-06 12:12:48.985274+00	t	2026-10-06 08:28:16.168467+00	2026-10-06 12:12:49.181911+00
7284	ME_SHORT_GEOM_A_V1	1075168543	XRPUSDT	SHORT	2026-10-05 00:35:27.650837+00	2026-10-05 00:35:27.685859+00	0.26977233846558707	0.26977233846558707	0.26977233846558707	0.26977233846558707	1.362021318594548	0.32241084353203736	0.32241084353203736	0.7632583234636172	0.7632583234636172	0.7632583234636172	1.3489	1.3489	1.3489	1.3489	6.8101	1.6121	1.6121	3.8163	3.8163	3.8163	0.190814580865897	0.13817607579944668	0.14475588893275296	0.21713383339912215	-1.2896433741281788	t	t	f	t	f	234.5	9.5	2026-10-05 00:52:25.083376+00	2026-10-05 01:08:44.765523+00	2026-10-05 01:36:10.765722+00	2026-10-05 02:35:53.500675+00	2026-10-05 04:39:07.538992+00	t	2026-10-05 00:52:25.830151+00	2026-10-05 04:39:08.63254+00
7285	ME_SHORT_GEOM_B_V1	1075168543	XRPUSDT	SHORT	2026-10-05 00:35:27.650837+00	2026-10-05 00:35:27.685859+00	0.26977233846558707	0.26977233846558707	0.26977233846558707	0.26977233846558707	1.362021318594548	0.32241084353203736	0.32241084353203736	0.7632583234636172	0.7632583234636172	0.7632583234636172	0.3597	0.3597	0.3597	0.3597	1.816	0.4299	0.4299	1.0177	1.0177	1.0177	0.19739439399920328	0.15133570206605926	0.15133570206605926	0.21713383339912215	-1.32254243979471	t	t	f	t	f	234.5	49.5	2026-10-05 00:52:27.109961+00	2026-10-05 01:08:47.929503+00	2026-10-05 01:36:13.317068+00	2026-10-05 02:35:55.329392+00	2026-10-05 04:39:08.819274+00	t	2026-10-05 00:52:28.041434+00	2026-10-05 04:39:10.094967+00
4039	ME_SHORT_GEOM_A_V1	1080660051	MSTRUSDT	SHORT	2026-10-02 12:56:42.413162+00	2026-10-02 12:56:42.452379+00	0.7241172950329192	0.8138839018551678	0.8138839018551678	3.650508677438656	4.817474566128057	0.0	0.0	1.8671454219030548	1.8671454219030548	1.8671454219030548	3.6206	4.0694	4.0694	18.2525	24.0874	0.0	0.0	9.3357	9.3357	9.3357	-0.40095751047276335	-0.6523040095751067	-0.2752842609216086	-3.572710951526032	-4.625972471573902	t	t	f	t	f	93.3	33.3	2026-10-02 13:13:30.409284+00	2026-10-02 13:30:04.08431+00	2026-10-02 13:57:54.080878+00	2026-10-02 14:59:14.290479+00	2026-10-02 17:01:21.610724+00	t	2026-10-02 13:13:30.601546+00	2026-10-02 17:01:22.363068+00
4040	ME_SHORT_GEOM_B_V1	1080660051	MSTRUSDT	SHORT	2026-10-02 12:56:42.413162+00	2026-10-02 12:56:42.452379+00	0.7241172950329192	0.8138839018551678	0.8138839018551678	3.650508677438656	4.817474566128057	0.0	0.0	1.8671454219030548	1.8671454219030548	1.8671454219030548	0.9655	1.0852	1.0852	4.8673	6.4233	0.0	0.0	2.4895	2.4895	2.4895	-0.40095751047276335	-0.6523040095751067	-0.2034709754637962	-3.572710951526032	-4.625972471573902	t	t	f	t	f	93.3	33.3	2026-10-02 13:13:31.709536+00	2026-10-02 13:30:05.39665+00	2026-10-02 13:57:55.749658+00	2026-10-02 14:59:16.149446+00	2026-10-02 17:01:22.920768+00	t	2026-10-02 13:13:31.916495+00	2026-10-02 17:01:24.057207+00
6703	ME_SHORT_GEOM_A_V1	1082107758	XRPUSDT	SHORT	2026-10-04 16:54:12.150837+00	2026-10-04 16:54:12.194719+00	0.19929582143095154	0.37866206071879616	0.391948448814191	0.4716667773865745	0.4716667773865745	0.0	0.0	0.0	0.0	0.27237095595562294	0.9965	1.8933	1.9597	2.3583	2.3583	0.0	0.0	0.0	0.0	1.3619	-0.18600943333555675	-0.3454460904803091	-0.25908456786022815	-0.22586859762174114	-0.13950707500166018	f	t	f	t	f	\N	155.8	2026-10-04 17:11:44.923183+00	2026-10-04 17:28:10.776823+00	2026-10-04 17:55:30.853637+00	2026-10-04 18:55:20.281194+00	2026-10-04 20:54:22.184764+00	t	2026-10-04 17:11:45.121018+00	2026-10-04 20:54:22.742383+00
6704	ME_SHORT_GEOM_B_V1	1082107758	XRPUSDT	SHORT	2026-10-04 16:54:12.150837+00	2026-10-04 16:54:12.194719+00	0.19929582143095154	0.37866206071879616	0.391948448814191	0.4716667773865745	0.4716667773865745	0.0	0.0	0.0	0.0	0.27237095595562294	0.2657	0.5049	0.5226	0.6289	0.6289	0.0	0.0	0.0	0.0	0.3632	-0.18600943333555675	-0.3454460904803091	-0.25908456786022815	-0.22586859762174114	-0.13950707500166018	f	f	f	f	f	\N	\N	2026-10-04 17:11:46.032737+00	2026-10-04 17:28:11.908322+00	2026-10-04 17:55:32.050267+00	2026-10-04 18:55:21.389376+00	2026-10-04 20:54:22.925959+00	t	2026-10-04 17:11:46.405923+00	2026-10-04 20:54:23.296391+00
7805	ME_SHORT_GEOM_A_V1	1085552993	XAGUSDT	SHORT	2026-10-05 11:37:37.348252+00	2026-10-05 11:37:37.386144+00	0.7728224118499386	0.7728224118499386	0.8372242795040992	1.175334084688451	1.8193527612300797	0.0	0.0	0.0	0.0	0.0	3.8641	3.8641	4.1861	5.8767	9.0968	0.0	0.0	0.0	0.0	0.0	-0.708420544195778	-0.6118177427145428	-0.740621478022864	-1.0465303493801297	-1.3685396876509441	t	f	t	f	f	122.4	\N	2026-10-05 11:55:58.539585+00	2026-10-05 12:11:59.374772+00	2026-10-05 12:38:46.320677+00	2026-10-05 13:38:15.665642+00	2026-10-05 15:38:36.644811+00	t	2026-10-05 11:55:58.914161+00	2026-10-05 15:38:36.843715+00
7806	ME_SHORT_GEOM_B_V1	1085552993	XAGUSDT	SHORT	2026-10-05 11:37:37.348252+00	2026-10-05 11:37:37.386144+00	0.7728224118499386	0.7728224118499386	0.8372242795040992	1.175334084688451	1.8193527612300797	0.0	0.0	0.0	0.0	0.0	1.0304	1.0304	1.1163	1.5671	2.4258	0.0	0.0	0.0	0.0	0.0	-0.708420544195778	-0.6118177427145428	-0.740621478022864	-1.0465303493801297	-1.3685396876509441	t	f	t	f	f	122.4	\N	2026-10-05 11:55:59.7952+00	2026-10-05 12:12:00.293618+00	2026-10-05 12:38:47.240763+00	2026-10-05 13:38:16.400387+00	2026-10-05 15:38:37.21893+00	t	2026-10-05 11:56:00.185201+00	2026-10-05 15:38:37.59274+00
715	ME_SHORT_GEOM_A_V1	1087571800	PUMPFUNUSDT	SHORT	2026-09-29 22:16:26.97884+00	2026-09-29 22:16:27.007339+00	0.4273504273504248	0.5641025641025649	0.5641025641025649	0.5641025641025649	2.5641025641025634	1.1965811965811923	1.1965811965811923	3.0940170940170897	3.0940170940170897	3.0940170940170897	2.1368	2.8205	2.8205	2.8205	12.8205	5.9829	5.9829	15.4701	15.4701	15.4701	-0.11965811965812072	0.1538461538461446	1.8290598290598197	-0.41025641025642023	0.22222222222222204	f	t	f	t	f	\N	3.6	2026-09-29 22:34:59.449167+00	2026-09-29 22:50:46.538322+00	2026-09-29 23:17:09.721091+00	2026-09-30 00:20:26.19881+00	2026-09-30 02:17:25.285389+00	t	2026-09-29 22:34:59.635044+00	2026-09-30 02:17:25.845743+00
716	ME_SHORT_GEOM_B_V1	1087571800	PUMPFUNUSDT	SHORT	2026-09-29 22:16:26.97884+00	2026-09-29 22:16:27.007339+00	0.4273504273504248	0.5641025641025649	0.5641025641025649	0.5641025641025649	2.5641025641025634	1.1965811965811923	1.1965811965811923	3.0940170940170897	3.0940170940170897	3.0940170940170897	0.5698	0.7521	0.7521	0.7521	3.4188	1.5954	1.5954	4.1254	4.1254	4.1254	-0.11965811965812072	0.1538461538461446	1.8290598290598197	-0.41025641025642023	0.22222222222222204	f	t	f	t	f	\N	3.6	2026-09-29 22:34:59.815598+00	2026-09-29 22:50:46.904034+00	2026-09-29 23:17:10.091362+00	2026-09-30 00:20:26.76561+00	2026-09-30 02:17:26.031616+00	t	2026-09-29 22:34:59.998063+00	2026-09-30 02:17:26.221664+00
5843	ME_SHORT_GEOM_A_V1	1096399209	PUMPFUNUSDT	SHORT	2026-10-04 04:47:27.373238+00	2026-10-04 04:47:27.403395+00	1.4474708171206256	1.4474708171206256	1.4474708171206256	1.4474708171206256	1.4474708171206256	0.0	0.0	0.8560311284046613	2.8326848249027217	2.8326848249027217	7.2374	7.2374	7.2374	7.2374	7.2374	0.0	0.0	4.2802	14.1634	14.1634	-0.6692607003891129	-0.5914396887159508	0.5291828793774346	0.653696498054467	-0.8871595330739261	f	t	f	t	f	\N	32.5	2026-10-04 05:07:18.303503+00	2026-10-04 05:18:04.730786+00	2026-10-04 05:50:17.514837+00	2026-10-04 06:49:11.225138+00	2026-10-04 08:51:56.468211+00	t	2026-10-04 05:07:19.050385+00	2026-10-04 08:51:57.164816+00
5844	ME_SHORT_GEOM_B_V1	1096399209	PUMPFUNUSDT	SHORT	2026-10-04 04:47:27.373238+00	2026-10-04 04:47:27.403395+00	1.4474708171206256	1.4474708171206256	1.4474708171206256	1.4474708171206256	1.4474708171206256	0.0	0.0	0.8560311284046613	2.8326848249027217	2.8326848249027217	1.93	1.93	1.93	1.93	1.93	0.0	0.0	1.1414	3.7769	3.7769	-0.6692607003891129	-0.5914396887159508	0.5291828793774346	0.6225680933852156	-0.8871595330739261	f	t	f	t	f	\N	47.5	2026-10-04 05:07:19.234518+00	2026-10-04 05:18:05.774528+00	2026-10-04 05:50:18.264817+00	2026-10-04 06:49:11.974625+00	2026-10-04 08:51:57.718304+00	t	2026-10-04 05:07:19.979061+00	2026-10-04 08:51:57.907807+00
9004	ME_SHORT_GEOM_A_V1	1097804400	SPCXUSDT	SHORT	2026-10-06 09:35:54.057663+00	2026-10-06 09:35:54.104207+00	0.15018484288354372	0.1617375231053611	0.1617375231053611	0.20217190388169726	1.1841497227356812	0.0	0.0	0.1559611829944442	0.21372458410351464	0.8953327171903783	0.7509	0.8087	0.8087	1.0109	5.9207	0.0	0.0	0.7798	1.0686	4.4767	-0.05776340110905402	0.0	0.08664510166358923	-0.1848428835489794	0.31769870609980533	f	t	f	t	f	\N	74.1	2026-10-06 09:53:49.577146+00	2026-10-06 10:09:53.938445+00	2026-10-06 10:36:36.754514+00	2026-10-06 11:40:53.44259+00	2026-10-06 13:36:38.730955+00	t	2026-10-06 09:53:50.132516+00	2026-10-06 13:36:39.103458+00
9005	ME_SHORT_GEOM_B_V1	1097804400	SPCXUSDT	SHORT	2026-10-06 09:35:54.057663+00	2026-10-06 09:35:54.104207+00	0.15018484288354372	0.1617375231053611	0.1617375231053611	0.20217190388169726	1.1841497227356812	0.0	0.0	0.1559611829944442	0.21372458410351464	0.8953327171903783	0.2002	0.2157	0.2157	0.2696	1.5789	0.0	0.0	0.2079	0.285	1.1938	-0.05776340110905402	0.0	0.08664510166358923	-0.1848428835489794	0.352356746765241	f	t	f	t	f	\N	234.1	2026-10-06 09:53:50.13432+00	2026-10-06 10:09:54.494245+00	2026-10-06 10:36:37.312258+00	2026-10-06 11:40:54.34866+00	2026-10-06 13:36:39.481948+00	t	2026-10-06 09:53:50.684379+00	2026-10-06 13:36:40.039737+00
7311	ME_SHORT_GEOM_A_V1	1106721410	HBARUSDT	SHORT	2026-10-05 00:50:52.724846+00	2026-10-05 00:50:52.760811+00	0.26850786344457467	0.4123513617184502	0.47947832757959385	0.47947832757959385	1.745301112389722	0.03835826620636591	0.11507479861911105	0.13425393172228733	0.49865746068278344	0.49865746068278344	1.3425	2.0618	2.3974	2.3974	8.7265	0.1918	0.5754	0.6713	2.4933	2.4933	-0.23014959723820877	0.02876869965477776	-0.19179133103182955	0.3644035289604961	-1.42884541618718	f	t	f	t	f	\N	84.1	2026-10-05 01:08:44.765523+00	2026-10-05 01:25:12.579708+00	2026-10-05 01:52:31.830045+00	2026-10-05 02:51:59.243179+00	2026-10-05 04:55:20.965201+00	t	2026-10-05 01:08:45.641631+00	2026-10-05 04:55:21.883039+00
7312	ME_SHORT_GEOM_B_V1	1106721410	HBARUSDT	SHORT	2026-10-05 00:50:52.724846+00	2026-10-05 00:50:52.760811+00	0.26850786344457467	0.4123513617184502	0.47947832757959385	0.47947832757959385	1.745301112389722	0.03835826620636591	0.11507479861911105	0.13425393172228733	0.49865746068278344	0.49865746068278344	0.358	0.5498	0.6393	0.6393	2.3271	0.0511	0.1534	0.179	0.6649	0.6649	-0.21097046413501916	0.02876869965477776	-0.19179133103182955	0.3644035289604961	-1.42884541618718	f	f	f	f	f	\N	\N	2026-10-05 01:08:47.929503+00	2026-10-05 01:25:15.744213+00	2026-10-05 01:52:34.076637+00	2026-10-05 02:52:01.067315+00	2026-10-05 04:55:22.248859+00	t	2026-10-05 01:08:48.484687+00	2026-10-05 04:55:22.799388+00
487	ME_SHORT_GEOM_A_V1	1117612081	CRVUSDT	SHORT	2026-09-29 14:02:01.892014+00	2026-09-29 14:02:01.919132+00	1.268972381189349	1.268972381189349	1.268972381189349	1.3933814381686973	6.369743717342612	0.0	0.7962179646678369	2.6125901965663125	3.3839263498382683	3.3839263498382683	6.3449	6.3449	6.3449	6.9669	31.8487	0.0	3.9811	13.063	16.9196	16.9196	-0.8708633988554374	-0.19905449116694884	2.0154267230654384	-1.2938541925852158	-5.051007713361529	t	t	f	t	f	223.0	23.0	2026-09-29 14:18:13.601002+00	2026-09-29 14:34:19.130464+00	2026-09-29 15:06:36.418688+00	2026-09-29 16:06:08.174661+00	2026-09-29 18:02:41.263329+00	t	2026-09-29 14:18:13.785554+00	2026-09-29 18:02:42.133803+00
488	ME_SHORT_GEOM_B_V1	1117612081	CRVUSDT	SHORT	2026-09-29 14:02:01.892014+00	2026-09-29 14:02:01.919132+00	1.268972381189349	1.268972381189349	1.268972381189349	1.3933814381686973	6.369743717342612	0.0	0.7962179646678369	2.6125901965663125	3.3839263498382683	3.3839263498382683	1.692	1.692	1.692	1.8578	8.493	0.0	1.0616	3.4835	4.5119	4.5119	-0.8708633988554374	-0.19905449116694884	2.0154267230654384	-1.2938541925852158	-5.051007713361529	t	t	f	t	f	223.0	23.0	2026-09-29 14:18:13.787856+00	2026-09-29 14:34:19.320733+00	2026-09-29 15:06:36.791861+00	2026-09-29 16:06:08.542354+00	2026-09-29 18:02:42.138453+00	t	2026-09-29 14:18:13.975136+00	2026-09-29 18:02:42.695446+00
853	ME_SHORT_GEOM_A_V1	1120827372	ICPUSDT	SHORT	2026-09-30 01:17:09.102185+00	2026-09-30 01:17:09.127982+00	1.4281633818908834	1.4281633818908834	2.0565552699228813	4.655812624964291	4.655812624964291	0.0	0.11425307055127118	0.11425307055127118	0.11425307055127118	0.11425307055127118	7.1408	7.1408	10.2828	23.2791	23.2791	0.0	0.5713	0.5713	0.5713	0.5713	-1.3996001142530685	-0.02856326763781462	-2.0565552699228813	-4.027420736932306	-1.2282205084261555	f	f	f	f	f	\N	\N	2026-09-30 01:34:40.098758+00	2026-09-30 01:50:39.627415+00	2026-09-30 02:17:25.285389+00	2026-09-30 03:21:29.684272+00	2026-09-30 05:18:16.016734+00	t	2026-09-30 01:34:40.668233+00	2026-09-30 05:18:16.377321+00
854	ME_SHORT_GEOM_B_V1	1120827372	ICPUSDT	SHORT	2026-09-30 01:17:09.102185+00	2026-09-30 01:17:09.127982+00	1.4281633818908834	1.4281633818908834	2.0565552699228813	4.655812624964291	4.655812624964291	0.0	0.11425307055127118	0.11425307055127118	0.11425307055127118	0.11425307055127118	1.9042	1.9042	2.7421	6.2078	6.2078	0.0	0.1523	0.1523	0.1523	0.1523	-1.3996001142530685	-0.02856326763781462	-2.0565552699228813	-4.027420736932306	-1.2282205084261555	f	f	f	f	f	\N	\N	2026-09-30 01:34:40.851323+00	2026-09-30 01:50:40.356863+00	2026-09-30 02:17:26.031616+00	2026-09-30 03:21:30.426644+00	2026-09-30 05:18:16.380449+00	t	2026-09-30 01:34:41.400128+00	2026-09-30 05:18:16.745376+00
5829	ME_SHORT_GEOM_A_V1	1125833675	PUMPFUNUSDT	SHORT	2026-10-04 04:37:24.899643+00	2026-10-04 04:37:24.933923+00	0.918287937743191	1.4474708171206256	1.4474708171206256	1.4474708171206256	1.4474708171206256	0.0	0.0	0.8560311284046613	2.8326848249027217	2.8326848249027217	4.5914	7.2374	7.2374	7.2374	7.2374	0.0	0.0	4.2802	14.1634	14.1634	-0.638132295719848	-0.6225680933852156	0.40466926070038883	0.9027237354085585	-1.0739299610895017	f	t	f	t	f	\N	42.6	2026-10-04 04:56:33.919073+00	2026-10-04 05:12:43.411512+00	2026-10-04 05:39:33.407506+00	2026-10-04 06:38:33.262493+00	2026-10-04 08:41:15.281184+00	t	2026-10-04 04:56:34.669394+00	2026-10-04 08:41:15.665861+00
5830	ME_SHORT_GEOM_B_V1	1125833675	PUMPFUNUSDT	SHORT	2026-10-04 04:37:24.899643+00	2026-10-04 04:37:24.933923+00	0.918287937743191	1.4474708171206256	1.4474708171206256	1.4474708171206256	1.4474708171206256	0.0	0.0	0.8560311284046613	2.8326848249027217	2.8326848249027217	1.2244	1.93	1.93	1.93	1.93	0.0	0.0	1.1414	3.7769	3.7769	-0.638132295719848	-0.6225680933852156	0.40466926070038883	0.9027237354085585	-1.0739299610895017	f	t	f	t	f	\N	57.6	2026-10-04 04:56:34.853609+00	2026-10-04 05:12:44.659804+00	2026-10-04 05:39:34.387608+00	2026-10-04 06:38:34.026243+00	2026-10-04 08:41:16.406641+00	t	2026-10-04 04:56:35.599985+00	2026-10-04 08:41:16.594279+00
7315	ME_SHORT_GEOM_A_V1	1126476880	STRKUSDT	SHORT	2026-10-05 00:55:34.700623+00	2026-10-05 00:55:34.739537+00	1.8397725372135871	2.5087807325639764	3.31159056698445	3.31159056698445	4.53253052349892	0.0	0.0	0.0	0.0	0.0	9.1989	12.5439	16.558	16.558	22.6627	0.0	0.0	0.0	0.0	0.0	-1.8397725372135871	-1.9401237665161422	-1.3881920053520729	-1.4885432346546277	-2.1575514300050167	f	f	f	f	f	\N	\N	2026-10-05 01:14:13.967492+00	2026-10-05 01:30:41.220525+00	2026-10-05 01:57:59.866171+00	2026-10-05 02:57:21.56484+00	2026-10-05 05:00:48.197861+00	t	2026-10-05 01:14:17.124786+00	2026-10-05 05:00:48.388248+00
7316	ME_SHORT_GEOM_B_V1	1126476880	STRKUSDT	SHORT	2026-10-05 00:55:34.700623+00	2026-10-05 00:55:34.739537+00	1.8899481518648704	2.5087807325639764	3.31159056698445	3.31159056698445	4.53253052349892	0.0	0.0	0.0	0.0	0.0	2.5199	3.345	4.4155	4.4155	6.0434	0.0	0.0	0.0	0.0	0.0	-1.8899481518648704	-1.9401237665161422	-1.3714668004683077	-1.5052684395383926	-2.1575514300050167	f	f	f	f	f	\N	\N	2026-10-05 01:14:17.12747+00	2026-10-05 01:30:44.435584+00	2026-10-05 01:58:02.059141+00	2026-10-05 02:57:23.732267+00	2026-10-05 05:00:49.807601+00	t	2026-10-05 01:14:19.312956+00	2026-10-05 05:00:50.4955+00
5238	ME_SHORT_GEOM_A_V1	1127954735	SPCXUSDT	SHORT	2026-10-03 13:40:30.01148+00	2026-10-03 13:40:30.064923+00	0.08162240221009849	0.12557292647706225	0.18208074339173758	0.18835938971558444	0.1946380360394313	0.0	0.0	0.0	0.0	0.0	0.4081	0.6279	0.9104	0.9418	0.9732	0.0	0.0	0.0	0.0	0.0	-0.08162240221009849	-0.11929428015319754	-0.18208074339173758	-0.18835938971558444	-0.10673698750550381	f	f	f	f	f	\N	\N	2026-10-03 13:58:01.726466+00	2026-10-03 14:13:46.451272+00	2026-10-03 14:45:07.79909+00	2026-10-03 15:42:34.48483+00	2026-10-03 17:42:51.813018+00	t	2026-10-03 13:58:01.921621+00	2026-10-03 17:42:52.000872+00
5239	ME_SHORT_GEOM_B_V1	1127954735	SPCXUSDT	SHORT	2026-10-03 13:40:30.01148+00	2026-10-03 13:40:30.064923+00	0.08162240221009849	0.12557292647706225	0.18208074339173758	0.18835938971558444	0.1946380360394313	0.0	0.0	0.0	0.0	0.0	0.1088	0.1674	0.2428	0.2511	0.2595	0.0	0.0	0.0	0.0	0.0	-0.08162240221009849	-0.11929428015319754	-0.18208074339173758	-0.18835938971558444	-0.10673698750550381	f	f	f	f	f	\N	\N	2026-10-03 13:58:01.923531+00	2026-10-03 14:13:46.644347+00	2026-10-03 14:45:07.988507+00	2026-10-03 15:42:34.677906+00	2026-10-03 17:42:52.003921+00	t	2026-10-03 13:58:02.123405+00	2026-10-03 17:42:52.190728+00
7683	ME_SHORT_GEOM_A_V1	1142805713	ADAUSDT	SHORT	2026-10-05 09:12:04.824875+00	2026-10-05 09:12:04.864727+00	0.6607929515418386	0.9177679882525707	0.9177679882525707	0.9177679882525707	0.9177679882525707	0.0	0.0	0.8076358296622744	1.1380323054332038	1.1380323054332038	3.304	4.5888	4.5888	4.5888	4.5888	0.0	0.0	4.0382	5.6902	5.6902	-0.5873715124816411	-0.7342143906020565	0.4038179148311474	0.11013215859031662	0.8810572687224719	f	t	f	t	f	\N	47.9	2026-10-05 09:30:30.544976+00	2026-10-05 09:46:41.509517+00	2026-10-05 10:13:48.389166+00	2026-10-05 11:13:09.998175+00	2026-10-05 13:16:36.011383+00	t	2026-10-05 09:30:30.738882+00	2026-10-05 13:16:36.383831+00
7684	ME_SHORT_GEOM_B_V1	1142805713	ADAUSDT	SHORT	2026-10-05 09:12:04.824875+00	2026-10-05 09:12:04.864727+00	0.6607929515418386	0.9177679882525707	0.9177679882525707	0.9177679882525707	0.9177679882525707	0.0	0.0	0.8076358296622744	1.1380323054332038	1.1380323054332038	0.8811	1.2237	1.2237	1.2237	1.2237	0.0	0.0	1.0768	1.5174	1.5174	-0.5873715124816411	-0.7342143906020565	0.4405286343612461	0.11013215859031662	0.8810572687224719	f	t	f	t	f	\N	57.9	2026-10-05 09:30:31.472352+00	2026-10-05 09:46:42.430441+00	2026-10-05 10:13:49.322297+00	2026-10-05 11:13:11.112608+00	2026-10-05 13:16:37.1263+00	t	2026-10-05 09:30:31.663586+00	2026-10-05 13:16:37.323818+00
7014	ME_SHORT_GEOM_A_V1	1143418807	BNBUSDT	SHORT	2026-10-04 21:30:05.371004+00	2026-10-04 21:30:05.419476+00	0.3141887646097775	0.4272967198693089	0.4272967198693089	0.4272967198693089	0.4272967198693089	0.0	0.0	0.22621591051903409	0.22621591051903409	0.7540530350634661	1.5709	2.1365	2.1365	2.1365	2.1365	0.0	0.0	1.1311	1.1311	3.7703	-0.21364835993465445	-0.08797285409074343	-0.13824305642830498	0.01256755058437967	0.37702651753173305	f	t	f	t	f	\N	44.9	2026-10-04 21:48:24.235882+00	2026-10-04 22:04:38.928477+00	2026-10-04 22:31:49.237602+00	2026-10-04 23:31:22.612213+00	2026-10-05 01:30:41.220525+00	t	2026-10-04 21:48:25.342167+00	2026-10-05 01:30:43.571605+00
7015	ME_SHORT_GEOM_B_V1	1143418807	BNBUSDT	SHORT	2026-10-04 21:30:05.371004+00	2026-10-04 21:30:05.419476+00	0.3141887646097775	0.4272967198693089	0.4272967198693089	0.4272967198693089	0.4272967198693089	0.0	0.0	0.22621591051903409	0.22621591051903409	0.7540530350634661	0.4189	0.5697	0.5697	0.5697	0.5697	0.0	0.0	0.3016	0.3016	1.0054	-0.21364835993465445	-0.08797285409074343	-0.13824305642830498	0.01256755058437967	0.33932386577855117	f	t	f	t	f	\N	234.9	2026-10-04 21:48:25.344735+00	2026-10-04 22:04:40.059581+00	2026-10-04 22:31:50.71885+00	2026-10-04 23:31:24.093941+00	2026-10-05 01:30:44.435584+00	t	2026-10-04 21:48:26.466359+00	2026-10-05 01:30:45.933049+00
4298	ME_SHORT_GEOM_A_V1	1144599206	SPCXUSDT	SHORT	2026-10-02 17:27:12.998661+00	2026-10-02 17:27:13.023787+00	0.455494401214651	0.455494401214651	0.455494401214651	0.455494401214651	0.455494401214651	0.0	0.43651546783070644	0.48712595685456456	0.9489466691971913	1.2019991143164457	2.2775	2.2775	2.2775	2.2775	2.2775	0.0	2.1826	2.4356	4.7447	6.01	-0.16448408932750738	0.3226418675270572	0.30998924527108823	0.910988802429302	0.48712595685456456	f	t	f	t	f	\N	22.8	2026-10-02 17:44:30.730383+00	2026-10-02 18:00:36.000006+00	2026-10-02 18:27:15.477741+00	2026-10-02 19:30:54.534599+00	2026-10-02 21:27:16.131399+00	t	2026-10-02 17:44:32.062619+00	2026-10-02 21:27:16.319736+00
4299	ME_SHORT_GEOM_B_V1	1144599206	SPCXUSDT	SHORT	2026-10-02 17:27:12.998661+00	2026-10-02 17:27:13.023787+00	0.455494401214651	0.455494401214651	0.455494401214651	0.455494401214651	0.455494401214651	0.0	0.43651546783070644	0.48712595685456456	0.9489466691971913	1.2019991143164457	0.6073	0.6073	0.6073	0.6073	0.6073	0.0	0.582	0.6495	1.2653	1.6027	-0.16448408932750738	0.3226418675270572	0.30998924527108823	0.910988802429302	0.48712595685456456	f	t	f	t	f	\N	82.8	2026-10-02 17:44:32.064568+00	2026-10-02 18:00:36.921829+00	2026-10-02 18:27:16.070757+00	2026-10-02 19:30:55.100471+00	2026-10-02 21:27:16.505626+00	t	2026-10-02 17:44:33.687423+00	2026-10-02 21:27:16.702825+00
4425	ME_SHORT_GEOM_A_V1	1162725002	MAGMAUSDT	SHORT	2026-10-02 22:03:01.066404+00	2026-10-02 22:03:01.112259+00	9.72408250736673	9.72408250736673	9.72408250736673	9.72408250736673	14.010179480310745	0.0	0.0	0.0	0.0	0.0	48.6204	48.6204	48.6204	48.6204	70.0509	0.0	0.0	0.0	0.0	0.0	-7.339941066166632	-4.446825609429414	-3.911063487811412	-3.5360300026788223	-9.000803643182431	f	f	f	f	f	\N	\N	2026-10-02 22:19:31.15052+00	2026-10-02 22:35:15.754097+00	2026-10-02 23:06:24.10342+00	2026-10-03 00:03:42.987815+00	2026-10-03 02:05:12.91622+00	t	2026-10-02 22:19:31.34226+00	2026-10-03 02:05:13.105234+00
4426	ME_SHORT_GEOM_B_V1	1162725002	MAGMAUSDT	SHORT	2026-10-02 22:03:01.066404+00	2026-10-02 22:03:01.112259+00	9.72408250736673	9.72408250736673	9.72408250736673	9.72408250736673	14.010179480310745	0.0	0.0	0.0	0.0	0.0	12.9654	12.9654	12.9654	12.9654	18.6802	0.0	0.0	0.0	0.0	0.0	-7.339941066166632	-4.446825609429414	-3.911063487811412	-3.5360300026788223	-9.000803643182431	f	f	f	f	f	\N	\N	2026-10-02 22:19:31.346792+00	2026-10-02 22:35:15.943818+00	2026-10-02 23:06:24.472038+00	2026-10-03 00:03:43.366327+00	2026-10-03 02:05:13.289391+00	t	2026-10-02 22:19:31.540096+00	2026-10-03 02:05:13.47541+00
7009	ME_SHORT_GEOM_A_V1	1163825070	HYPEUSDT	SHORT	2026-10-04 21:29:58.048678+00	2026-10-04 21:29:58.086347+00	0.4178579283043715	0.5058280184737121	0.5058280184737121	0.7917308115240806	1.0886298658456068	0.0	0.0	0.3518803606773778	0.3518803606773778	0.3518803606773778	2.0893	2.5291	2.5291	3.9587	5.4431	0.0	0.0	1.7594	1.7594	1.7594	-0.3078953155926998	-0.428854189575545	-0.36287662194853565	-0.4618429733890496	-0.4948317572025543	f	t	f	t	f	\N	45.0	2026-10-04 21:48:24.235882+00	2026-10-04 22:04:38.928477+00	2026-10-04 22:31:49.237602+00	2026-10-04 23:31:22.612213+00	2026-10-05 01:30:41.220525+00	t	2026-10-04 21:48:24.610949+00	2026-10-05 01:30:43.205181+00
7010	ME_SHORT_GEOM_B_V1	1163825070	HYPEUSDT	SHORT	2026-10-04 21:29:58.048678+00	2026-10-04 21:29:58.086347+00	0.4178579283043715	0.5058280184737121	0.5058280184737121	0.7917308115240806	1.0886298658456068	0.0	0.0	0.3518803606773778	0.3518803606773778	0.3518803606773778	0.5571	0.6744	0.6744	1.0556	1.4515	0.0	0.0	0.4692	0.4692	0.4692	-0.3078953155926998	-0.428854189575545	-0.36287662194853565	-0.4618429733890496	-0.4948317572025543	f	f	f	f	f	\N	\N	2026-10-04 21:48:25.344735+00	2026-10-04 22:04:40.059581+00	2026-10-04 22:31:50.71885+00	2026-10-04 23:31:24.093941+00	2026-10-05 01:30:44.435584+00	t	2026-10-04 21:48:25.718074+00	2026-10-05 01:30:46.614586+00
9197	ME_SHORT_GEOM_A_V1	1166057501	AVAXUSDT	SHORT	2026-10-06 13:36:41.405749+00	2026-10-06 13:36:41.434228+00	0.672489082969432	0.672489082969432	0.672489082969432	0.672489082969432	0.672489082969432	0.0	0.0	0.6637554585152883	1.5458515283842915	1.5458515283842915	3.3624	3.3624	3.3624	3.3624	3.3624	0.0	0.0	3.3188	7.7293	7.7293	-0.4628820960698607	-0.2707423580785922	0.5938864628821082	0.8558951965065568	0.47161572052401984	f	t	f	t	f	\N	33.3	2026-10-06 13:52:47.800281+00	2026-10-06 14:08:53.039895+00	2026-10-06 14:41:08.728798+00	2026-10-06 15:40:24.771976+00	2026-10-06 17:38:48.099732+00	t	2026-10-06 13:52:48.577911+00	2026-10-06 17:38:48.514845+00
9198	ME_SHORT_GEOM_B_V1	1166057501	AVAXUSDT	SHORT	2026-10-06 13:36:41.405749+00	2026-10-06 13:36:41.434228+00	0.672489082969432	0.672489082969432	0.672489082969432	0.672489082969432	0.672489082969432	0.0	0.0	0.6637554585152883	1.5458515283842915	1.5458515283842915	0.8967	0.8967	0.8967	0.8967	0.8967	0.0	0.0	0.885	2.0611	2.0611	-0.4628820960698607	-0.2707423580785922	0.5938864628821082	0.8558951965065568	0.47161572052401984	f	t	f	t	f	\N	63.3	2026-10-06 13:52:48.58074+00	2026-10-06 14:08:53.784988+00	2026-10-06 14:41:09.47987+00	2026-10-06 15:40:25.716901+00	2026-10-06 17:38:48.884834+00	t	2026-10-06 13:52:49.327382+00	2026-10-06 17:38:49.284749+00
4232	ME_SHORT_GEOM_A_V1	1167766690	SANDUSDT	SHORT	2026-10-02 16:26:51.482277+00	2026-10-02 16:26:51.517684+00	5.119926199261992	5.119926199261992	5.119926199261992	5.119926199261992	9.471094710947108	0.0	0.0	0.7072570725707289	0.7072570725707289	0.7072570725707289	25.5996	25.5996	25.5996	25.5996	47.3555	0.0	0.0	3.5363	3.5363	3.5363	-2.8136531365313626	-2.55227552275522	-2.2447724477244817	-3.567035670356707	-2.3523985239852454	f	t	f	t	f	\N	33.1	2026-10-02 16:44:55.772318+00	2026-10-02 17:01:21.610724+00	2026-10-02 17:28:20.377822+00	2026-10-02 18:27:15.477741+00	2026-10-02 20:29:21.624212+00	t	2026-10-02 16:44:55.967396+00	2026-10-02 20:29:22.312449+00
4233	ME_SHORT_GEOM_B_V1	1167766690	SANDUSDT	SHORT	2026-10-02 16:26:51.482277+00	2026-10-02 16:26:51.517684+00	5.119926199261992	5.119926199261992	5.119926199261992	5.119926199261992	9.471094710947108	0.0	0.0	0.7072570725707289	0.7072570725707289	0.7072570725707289	6.8266	6.8266	6.8266	6.8266	12.6281	0.0	0.0	0.943	0.943	0.943	-2.7214022140221306	-2.55227552275522	-2.22939729397295	-3.567035670356707	-2.3523985239852454	f	f	f	f	f	\N	\N	2026-10-02 16:44:57.434921+00	2026-10-02 17:01:22.920768+00	2026-10-02 17:28:21.68814+00	2026-10-02 18:27:16.070757+00	2026-10-02 20:29:22.316453+00	t	2026-10-02 16:44:57.98766+00	2026-10-02 20:29:22.509818+00
10834	ME_SHORT_GEOM_A_V1	1171914491	AVAXUSDT	SHORT	2026-10-06 23:42:20.937012+00	2026-10-06 23:42:20.976053+00	0.8541898009737885	1.016485863158807	1.511915947723596	1.734005295976776	6.68830614162468	0.0	0.0	0.0	0.0	0.0	4.2709	5.0824	7.5596	8.67	33.4415	0.0	0.0	0.0	0.0	0.0	-0.820022208934826	-0.8712735969932545	-0.9054411890322017	-1.2385752114119872	-5.945161014777496	t	f	t	f	f	132.7	\N	2026-10-06 23:59:21.307023+00	2026-10-07 00:15:15.701624+00	2026-10-07 00:47:03.056465+00	2026-10-07 01:45:57.351255+00	2026-10-07 03:45:19.792543+00	t	2026-10-06 23:59:21.677716+00	2026-10-07 03:45:20.167225+00
10835	ME_SHORT_GEOM_B_V1	1171914491	AVAXUSDT	SHORT	2026-10-06 23:42:20.937012+00	2026-10-06 23:42:20.976053+00	0.8541898009737885	1.016485863158807	1.511915947723596	1.734005295976776	6.68830614162468	0.0	0.0	0.0	0.0	0.0	1.1389	1.3553	2.0159	2.312	8.9177	0.0	0.0	0.0	0.0	0.0	-0.820022208934826	-0.8712735969932545	-0.9054411890322017	-1.2385752114119872	-5.945161014777496	t	f	t	f	f	132.7	\N	2026-10-06 23:59:21.680087+00	2026-10-07 00:15:16.076579+00	2026-10-07 00:47:03.439545+00	2026-10-07 01:45:57.72114+00	2026-10-07 03:45:20.170523+00	t	2026-10-06 23:59:22.049898+00	2026-10-07 03:45:20.383274+00
7412	ME_SHORT_GEOM_A_V1	1173817630	AKTUSDT	SHORT	2026-10-05 03:36:24.126785+00	2026-10-05 03:36:24.168965+00	6.075979235488436	6.890042472864559	8.081642284096272	9.697970740915531	9.697970740915531	0.0	0.0	0.0	0.0	0.0	30.3799	34.4502	40.4082	48.4899	48.4899	0.0	0.0	0.0	0.0	0.0	-5.450684285040115	-6.016989145823507	-7.833883907503542	-8.105238319962243	-6.949032562529503	f	f	f	f	f	\N	\N	2026-10-05 03:56:11.344797+00	2026-10-05 04:06:53.652537+00	2026-10-05 04:39:07.538992+00	2026-10-05 05:38:24.001087+00	2026-10-05 07:36:45.687061+00	t	2026-10-05 03:56:12.971081+00	2026-10-05 07:36:45.874643+00
7413	ME_SHORT_GEOM_B_V1	1173817630	AKTUSDT	SHORT	2026-10-05 03:36:24.126785+00	2026-10-05 03:36:24.168965+00	6.075979235488436	6.890042472864559	8.081642284096272	9.697970740915531	9.697970740915531	0.0	0.0	0.0	0.0	0.0	8.1013	9.1867	10.7755	12.9306	12.9306	0.0	0.0	0.0	0.0	0.0	-5.450684285040115	-6.028787163756493	-7.833883907503542	-8.105238319962243	-6.949032562529503	f	f	f	f	f	\N	\N	2026-10-05 03:56:12.973519+00	2026-10-05 04:06:55.425551+00	2026-10-05 04:39:08.819274+00	2026-10-05 05:38:25.101415+00	2026-10-05 07:36:46.92315+00	t	2026-10-05 03:56:14.601286+00	2026-10-05 07:36:47.111269+00
1719	ME_SHORT_GEOM_A_V1	1175593849	MOVRUSDT	SHORT	2026-09-30 21:52:51.353894+00	2026-09-30 21:52:51.377647+00	9.81622590766472	9.81622590766472	9.81622590766472	9.81622590766472	9.81622590766472	0.0	0.0	0.0	5.199462124607804	10.44374719856567	49.0811	49.0811	49.0811	49.0811	49.0811	0.0	0.0	0.0	25.9973	52.2187	-9.45764231286418	-7.575078440161365	-4.751232631107121	-2.465262214253685	0.806813088301221	f	t	f	t	f	\N	72.1	2026-09-30 22:12:25.055996+00	2026-09-30 22:23:10.593992+00	2026-09-30 22:55:24.102499+00	2026-09-30 23:54:57.853135+00	2026-10-01 01:54:14.320919+00	t	2026-09-30 22:12:25.441648+00	2026-10-01 01:54:14.516779+00
1720	ME_SHORT_GEOM_B_V1	1175593849	MOVRUSDT	SHORT	2026-09-30 21:52:51.353894+00	2026-09-30 21:52:51.377647+00	9.81622590766472	9.81622590766472	9.81622590766472	9.81622590766472	9.81622590766472	0.0	0.0	0.0	5.199462124607804	10.44374719856567	13.0883	13.0883	13.0883	13.0883	13.0883	0.0	0.0	0.0	6.9326	13.925	-9.45764231286418	-7.575078440161365	-4.751232631107121	-2.420439264903623	0.806813088301221	f	t	f	t	f	\N	72.1	2026-09-30 22:12:25.444116+00	2026-09-30 22:23:10.98541+00	2026-09-30 22:55:24.687452+00	2026-09-30 23:54:58.45064+00	2026-10-01 01:54:14.709572+00	t	2026-09-30 22:12:25.833269+00	2026-10-01 01:54:14.902769+00
5060	ME_SHORT_GEOM_A_V1	1176900093	SPCXUSDT	SHORT	2026-10-03 09:39:49.343762+00	2026-10-03 09:39:49.377002+00	0.08796179944708869	0.08796179944708869	0.08796179944708869	0.09424478512189349	0.09424478512189349	0.0	0.0	0.0	0.0	0.06911284242272785	0.4398	0.4398	0.4398	0.4712	0.4712	0.0	0.0	0.0	0.0	0.3456	-0.08167881377230174	-0.0376979140487574	-0.03141492837395259	-0.0188489570243787	0.012565971349591752	f	f	f	f	f	\N	\N	2026-10-03 09:58:42.205092+00	2026-10-03 10:14:41.726622+00	2026-10-03 10:41:24.120379+00	2026-10-03 11:40:06.042615+00	2026-10-03 13:42:12.882014+00	t	2026-10-03 09:58:42.391353+00	2026-10-03 13:42:13.070489+00
5061	ME_SHORT_GEOM_B_V1	1176900093	SPCXUSDT	SHORT	2026-10-03 09:39:49.343762+00	2026-10-03 09:39:49.377002+00	0.08796179944708869	0.08796179944708869	0.08796179944708869	0.09424478512189349	0.09424478512189349	0.0	0.0	0.0	0.0	0.06911284242272785	0.1173	0.1173	0.1173	0.1257	0.1257	0.0	0.0	0.0	0.0	0.0922	-0.08167881377230174	-0.0376979140487574	-0.03141492837395259	-0.0188489570243787	0.012565971349591752	f	f	f	f	f	\N	\N	2026-10-03 09:58:42.394065+00	2026-10-03 10:14:41.918548+00	2026-10-03 10:41:24.325803+00	2026-10-03 11:40:06.234452+00	2026-10-03 13:42:13.07493+00	t	2026-10-03 09:58:42.580889+00	2026-10-03 13:42:13.267018+00
7251	ME_SHORT_GEOM_A_V1	1185741932	KLACUSDT	SHORT	2026-10-05 00:00:48.648247+00	2026-10-05 00:00:48.67584+00	0.0	0.0	0.0	0.0	0.0	0.811485642946316	0.811485642946316	1.0947853644482863	1.4261019878997403	1.4261019878997403	0.0	0.0	0.0	0.0	0.0	4.0574	4.0574	5.4739	7.1305	7.1305	0.5233842312494015	0.340920003841356	1.0947853644482863	1.118793815423035	0.20647267838279404	f	t	f	t	f	\N	4.2	2026-10-05 00:19:46.004148+00	2026-10-05 00:36:06.260844+00	2026-10-05 01:03:16.003447+00	2026-10-05 02:03:26.8069+00	2026-10-05 04:01:32.181873+00	t	2026-10-05 00:19:46.199417+00	2026-10-05 04:01:33.636699+00
7252	ME_SHORT_GEOM_B_V1	1185741932	KLACUSDT	SHORT	2026-10-05 00:00:48.648247+00	2026-10-05 00:00:48.67584+00	0.0	0.0	0.0	0.0	0.0	0.811485642946316	0.811485642946316	1.0947853644482863	1.4261019878997403	1.4261019878997403	0.0	0.0	0.0	0.0	0.0	1.082	1.082	1.4597	1.9015	1.9015	0.5233842312494015	0.340920003841356	1.0947853644482863	1.118793815423035	0.20647267838279404	f	t	f	t	f	\N	9.2	2026-10-05 00:19:47.471873+00	2026-10-05 00:36:08.538538+00	2026-10-05 01:03:18.224782+00	2026-10-05 02:03:29.691486+00	2026-10-05 04:01:33.826241+00	t	2026-10-05 00:19:47.713754+00	2026-10-05 04:01:35.609725+00
7427	ME_SHORT_GEOM_A_V1	1208574138	AKTUSDT	SHORT	2026-10-05 03:46:24.847029+00	2026-10-05 03:46:24.887624+00	6.654082114204813	6.890042472864559	8.37659273242096	9.697970740915531	9.697970740915531	0.0	0.0	0.0	0.0	0.0	33.2704	34.4502	41.883	48.4899	48.4899	0.0	0.0	0.0	0.0	0.0	-6.28834355828221	-6.60689004247287	-7.73949976403964	-8.919301557338368	-7.302973100519121	f	f	f	f	f	\N	\N	2026-10-05 04:01:32.181873+00	2026-10-05 04:17:37.848108+00	2026-10-05 04:49:55.611209+00	2026-10-05 05:49:07.016032+00	2026-10-05 07:47:34.087787+00	t	2026-10-05 04:01:33.823564+00	2026-10-05 07:47:34.461964+00
7428	ME_SHORT_GEOM_B_V1	1208574138	AKTUSDT	SHORT	2026-10-05 03:46:24.847029+00	2026-10-05 03:46:24.887624+00	6.654082114204813	6.890042472864559	8.37659273242096	9.697970740915531	9.697970740915531	0.0	0.0	0.0	0.0	0.0	8.8721	9.1867	11.1688	12.9306	12.9306	0.0	0.0	0.0	0.0	0.0	-6.3001415762151955	-6.60689004247287	-7.73949976403964	-8.919301557338368	-7.302973100519121	f	f	f	f	f	\N	\N	2026-10-05 04:01:33.826241+00	2026-10-05 04:17:39.305975+00	2026-10-05 04:49:56.893078+00	2026-10-05 05:49:07.959878+00	2026-10-05 07:47:34.829406+00	t	2026-10-05 04:01:35.793021+00	2026-10-05 07:47:35.016967+00
6680	ME_SHORT_GEOM_A_V1	1210931472	STRKUSDT	SHORT	2026-10-04 16:24:09.369064+00	2026-10-04 16:24:09.397489+00	3.8022813688212933	3.8022813688212933	4.424472865537504	6.135499481507094	6.533010715520218	0.0	0.0	0.0	0.0	0.0	19.0114	19.0114	22.1224	30.6775	32.6651	0.0	0.0	0.0	0.0	0.0	-3.47390252333219	-2.696163152436915	-3.6812996889042515	-5.046664362253714	-3.767715174559283	f	f	f	f	f	\N	\N	2026-10-04 16:44:29.122695+00	2026-10-04 16:55:21.699271+00	2026-10-04 17:28:10.776823+00	2026-10-04 18:28:14.727919+00	2026-10-04 20:27:28.280455+00	t	2026-10-04 16:44:29.68896+00	2026-10-04 20:27:29.017392+00
6681	ME_SHORT_GEOM_B_V1	1210931472	STRKUSDT	SHORT	2026-10-04 16:24:09.369064+00	2026-10-04 16:24:09.397489+00	3.8022813688212933	3.8022813688212933	4.424472865537504	6.135499481507094	6.533010715520218	0.0	0.0	0.0	0.0	0.0	5.0697	5.0697	5.8993	8.1807	8.7107	0.0	0.0	0.0	0.0	0.0	-3.47390252333219	-2.696163152436915	-3.6812996889042515	-5.046664362253714	-3.767715174559283	f	f	f	f	f	\N	\N	2026-10-04 16:44:30.057829+00	2026-10-04 16:55:22.628807+00	2026-10-04 17:28:11.908322+00	2026-10-04 18:28:15.835326+00	2026-10-04 20:27:29.207095+00	t	2026-10-04 16:44:30.624285+00	2026-10-04 20:27:29.945402+00
4439	ME_SHORT_GEOM_A_V1	1215299146	MAGMAUSDT	SHORT	2026-10-02 22:13:01.62347+00	2026-10-02 22:13:01.657589+00	8.545405839807135	8.545405839807135	8.545405839807135	8.545405839807135	14.010179480310745	0.0	0.0	0.0	0.0	0.0	42.727	42.727	42.727	42.727	70.0509	0.0	0.0	0.0	0.0	0.0	-4.39324939726762	-3.830699169568721	-3.6431824270024107	-4.018215912135015	-4.018215912135015	f	f	f	f	f	\N	\N	2026-10-02 22:30:00.290804+00	2026-10-02 22:45:39.260255+00	2026-10-02 23:16:46.219008+00	2026-10-03 00:14:12.463463+00	2026-10-03 02:15:48.265615+00	t	2026-10-02 22:30:00.475762+00	2026-10-03 02:15:48.77403+00
4440	ME_SHORT_GEOM_B_V1	1215299146	MAGMAUSDT	SHORT	2026-10-02 22:13:01.62347+00	2026-10-02 22:13:01.657589+00	8.545405839807135	8.545405839807135	8.545405839807135	8.545405839807135	14.010179480310745	0.0	0.0	0.0	0.0	0.0	11.3939	11.3939	11.3939	11.3939	18.6802	0.0	0.0	0.0	0.0	0.0	-4.39324939726762	-3.830699169568721	-3.6431824270024107	-4.152156442539516	-4.018215912135015	f	f	f	f	f	\N	\N	2026-10-02 22:30:00.47881+00	2026-10-02 22:45:39.450711+00	2026-10-02 23:16:46.599292+00	2026-10-03 00:14:12.834372+00	2026-10-03 02:15:48.957476+00	t	2026-10-02 22:30:00.985343+00	2026-10-03 02:15:49.14253+00
7642	ME_SHORT_GEOM_A_V1	1220550438	VIRTUALUSDT	SHORT	2026-10-05 08:37:15.485152+00	2026-10-05 08:37:15.529558+00	0.940296816585486	0.940296816585486	1.1782032400589186	2.1638155658774223	2.73025943129036	0.28322193270646273	0.28322193270646273	0.28322193270646273	0.28322193270646273	0.28322193270646273	4.7015	4.7015	5.891	10.8191	13.6513	1.4161	1.4161	1.4161	1.4161	1.4161	-0.3738529511725479	-0.1925909142404027	-0.3058796873229903	-2.0278690381783195	-2.560326271666485	f	t	f	t	f	\N	2.7	2026-10-05 08:52:31.984759+00	2026-10-05 09:08:45.203915+00	2026-10-05 09:41:17.749621+00	2026-10-05 10:40:48.914903+00	2026-10-05 12:38:46.320677+00	t	2026-10-05 08:52:32.734005+00	2026-10-05 12:38:47.055385+00
7643	ME_SHORT_GEOM_B_V1	1220550438	VIRTUALUSDT	SHORT	2026-10-05 08:37:15.485152+00	2026-10-05 08:37:15.529558+00	0.940296816585486	0.940296816585486	1.1782032400589186	2.1638155658774223	2.73025943129036	0.28322193270646273	0.28322193270646273	0.28322193270646273	0.28322193270646273	0.28322193270646273	1.2537	1.2537	1.5709	2.8851	3.6403	0.3776	0.3776	0.3776	0.3776	0.3776	-0.3738529511725479	-0.1925909142404027	-0.3058796873229903	-2.0278690381783195	-2.560326271666485	f	f	f	f	f	\N	\N	2026-10-05 08:52:32.736202+00	2026-10-05 09:08:45.938867+00	2026-10-05 09:41:18.66349+00	2026-10-05 10:40:49.835707+00	2026-10-05 12:38:47.240763+00	t	2026-10-05 08:52:33.646294+00	2026-10-05 12:38:47.809636+00
7601	ME_SHORT_GEOM_A_V1	1238106766	ADAUSDT	SHORT	2026-10-05 07:41:47.949283+00	2026-10-05 07:41:47.976775+00	0.22002200220021614	0.22002200220021614	0.4400440044004323	1.0267693436010357	1.0267693436010357	0.3300330033003344	0.7700770077007667	0.7700770077007667	0.7700770077007667	1.0267693436010357	1.1001	1.1001	2.2002	5.1338	5.1338	1.6502	3.8504	3.8504	3.8504	5.1338	0.07334066740006526	0.07334066740006526	-0.366703337000367	-0.8434176751008523	-0.3300330033003344	f	t	f	t	f	\N	13.2	2026-10-05 07:58:26.43165+00	2026-10-05 08:14:39.273045+00	2026-10-05 08:47:06.893617+00	2026-10-05 09:46:41.509517+00	2026-10-05 11:45:14.644888+00	t	2026-10-05 07:58:27.165709+00	2026-10-05 11:45:14.83656+00
7602	ME_SHORT_GEOM_B_V1	1238106766	ADAUSDT	SHORT	2026-10-05 07:41:47.949283+00	2026-10-05 07:41:47.976775+00	0.22002200220021614	0.22002200220021614	0.4400440044004323	1.0267693436010357	1.0267693436010357	0.3300330033003344	0.7700770077007667	0.7700770077007667	0.7700770077007667	1.0267693436010357	0.2934	0.2934	0.5867	1.369	1.369	0.44	1.0268	1.0268	1.0268	1.369	0.07334066740006526	0.07334066740006526	-0.366703337000367	-0.8434176751008523	-0.3300330033003344	f	t	f	t	f	\N	18.2	2026-10-05 07:58:27.168561+00	2026-10-05 08:14:40.008562+00	2026-10-05 08:47:07.643515+00	2026-10-05 09:46:42.430441+00	2026-10-05 11:45:15.569719+00	t	2026-10-05 07:58:27.904064+00	2026-10-05 11:45:15.761343+00
8853	ME_SHORT_GEOM_A_V1	1240699133	ORCAUSDT	SHORT	2026-10-06 06:35:41.644199+00	2026-10-06 06:35:41.686626+00	2.984124457884064	2.984124457884064	2.984124457884064	2.984124457884064	2.984124457884064	0.0	2.2281462618867645	2.2281462618867645	2.2281462618867645	7.496120638204755	14.9206	14.9206	14.9206	14.9206	14.9206	0.0	11.1407	11.1407	11.1407	37.4806	-0.6366132176819327	0.6962957068396161	-0.8713643417021457	0.9429833286913553	3.127362431862483	f	t	f	t	f	\N	19.3	2026-10-06 06:52:26.951+00	2026-10-06 07:08:28.821904+00	2026-10-06 07:40:27.600903+00	2026-10-06 08:38:53.320216+00	2026-10-06 10:36:36.754514+00	t	2026-10-06 06:52:27.321504+00	2026-10-06 10:36:36.943111+00
8854	ME_SHORT_GEOM_B_V1	1240699133	ORCAUSDT	SHORT	2026-10-06 06:35:41.644199+00	2026-10-06 06:35:41.686626+00	2.984124457884064	2.984124457884064	2.984124457884064	2.984124457884064	2.984124457884064	0.0	2.2281462618867645	2.2281462618867645	2.2281462618867645	7.496120638204755	3.9788	3.9788	3.9788	3.9788	3.9788	0.0	2.9709	2.9709	2.9709	9.9948	-0.6366132176819327	0.6962957068396161	-0.8713643417021457	0.9429833286913553	3.067679942704799	f	t	f	t	f	\N	19.3	2026-10-06 06:52:27.323797+00	2026-10-06 07:08:29.194341+00	2026-10-06 07:40:27.976148+00	2026-10-06 08:38:53.883679+00	2026-10-06 10:36:37.312258+00	t	2026-10-06 06:52:27.692955+00	2026-10-06 10:36:37.684541+00
2863	ME_SHORT_GEOM_A_V1	1242215375	MONUSDT	SHORT	2026-10-01 17:59:22.264174+00	2026-10-01 17:59:22.290981+00	2.1508459994264433	2.1508459994264433	2.1508459994264433	2.1508459994264433	4.731861198738167	0.0	0.1921422426154418	0.8029825064525452	1.0610840263837173	1.0610840263837173	10.7542	10.7542	10.7542	10.7542	23.6593	0.0	0.9607	4.0149	5.3054	5.3054	-1.2331517063378257	-0.2007456266131363	0.0	0.0	-3.728133065672486	f	t	f	t	f	\N	35.6	2026-10-01 18:18:03.208153+00	2026-10-01 18:34:18.63968+00	2026-10-01 19:01:30.711932+00	2026-10-01 20:01:23.90563+00	2026-10-01 22:01:22.58724+00	t	2026-10-01 18:18:03.394372+00	2026-10-01 22:01:23.138236+00
2864	ME_SHORT_GEOM_B_V1	1242215375	MONUSDT	SHORT	2026-10-01 17:59:22.264174+00	2026-10-01 17:59:22.290981+00	2.1508459994264433	2.1508459994264433	2.1508459994264433	2.1508459994264433	4.731861198738167	0.0	0.1921422426154418	0.8029825064525452	1.0610840263837173	1.0610840263837173	2.8678	2.8678	2.8678	2.8678	6.3091	0.0	0.2562	1.0706	1.4148	1.4148	-1.2331517063378257	-0.2007456266131363	0.0	0.0	-3.728133065672486	f	t	f	t	f	\N	55.6	2026-10-01 18:18:03.576423+00	2026-10-01 18:34:19.016977+00	2026-10-01 19:01:31.278033+00	2026-10-01 20:01:24.488348+00	2026-10-01 22:01:23.140643+00	t	2026-10-01 18:18:03.760204+00	2026-10-01 22:01:23.324994+00
9545	ME_SHORT_GEOM_A_V1	1244416751	PONSUSDT	SHORT	2026-10-06 18:46:36.285481+00	2026-10-06 18:46:36.320164+00	2.47058823529412	4.070588235294113	5.435294117647061	5.435294117647061	7.152941176470584	0.0	0.0	0.0	0.0	0.0	12.3529	20.3529	27.1765	27.1765	35.7647	0.0	0.0	0.0	0.0	0.0	-2.4235294117647004	-4.0000000000000036	-4.141176470588237	-4.2588235294117665	-6.847058823529416	t	f	t	f	f	218.4	\N	2026-10-06 19:03:25.938283+00	2026-10-06 19:19:09.84127+00	2026-10-06 19:50:46.187908+00	2026-10-06 20:48:57.335359+00	2026-10-06 22:50:27.823567+00	t	2026-10-06 19:03:26.694635+00	2026-10-06 22:50:28.014906+00
9546	ME_SHORT_GEOM_B_V1	1244416751	PONSUSDT	SHORT	2026-10-06 18:46:36.285481+00	2026-10-06 18:46:36.320164+00	2.47058823529412	4.235294117647062	5.435294117647061	5.435294117647061	7.152941176470584	0.0	0.0	0.0	0.0	0.0	3.2941	5.6471	7.2471	7.2471	9.5373	0.0	0.0	0.0	0.0	0.0	-2.4235294117647004	-4.141176470588237	-4.141176470588237	-4.2588235294117665	-6.847058823529416	t	f	t	f	f	218.4	\N	2026-10-06 19:03:26.697334+00	2026-10-06 19:19:10.59191+00	2026-10-06 19:50:46.566662+00	2026-10-06 20:48:57.714332+00	2026-10-06 22:50:28.018201+00	t	2026-10-06 19:03:27.443072+00	2026-10-06 22:50:28.210952+00
4061	ME_SHORT_GEOM_A_V1	1245809045	MSTRUSDT	SHORT	2026-10-02 13:16:47.1446+00	2026-10-02 13:16:47.173585+00	0.653359707486665	0.653359707486665	2.1399028951627534	4.111970269136254	5.328777797758205	2.0320086315410815	2.0320086315410815	2.0320086315410815	2.0320086315410815	2.0320086315410815	3.2668	3.2668	10.6995	20.5599	26.6439	10.16	10.16	10.16	10.16	10.16	1.5464844452436515	0.6473655817298951	-1.3846430498111861	-3.662410837379376	-5.244860037163579	t	t	f	t	f	73.2	13.2	2026-10-02 13:35:42.356205+00	2026-10-02 13:52:21.237379+00	2026-10-02 14:20:10.572399+00	2026-10-02 15:21:32.095383+00	2026-10-02 17:17:33.210517+00	t	2026-10-02 13:35:42.726402+00	2026-10-02 17:17:33.765513+00
4062	ME_SHORT_GEOM_B_V1	1245809045	MSTRUSDT	SHORT	2026-10-02 13:16:47.1446+00	2026-10-02 13:16:47.173585+00	0.653359707486665	0.653359707486665	2.1399028951627534	4.111970269136254	5.328777797758205	2.0320086315410815	2.0320086315410815	2.0320086315410815	2.0320086315410815	2.0320086315410815	0.8711	0.8711	2.8532	5.4826	7.105	2.7093	2.7093	2.7093	2.7093	2.7093	1.5464844452436515	1.2347899058922098	-1.3846430498111861	-3.662410837379376	-5.238865911406827	t	t	f	t	f	73.2	13.2	2026-10-02 13:35:43.66337+00	2026-10-02 13:46:47.688293+00	2026-10-02 14:20:12.232351+00	2026-10-02 15:21:34.127077+00	2026-10-02 17:17:34.514155+00	t	2026-10-02 13:35:43.854579+00	2026-10-02 17:17:35.271261+00
7914	ME_SHORT_GEOM_A_V1	1246869243	ADAUSDT	SHORT	2026-10-05 13:32:50.652643+00	2026-10-05 13:32:50.699286+00	1.4450867052023135	1.4450867052023135	2.384393063583813	4.263005780346813	5.491329479768783	0.0	0.0	0.0	0.0	0.0	7.2254	7.2254	11.922	21.315	27.4566	0.0	0.0	0.0	0.0	0.0	-0.6864161849711029	-1.2644508670520243	-2.203757225433524	-3.937861271676288	-4.696531791907519	t	f	t	f	f	117.2	\N	2026-10-05 13:49:09.809102+00	2026-10-05 14:05:47.721806+00	2026-10-05 14:33:12.656079+00	2026-10-05 15:33:08.532945+00	2026-10-05 17:33:25.397803+00	t	2026-10-05 13:49:10.181185+00	2026-10-05 17:33:25.585541+00
7915	ME_SHORT_GEOM_B_V1	1246869243	ADAUSDT	SHORT	2026-10-05 13:32:50.652643+00	2026-10-05 13:32:50.699286+00	1.4450867052023135	1.4450867052023135	2.384393063583813	4.263005780346813	5.491329479768783	0.0	0.0	0.0	0.0	0.0	1.9268	1.9268	3.1792	5.684	7.3218	0.0	0.0	0.0	0.0	0.0	-0.6864161849711029	-1.2644508670520243	-2.203757225433524	-3.937861271676288	-4.696531791907519	t	f	t	f	f	117.2	\N	2026-10-05 13:49:10.560261+00	2026-10-05 14:05:48.456189+00	2026-10-05 14:33:13.390756+00	2026-10-05 15:33:09.106254+00	2026-10-05 17:33:25.770747+00	t	2026-10-05 13:49:10.746509+00	2026-10-05 17:33:25.957368+00
6333	ME_SHORT_GEOM_A_V1	1247320198	SOLUSDT	SHORT	2026-10-04 11:53:29.490412+00	2026-10-04 11:53:29.534749+00	0.27990450316950966	0.27990450316950966	0.27990450316950966	0.27990450316950966	0.27990450316950966	0.2140446200708036	0.27167201778216704	0.27167201778216704	0.4280892401415955	0.5433440355643341	1.3995	1.3995	1.3995	1.3995	1.3995	1.0702	1.3584	1.3584	2.1404	2.7167	0.13171976619741219	-0.0164649707746736	-0.1811146785214447	0.20581213468346093	0.1481847369720975	f	t	f	t	f	\N	11.5	2026-10-04 12:12:42.381293+00	2026-10-04 12:23:34.801674+00	2026-10-04 12:56:03.821879+00	2026-10-04 13:55:31.94656+00	2026-10-04 15:55:22.623996+00	t	2026-10-04 12:12:42.936295+00	2026-10-04 15:55:22.994898+00
6334	ME_SHORT_GEOM_B_V1	1247320198	SOLUSDT	SHORT	2026-10-04 11:53:29.490412+00	2026-10-04 11:53:29.534749+00	0.27990450316950966	0.27990450316950966	0.27990450316950966	0.27990450316950966	0.27990450316950966	0.2140446200708036	0.27167201778216704	0.27167201778216704	0.4280892401415955	0.5433440355643341	0.3732	0.3732	0.3732	0.3732	0.3732	0.2854	0.3622	0.3622	0.5708	0.7245	0.13171976619741219	-0.008232485387342649	-0.1811146785214447	0.20581213468346093	0.1481847369720975	f	f	f	f	f	\N	\N	2026-10-04 12:12:43.302804+00	2026-10-04 12:23:35.735775+00	2026-10-04 12:56:04.744955+00	2026-10-04 13:55:33.065525+00	2026-10-04 15:55:23.564143+00	t	2026-10-04 12:12:43.850607+00	2026-10-04 15:55:23.752204+00
636	ME_SHORT_GEOM_A_V1	1253220308	PUMPFUNUSDT	SHORT	2026-09-29 19:46:11.818516+00	2026-09-29 19:46:11.847902+00	3.195207189216167	4.010650690630719	4.010650690630719	4.659677150940254	4.659677150940254	0.0	0.0	0.0	0.0	0.3661174904310254	15.976	20.0533	20.0533	23.2984	23.2984	0.0	0.0	0.0	0.0	1.8306	-2.5794641371276383	-2.679314361790642	-1.2647695123980645	-3.8109502413046963	-2.496255616575137	f	t	f	t	f	\N	198.8	2026-09-29 20:03:00.754451+00	2026-09-29 20:18:39.99791+00	2026-09-29 20:49:58.10551+00	2026-09-29 21:47:32.320847+00	2026-09-29 23:48:42.258331+00	t	2026-09-29 20:03:01.114025+00	2026-09-29 23:48:42.64379+00
637	ME_SHORT_GEOM_B_V1	1253220308	PUMPFUNUSDT	SHORT	2026-09-29 19:46:11.818516+00	2026-09-29 19:46:11.847902+00	3.195207189216167	4.010650690630719	4.010650690630719	4.659677150940254	4.659677150940254	0.0	0.0	0.0	0.0	0.3661174904310254	4.2603	5.3475	5.3475	6.2129	6.2129	0.0	0.0	0.0	0.0	0.4882	-2.5794641371276383	-2.679314361790642	-1.2647695123980645	-3.8109502413046963	-2.496255616575137	f	f	f	f	f	\N	\N	2026-09-29 20:03:01.116616+00	2026-09-29 20:18:40.363845+00	2026-09-29 20:49:58.291589+00	2026-09-29 21:47:32.68422+00	2026-09-29 23:48:42.646382+00	t	2026-09-29 20:03:01.476578+00	2026-09-29 23:48:42.841164+00
1788	ME_SHORT_GEOM_A_V1	1258494648	HYPEUSDT	SHORT	2026-09-30 22:47:52.462453+00	2026-09-30 22:47:52.519641+00	0.4368242874303718	0.7862837173746848	1.2121873976193072	1.7472971497215186	2.8393578682974714	0.15288850060063403	0.15288850060063403	0.15288850060063403	0.15288850060063403	0.15288850060063403	2.1841	3.9314	6.0609	8.7365	14.1968	0.7644	0.7644	0.7644	0.7644	0.7644	-0.010920607185749597	-0.4368242874303718	-0.6552364311455655	-1.5944086491208844	-2.7847548323686766	f	f	f	f	f	\N	\N	2026-09-30 23:06:11.007051+00	2026-09-30 23:22:26.762742+00	2026-09-30 23:49:33.37957+00	2026-10-01 00:49:08.538816+00	2026-10-01 02:48:29.814089+00	t	2026-09-30 23:06:11.586812+00	2026-10-01 02:48:30.016581+00
1789	ME_SHORT_GEOM_B_V1	1258494648	HYPEUSDT	SHORT	2026-09-30 22:47:52.462453+00	2026-09-30 22:47:52.519641+00	0.4368242874303718	0.7862837173746848	1.2121873976193072	1.7472971497215186	2.8393578682974714	0.15288850060063403	0.15288850060063403	0.15288850060063403	0.15288850060063403	0.15288850060063403	0.5824	1.0484	1.6162	2.3297	3.7858	0.2039	0.2039	0.2039	0.2039	0.2039	-0.010920607185749597	-0.4368242874303718	-0.6552364311455655	-1.5944086491208844	-2.7847548323686766	f	f	f	f	f	\N	\N	2026-09-30 23:06:11.589326+00	2026-09-30 23:22:27.358899+00	2026-09-30 23:49:33.976593+00	2026-10-01 00:49:09.120513+00	2026-10-01 02:48:30.213676+00	t	2026-09-30 23:06:12.163801+00	2026-10-01 02:48:30.916271+00
572	ME_SHORT_GEOM_A_V1	1260081452	ICPUSDT	SHORT	2026-09-29 16:32:27.63842+00	2026-09-29 16:32:27.657718+00	1.5276145710928333	1.5569917743830768	2.2326674500587567	2.7614571092831923	2.7614571092831923	0.0	0.0	0.0	0.0	4.3772032902467695	7.6381	7.785	11.1633	13.8073	13.8073	0.0	0.0	0.0	0.0	21.886	-1.1457109283196152	-0.969447708578141	-1.9095182138660385	-0.8813160987073974	3.290246768507641	f	t	f	t	f	\N	147.5	2026-09-29 16:48:48.510221+00	2026-09-29 17:04:43.533875+00	2026-09-29 17:36:29.259462+00	2026-09-29 18:34:11.237734+00	2026-09-29 20:34:20.128223+00	t	2026-09-29 16:48:49.067109+00	2026-09-29 20:34:20.62507+00
573	ME_SHORT_GEOM_B_V1	1260081452	ICPUSDT	SHORT	2026-09-29 16:32:27.63842+00	2026-09-29 16:32:27.657718+00	1.5276145710928333	1.5569917743830768	2.2326674500587567	2.7614571092831923	2.7614571092831923	0.0	0.0	0.0	0.0	4.3772032902467695	2.0368	2.076	2.9769	3.6819	3.6819	0.0	0.0	0.0	0.0	5.8363	-1.1457109283196152	-0.9988249118683845	-1.9095182138660385	-0.8813160987073974	3.290246768507641	f	t	f	t	f	\N	177.5	2026-09-29 16:48:49.069891+00	2026-09-29 17:04:44.088859+00	2026-09-29 17:36:29.835312+00	2026-09-29 18:34:11.807622+00	2026-09-29 20:34:20.805803+00	t	2026-09-29 16:48:49.627373+00	2026-09-29 20:34:20.989261+00
6535	ME_SHORT_GEOM_A_V1	1260974259	AEROUSDT	SHORT	2026-10-04 14:24:11.870949+00	2026-10-04 14:24:11.919067+00	1.1494252873563229	1.1494252873563229	1.1494252873563229	1.643678160919538	1.643678160919538	0.0	0.0	0.0	0.35632183908045884	0.35632183908045884	5.7471	5.7471	5.7471	8.2184	8.2184	0.0	0.0	0.0	1.7816	1.7816	-1.1494252873563229	-0.32183908045977294	-0.9655172413793061	0.06896551724138447	-0.8965517241379345	f	t	f	t	f	\N	110.8	2026-10-04 14:44:31.154211+00	2026-10-04 14:55:21.653398+00	2026-10-04 15:28:04.216691+00	2026-10-04 16:28:11.145068+00	2026-10-04 18:28:14.727919+00	t	2026-10-04 14:44:32.270529+00	2026-10-04 18:28:15.10082+00
6536	ME_SHORT_GEOM_B_V1	1260974259	AEROUSDT	SHORT	2026-10-04 14:24:11.870949+00	2026-10-04 14:24:11.919067+00	1.1494252873563229	1.1494252873563229	1.1494252873563229	1.643678160919538	1.643678160919538	0.0	0.0	0.0	0.35632183908045884	0.35632183908045884	1.5326	1.5326	1.5326	2.1916	2.1916	0.0	0.0	0.0	0.4751	0.4751	-1.1494252873563229	-0.32183908045977294	-0.9655172413793061	0.06896551724138447	-0.8965517241379345	f	f	f	f	f	\N	\N	2026-10-04 14:44:32.272483+00	2026-10-04 14:55:23.415521+00	2026-10-04 15:28:05.70073+00	2026-10-04 16:28:12.08111+00	2026-10-04 18:28:15.835326+00	t	2026-10-04 14:44:33.37727+00	2026-10-04 18:28:16.394489+00
4065	ME_SHORT_GEOM_A_V1	1261538945	MSTRUSDT	SHORT	2026-10-02 13:21:47.529079+00	2026-10-02 13:21:47.565643+00	0.6413714559731591	0.6413714559731591	2.1399028951627534	4.111970269136254	5.352754300785234	2.0320086315410815	2.0320086315410815	2.0320086315410815	2.0320086315410815	2.0320086315410815	3.2069	3.2069	10.6995	20.5599	26.7638	10.16	10.16	10.16	10.16	10.16	1.5944374512977262	-0.16783552118923523	-1.024995504405687	-4.052029011568674	-5.154948150812217	t	t	f	t	f	68.2	8.2	2026-10-02 13:41:12.134557+00	2026-10-02 13:52:21.237379+00	2026-10-02 14:25:43.515731+00	2026-10-02 15:27:05.136549+00	2026-10-02 17:22:56.724712+00	t	2026-10-02 13:41:12.851167+00	2026-10-02 17:22:57.296706+00
4066	ME_SHORT_GEOM_B_V1	1261538945	MSTRUSDT	SHORT	2026-10-02 13:21:47.529079+00	2026-10-02 13:21:47.565643+00	0.6413714559731591	0.6413714559731591	2.1399028951627534	4.111970269136254	5.352754300785234	2.0320086315410815	2.0320086315410815	2.0320086315410815	2.0320086315410815	2.0320086315410815	0.8552	0.8552	2.8532	5.4826	7.137	2.7093	2.7093	2.7093	2.7093	2.7093	1.5944374512977262	-0.16783552118923523	-1.024995504405687	-4.052029011568674	-5.154948150812217	t	t	f	t	f	68.2	8.2	2026-10-02 13:41:14.278068+00	2026-10-02 13:52:22.924729+00	2026-10-02 14:25:45.200014+00	2026-10-02 15:27:07.179356+00	2026-10-02 17:22:58.359078+00	t	2026-10-02 13:41:14.467498+00	2026-10-02 17:22:59.109343+00
7335	ME_SHORT_GEOM_A_V1	1271283565	FARTCOINUSDT	SHORT	2026-10-05 01:05:52.191055+00	2026-10-05 01:05:52.221624+00	0.8159515832702968	1.0753269209985907	1.172592672646712	1.172592672646712	2.2317086350372826	0.0	0.0	0.0	1.9128931157462379	1.9128931157462379	4.0798	5.3766	5.863	5.863	11.1585	0.0	0.0	0.0	9.5645	9.5645	-0.4593104938938667	-1.03750135091322	-0.28098994920565906	0.34583378363774003	-1.0212903923052	f	t	f	t	f	\N	64.1	2026-10-05 01:25:12.579708+00	2026-10-05 01:36:10.765722+00	2026-10-05 02:08:54.705467+00	2026-10-05 03:08:03.075782+00	2026-10-05 05:06:13.438283+00	t	2026-10-05 01:25:15.561531+00	2026-10-05 05:06:13.629412+00
7336	ME_SHORT_GEOM_B_V1	1271283565	FARTCOINUSDT	SHORT	2026-10-05 01:05:52.191055+00	2026-10-05 01:05:52.221624+00	0.8159515832702968	1.0753269209985907	1.172592672646712	1.172592672646712	2.2317086350372826	0.0	0.0	0.0	1.9128931157462379	1.9128931157462379	1.0879	1.4338	1.5635	1.5635	2.9756	0.0	0.0	0.0	2.5505	2.5505	-0.4593104938938667	-1.032097698043875	-0.28098994920565906	0.34583378363774003	-1.026694045174545	f	t	f	t	f	\N	64.1	2026-10-05 01:25:15.744213+00	2026-10-05 01:36:13.317068+00	2026-10-05 02:08:56.907667+00	2026-10-05 03:08:04.734894+00	2026-10-05 05:06:14.715371+00	t	2026-10-05 01:25:16.80031+00	2026-10-05 05:06:14.904458+00
8163	ME_SHORT_GEOM_A_V1	1275203646	NILUSDT	SHORT	2026-10-05 18:48:49.250042+00	2026-10-05 18:48:49.29564+00	8.44877715067556	9.346673507781777	9.346673507781777	9.346673507781777	9.346673507781777	0.0	0.0	0.0	0.0	0.0	42.2439	46.7334	46.7334	46.7334	46.7334	0.0	0.0	0.0	0.0	0.0	-6.729946981357964	-7.046348554814433	-4.22438857533778	-2.0352317427740783	-6.5674704976911285	f	f	f	f	f	\N	\N	2026-10-05 19:05:43.997451+00	2026-10-05 19:21:53.55361+00	2026-10-05 19:48:54.864089+00	2026-10-05 20:53:41.108392+00	2026-10-05 22:52:04.704036+00	t	2026-10-05 19:05:44.183703+00	2026-10-05 22:52:04.898721+00
8164	ME_SHORT_GEOM_B_V1	1275203646	NILUSDT	SHORT	2026-10-05 18:48:49.250042+00	2026-10-05 18:48:49.29564+00	8.44877715067556	9.346673507781777	9.346673507781777	9.346673507781777	9.346673507781777	0.0	0.0	0.0	0.0	0.0	11.265	12.4622	12.4622	12.4622	12.4622	0.0	0.0	0.0	0.0	0.0	-6.729946981357964	-7.046348554814433	-4.22438857533778	-2.0352317427740783	-6.5674704976911285	f	f	f	f	f	\N	\N	2026-10-05 19:05:44.370713+00	2026-10-05 19:21:53.928976+00	2026-10-05 19:48:55.428488+00	2026-10-05 20:53:42.298889+00	2026-10-05 22:52:05.270272+00	t	2026-10-05 19:05:44.600042+00	2026-10-05 22:52:05.457329+00
9356	ME_SHORT_GEOM_A_V1	1282428912	SPCXUSDT	SHORT	2026-10-06 16:41:01.037633+00	2026-10-06 16:41:01.081762+00	0.31027350034474377	0.31027350034474377	0.9480579177200678	1.430705584922995	1.5226384739140462	0.0	0.0	0.0	0.0	0.0	1.5514	1.5514	4.7403	7.1535	7.6132	0.0	0.0	0.0	0.0	0.0	-0.27579866697310373	-0.2183406113537092	-0.3275109170305638	-1.2928062514364516	-1.3904849459894206	f	f	f	f	f	\N	\N	2026-10-06 17:01:19.328183+00	2026-10-06 17:12:02.421672+00	2026-10-06 17:44:08.483089+00	2026-10-06 18:42:26.263608+00	2026-10-06 20:43:39.479328+00	t	2026-10-06 17:01:19.524161+00	2026-10-06 20:43:39.671734+00
9357	ME_SHORT_GEOM_B_V1	1282428912	SPCXUSDT	SHORT	2026-10-06 16:41:01.037633+00	2026-10-06 16:41:01.081762+00	0.31027350034474377	0.31027350034474377	0.9480579177200678	1.430705584922995	1.5226384739140462	0.0	0.0	0.0	0.0	0.0	0.4137	0.4137	1.2641	1.9076	2.0302	0.0	0.0	0.0	0.0	0.0	-0.27579866697310373	-0.2183406113537092	-0.3275109170305638	-1.2928062514364516	-1.3904849459894206	f	f	f	f	f	\N	\N	2026-10-06 17:01:20.140083+00	2026-10-06 17:12:03.493854+00	2026-10-06 17:44:09.275019+00	2026-10-06 18:42:27.010386+00	2026-10-06 20:43:39.861189+00	t	2026-10-06 17:01:20.527043+00	2026-10-06 20:43:40.236525+00
7173	ME_SHORT_GEOM_A_V1	1287082093	KLACUSDT	SHORT	2026-10-04 22:45:29.50456+00	2026-10-04 22:45:29.545773+00	0.2211857479444189	0.2211857479444189	0.2211857479444189	0.5866230706351871	0.5866230706351871	0.0	0.0	0.12501803144683893	0.9520603933259555	1.5675337789104153	1.1059	1.1059	1.1059	2.9331	2.9331	0.0	0.0	0.6251	4.7603	7.8377	-0.09135933067269209	-0.038467086599034715	-0.004808385824874215	0.8510842910035151	0.8510842910035151	f	t	f	t	f	\N	74.5	2026-10-04 23:04:21.719036+00	2026-10-04 23:20:35.832473+00	2026-10-04 23:47:32.685568+00	2026-10-05 00:46:56.994799+00	2026-10-05 02:46:37.726765+00	t	2026-10-04 23:04:22.64795+00	2026-10-05 02:46:37.91411+00
7174	ME_SHORT_GEOM_B_V1	1287082093	KLACUSDT	SHORT	2026-10-04 22:45:29.50456+00	2026-10-04 22:45:29.545773+00	0.2211857479444189	0.2211857479444189	0.2211857479444189	0.5866230706351871	0.5866230706351871	0.0	0.0	0.12501803144683893	0.9520603933259555	1.5675337789104153	0.2949	0.2949	0.2949	0.7822	0.7822	0.0	0.0	0.1667	1.2694	2.09	-0.09135933067269209	-0.038467086599034715	-0.004808385824874215	0.8510842910035151	0.8558926768283893	f	t	f	t	f	\N	84.5	2026-10-04 23:04:23.016386+00	2026-10-04 23:20:37.308626+00	2026-10-04 23:47:34.16294+00	2026-10-05 00:46:59.334728+00	2026-10-05 02:46:39.861145+00	t	2026-10-04 23:04:23.21481+00	2026-10-05 02:46:40.419282+00
5885	ME_SHORT_GEOM_A_V1	1293457773	STRKUSDT	SHORT	2026-10-04 05:17:32.82959+00	2026-10-04 05:17:32.860885+00	2.4776453055141543	2.4776453055141543	2.4776453055141543	2.4776453055141543	2.4776453055141543	0.0	1.0432190760059574	1.1549925484351762	1.4157973174366687	5.644560357675122	12.3882	12.3882	12.3882	12.3882	12.3882	0.0	5.2161	5.775	7.079	28.2228	-1.5834575260804704	0.7637853949329371	-1.2667660208643816	-0.18628912071534262	1.5089418777943335	f	t	f	t	f	\N	22.5	2026-10-04 05:34:10.868146+00	2026-10-04 05:50:17.514837+00	2026-10-04 06:22:30.81941+00	2026-10-04 07:21:10.777908+00	2026-10-04 09:18:54.626083+00	t	2026-10-04 05:34:11.058231+00	2026-10-04 09:18:54.814951+00
5886	ME_SHORT_GEOM_B_V1	1293457773	STRKUSDT	SHORT	2026-10-04 05:17:32.82959+00	2026-10-04 05:17:32.860885+00	2.4776453055141543	2.4776453055141543	2.4776453055141543	2.4776453055141543	2.4776453055141543	0.0	1.0432190760059574	1.1549925484351762	1.4157973174366687	5.644560357675122	3.3035	3.3035	3.3035	3.3035	3.3035	0.0	1.391	1.54	1.8877	7.5261	-1.5834575260804704	0.7637853949329371	-1.2667660208643816	-0.18628912071534262	1.5089418777943335	f	t	f	t	f	\N	22.5	2026-10-04 05:34:11.800465+00	2026-10-04 05:50:18.264817+00	2026-10-04 06:22:31.893444+00	2026-10-04 07:21:11.528731+00	2026-10-04 09:18:56.04979+00	t	2026-10-04 05:34:11.992723+00	2026-10-04 09:18:56.421102+00
2938	ME_SHORT_GEOM_A_V1	1295746670	MSTRUSDT	SHORT	2026-10-01 18:54:37.249019+00	2026-10-01 18:54:37.275999+00	0.5483207676490719	0.5483207676490719	0.5483207676490719	0.5483207676490719	0.5483207676490719	0.4735497538787406	0.7290173842606937	0.7290173842606937	0.7290173842606937	0.7290173842606937	2.7416	2.7416	2.7416	2.7416	2.7416	2.3677	3.6451	3.6451	3.6451	3.6451	0.4735497538787406	-0.0186927534425828	0.09346376721289629	-0.3364695619664904	0.06230917814193677	f	t	f	t	f	\N	10.4	2026-10-01 19:12:22.390369+00	2026-10-01 19:28:40.59453+00	2026-10-01 19:55:53.456984+00	2026-10-01 20:55:58.196431+00	2026-10-01 22:55:30.595721+00	t	2026-10-01 19:12:22.933857+00	2026-10-01 22:55:30.777595+00
2939	ME_SHORT_GEOM_B_V1	1295746670	MSTRUSDT	SHORT	2026-10-01 18:54:37.249019+00	2026-10-01 18:54:37.275999+00	0.5483207676490719	0.5483207676490719	0.5483207676490719	0.5483207676490719	0.5483207676490719	0.4735497538787406	0.7290173842606937	0.7290173842606937	0.7290173842606937	0.7290173842606937	0.7311	0.7311	0.7311	0.7311	0.7311	0.6314	0.972	0.972	0.972	0.972	0.4735497538787406	-0.0186927534425828	0.09346376721289629	-0.3364695619664904	0.06230917814193677	f	f	f	f	f	\N	\N	2026-10-01 19:12:22.936383+00	2026-10-01 19:28:41.144276+00	2026-10-01 19:55:54.043973+00	2026-10-01 20:55:58.785259+00	2026-10-01 22:55:30.96092+00	t	2026-10-01 19:12:23.484532+00	2026-10-01 22:55:31.323181+00
9364	ME_SHORT_GEOM_A_V1	1297287793	SPCXUSDT	SHORT	2026-10-06 16:46:02.729769+00	2026-10-06 16:46:02.776869+00	0.3675203858963974	0.49959802457791214	1.004938555185483	1.4873090616745004	1.579189158148616	0.0	0.0	0.0	0.0	0.0	1.8376	2.498	5.0247	7.4365	7.8959	0.0	0.0	0.0	0.0	0.0	-0.31009532560008735	-0.47088549442976524	-0.41920294016308135	-1.2403813024003656	-1.447111519467085	f	f	f	f	f	\N	\N	2026-10-06 17:01:19.328183+00	2026-10-06 17:17:25.20443+00	2026-10-06 17:49:25.194568+00	2026-10-06 18:47:40.695042+00	2026-10-06 20:48:57.335359+00	t	2026-10-06 17:01:19.528552+00	2026-10-06 20:48:57.526543+00
9365	ME_SHORT_GEOM_B_V1	1297287793	SPCXUSDT	SHORT	2026-10-06 16:46:02.729769+00	2026-10-06 16:46:02.776869+00	0.3675203858963974	0.49959802457791214	1.004938555185483	1.4873090616745004	1.579189158148616	0.0	0.0	0.0	0.0	0.0	0.49	0.6661	1.3399	1.9831	2.1056	0.0	0.0	0.0	0.0	0.0	-0.31009532560008735	-0.47088549442976524	-0.42494544619270747	-1.2403813024003656	-1.447111519467085	f	f	f	f	f	\N	\N	2026-10-06 17:01:20.140083+00	2026-10-06 17:17:25.961273+00	2026-10-06 17:49:25.945274+00	2026-10-06 18:47:41.435299+00	2026-10-06 20:48:57.714332+00	t	2026-10-06 17:01:20.525015+00	2026-10-06 20:48:58.408003+00
8858	ME_SHORT_GEOM_A_V1	1311832511	ORCAUSDT	SHORT	2026-10-06 06:45:43.540649+00	2026-10-06 06:45:43.571977+00	2.4117786374042676	2.4117786374042676	2.459145811952318	3.477540064735132	3.477540064735132	0.0	1.417067971895487	1.417067971895487	2.186784558301102	6.643246230362372	12.0589	12.0589	12.2957	17.3877	17.3877	0.0	7.0853	7.0853	10.9339	33.2162	-1.121023130970237	-1.2631246546143533	-1.274966448251353	0.6078787400331602	-0.04341991000235482	f	t	f	t	f	\N	19.3	2026-10-06 07:03:08.042772+00	2026-10-06 07:19:08.388661+00	2026-10-06 07:45:46.466714+00	2026-10-06 08:49:33.055498+00	2026-10-06 10:47:11.990795+00	t	2026-10-06 07:03:08.230955+00	2026-10-06 10:47:12.179564+00
8859	ME_SHORT_GEOM_B_V1	1311832511	ORCAUSDT	SHORT	2026-10-06 06:45:43.540649+00	2026-10-06 06:45:43.571977+00	2.4117786374042676	2.4117786374042676	2.459145811952318	3.477540064735132	3.477540064735132	0.0	1.417067971895487	1.417067971895487	2.186784558301102	6.643246230362372	3.2157	3.2157	3.2789	4.6367	4.6367	0.0	1.8894	1.8894	2.9157	8.8577	-1.121023130970237	-1.2631246546143533	-1.2986500355253694	0.6078787400331602	0.09078708455040534	f	t	f	t	f	\N	19.3	2026-10-06 07:03:08.732055+00	2026-10-06 07:19:08.760766+00	2026-10-06 07:45:47.336698+00	2026-10-06 08:49:33.944792+00	2026-10-06 10:47:12.54675+00	t	2026-10-06 07:03:08.922818+00	2026-10-06 10:47:12.921576+00
6392	ME_SHORT_GEOM_A_V1	1314075242	SOLUSDT	SHORT	2026-10-04 12:48:36.54245+00	2026-10-04 12:48:36.574875+00	0.32075006168270465	0.32075006168270465	0.32075006168270465	0.36187186446253616	0.36187186446253616	0.0	0.0	0.3289744222386639	0.3289744222386639	0.44411547002219925	1.6038	1.6038	1.6038	1.8094	1.8094	0.0	0.0	1.6449	1.6449	2.2206	-0.24673081667900085	-0.18916029278723906	0.2385064561230299	-0.08224360555967475	0.2385064561230299	f	t	f	t	f	\N	41.4	2026-10-04 13:06:54.569869+00	2026-10-04 13:23:05.826088+00	2026-10-04 13:50:05.701458+00	2026-10-04 14:49:55.525451+00	2026-10-04 16:49:53.862224+00	t	2026-10-04 13:06:54.771437+00	2026-10-04 16:49:54.050934+00
6393	ME_SHORT_GEOM_B_V1	1314075242	SOLUSDT	SHORT	2026-10-04 12:48:36.54245+00	2026-10-04 12:48:36.574875+00	0.32075006168270465	0.32075006168270465	0.32075006168270465	0.36187186446253616	0.36187186446253616	0.0	0.0	0.3289744222386639	0.3289744222386639	0.44411547002219925	0.4277	0.4277	0.4277	0.4825	0.4825	0.0	0.0	0.4386	0.4386	0.5922	-0.24673081667900085	-0.18916029278723906	0.2385064561230299	-0.08224360555967475	0.25495517723497185	f	f	f	f	f	\N	\N	2026-10-04 13:06:55.506803+00	2026-10-04 13:23:06.74626+00	2026-10-04 13:50:06.619467+00	2026-10-04 14:49:56.942268+00	2026-10-04 16:49:54.795295+00	t	2026-10-04 13:06:55.709648+00	2026-10-04 16:49:54.984889+00
4068	ME_SHORT_GEOM_A_V1	1316407480	BTCUSDT	SHORT	2026-10-02 13:26:33.237239+00	2026-10-02 13:26:33.270673+00	0.44178554993097097	0.5714450069028959	1.0049470777726646	1.9355729406350601	2.700874367234245	0.24160147261849976	0.24160147261849976	0.24160147261849976	0.24160147261849976	0.24160147261849976	2.2089	2.8572	5.0247	9.6779	13.5044	1.208	1.208	1.208	1.208	1.208	-0.059940174873453544	-0.3973768982972781	-0.9964335020708764	-1.669005982512652	-2.608145421076852	t	t	f	t	f	63.4	8.4	2026-10-02 13:46:45.684472+00	2026-10-02 13:57:54.080878+00	2026-10-02 14:31:18.008088+00	2026-10-02 15:27:05.136549+00	2026-10-02 17:28:20.377822+00	t	2026-10-02 13:46:47.309027+00	2026-10-02 17:28:21.314486+00
4069	ME_SHORT_GEOM_B_V1	1316407480	BTCUSDT	SHORT	2026-10-02 13:26:33.237239+00	2026-10-02 13:26:33.270673+00	0.44178554993097097	0.5714450069028959	1.0049470777726646	1.9355729406350601	2.700874367234245	0.24160147261849976	0.24160147261849976	0.24160147261849976	0.24160147261849976	0.24160147261849976	0.589	0.7619	1.3399	2.5808	3.6012	0.3221	0.3221	0.3221	0.3221	0.3221	-0.059940174873453544	-0.37459733087897584	-0.9964335020708764	-1.6708467556373712	-2.608145421076852	t	f	t	f	f	63.4	\N	2026-10-02 13:46:47.688293+00	2026-10-02 13:57:55.749658+00	2026-10-02 14:31:19.688179+00	2026-10-02 15:27:07.179356+00	2026-10-02 17:28:21.68814+00	t	2026-10-02 13:46:49.00538+00	2026-10-02 17:28:22.43479+00
1535	ME_SHORT_GEOM_A_V1	1320421294	ASTERUSDT	SHORT	2026-09-30 16:33:02.969699+00	2026-09-30 16:33:02.99679+00	1.600826232894393	1.600826232894393	2.246320681642134	3.0725535760392377	3.6793183578621185	0.0	0.0	0.0	0.0	0.0	8.0041	8.0041	11.2316	15.3628	18.3966	0.0	0.0	0.0	0.0	0.0	-1.4071778982700633	-1.484637232119798	-1.8590240123934894	-2.8530854634650153	-1.5362767880196115	f	f	f	f	f	\N	\N	2026-09-30 16:49:14.947656+00	2026-09-30 17:05:23.639809+00	2026-09-30 17:37:22.705437+00	2026-09-30 18:35:34.166142+00	2026-09-30 20:36:44.710246+00	t	2026-09-30 16:49:15.138428+00	2026-09-30 20:36:44.907839+00
1536	ME_SHORT_GEOM_B_V1	1320421294	ASTERUSDT	SHORT	2026-09-30 16:33:02.969699+00	2026-09-30 16:33:02.99679+00	1.600826232894393	1.600826232894393	2.246320681642134	3.0725535760392377	3.6793183578621185	0.0	0.0	0.0	0.0	0.0	2.1344	2.1344	2.9951	4.0967	4.9058	0.0	0.0	0.0	0.0	0.0	-1.4071778982700633	-1.484637232119798	-1.8590240123934894	-2.8530854634650153	-1.5362767880196115	f	f	f	f	f	\N	\N	2026-09-30 16:49:15.321276+00	2026-09-30 17:05:24.325325+00	2026-09-30 17:37:23.075849+00	2026-09-30 18:35:34.548096+00	2026-09-30 20:36:44.911297+00	t	2026-09-30 16:49:15.506628+00	2026-09-30 20:36:45.107818+00
7110	ME_SHORT_GEOM_A_V1	1320563511	ETHUSDT	SHORT	2026-10-04 22:09:59.871782+00	2026-10-04 22:09:59.926277+00	0.28554607006181054	0.28554607006181054	0.28554607006181054	0.28554607006181054	0.28554607006181054	0.4702678834265602	0.6998822490432728	0.6998822490432728	0.7764203709155103	0.7764203709155103	1.4277	1.4277	1.4277	1.4277	1.4277	2.3513	3.4994	3.4994	3.8821	3.8821	0.4356785398881419	0.22887842213718926	0.4518692964380409	0.15418015896379358	0.440462172505161	f	t	f	t	f	\N	5.0	2026-10-04 22:26:22.831541+00	2026-10-04 22:42:43.606424+00	2026-10-04 23:15:09.676006+00	2026-10-05 00:14:23.439755+00	2026-10-05 02:14:21.451523+00	t	2026-10-04 22:26:24.309673+00	2026-10-05 02:14:23.96039+00
7111	ME_SHORT_GEOM_B_V1	1320563511	ETHUSDT	SHORT	2026-10-04 22:09:59.871782+00	2026-10-04 22:09:59.926277+00	0.28554607006181054	0.28554607006181054	0.28554607006181054	0.28554607006181054	0.28554607006181054	0.4702678834265602	0.6998822490432728	0.6998822490432728	0.7764203709155103	0.7764203709155103	0.3807	0.3807	0.3807	0.3807	0.3807	0.627	0.9332	0.9332	1.0352	1.0352	0.4356785398881419	0.22887842213718926	0.4518692964380409	0.15418015896379358	0.440462172505161	f	t	f	t	f	\N	65.0	2026-10-04 22:26:24.312286+00	2026-10-04 22:42:44.910912+00	2026-10-04 23:15:11.656143+00	2026-10-05 00:14:24.908754+00	2026-10-05 02:14:23.963199+00	t	2026-10-04 22:26:25.791018+00	2026-10-05 02:14:26.887752+00
8392	ME_SHORT_GEOM_A_V1	1321163253	ZROUSDT	SHORT	2026-10-05 23:19:26.218706+00	2026-10-05 23:19:26.252635+00	0.6881923167570194	0.6881923167570194	0.6881923167570194	3.7426349281169045	3.7426349281169045	0.04713646005184491	0.4053735564459081	3.158142823473944	3.158142823473944	3.158142823473944	3.441	3.441	3.441	18.7132	18.7132	0.2357	2.0269	15.7907	15.7907	15.7907	-0.3111006363422183	-0.07070469007777784	-0.05656375206223483	-2.7386283290124926	1.4093801555503198	f	t	f	t	f	\N	20.6	2026-10-05 23:35:20.801924+00	2026-10-05 23:51:35.124505+00	2026-10-06 00:23:56.135145+00	2026-10-06 01:23:24.829944+00	2026-10-06 03:23:00.140348+00	t	2026-10-05 23:35:20.991178+00	2026-10-06 03:23:00.327364+00
8393	ME_SHORT_GEOM_B_V1	1321163253	ZROUSDT	SHORT	2026-10-05 23:19:26.218706+00	2026-10-05 23:19:26.252635+00	0.6881923167570194	0.6881923167570194	0.6881923167570194	3.7426349281169045	3.7426349281169045	0.04713646005184491	0.4053735564459081	3.158142823473944	3.158142823473944	3.158142823473944	0.9176	0.9176	0.9176	4.9902	4.9902	0.0628	0.5405	4.2109	4.2109	4.2109	-0.3111006363422183	-0.07070469007777784	-0.05656375206223483	-2.7386283290124926	1.4093801555503198	f	t	f	t	f	\N	30.6	2026-10-05 23:35:20.992846+00	2026-10-05 23:51:35.322229+00	2026-10-06 00:23:56.503317+00	2026-10-06 01:23:25.388603+00	2026-10-06 03:23:01.008006+00	t	2026-10-05 23:35:21.181725+00	2026-10-06 03:23:01.19555+00
12878	ME_SHORT_GEOM_A_V1	1324338628	NMRUSDT	SHORT	2026-10-07 04:13:06.210294+00	2026-10-07 04:13:06.25306+00	1.7499559574842813	1.7499559574842813	1.7499559574842813	1.7499559574842813	4.962123436490685	0.04110634799460597	4.9386340947795	5.702037700393447	5.702037700393447	5.702037700393447	8.7498	8.7498	8.7498	8.7498	24.8106	0.2055	24.6932	28.5102	28.5102	28.5102	-1.3976158318163108	4.004932761759344	1.603147571789299	-0.880850314169937	-0.6048505490633715	f	t	f	t	f	\N	16.9	2026-10-07 04:28:51.488804+00	2026-10-07 04:45:01.952894+00	2026-10-07 05:17:18.775415+00	2026-10-07 06:16:14.212499+00	2026-10-07 08:17:33.662466+00	t	2026-10-07 04:28:51.678326+00	2026-10-07 08:17:33.858046+00
12879	ME_SHORT_GEOM_B_V1	1324338628	NMRUSDT	SHORT	2026-10-07 04:13:06.210294+00	2026-10-07 04:13:06.25306+00	1.7499559574842813	1.7499559574842813	1.7499559574842813	1.7499559574842813	4.962123436490685	0.04110634799460597	4.9386340947795	5.702037700393447	5.702037700393447	5.702037700393447	2.3333	2.3333	2.3333	2.3333	6.6162	0.0548	6.5848	7.6027	7.6027	7.6027	-1.3976158318163108	4.004932761759344	1.603147571789299	-0.880850314169937	-0.6048505490633715	f	t	f	t	f	\N	21.9	2026-10-07 04:28:51.681233+00	2026-10-07 04:45:02.147262+00	2026-10-07 05:17:18.967555+00	2026-10-07 06:16:14.408822+00	2026-10-07 08:17:34.041207+00	t	2026-10-07 04:28:51.882327+00	2026-10-07 08:17:34.239754+00
7874	ME_SHORT_GEOM_A_V1	1332499147	LITUSDT	SHORT	2026-10-05 12:58:00.053504+00	2026-10-05 12:58:00.101469+00	1.0456516194848233	1.8872736546799245	2.1678143330782955	3.340984442744192	4.0550879877582195	0.0	0.0	0.0	0.0	0.20402958428972223	5.2283	9.4364	10.8391	16.7049	20.2754	0.0	0.0	0.0	0.0	1.0201	-0.9946442234123873	-1.3516959959194068	-1.6832440703902023	-2.677888293802601	-2.116806937005859	f	t	f	t	f	\N	147.0	2026-10-05 13:16:36.011383+00	2026-10-05 13:32:50.779261+00	2026-10-05 14:00:12.976987+00	2026-10-05 15:00:32.985823+00	2026-10-05 17:00:40.728662+00	t	2026-10-05 13:16:36.753015+00	2026-10-05 17:00:40.91626+00
7875	ME_SHORT_GEOM_B_V1	1332499147	LITUSDT	SHORT	2026-10-05 12:58:00.053504+00	2026-10-05 12:58:00.101469+00	1.0456516194848233	1.8872736546799245	2.1678143330782955	3.340984442744192	4.0550879877582195	0.0	0.0	0.0	0.0	0.20402958428972223	1.3942	2.5164	2.8904	4.4546	5.4068	0.0	0.0	0.0	0.0	0.272	-0.9946442234123873	-1.3516959959194068	-1.6832440703902023	-2.677888293802601	-2.116806937005859	f	f	f	f	f	\N	\N	2026-10-05 13:16:37.1263+00	2026-10-05 13:32:51.527882+00	2026-10-05 14:00:15.276541+00	2026-10-05 15:00:33.537395+00	2026-10-05 17:00:41.09932+00	t	2026-10-05 13:16:37.69119+00	2026-10-05 17:00:41.288084+00
9023	ME_SHORT_GEOM_A_V1	1334513595	AVAXUSDT	SHORT	2026-10-06 09:40:56.965957+00	2026-10-06 09:40:57.02575+00	1.0796102870183544	1.0796102870183544	1.0796102870183544	1.0796102870183544	1.0796102870183544	0.0	0.0	0.0	0.9567278153251995	2.641973141402617	5.3981	5.3981	5.3981	5.3981	5.3981	0.0	0.0	0.0	4.7836	13.2099	-0.9655051347318635	-0.3598700956727847	-0.4300886509260183	0.6495216360923359	0.07021855525321793	f	t	f	t	f	\N	109.1	2026-10-06 09:59:10.379052+00	2026-10-06 10:15:17.523591+00	2026-10-06 10:41:56.200344+00	2026-10-06 11:46:11.88044+00	2026-10-06 13:42:01.024777+00	t	2026-10-06 09:59:10.768727+00	2026-10-06 13:42:01.431486+00
9024	ME_SHORT_GEOM_B_V1	1334513595	AVAXUSDT	SHORT	2026-10-06 09:40:56.965957+00	2026-10-06 09:40:57.02575+00	1.0796102870183544	1.0796102870183544	1.0796102870183544	1.0796102870183544	1.0796102870183544	0.0	0.0	0.0	0.9567278153251995	2.641973141402617	1.4395	1.4395	1.4395	1.4395	1.4395	0.0	0.0	0.0	1.2756	3.5226	-0.9655051347318635	-0.3598700956727847	-0.4300886509260183	0.6495216360923359	0.07021855525321793	f	t	f	t	f	\N	114.1	2026-10-06 09:59:10.954824+00	2026-10-06 10:15:18.080159+00	2026-10-06 10:41:56.759137+00	2026-10-06 11:46:12.754929+00	2026-10-06 13:42:01.934905+00	t	2026-10-06 09:59:11.32804+00	2026-10-06 13:42:02.535864+00
1454	ME_SHORT_GEOM_A_V1	1339606995	SOONUSDT	SHORT	2026-09-30 14:33:40.122283+00	2026-09-30 14:33:40.146626+00	0.0	0.0	0.0	0.0	0.96153846153846	17.767558528428097	17.767558528428097	17.767558528428097	17.767558528428097	17.767558528428097	0.0	0.0	0.0	0.0	4.8077	88.8378	88.8378	88.8378	88.8378	88.8378	14.673913043478256	10.388795986622078	10.556020066889642	1.9021739130434776	3.9924749163879616	f	t	f	t	f	\N	1.3	2026-09-30 14:49:57.65101+00	2026-09-30 15:06:12.330681+00	2026-09-30 15:38:37.383753+00	2026-09-30 16:38:27.020883+00	2026-09-30 18:35:34.166142+00	t	2026-09-30 14:49:58.014459+00	2026-09-30 18:35:34.543675+00
1455	ME_SHORT_GEOM_B_V1	1339606995	SOONUSDT	SHORT	2026-09-30 14:33:40.122283+00	2026-09-30 14:33:40.146626+00	0.0	0.0	0.0	0.0	0.96153846153846	17.767558528428097	17.767558528428097	17.767558528428097	17.767558528428097	17.767558528428097	0.0	0.0	0.0	0.0	1.2821	23.6901	23.6901	23.6901	23.6901	23.6901	14.632107023411372	10.388795986622078	10.556020066889642	1.9021739130434776	3.9924749163879616	f	t	f	t	f	\N	1.3	2026-09-30 14:49:58.195397+00	2026-09-30 15:06:12.711757+00	2026-09-30 15:38:37.750209+00	2026-09-30 16:38:27.406095+00	2026-09-30 18:35:34.548096+00	t	2026-09-30 14:49:58.561137+00	2026-09-30 18:35:34.920486+00
5905	ME_SHORT_GEOM_A_V1	1354485283	PUMPFUNUSDT	SHORT	2026-10-04 05:32:32.798989+00	2026-10-04 05:32:32.840951+00	0.7884972170686431	0.7884972170686431	0.7884972170686431	1.2677798392084045	1.8707482993197213	0.1855287569573262	0.1855287569573262	2.1490414347557243	2.1490414347557243	2.1490414347557243	3.9425	3.9425	3.9425	6.3389	9.3537	0.9276	0.9276	10.7452	10.7452	10.7452	-0.13914656771798795	-0.40197897340754457	0.5411255411255459	-1.0049474335188613	-1.6697588126159493	f	t	f	t	f	\N	32.5	2026-10-04 05:50:17.514837+00	2026-10-04 06:06:22.823801+00	2026-10-04 06:33:12.829837+00	2026-10-04 07:37:10.73621+00	2026-10-04 09:35:11.058328+00	t	2026-10-04 05:50:17.898354+00	2026-10-04 09:35:11.432983+00
5906	ME_SHORT_GEOM_B_V1	1354485283	PUMPFUNUSDT	SHORT	2026-10-04 05:32:32.798989+00	2026-10-04 05:32:32.840951+00	0.7884972170686431	0.7884972170686431	0.7884972170686431	1.2677798392084045	1.8707482993197213	0.1855287569573262	0.1855287569573262	2.1490414347557243	2.1490414347557243	2.1490414347557243	1.0513	1.0513	1.0513	1.6904	2.4943	0.2474	0.2474	2.8654	2.8654	2.8654	-0.13914656771798795	-0.40197897340754457	0.5720470006184382	-1.0049474335188613	-1.6697588126159493	f	t	f	t	f	\N	32.5	2026-10-04 05:50:18.264817+00	2026-10-04 06:06:23.580274+00	2026-10-04 06:33:13.573935+00	2026-10-04 07:37:11.793382+00	2026-10-04 09:35:12.363611+00	t	2026-10-04 05:50:18.646428+00	2026-10-04 09:35:12.550274+00
4459	ME_SHORT_GEOM_A_V1	1355550739	SANDUSDT	SHORT	2026-10-02 22:57:51.193154+00	2026-10-02 22:57:51.218728+00	1.8589059881151897	1.8589059881151897	1.8589059881151897	6.399512418101471	6.399512418101471	0.0	1.2037178119762502	6.033825994209973	10.010665854030181	16.135913454213018	9.2945	9.2945	9.2945	31.9976	31.9976	0.0	6.0186	30.1691	50.0533	80.6796	-1.2189547463050363	0.853268322413538	4.647264970287996	1.371324089593192	13.652293158616502	f	t	f	t	f	\N	17.1	2026-10-02 23:16:46.219008+00	2026-10-02 23:32:21.624404+00	2026-10-02 23:58:28.699785+00	2026-10-03 01:01:39.835191+00	2026-10-03 02:58:11.797424+00	t	2026-10-02 23:16:46.595661+00	2026-10-03 02:58:11.985786+00
4460	ME_SHORT_GEOM_B_V1	1355550739	SANDUSDT	SHORT	2026-10-02 22:57:51.193154+00	2026-10-02 22:57:51.218728+00	1.8589059881151897	1.8589059881151897	1.8589059881151897	6.399512418101471	6.399512418101471	0.0	1.2037178119762502	6.033825994209973	10.010665854030181	16.135913454213018	2.4785	2.4785	2.4785	8.5327	8.5327	0.0	1.605	8.0451	13.3476	21.5146	-1.2189547463050363	0.853268322413538	4.647264970287996	1.371324089593192	13.652293158616502	f	t	f	t	f	\N	27.1	2026-10-02 23:16:46.599292+00	2026-10-02 23:32:21.996143+00	2026-10-02 23:58:29.072643+00	2026-10-03 01:01:40.21779+00	2026-10-03 02:58:12.175809+00	t	2026-10-02 23:16:46.979077+00	2026-10-03 02:58:12.361712+00
5981	ME_SHORT_GEOM_A_V1	1357903352	PUMPFUNUSDT	SHORT	2026-10-04 06:57:47.534243+00	2026-10-04 06:57:47.585831+00	2.35258172930033	2.35258172930033	2.9025358997861304	3.04002444240757	4.58295142071494	0.0	0.0	0.0	0.0	0.0	11.7629	11.7629	14.5127	15.2001	22.9148	0.0	0.0	0.0	0.0	0.0	-1.90956309196456	-2.108157653528874	-1.863733577757405	-2.917812404521835	-3.8038496791934024	f	f	f	f	f	\N	\N	2026-10-04 07:15:49.51915+00	2026-10-04 07:31:50.595686+00	2026-10-04 07:58:27.047004+00	2026-10-04 09:02:40.946001+00	2026-10-04 11:02:10.877187+00	t	2026-10-04 07:15:49.901446+00	2026-10-04 11:02:11.564997+00
5982	ME_SHORT_GEOM_B_V1	1357903352	PUMPFUNUSDT	SHORT	2026-10-04 06:57:47.534243+00	2026-10-04 06:57:47.585831+00	2.35258172930033	2.35258172930033	2.9025358997861304	3.04002444240757	4.58295142071494	0.0	0.0	0.0	0.0	0.0	3.1368	3.1368	3.87	4.0534	6.1106	0.0	0.0	0.0	0.0	0.0	-1.90956309196456	-2.108157653528874	-1.894286587228842	-2.917812404521835	-3.8038496791934024	f	f	f	f	f	\N	\N	2026-10-04 07:15:50.270849+00	2026-10-04 07:31:51.338523+00	2026-10-04 07:58:27.786416+00	2026-10-04 09:02:41.878763+00	2026-10-04 11:02:12.30788+00	t	2026-10-04 07:15:50.651939+00	2026-10-04 11:02:12.680346+00
4051	ME_SHORT_GEOM_A_V1	1358699538	XRPUSDT	SHORT	2026-10-02 13:11:31.757888+00	2026-10-02 13:11:31.788359+00	0.6594259115593475	0.6594259115593475	1.4028963020429308	2.889837083010083	3.1613653995345192	0.0	0.20687871735195837	0.20687871735195837	0.20687871735195837	0.20687871735195837	3.2971	3.2971	7.0145	14.4492	15.8068	0.0	1.0344	1.0344	1.0344	1.0344	-0.5883113524696073	-0.4137574347039023	-1.2348073441944594	-2.1980863718644965	-3.064391000775788	t	t	f	t	f	98.5	23.5	2026-10-02 13:30:04.08431+00	2026-10-02 13:46:45.684472+00	2026-10-02 14:14:36.742602+00	2026-10-02 15:15:57.991999+00	2026-10-02 17:12:09.464634+00	t	2026-10-02 13:30:04.286405+00	2026-10-02 17:12:10.578406+00
4052	ME_SHORT_GEOM_B_V1	1358699538	XRPUSDT	SHORT	2026-10-02 13:11:31.757888+00	2026-10-02 13:11:31.788359+00	0.6594259115593475	0.6594259115593475	1.4028963020429308	2.889837083010083	3.1613653995345192	0.0	0.20687871735195837	0.20687871735195837	0.20687871735195837	0.20687871735195837	0.8792	0.8792	1.8705	3.8531	4.2152	0.0	0.2758	0.2758	0.2758	0.2758	-0.5883113524696073	-0.4137574347039023	-1.2477372640289548	-2.1980863718644965	-3.0579260408585403	t	f	t	f	f	98.5	\N	2026-10-02 13:30:05.39665+00	2026-10-02 13:46:47.688293+00	2026-10-02 14:14:38.437412+00	2026-10-02 15:15:59.86277+00	2026-10-02 17:12:11.314295+00	t	2026-10-02 13:30:05.772315+00	2026-10-02 17:12:11.502443+00
6482	ME_SHORT_GEOM_A_V1	1359358584	SOLUSDT	SHORT	2026-10-04 14:03:47.976749+00	2026-10-04 14:03:48.038343+00	0.4512635379061348	0.5989497866754101	0.5989497866754101	0.5989497866754101	0.5989497866754101	0.0	0.0	0.2051197899573351	0.2051197899573351	0.2051197899573351	2.2563	2.9947	2.9947	2.9947	2.9947	0.0	0.0	1.0256	1.0256	1.0256	-0.4512635379061348	-0.2543485395470974	-0.04922874958976229	-0.3610108303249079	-0.49228749589759957	f	t	f	t	f	\N	56.2	2026-10-04 14:22:39.804874+00	2026-10-04 14:39:02.10657+00	2026-10-04 15:06:12.949173+00	2026-10-04 16:06:20.456412+00	2026-10-04 18:06:21.982286+00	t	2026-10-04 14:22:40.181087+00	2026-10-04 18:06:22.355284+00
6483	ME_SHORT_GEOM_B_V1	1359358584	SOLUSDT	SHORT	2026-10-04 14:03:47.976749+00	2026-10-04 14:03:48.038343+00	0.4512635379061348	0.5989497866754101	0.5989497866754101	0.5989497866754101	0.5989497866754101	0.0	0.0	0.2051197899573351	0.2051197899573351	0.2051197899573351	0.6017	0.7986	0.7986	0.7986	0.7986	0.0	0.0	0.2735	0.2735	0.2735	-0.4512635379061348	-0.2543485395470974	-0.04922874958976229	-0.3610108303249079	-0.49228749589759957	f	f	f	f	f	\N	\N	2026-10-04 14:22:41.107252+00	2026-10-04 14:39:03.218261+00	2026-10-04 15:06:14.059581+00	2026-10-04 16:06:21.403096+00	2026-10-04 18:06:23.096685+00	t	2026-10-04 14:22:41.488445+00	2026-10-04 18:06:23.28872+00
6204	ME_SHORT_GEOM_A_V1	1360092836	BNBUSDT	SHORT	2026-10-04 10:18:22.222634+00	2026-10-04 10:18:22.268473+00	0.3030685692637931	0.4546028538956968	0.5935092814749251	0.6440207096855692	0.9092057077913792	0.0	0.0	0.0	0.0	0.0	1.5153	2.273	2.9675	3.2201	4.546	0.0	0.0	0.0	0.0	0.0	-0.29044071221113205	-0.44197499684303576	-0.4798585680010045	-0.5051142821063266	-0.7702992802121509	f	f	f	f	f	\N	\N	2026-10-04 10:34:55.884231+00	2026-10-04 10:51:16.752679+00	2026-10-04 11:18:26.40952+00	2026-10-04 12:23:34.801674+00	2026-10-04 14:22:39.804874+00	t	2026-10-04 10:34:57.317507+00	2026-10-04 14:22:40.364655+00
6205	ME_SHORT_GEOM_B_V1	1360092836	BNBUSDT	SHORT	2026-10-04 10:18:22.222634+00	2026-10-04 10:18:22.268473+00	0.35357999747442287	0.4546028538956968	0.5935092814749251	0.6440207096855692	0.9092057077913792	0.0	0.0	0.0	0.0	0.0	0.4714	0.6061	0.7913	0.8587	1.2123	0.0	0.0	0.0	0.0	0.0	-0.35357999747442287	-0.44197499684303576	-0.4798585680010045	-0.5051142821063266	-0.7702992802121509	f	f	f	f	f	\N	\N	2026-10-04 10:34:57.321009+00	2026-10-04 10:51:18.165348+00	2026-10-04 11:18:27.34465+00	2026-10-04 12:23:35.735775+00	2026-10-04 14:22:41.107252+00	t	2026-10-04 10:34:57.702852+00	2026-10-04 14:22:41.674912+00
9141	ME_SHORT_GEOM_A_V1	1370637389	ORCAUSDT	SHORT	2026-10-06 12:31:02.320721+00	2026-10-06 12:31:02.347754+00	5.017234775947921	5.017234775947921	5.017234775947921	5.017234775947921	5.017234775947921	0.0	0.0	0.0	0.7621600919187976	5.350440444274222	25.0862	25.0862	25.0862	25.0862	25.0862	0.0	0.0	0.0	3.8108	26.7522	-3.439295289161253	-2.7307545001915114	-2.8379931060896224	-3.5312140942167773	3.971658368441206	f	t	f	t	f	\N	84.0	2026-10-06 12:48:37.455012+00	2026-10-06 13:04:34.308077+00	2026-10-06 13:31:18.643849+00	2026-10-06 14:35:46.812245+00	2026-10-06 16:34:23.339343+00	t	2026-10-06 12:48:37.645654+00	2026-10-06 16:34:23.534027+00
9142	ME_SHORT_GEOM_B_V1	1370637389	ORCAUSDT	SHORT	2026-10-06 12:31:02.320721+00	2026-10-06 12:31:02.347754+00	5.017234775947921	5.017234775947921	5.017234775947921	5.017234775947921	5.017234775947921	0.0	0.0	0.0	0.7621600919187976	5.350440444274222	6.6896	6.6896	6.6896	6.6896	6.6896	0.0	0.0	0.0	1.0162	7.1339	-3.439295289161253	-2.7307545001915114	-3.021830716200705	-3.5312140942167773	4.078896974339317	f	t	f	t	f	\N	84.0	2026-10-06 12:48:38.190298+00	2026-10-06 13:04:35.050256+00	2026-10-06 13:31:19.431189+00	2026-10-06 14:35:47.563585+00	2026-10-06 16:34:24.292732+00	t	2026-10-06 12:48:38.383506+00	2026-10-06 16:34:25.17256+00
9034	ME_SHORT_GEOM_A_V1	1378004605	ORCAUSDT	SHORT	2026-10-06 10:31:08.569846+00	2026-10-06 10:31:08.617286+00	2.1588879397375202	2.1588879397375202	2.1588879397375202	4.220703580026413	4.220703580026413	0.9513085345965575	0.9513085345965575	7.035800264036656	7.035800264036656	7.035800264036656	10.7944	10.7944	10.7944	21.1035	21.1035	4.7565	4.7565	35.179	35.179	35.179	-1.6735264424943663	-0.6367942843830072	4.7099479692474855	-3.1956200978488796	-2.1977168595169676	f	t	f	t	f	\N	3.9	2026-10-06 10:47:11.990795+00	2026-10-06 11:03:04.889212+00	2026-10-06 11:34:50.454292+00	2026-10-06 12:33:59.170952+00	2026-10-06 14:35:46.812245+00	t	2026-10-06 10:47:12.182299+00	2026-10-06 14:35:47.006595+00
9035	ME_SHORT_GEOM_B_V1	1378004605	ORCAUSDT	SHORT	2026-10-06 10:31:08.569846+00	2026-10-06 10:31:08.617286+00	2.1588879397375202	2.1588879397375202	2.1588879397375202	4.220703580026413	4.220703580026413	0.9513085345965575	0.9513085345965575	7.035800264036656	7.035800264036656	7.035800264036656	2.8785	2.8785	2.8785	5.6276	5.6276	1.2684	1.2684	9.3811	9.3811	9.3811	-1.5415081152442451	-0.6212627164712283	4.624524345732701	-3.1956200978488796	-2.1977168595169676	f	t	f	t	f	\N	3.9	2026-10-06 10:47:12.54675+00	2026-10-06 11:03:05.456786+00	2026-10-06 11:34:51.00974+00	2026-10-06 12:33:59.910506+00	2026-10-06 14:35:47.563585+00	t	2026-10-06 10:47:12.924376+00	2026-10-06 14:35:47.757107+00
7983	ME_SHORT_GEOM_A_V1	1380007334	ADAUSDT	SHORT	2026-10-05 14:17:58.930906+00	2026-10-05 14:17:58.976749+00	2.030456852791876	2.8643944887599573	2.9731689630166733	5.00362581580855	5.14865844815083	0.0	0.0	0.0	0.0	0.0	10.1523	14.322	14.8658	25.0181	25.7433	0.0	0.0	0.0	0.0	0.0	-1.8491660623640296	-2.284263959390853	-2.6105873821609804	-4.786076867295138	-3.879622915155906	t	f	t	f	f	72.0	\N	2026-10-05 14:33:12.656079+00	2026-10-05 14:49:35.832395+00	2026-10-05 15:22:16.96701+00	2026-10-05 16:22:26.029463+00	2026-10-05 18:22:23.998709+00	t	2026-10-05 14:33:13.028322+00	2026-10-05 18:22:24.187443+00
7984	ME_SHORT_GEOM_B_V1	1380007334	ADAUSDT	SHORT	2026-10-05 14:17:58.930906+00	2026-10-05 14:17:58.976749+00	2.030456852791876	2.8643944887599573	2.9731689630166733	5.00362581580855	5.14865844815083	0.0	0.0	0.0	0.0	0.0	2.7073	3.8192	3.9642	6.6715	6.8649	0.0	0.0	0.0	0.0	0.0	-1.8491660623640296	-2.284263959390853	-2.6105873821609804	-4.786076867295138	-3.879622915155906	t	f	t	f	f	72.0	\N	2026-10-05 14:33:13.390756+00	2026-10-05 14:49:36.389127+00	2026-10-05 15:22:17.5191+00	2026-10-05 16:22:26.402328+00	2026-10-05 18:22:24.552651+00	t	2026-10-05 14:33:13.766306+00	2026-10-05 18:22:24.740206+00
6759	ME_SHORT_GEOM_A_V1	1380734263	BTCUSDT	SHORT	2026-10-04 17:49:19.035752+00	2026-10-04 17:49:19.109845+00	0.16646375725791004	0.1779359430604982	0.18694980333395425	0.18694980333395425	0.18694980333395425	0.0	0.0	0.0	0.15276737216707248	0.7233330211650054	0.8323	0.8897	0.9347	0.9347	0.9347	0.0	0.0	0.0	0.7638	3.6167	-0.14527533245926885	-0.16505899981269903	-0.13930511331710058	-0.00714085034651365	0.5928076418804952	f	t	f	t	f	\N	165.7	2026-10-04 18:06:21.982286+00	2026-10-04 18:22:47.237443+00	2026-10-04 18:49:54.488946+00	2026-10-04 19:49:34.719281+00	2026-10-04 21:53:50.527201+00	t	2026-10-04 18:06:22.911668+00	2026-10-04 21:53:51.640597+00
6760	ME_SHORT_GEOM_B_V1	1380734263	BTCUSDT	SHORT	2026-10-04 17:49:19.035752+00	2026-10-04 17:49:19.109845+00	0.16646375725791004	0.1779359430604982	0.18694980333395425	0.18694980333395425	0.18694980333395425	0.0	0.0	0.0	0.15276737216707248	0.7233330211650054	0.222	0.2372	0.2493	0.2493	0.2493	0.0	0.0	0.0	0.2037	0.9644	-0.14527533245926885	-0.16505899981269903	-0.13930511331710058	-0.00714085034651365	0.5928076418804952	f	f	f	f	f	\N	\N	2026-10-04 18:06:23.096685+00	2026-10-04 18:22:48.668988+00	2026-10-04 18:49:55.600495+00	2026-10-04 19:49:35.659413+00	2026-10-04 21:53:51.643665+00	t	2026-10-04 18:06:24.029506+00	2026-10-04 21:53:52.890058+00
5122	ME_SHORT_GEOM_A_V1	1390497437	SPCXUSDT	SHORT	2026-10-03 10:19:57.879553+00	2026-10-03 10:19:57.951007+00	0.01885606536769399	0.05656819610308197	0.05656819610308197	0.05656819610308197	0.05656819610308197	0.03142677561282927	0.03142677561282927	0.03142677561282927	0.03142677561282927	0.10685103708360523	0.0943	0.2828	0.2828	0.2828	0.2828	0.1571	0.1571	0.1571	0.1571	0.5343	0.0251414204902527	-0.01885606536769399	-0.012570710245117417	-0.012570710245117417	-0.006285355122558708	f	f	f	f	f	\N	\N	2026-10-03 10:36:05.327082+00	2026-10-03 10:52:06.397561+00	2026-10-03 11:24:06.467529+00	2026-10-03 12:22:39.784076+00	2026-10-03 14:24:13.120085+00	t	2026-10-03 10:36:05.525594+00	2026-10-03 14:24:13.308726+00
5123	ME_SHORT_GEOM_B_V1	1390497437	SPCXUSDT	SHORT	2026-10-03 10:19:57.879553+00	2026-10-03 10:19:57.951007+00	0.01885606536769399	0.05656819610308197	0.05656819610308197	0.05656819610308197	0.05656819610308197	0.03142677561282927	0.03142677561282927	0.03142677561282927	0.03142677561282927	0.10685103708360523	0.0251	0.0754	0.0754	0.0754	0.0754	0.0419	0.0419	0.0419	0.0419	0.1425	0.0251414204902527	-0.01885606536769399	-0.012570710245117417	-0.012570710245117417	-0.006285355122558708	f	f	f	f	f	\N	\N	2026-10-03 10:36:05.528882+00	2026-10-03 10:52:06.591926+00	2026-10-03 11:24:06.664025+00	2026-10-03 12:22:39.980963+00	2026-10-03 14:24:13.311169+00	t	2026-10-03 10:36:05.724018+00	2026-10-03 14:24:13.49605+00
3421	ME_SHORT_GEOM_A_V1	1392334307	BTCUSDT	SHORT	2026-10-02 03:35:14.18045+00	2026-10-02 03:35:14.225606+00	0.11621646926642352	0.11621646926642352	0.11621646926642352	0.11621646926642352	0.11621646926642352	0.007022143158091849	0.17087215018023502	1.7036889658723808	1.7036889658723808	1.7036889658723808	0.5811	0.5811	0.5811	0.5811	0.5811	0.0351	0.8544	8.5184	8.5184	8.5184	-0.11071579045925499	0.015799822105706664	1.252984410842196	0.5477271663311643	0.46428069846916936	f	t	f	t	f	\N	39.8	2026-10-02 03:51:45.805572+00	2026-10-02 04:07:55.682716+00	2026-10-02 04:40:12.357372+00	2026-10-02 05:39:36.213971+00	2026-10-02 07:35:53.126014+00	t	2026-10-02 03:51:45.98809+00	2026-10-02 07:35:53.497776+00
3422	ME_SHORT_GEOM_B_V1	1392334307	BTCUSDT	SHORT	2026-10-02 03:35:14.18045+00	2026-10-02 03:35:14.225606+00	0.11621646926642352	0.11621646926642352	0.11621646926642352	0.11621646926642352	0.11621646926642352	0.007022143158091849	0.17087215018023502	1.7036889658723808	1.7036889658723808	1.7036889658723808	0.155	0.155	0.155	0.155	0.155	0.0094	0.2278	2.2716	2.2716	2.2716	-0.11071579045925499	0.015799822105706664	1.252984410842196	0.5445672019100264	0.4641636627498781	f	t	f	t	f	\N	44.8	2026-10-02 03:51:46.16796+00	2026-10-02 04:07:56.050744+00	2026-10-02 04:40:12.726564+00	2026-10-02 05:39:36.772089+00	2026-10-02 07:35:53.503696+00	t	2026-10-02 03:51:46.349111+00	2026-10-02 07:35:53.877497+00
7226	ME_SHORT_GEOM_A_V1	1393039628	KLACUSDT	SHORT	2026-10-04 23:20:39.561835+00	2026-10-04 23:20:39.594398+00	0.0	0.0	0.5722804655188987	0.5722804655188987	0.5722804655188987	0.13946330672308938	0.13946330672308938	0.9666249879772968	1.3273059536404688	1.5821871693757779	0.0	0.0	2.8614	2.8614	2.8614	0.6973	0.6973	4.8331	6.6365	7.9109	0.004809079542171254	0.04328171587958229	0.8944887948446733	1.1782244878330232	0.6588438972780631	f	t	f	t	f	\N	39.3	2026-10-04 23:36:46.804158+00	2026-10-04 23:52:54.775448+00	2026-10-05 00:25:11.705148+00	2026-10-05 01:25:12.579708+00	2026-10-05 03:24:00.026601+00	t	2026-10-04 23:36:47.00749+00	2026-10-05 03:24:01.484264+00
7227	ME_SHORT_GEOM_B_V1	1393039628	KLACUSDT	SHORT	2026-10-04 23:20:39.561835+00	2026-10-04 23:20:39.594398+00	0.0	0.0	0.5722804655188987	0.5722804655188987	0.5722804655188987	0.13946330672308938	0.13946330672308938	0.9666249879772968	1.3273059536404688	1.5821871693757779	0.0	0.0	0.763	0.763	0.763	0.186	0.186	1.2888	1.7697	2.1096	0.004809079542171254	0.04328171587958229	0.8944887948446733	1.1782244878330232	0.6588438972780631	f	t	f	t	f	\N	49.3	2026-10-04 23:36:48.600343+00	2026-10-04 23:52:56.247456+00	2026-10-05 00:25:13.179856+00	2026-10-05 01:25:15.744213+00	2026-10-05 03:24:01.674783+00	t	2026-10-04 23:36:48.797488+00	2026-10-05 03:24:02.05051+00
3740	ME_SHORT_GEOM_A_V1	1394039360	HYPEUSDT	SHORT	2026-10-02 10:44:05.144418+00	2026-10-02 10:44:05.182638+00	0.27436347673397715	0.35118525021949887	0.35118525021949887	0.6365232660228252	1.7888498683055416	0.0	0.32923617208076944	0.32923617208076944	0.32923617208076944	0.4170324846356403	1.3718	1.7559	1.7559	3.1826	8.9442	0.0	1.6462	1.6462	1.6462	2.0852	-0.24143985952589866	0.21949078138716926	0.15364354697102783	-0.44995610184373436	-1.1633011413520657	f	t	f	t	f	\N	20.9	2026-10-02 11:02:05.354722+00	2026-10-02 11:18:06.248699+00	2026-10-02 11:45:04.06789+00	2026-10-02 12:44:43.914065+00	2026-10-02 14:48:02.84417+00	t	2026-10-02 11:02:05.724777+00	2026-10-02 14:48:03.410277+00
3741	ME_SHORT_GEOM_B_V1	1394039360	HYPEUSDT	SHORT	2026-10-02 10:44:05.144418+00	2026-10-02 10:44:05.182638+00	0.27436347673397715	0.35118525021949887	0.35118525021949887	0.6365232660228252	1.7888498683055416	0.0	0.32923617208076944	0.32923617208076944	0.32923617208076944	0.4170324846356403	0.3658	0.4682	0.4682	0.8487	2.3851	0.0	0.439	0.439	0.439	0.556	-0.24143985952589866	0.21949078138716926	0.15364354697102783	-0.4609306409130835	-1.1633011413520657	f	f	f	f	f	\N	\N	2026-10-02 11:02:05.727185+00	2026-10-02 11:18:06.624195+00	2026-10-02 11:45:04.626185+00	2026-10-02 12:44:44.652994+00	2026-10-02 14:48:04.704607+00	t	2026-10-02 11:02:06.094448+00	2026-10-02 14:48:05.087589+00
6295	ME_SHORT_GEOM_A_V1	1394786316	AXSUSDT	SHORT	2026-10-04 11:33:40.709268+00	2026-10-04 11:33:40.742219+00	2.2340803984347115	2.269654927072219	3.1803628601921	3.1803628601921	5.350409107079327	0.0	0.0	0.0	0.0	0.0	11.1704	11.3483	15.9018	15.9018	26.752	0.0	0.0	0.0	0.0	0.0	-1.6933475631447914	-2.148701529704732	-2.966915688367134	-2.895766631092135	-4.710067591604414	f	f	f	f	f	\N	\N	2026-10-04 11:50:58.482614+00	2026-10-04 12:07:17.185217+00	2026-10-04 12:34:21.139955+00	2026-10-04 13:33:54.336111+00	2026-10-04 15:38:57.806537+00	t	2026-10-04 11:50:58.857862+00	2026-10-04 15:38:58.677653+00
6296	ME_SHORT_GEOM_B_V1	1394786316	AXSUSDT	SHORT	2026-10-04 11:33:40.709268+00	2026-10-04 11:33:40.742219+00	2.2340803984347115	2.269654927072219	3.1803628601921	3.1803628601921	5.350409107079327	0.0	0.0	0.0	0.0	0.0	2.9788	3.0262	4.2405	4.2405	7.1339	0.0	0.0	0.0	0.0	0.0	-1.6933475631447914	-2.148701529704732	-2.966915688367134	-2.909996442547132	-4.710067591604414	f	f	f	f	f	\N	\N	2026-10-04 11:50:59.611713+00	2026-10-04 12:07:18.28976+00	2026-10-04 12:34:22.073384+00	2026-10-04 13:33:55.27454+00	2026-10-04 15:38:59.417048+00	t	2026-10-04 11:51:00.248529+00	2026-10-04 15:38:59.971358+00
6347	ME_SHORT_GEOM_A_V1	1396511861	SOLUSDT	SHORT	2026-10-04 12:13:32.765065+00	2026-10-04 12:13:32.819096+00	0.45155993431855274	0.45155993431855274	0.492610837438419	0.492610837438419	0.5336617405582853	0.0	0.0	0.0	0.15599343185549894	0.2709359605911316	2.2578	2.2578	2.4631	2.4631	2.6683	0.0	0.0	0.0	0.78	1.3547	-0.2463054187192095	-0.28735632183907583	-0.2709359605911316	-0.15599343185549894	-0.188834154351399	f	t	f	t	f	\N	166.5	2026-10-04 12:28:57.669066+00	2026-10-04 12:45:13.334254+00	2026-10-04 13:17:43.381846+00	2026-10-04 14:17:16.079574+00	2026-10-04 16:17:14.819955+00	t	2026-10-04 12:28:57.858307+00	2026-10-04 16:17:15.198928+00
6348	ME_SHORT_GEOM_B_V1	1396511861	SOLUSDT	SHORT	2026-10-04 12:13:32.765065+00	2026-10-04 12:13:32.819096+00	0.45155993431855274	0.45155993431855274	0.492610837438419	0.492610837438419	0.5336617405582853	0.0	0.0	0.0	0.15599343185549894	0.2709359605911316	0.6021	0.6021	0.6568	0.6568	0.7115	0.0	0.0	0.0	0.208	0.3612	-0.25451559934318746	-0.28735632183907583	-0.2709359605911316	-0.15599343185549894	-0.188834154351399	f	f	f	f	f	\N	\N	2026-10-04 12:28:58.592415+00	2026-10-04 12:45:14.279261+00	2026-10-04 13:17:44.315504+00	2026-10-04 14:17:17.378899+00	2026-10-04 16:17:16.069392+00	t	2026-10-04 12:28:58.779984+00	2026-10-04 16:17:16.262986+00
5071	ME_SHORT_GEOM_A_V1	1405254791	SPCXUSDT	SHORT	2026-10-03 09:49:51.965458+00	2026-10-03 09:49:51.994854+00	0.044000251430003884	0.044000251430003884	0.050286001634302906	0.050286001634302906	0.050286001634302906	0.0	0.006285750204281165	0.03771450122572272	0.03771450122572272	0.11314350367716815	0.22	0.22	0.2514	0.2514	0.2514	0.0	0.0314	0.1886	0.1886	0.5657	-0.025143000817142526	-0.006285750204281165	-0.012571500408580193	0.012571500408580193	0.03771450122572272	f	f	f	f	f	\N	\N	2026-10-03 10:09:21.446589+00	2026-10-03 10:20:04.074646+00	2026-10-03 10:52:06.397561+00	2026-10-03 11:50:45.448229+00	2026-10-03 13:52:46.017997+00	t	2026-10-03 10:09:21.639636+00	2026-10-03 13:52:46.208623+00
5072	ME_SHORT_GEOM_B_V1	1405254791	SPCXUSDT	SHORT	2026-10-03 09:49:51.965458+00	2026-10-03 09:49:51.994854+00	0.044000251430003884	0.044000251430003884	0.050286001634302906	0.050286001634302906	0.050286001634302906	0.0	0.006285750204281165	0.03771450122572272	0.03771450122572272	0.11314350367716815	0.0587	0.0587	0.067	0.067	0.067	0.0	0.0084	0.0503	0.0503	0.1509	-0.025143000817142526	-0.006285750204281165	-0.012571500408580193	0.012571500408580193	0.03771450122572272	f	f	f	f	f	\N	\N	2026-10-03 10:09:21.642281+00	2026-10-03 10:20:04.268923+00	2026-10-03 10:52:06.591926+00	2026-10-03 11:50:45.639703+00	2026-10-03 13:52:46.213704+00	t	2026-10-03 10:09:21.831464+00	2026-10-03 13:52:46.401109+00
3407	ME_SHORT_GEOM_A_V1	1405327049	BTCUSDT	SHORT	2026-10-02 03:10:10.920221+00	2026-10-02 03:10:10.95534+00	0.38039670276068005	0.38039670276068005	0.38039670276068005	0.38039670276068005	0.38039670276068005	0.0	0.0	0.11732407529796328	1.6493214972096055	1.6493214972096055	1.902	1.902	1.902	1.902	1.902	0.0	0.0	0.5866	8.2466	8.2466	-0.2852975270705058	-0.11463369271385909	-0.040004819294016815	1.2843652510185437	0.5245076307438309	f	t	f	t	f	\N	64.8	2026-10-02 03:30:13.396452+00	2026-10-02 03:40:59.762324+00	2026-10-02 04:13:19.727057+00	2026-10-02 05:12:33.786172+00	2026-10-02 07:14:38.019382+00	t	2026-10-02 03:30:13.762846+00	2026-10-02 07:14:38.525557+00
3408	ME_SHORT_GEOM_B_V1	1405327049	BTCUSDT	SHORT	2026-10-02 03:10:10.920221+00	2026-10-02 03:10:10.95534+00	0.38039670276068005	0.38039670276068005	0.38039670276068005	0.38039670276068005	0.38039670276068005	0.0	0.0	0.11732407529796328	1.6493214972096055	1.6493214972096055	0.5072	0.5072	0.5072	0.5072	0.5072	0.0	0.0	0.1564	2.1991	2.1991	-0.2852975270705058	-0.11463369271385909	-0.040004819294016815	1.2843652510185437	0.5243906575879935	f	t	f	t	f	\N	69.8	2026-10-02 03:30:13.765816+00	2026-10-02 03:41:00.127806+00	2026-10-02 04:13:20.09562+00	2026-10-02 05:12:34.153579+00	2026-10-02 07:14:38.719637+00	t	2026-10-02 03:30:14.13221+00	2026-10-02 07:14:38.919477+00
8883	ME_SHORT_GEOM_A_V1	1411223613	ORCAUSDT	SHORT	2026-10-06 07:40:46.773043+00	2026-10-06 07:40:46.806737+00	1.8058690744921113	3.1602708803611774	3.1602708803611774	3.1602708803611774	3.1602708803611774	0.0	0.0	1.0851055403746421	6.99378242445844	9.167953744406162	9.0293	15.8014	15.8014	15.8014	15.8014	0.0	0.0	5.4255	34.9689	45.8398	-1.6712209417448907	-1.8019088352936554	-0.8831333412538112	3.7622272385251967	3.659261019365571	f	t	f	t	f	\N	39.2	2026-10-06 07:56:24.854163+00	2026-10-06 08:12:20.839238+00	2026-10-06 08:44:12.04214+00	2026-10-06 09:43:07.232615+00	2026-10-06 11:40:53.44259+00	t	2026-10-06 07:56:25.041954+00	2026-10-06 11:40:53.633556+00
8884	ME_SHORT_GEOM_B_V1	1411223613	ORCAUSDT	SHORT	2026-10-06 07:40:46.773043+00	2026-10-06 07:40:46.806737+00	1.8058690744921113	3.1602708803611774	3.1602708803611774	3.1602708803611774	3.1602708803611774	0.0	0.0	1.0851055403746421	6.99378242445844	9.167953744406162	2.4078	4.2137	4.2137	4.2137	4.2137	0.0	0.0	1.4468	9.325	12.2239	-1.6712209417448907	-1.8019088352936554	-0.8831333412538112	3.7622272385251967	3.5840164745950664	f	t	f	t	f	\N	39.2	2026-10-06 07:56:25.40344+00	2026-10-06 08:12:21.396333+00	2026-10-06 08:44:12.613996+00	2026-10-06 09:43:07.796987+00	2026-10-06 11:40:54.34866+00	t	2026-10-06 07:56:25.593506+00	2026-10-06 11:40:54.726519+00
7899	ME_SHORT_GEOM_A_V1	1414827455	ADAUSDT	SHORT	2026-10-05 13:22:47.780937+00	2026-10-05 13:22:47.823099+00	1.0488245931283955	1.3381555153707183	1.3381555153707183	3.218806509945757	5.388788426763118	0.10849909584085603	0.10849909584085603	0.10849909584085603	0.10849909584085603	0.10849909584085603	5.2441	6.6908	6.6908	16.094	26.9439	0.5425	0.5425	0.5425	0.5425	0.5425	-0.7594936708860927	-0.9764918625678248	-1.301989150090433	-2.820976491862578	-4.2676311030741525	t	f	t	f	f	127.2	\N	2026-10-05 13:38:15.665642+00	2026-10-05 13:54:39.412507+00	2026-10-05 14:27:42.933846+00	2026-10-05 15:27:43.06224+00	2026-10-05 17:27:56.567224+00	t	2026-10-05 13:38:16.032424+00	2026-10-05 17:27:56.766346+00
7900	ME_SHORT_GEOM_B_V1	1414827455	ADAUSDT	SHORT	2026-10-05 13:22:47.780937+00	2026-10-05 13:22:47.823099+00	1.0488245931283955	1.3381555153707183	1.3381555153707183	3.218806509945757	5.388788426763118	0.10849909584085603	0.10849909584085603	0.10849909584085603	0.10849909584085603	0.10849909584085603	1.3984	1.7842	1.7842	4.2917	7.1851	0.1447	0.1447	0.1447	0.1447	0.1447	-0.795660036166378	-0.9764918625678248	-1.301989150090433	-2.820976491862578	-4.2676311030741525	t	f	t	f	f	127.2	\N	2026-10-05 13:38:16.400387+00	2026-10-05 13:54:40.157883+00	2026-10-05 14:27:43.675019+00	2026-10-05 15:27:43.622506+00	2026-10-05 17:27:56.956+00	t	2026-10-05 13:38:16.769664+00	2026-10-05 17:27:57.151943+00
7031	ME_SHORT_GEOM_A_V1	1416593028	XRPUSDT	SHORT	2026-10-04 21:44:58.912604+00	2026-10-04 21:44:58.951589+00	0.5089226701916602	0.5089226701916602	0.5089226701916602	0.5089226701916602	0.5089226701916602	0.0	0.502313284864511	0.7204230006609473	0.8922670191672221	1.2161269001982944	2.5446	2.5446	2.5446	2.5446	2.5446	0.0	2.5116	3.6021	4.4613	6.0806	-0.3370786516853855	0.45604758757436414	0.37673496364838327	0.5882352941176557	0.5882352941176557	f	t	f	t	f	\N	15.0	2026-10-04 22:04:38.928477+00	2026-10-04 22:15:31.648803+00	2026-10-04 22:48:07.44367+00	2026-10-04 23:47:32.685568+00	2026-10-05 01:47:04.597493+00	t	2026-10-04 22:04:39.506815+00	2026-10-05 01:47:05.899317+00
7032	ME_SHORT_GEOM_B_V1	1416593028	XRPUSDT	SHORT	2026-10-04 21:44:58.912604+00	2026-10-04 21:44:58.951589+00	0.5089226701916602	0.5089226701916602	0.5089226701916602	0.5089226701916602	0.5089226701916602	0.0	0.502313284864511	0.7204230006609473	0.8922670191672221	1.2161269001982944	0.6786	0.6786	0.6786	0.6786	0.6786	0.0	0.6698	0.9606	1.1897	1.6215	-0.3370786516853855	0.45604758757436414	0.37673496364838327	0.5882352941176557	0.5882352941176557	f	t	f	t	f	\N	100.0	2026-10-04 22:04:40.059581+00	2026-10-04 22:15:32.951933+00	2026-10-04 22:48:08.734468+00	2026-10-04 23:47:34.16294+00	2026-10-05 01:47:06.803094+00	t	2026-10-04 22:04:40.946925+00	2026-10-05 01:47:08.455966+00
9280	ME_SHORT_GEOM_A_V1	1418875506	MSTRUSDT	SHORT	2026-10-06 15:20:58.956582+00	2026-10-06 15:20:58.992566+00	1.344308894942562	1.3857633542579673	2.5760985431718715	2.907734217695147	3.2808243515338265	0.0	0.0	0.0	0.0	0.0	6.7215	6.9288	12.8805	14.5387	16.4041	0.0	0.0	0.0	0.0	0.0	-1.1903351889139044	-1.3620750917920237	-2.540566149472948	-2.8840459552291864	-3.1031623830392094	t	f	t	f	f	44.0	\N	2026-10-06 15:40:24.771976+00	2026-10-06 15:51:13.183067+00	2026-10-06 16:23:36.475905+00	2026-10-06 17:22:47.596068+00	2026-10-06 19:24:25.08972+00	t	2026-10-06 15:40:25.714478+00	2026-10-06 19:24:25.282148+00
9281	ME_SHORT_GEOM_B_V1	1418875506	MSTRUSDT	SHORT	2026-10-06 15:20:58.956582+00	2026-10-06 15:20:58.992566+00	1.344308894942562	1.3857633542579673	2.5760985431718715	2.907734217695147	3.2808243515338265	0.0	0.0	0.0	0.0	0.0	1.7924	1.8477	3.4348	3.877	4.3744	0.0	0.0	0.0	0.0	0.0	-1.1903351889139044	-1.3620750917920237	-2.540566149472948	-2.8840459552291864	-3.1031623830392094	t	f	t	f	f	44.0	\N	2026-10-06 15:40:25.716901+00	2026-10-06 15:51:14.124146+00	2026-10-06 16:23:37.435711+00	2026-10-06 17:22:48.366195+00	2026-10-06 19:24:25.843617+00	t	2026-10-06 15:40:26.642028+00	2026-10-06 19:24:26.036932+00
4173	ME_SHORT_GEOM_A_V1	1421905732	SANDUSDT	SHORT	2026-10-02 14:41:51.40161+00	2026-10-02 14:41:51.431396+00	7.239752285461533	8.375110586847544	8.537304629902689	10.793276319669722	13.181952226481869	0.0	0.0	0.0	0.0	0.0	36.1988	41.8756	42.6865	53.9664	65.9098	0.0	0.0	0.0	0.0	0.0	-5.765260984960205	-7.82954880566206	-8.13919197876733	-6.7974048953111215	-9.348274845178421	f	f	f	f	f	\N	\N	2026-10-02 14:59:14.290479+00	2026-10-02 15:15:57.991999+00	2026-10-02 15:43:47.4749+00	2026-10-02 16:44:55.772318+00	2026-10-02 18:43:09.642643+00	t	2026-10-02 14:59:15.779807+00	2026-10-02 18:43:09.841433+00
4174	ME_SHORT_GEOM_B_V1	1421905732	SANDUSDT	SHORT	2026-10-02 14:41:51.40161+00	2026-10-02 14:41:51.431396+00	7.239752285461533	8.375110586847544	8.537304629902689	10.793276319669722	13.181952226481869	0.0	0.0	0.0	0.0	0.0	9.653	11.1668	11.3831	14.391	17.5759	0.0	0.0	0.0	0.0	0.0	-5.691536419935125	-7.82954880566206	-8.183426717782375	-6.708935417281035	-9.348274845178421	f	f	f	f	f	\N	\N	2026-10-02 14:59:16.149446+00	2026-10-02 15:15:59.86277+00	2026-10-02 15:43:49.529503+00	2026-10-02 16:44:57.434921+00	2026-10-02 18:43:10.221502+00	t	2026-10-02 14:59:18.012956+00	2026-10-02 18:43:10.409068+00
4443	ME_SHORT_GEOM_A_V1	1424310163	MAGMAUSDT	SHORT	2026-10-02 22:18:01.120468+00	2026-10-02 22:18:01.156888+00	6.991695687114924	6.991695687114924	6.991695687114924	6.991695687114924	14.010179480310745	0.0	0.0	0.0	0.0	0.0	34.9585	34.9585	34.9585	34.9585	70.0509	0.0	0.0	0.0	0.0	0.0	-4.446825609429414	-3.69675863916422	-3.4824537905170136	-3.8574872756496172	-3.187784623627115	f	f	f	f	f	\N	\N	2026-10-02 22:35:15.754097+00	2026-10-02 22:50:50.612335+00	2026-10-02 23:21:56.322462+00	2026-10-03 00:19:25.820102+00	2026-10-03 02:21:04.905885+00	t	2026-10-02 22:35:15.941669+00	2026-10-03 02:21:05.10124+00
4444	ME_SHORT_GEOM_B_V1	1424310163	MAGMAUSDT	SHORT	2026-10-02 22:18:01.120468+00	2026-10-02 22:18:01.156888+00	6.991695687114924	6.991695687114924	6.991695687114924	6.991695687114924	14.010179480310745	0.0	0.0	0.0	0.0	0.0	9.3223	9.3223	9.3223	9.3223	18.6802	0.0	0.0	0.0	0.0	0.0	-4.446825609429414	-3.69675863916422	-3.4824537905170136	-3.8574872756496172	-3.187784623627115	f	f	f	f	f	\N	\N	2026-10-02 22:35:15.943818+00	2026-10-02 22:50:50.801983+00	2026-10-02 23:21:56.6994+00	2026-10-03 00:19:26.1947+00	2026-10-03 02:21:05.285209+00	t	2026-10-02 22:35:16.132972+00	2026-10-03 02:21:05.663648+00
6623	ME_SHORT_GEOM_A_V1	1431787155	SOLUSDT	SHORT	2026-10-04 15:33:58.970841+00	2026-10-04 15:33:59.013682+00	0.40943334425155586	0.5895840157222394	0.6059613494923101	0.6059613494923101	0.7615460203078994	0.0	0.0	0.0	0.0	0.0	2.0472	2.9479	3.0298	3.0298	3.8077	0.0	0.0	0.0	0.0	0.0	-0.39305601048149685	-0.5568293481821215	-0.3848673435964616	-0.3848673435964616	-0.48313134621683873	f	f	f	f	f	\N	\N	2026-10-04 15:49:55.190977+00	2026-10-04 16:06:20.456412+00	2026-10-04 16:39:01.204093+00	2026-10-04 17:39:06.730763+00	2026-10-04 19:38:44.99731+00	t	2026-10-04 15:49:55.564083+00	2026-10-04 19:38:45.563166+00
6624	ME_SHORT_GEOM_B_V1	1431787155	SOLUSDT	SHORT	2026-10-04 15:33:58.970841+00	2026-10-04 15:33:59.013682+00	0.40943334425155586	0.5895840157222394	0.6059613494923101	0.6059613494923101	0.7615460203078994	0.0	0.0	0.0	0.0	0.0	0.5459	0.7861	0.8079	0.8079	1.0154	0.0	0.0	0.0	0.0	0.0	-0.39305601048149685	-0.5568293481821215	-0.3848673435964616	-0.3848673435964616	-0.48313134621683873	f	f	f	f	f	\N	\N	2026-10-04 15:49:56.111203+00	2026-10-04 16:06:21.403096+00	2026-10-04 16:39:02.5775+00	2026-10-04 17:39:08.623612+00	2026-10-04 19:38:46.43562+00	t	2026-10-04 15:49:56.3094+00	2026-10-04 19:38:46.810638+00
544	ME_SHORT_GEOM_A_V1	1432781249	GRASSUSDT	SHORT	2026-09-29 15:12:11.377132+00	2026-09-29 15:12:11.404438+00	2.915369374469283	4.811774695726016	4.811774695726016	7.288423436173222	7.67053495612794	0.0	0.0	0.0	0.0	0.0	14.5768	24.0589	24.0589	36.4421	38.3527	0.0	0.0	0.0	0.0	0.0	-1.740730257571466	-4.118313048400794	-1.9247098782904128	-4.953297480894428	-1.5567506368525346	f	f	f	f	f	\N	\N	2026-09-29 15:28:16.553894+00	2026-09-29 15:44:29.948319+00	2026-09-29 16:16:50.935332+00	2026-09-29 17:15:21.026351+00	2026-09-29 19:16:06.639598+00	t	2026-09-29 15:28:16.921791+00	2026-09-29 19:16:06.822624+00
545	ME_SHORT_GEOM_B_V1	1432781249	GRASSUSDT	SHORT	2026-09-29 15:12:11.377132+00	2026-09-29 15:12:11.404438+00	2.915369374469283	4.811774695726016	4.811774695726016	7.288423436173222	7.67053495612794	0.0	0.0	0.0	0.0	0.0	3.8872	6.4157	6.4157	9.7179	10.2274	0.0	0.0	0.0	0.0	0.0	-1.6982734220209468	-4.118313048400794	-1.9247098782904128	-4.953297480894428	-1.5567506368525346	f	f	f	f	f	\N	\N	2026-09-29 15:28:16.923737+00	2026-09-29 15:44:30.318298+00	2026-09-29 16:16:51.318286+00	2026-09-29 17:15:21.571605+00	2026-09-29 19:16:07.184093+00	t	2026-09-29 15:28:17.287779+00	2026-09-29 19:16:07.725256+00
3686	ME_SHORT_GEOM_A_V1	1434359385	XRPUSDT	SHORT	2026-10-02 10:08:59.784469+00	2026-10-02 10:08:59.818889+00	0.5635445005829869	0.5635445005829869	0.5635445005829869	1.1206114781707535	1.2112968001036508	0.0	0.4599041326596634	0.4599041326596634	0.4599041326596634	0.8226454203912381	2.8177	2.8177	2.8177	5.6031	6.0565	0.0	2.2995	2.2995	2.2995	4.1132	-0.5441119315973547	0.4210389946884279	-0.01943256898561776	-0.6736623915014875	-1.0623137712138857	f	t	f	t	f	\N	16.0	2026-10-02 10:24:43.234828+00	2026-10-02 10:40:45.736721+00	2026-10-02 11:12:44.865405+00	2026-10-02 12:12:09.378298+00	2026-10-02 14:09:01.349184+00	t	2026-10-02 10:24:43.422095+00	2026-10-02 14:09:01.72383+00
3687	ME_SHORT_GEOM_B_V1	1434359385	XRPUSDT	SHORT	2026-10-02 10:08:59.784469+00	2026-10-02 10:08:59.818889+00	0.5635445005829869	0.5635445005829869	0.5635445005829869	1.1206114781707535	1.2112968001036508	0.0	0.4599041326596634	0.4599041326596634	0.4599041326596634	0.8226454203912381	0.7514	0.7514	0.7514	1.4941	1.6151	0.0	0.6132	0.6132	0.6132	1.0969	-0.5052467936261192	0.4210389946884279	-0.01943256898561776	-0.6736623915014875	-1.042881202228268	f	t	f	t	f	\N	141.0	2026-10-02 10:24:43.424751+00	2026-10-02 10:40:46.245211+00	2026-10-02 11:12:45.283303+00	2026-10-02 12:12:09.933937+00	2026-10-02 14:09:03.017655+00	t	2026-10-02 10:24:43.928797+00	2026-10-02 14:09:04.216212+00
6806	ME_SHORT_GEOM_A_V1	1436326850	CLUSDT	SHORT	2026-10-04 18:34:46.503879+00	2026-10-04 18:34:46.564376+00	0.19590770570308297	0.19590770570308297	0.19590770570308297	0.20679146713103802	0.8598171528080019	0.0	0.06530256856769948	0.06530256856769948	0.07618632999565454	0.07618632999565454	0.9795	0.9795	0.9795	1.034	4.2991	0.0	0.3265	0.3265	0.3809	0.3809	-0.11972137570744389	-0.03265128428384974	-0.11972137570744389	-0.08707009142359415	-0.8053983456682574	t	f	t	f	f	215.2	\N	2026-10-04 18:49:54.488946+00	2026-10-04 19:06:13.01036+00	2026-10-04 19:38:44.99731+00	2026-10-04 20:38:17.809795+00	2026-10-04 22:37:14.524913+00	t	2026-10-04 18:49:55.597574+00	2026-10-04 22:37:15.073724+00
6807	ME_SHORT_GEOM_B_V1	1436326850	CLUSDT	SHORT	2026-10-04 18:34:46.503879+00	2026-10-04 18:34:46.564376+00	0.19590770570308297	0.19590770570308297	0.19590770570308297	0.20679146713103802	0.8598171528080019	0.0	0.06530256856769948	0.06530256856769948	0.07618632999565454	0.07618632999565454	0.2612	0.2612	0.2612	0.2757	1.1464	0.0	0.0871	0.0871	0.1016	0.1016	-0.11972137570744389	-0.03265128428384974	-0.11972137570744389	-0.08707009142359415	-0.8053983456682574	t	f	t	f	f	215.2	\N	2026-10-04 18:49:55.600495+00	2026-10-04 19:06:14.429731+00	2026-10-04 19:38:46.43562+00	2026-10-04 20:38:18.548513+00	2026-10-04 22:37:16.308846+00	t	2026-10-04 18:49:56.726687+00	2026-10-04 22:37:17.246958+00
6687	ME_SHORT_GEOM_A_V1	1438227721	STRKUSDT	SHORT	2026-10-04 16:29:09.720652+00	2026-10-04 16:29:09.758747+00	3.4351145038167865	3.4351145038167865	4.059680777238021	5.777238029146426	6.176266481609983	0.0	0.0	0.0	0.0	0.0	17.1756	17.1756	20.2984	28.8862	30.8813	0.0	0.0	0.0	0.0	0.0	-2.723802914642601	-2.4809160305343405	-3.81679389312976	-5.117973629424002	-3.313671061762656	f	f	f	f	f	\N	\N	2026-10-04 16:44:29.122695+00	2026-10-04 17:00:50.242694+00	2026-10-04 17:33:38.848988+00	2026-10-04 18:33:40.458613+00	2026-10-04 20:32:53.671615+00	t	2026-10-04 16:44:29.690793+00	2026-10-04 20:32:54.234869+00
6688	ME_SHORT_GEOM_B_V1	1438227721	STRKUSDT	SHORT	2026-10-04 16:29:09.720652+00	2026-10-04 16:29:09.758747+00	3.4351145038167865	3.4351145038167865	4.059680777238021	5.777238029146426	6.176266481609983	0.0	0.0	0.0	0.0	0.0	4.5802	4.5802	5.4129	7.703	8.235	0.0	0.0	0.0	0.0	0.0	-2.775850104094374	-2.4809160305343405	-3.81679389312976	-5.117973629424002	-3.313671061762656	f	f	f	f	f	\N	\N	2026-10-04 16:44:30.057829+00	2026-10-04 17:00:51.176278+00	2026-10-04 17:33:40.274407+00	2026-10-04 18:33:41.416051+00	2026-10-04 20:32:54.599403+00	t	2026-10-04 16:44:30.626622+00	2026-10-04 20:32:55.284186+00
7102	ME_SHORT_GEOM_A_V1	1440852907	KLACUSDT	SHORT	2026-10-04 22:05:21.728786+00	2026-10-04 22:05:21.77118+00	0.0	0.0	0.0	0.29417438271605595	0.29417438271605595	0.09645061728394512	0.3231095679012285	0.3231095679012285	0.7426697530864158	1.8663194444444329	0.0	0.0	0.0	1.4709	1.4709	0.4823	1.6155	1.6155	3.7133	9.3316	0.024112654320979428	0.16396604938270398	0.2797067901234491	0.7426697530864158	1.5383873456790111	f	t	f	t	f	\N	14.6	2026-10-04 22:20:55.540085+00	2026-10-04 22:37:14.524913+00	2026-10-04 23:09:43.212991+00	2026-10-05 00:09:01.965237+00	2026-10-05 02:08:54.705467+00	t	2026-10-04 22:20:56.282561+00	2026-10-05 02:08:54.902785+00
7103	ME_SHORT_GEOM_B_V1	1440852907	KLACUSDT	SHORT	2026-10-04 22:05:21.728786+00	2026-10-04 22:05:21.77118+00	0.0	0.0	0.0	0.29417438271605595	0.29417438271605595	0.09645061728394512	0.3231095679012285	0.3231095679012285	0.7426697530864158	1.8663194444444329	0.0	0.0	0.0	0.3922	0.3922	0.1286	0.4308	0.4308	0.9902	2.4884	0.024112654320979428	0.16396604938270398	0.2797067901234491	0.7426697530864158	1.5383873456790111	f	t	f	t	f	\N	124.6	2026-10-04 22:20:56.832526+00	2026-10-04 22:37:16.308846+00	2026-10-04 23:09:44.498148+00	2026-10-05 00:09:03.453701+00	2026-10-05 02:08:56.907667+00	t	2026-10-04 22:20:57.21281+00	2026-10-05 02:08:57.964806+00
8893	ME_SHORT_GEOM_A_V1	1457776182	ORCAUSDT	SHORT	2026-10-06 07:55:46.474496+00	2026-10-06 07:55:46.508949+00	3.1564356435643517	3.1564356435643517	3.1564356435643517	3.1564356435643517	3.1564356435643517	0.0	1.0891089108911012	2.52673267326733	6.99801980198021	9.172277227722782	15.7822	15.7822	15.7822	15.7822	15.7822	0.0	5.4455	12.6337	34.9901	45.8614	-1.7980198019801934	-0.37227722772276645	1.5287128712871363	1.8297029702970393	1.4455445544554535	f	t	f	t	f	\N	24.2	2026-10-06 08:12:20.839238+00	2026-10-06 08:28:15.094188+00	2026-10-06 09:00:15.307742+00	2026-10-06 09:59:10.379052+00	2026-10-06 11:56:50.460256+00	t	2026-10-06 08:12:21.030972+00	2026-10-06 11:56:50.6518+00
8894	ME_SHORT_GEOM_B_V1	1457776182	ORCAUSDT	SHORT	2026-10-06 07:55:46.474496+00	2026-10-06 07:55:46.508949+00	3.1564356435643517	3.1564356435643517	3.1564356435643517	3.1564356435643517	3.1564356435643517	0.0	1.0891089108911012	2.52673267326733	6.99801980198021	9.172277227722782	4.2086	4.2086	4.2086	4.2086	4.2086	0.0	1.4521	3.369	9.3307	12.2297	-1.7980198019801934	-0.37227722772276645	1.5287128712871363	1.8297029702970393	1.4217821782178324	f	t	f	t	f	\N	24.2	2026-10-06 08:12:21.396333+00	2026-10-06 08:28:15.975876+00	2026-10-06 09:00:16.738771+00	2026-10-06 09:59:10.954824+00	2026-10-06 11:56:51.02642+00	t	2026-10-06 08:12:21.587451+00	2026-10-06 11:56:51.231628+00
6316	ME_SHORT_GEOM_A_V1	1461129668	SOLUSDT	SHORT	2026-10-04 11:43:30.393624+00	2026-10-04 11:43:30.44005+00	0.2552070470074934	0.27990450316950966	0.27990450316950966	0.27990450316950966	0.27990450316950966	0.0	0.27167201778216704	0.27167201778216704	0.4280892401415955	0.5433440355643341	1.276	1.3995	1.3995	1.3995	1.3995	0.0	1.3584	1.3584	2.1404	2.7167	-0.2140446200708036	-0.02469745616201625	-0.0164649707746736	0.10702231003539595	0.17288219313411374	f	t	f	t	f	\N	21.5	2026-10-04 12:01:49.93028+00	2026-10-04 12:18:08.49038+00	2026-10-04 12:45:13.334254+00	2026-10-04 13:44:41.633829+00	2026-10-04 15:44:28.283231+00	t	2026-10-04 12:01:50.699087+00	2026-10-04 15:44:28.653525+00
6317	ME_SHORT_GEOM_B_V1	1461129668	SOLUSDT	SHORT	2026-10-04 11:43:30.393624+00	2026-10-04 11:43:30.44005+00	0.2552070470074934	0.27990450316950966	0.27990450316950966	0.27990450316950966	0.27990450316950966	0.0	0.27167201778216704	0.27167201778216704	0.4280892401415955	0.5433440355643341	0.3403	0.3732	0.3732	0.3732	0.3732	0.0	0.3622	0.3622	0.5708	0.7245	-0.2140446200708036	-0.02469745616201625	-0.0164649707746736	0.10702231003539595	0.17288219313411374	f	f	f	f	f	\N	\N	2026-10-04 12:01:51.067972+00	2026-10-04 12:18:09.420297+00	2026-10-04 12:45:14.279261+00	2026-10-04 13:44:42.566768+00	2026-10-04 15:44:29.396558+00	t	2026-10-04 12:01:51.831626+00	2026-10-04 15:44:29.586594+00
6251	ME_SHORT_GEOM_A_V1	1463570730	SOLUSDT	SHORT	2026-10-04 10:53:22.373336+00	2026-10-04 10:53:22.423014+00	0.23882071975624328	0.23882071975624328	0.24705591698922125	0.24705591698922125	0.24705591698922125	0.0	0.0	0.032940788931888364	0.30470229762002005	0.461171045046519	1.1941	1.1941	1.2353	1.2353	1.2353	0.0	0.0	0.1647	1.5235	2.3059	-0.10705756402866644	-0.07411677509676637	-0.2223503252902991	-0.14823355019353274	0.16470394465946522	f	t	f	t	f	\N	71.6	2026-10-04 11:13:00.893595+00	2026-10-04 11:23:51.372108+00	2026-10-04 11:56:24.463097+00	2026-10-04 12:56:03.821879+00	2026-10-04 14:55:21.653398+00	t	2026-10-04 11:13:01.998095+00	2026-10-04 14:55:21.852412+00
6252	ME_SHORT_GEOM_B_V1	1463570730	SOLUSDT	SHORT	2026-10-04 10:53:22.373336+00	2026-10-04 10:53:22.423014+00	0.23882071975624328	0.23882071975624328	0.24705591698922125	0.24705591698922125	0.24705591698922125	0.0	0.0	0.032940788931888364	0.30470229762002005	0.461171045046519	0.3184	0.3184	0.3294	0.3294	0.3294	0.0	0.0	0.0439	0.4063	0.6149	-0.10705756402866644	-0.06588157786380013	-0.2223503252902991	-0.14823355019353274	0.16470394465946522	f	f	f	f	f	\N	\N	2026-10-04 11:13:02.000871+00	2026-10-04 11:23:52.666759+00	2026-10-04 11:56:25.590329+00	2026-10-04 12:56:04.744955+00	2026-10-04 14:55:23.415521+00	t	2026-10-04 11:13:03.098282+00	2026-10-04 14:55:23.929563+00
5825	ME_SHORT_GEOM_A_V1	1471655252	USELESSUSDT	SHORT	2026-10-04 04:32:39.947633+00	2026-10-04 04:32:39.97972+00	0.9398341951900134	1.0424361815644698	1.1368300090289727	1.3215135845029964	2.0766642042189862	0.0	0.0	0.0	0.0	1.272264631043265	4.6992	5.2122	5.6842	6.6076	10.3833	0.0	0.0	0.0	0.0	6.3613	-0.3652630714930535	-0.6648608717064691	-1.046540261019452	-0.6566527127965158	-0.5745711236969484	f	t	f	t	f	\N	207.3	2026-10-04 04:51:09.172258+00	2026-10-04 05:07:18.303503+00	2026-10-04 05:34:10.868146+00	2026-10-04 06:33:12.829837+00	2026-10-04 08:35:52.179001+00	t	2026-10-04 04:51:09.728406+00	2026-10-04 08:35:53.236625+00
5826	ME_SHORT_GEOM_B_V1	1471655252	USELESSUSDT	SHORT	2026-10-04 04:32:39.947633+00	2026-10-04 04:32:39.97972+00	0.9398341951900134	1.0424361815644698	1.1368300090289727	1.3215135845029964	2.0766642042189862	0.0	0.0	0.0	0.0	1.272264631043265	1.2531	1.3899	1.5158	1.762	2.7689	0.0	0.0	0.0	0.0	1.6964	-0.3652630714930535	-0.6648608717064691	-1.046540261019452	-0.6689649511614515	-0.5745711236969484	f	t	f	t	f	\N	207.3	2026-10-04 04:51:10.106775+00	2026-10-04 05:07:19.234518+00	2026-10-04 05:34:11.800465+00	2026-10-04 06:33:13.573935+00	2026-10-04 08:35:53.607372+00	t	2026-10-04 04:51:10.681621+00	2026-10-04 08:35:54.341199+00
1475	ME_SHORT_GEOM_A_V1	1472280370	ASTERUSDT	SHORT	2026-09-30 15:12:53.944532+00	2026-09-30 15:12:53.979563+00	1.1717744012361573	1.1717744012361573	1.1717744012361573	2.0087561164048346	3.9273757404068985	0.0	0.2704094772083429	0.2704094772083429	0.2704094772083429	0.2704094772083429	5.8589	5.8589	5.8589	10.0438	19.6369	0.0	1.352	1.352	1.352	1.352	-0.643832088591296	-0.9013649240278143	-0.3347926860674653	-1.519443729075447	-3.180530517640992	t	t	f	t	f	202.1	17.1	2026-09-30 15:33:10.090569+00	2026-09-30 15:44:03.494369+00	2026-09-30 16:16:44.616607+00	2026-09-30 17:16:05.546483+00	2026-09-30 19:17:35.543446+00	t	2026-09-30 15:33:10.475073+00	2026-09-30 19:17:35.729137+00
1476	ME_SHORT_GEOM_B_V1	1472280370	ASTERUSDT	SHORT	2026-09-30 15:12:53.944532+00	2026-09-30 15:12:53.979563+00	1.1717744012361573	1.1717744012361573	1.1717744012361573	2.0087561164048346	3.9273757404068985	0.0	0.2704094772083429	0.2704094772083429	0.2704094772083429	0.2704094772083429	1.5624	1.5624	1.5624	2.6783	5.2365	0.0	0.3605	0.3605	0.3605	0.3605	-0.643832088591296	-0.9013649240278143	-0.3347926860674653	-1.519443729075447	-3.180530517640992	t	f	t	f	f	202.1	\N	2026-09-30 15:33:10.476813+00	2026-09-30 15:44:03.865293+00	2026-09-30 16:16:44.991862+00	2026-09-30 17:16:05.916255+00	2026-09-30 19:17:35.731795+00	t	2026-09-30 15:33:10.860865+00	2026-09-30 19:17:35.915692+00
7237	ME_SHORT_GEOM_A_V1	1472695835	DOGEUSDT	SHORT	2026-10-04 23:30:23.97305+00	2026-10-04 23:30:24.012933+00	0.8289296445964098	0.9739923324007838	0.9947155735157006	1.0361620557455196	1.0361620557455196	0.0	0.0	0.0	0.4351880634131217	0.4351880634131217	4.1446	4.87	4.9736	5.1808	5.1808	0.0	0.0	0.0	2.1759	2.1759	-0.756398300694223	-0.8910993679411456	-0.9636307118433326	0.01036162055745117	-0.21759403170656086	f	t	f	t	f	\N	104.6	2026-10-04 23:47:32.685568+00	2026-10-05 00:03:37.562669+00	2026-10-05 00:30:40.035302+00	2026-10-05 01:30:41.220525+00	2026-10-05 03:34:44.537958+00	t	2026-10-04 23:47:33.060494+00	2026-10-05 03:34:45.097001+00
7238	ME_SHORT_GEOM_B_V1	1472695835	DOGEUSDT	SHORT	2026-10-04 23:30:23.97305+00	2026-10-04 23:30:24.012933+00	0.8289296445964098	0.9739923324007838	0.9947155735157006	1.0361620557455196	1.0361620557455196	0.0	0.0	0.0	0.4351880634131217	0.4351880634131217	1.1052	1.2987	1.3263	1.3815	1.3815	0.0	0.0	0.0	0.5803	0.5803	-0.7460366801367717	-0.911822609056048	-0.9636307118433326	-0.01036162055745117	-0.21759403170656086	f	f	f	f	f	\N	\N	2026-10-04 23:47:34.16294+00	2026-10-05 00:03:39.355806+00	2026-10-05 00:30:41.712597+00	2026-10-05 01:30:44.435584+00	2026-10-05 03:34:46.012376+00	t	2026-10-04 23:47:35.656543+00	2026-10-05 03:34:46.200974+00
8962	ME_SHORT_GEOM_A_V1	1487355669	SPCXUSDT	SHORT	2026-10-06 08:55:48.035847+00	2026-10-06 08:55:48.092636+00	0.07518362153721327	0.07518362153721327	0.11566711005724865	0.11566711005724865	0.8732866809322717	0.1388005320687115	0.14458388757156904	0.14458388757156904	0.32965126366317343	0.3354346191660474	0.3759	0.3759	0.5783	0.5783	4.3664	0.694	0.7229	0.7229	1.6483	1.6772	0.005783355502857502	-0.01735006650858894	0.06361691053149826	0.21976750910878232	-0.5667688392805447	f	t	f	t	f	\N	74.2	2026-10-06 09:11:04.309288+00	2026-10-06 09:27:02.579997+00	2026-10-06 09:59:10.379052+00	2026-10-06 10:57:48.160823+00	2026-10-06 12:59:14.583313+00	t	2026-10-06 09:11:04.879296+00	2026-10-06 12:59:15.146699+00
8963	ME_SHORT_GEOM_B_V1	1487355669	SPCXUSDT	SHORT	2026-10-06 08:55:48.035847+00	2026-10-06 08:55:48.092636+00	0.07518362153721327	0.07518362153721327	0.11566711005724865	0.11566711005724865	0.8732866809322717	0.1388005320687115	0.14458388757156904	0.14458388757156904	0.32965126366317343	0.3354346191660474	0.1002	0.1002	0.1542	0.1542	1.1644	0.1851	0.1928	0.1928	0.4395	0.4472	0.005783355502857502	-0.01735006650858894	0.06361691053149826	0.21976750910878232	-0.5667688392805447	f	f	f	f	f	\N	\N	2026-10-06 09:11:04.881241+00	2026-10-06 09:27:03.144926+00	2026-10-06 09:59:10.954824+00	2026-10-06 10:57:48.721205+00	2026-10-06 12:59:15.330746+00	t	2026-10-06 09:11:05.442967+00	2026-10-06 12:59:15.526867+00
9193	ME_SHORT_GEOM_A_V1	1487819467	SPCXUSDT	SHORT	2026-10-06 13:36:39.09127+00	2026-10-06 13:36:39.14088+00	0.34350489494474973	0.561057995076424	0.561057995076424	0.7900612583729292	1.3053186007900621	0.9503635426804977	0.9503635426804977	0.9503635426804977	0.9503635426804977	0.9503635426804977	1.7175	2.8053	2.8053	3.9503	6.5266	4.7518	4.7518	4.7518	4.7518	4.7518	-0.08587622373617523	0.21755310013169055	0.35495505810958067	-0.45800652659299423	-0.7041850346367378	f	t	f	t	f	\N	3.3	2026-10-06 13:52:47.800281+00	2026-10-06 14:08:53.039895+00	2026-10-06 14:41:08.728798+00	2026-10-06 15:40:24.771976+00	2026-10-06 17:38:48.099732+00	t	2026-10-06 13:52:48.191664+00	2026-10-06 17:38:48.292778+00
9194	ME_SHORT_GEOM_B_V1	1487819467	SPCXUSDT	SHORT	2026-10-06 13:36:39.09127+00	2026-10-06 13:36:39.14088+00	0.34350489494474973	0.561057995076424	0.561057995076424	0.7900612583729292	1.3053186007900621	0.9503635426804977	0.9503635426804977	0.9503635426804977	0.9503635426804977	0.9503635426804977	0.458	0.7481	0.7481	1.0534	1.7404	1.2672	1.2672	1.2672	1.2672	1.2672	-0.09160130531859884	0.24617850804374355	0.35495505810958067	-0.45800652659299423	-0.7041850346367378	f	t	f	t	f	\N	8.3	2026-10-06 13:52:48.58074+00	2026-10-06 14:08:53.784988+00	2026-10-06 14:41:09.47987+00	2026-10-06 15:40:25.716901+00	2026-10-06 17:38:48.884834+00	t	2026-10-06 13:52:49.142877+00	2026-10-06 17:38:49.081908+00
5757	ME_SHORT_GEOM_A_V1	1488958383	STRKUSDT	SHORT	2026-10-04 03:07:15.791297+00	2026-10-04 03:07:15.820865+00	3.3563304120827824	3.7292560134253123	3.7292560134253123	3.7292560134253123	3.7292560134253123	0.0	0.0	0.0	0.8390826030207086	1.510348685437265	16.7817	18.6463	18.6463	18.6463	18.6463	0.0	0.0	0.0	4.1954	7.5517	-2.0697370874510534	-3.11392877121014	-2.2934924482565635	-0.540742121946669	0.4288644415439139	f	t	f	t	f	\N	77.7	2026-10-04 03:25:06.398104+00	2026-10-04 03:41:17.024084+00	2026-10-04 04:08:14.438661+00	2026-10-04 05:07:18.303503+00	2026-10-04 07:10:30.043858+00	t	2026-10-04 03:25:06.767266+00	2026-10-04 07:10:30.236517+00
5758	ME_SHORT_GEOM_B_V1	1488958383	STRKUSDT	SHORT	2026-10-04 03:07:15.791297+00	2026-10-04 03:07:15.820865+00	3.3563304120827824	3.7292560134253123	3.7292560134253123	3.7292560134253123	3.7292560134253123	0.0	0.0	0.0	0.8390826030207086	1.510348685437265	4.4751	4.9723	4.9723	4.9723	4.9723	0.0	0.0	0.0	1.1188	2.0138	-2.0697370874510534	-3.11392877121014	-2.2934924482565635	-0.540742121946669	0.4288644415439139	f	t	f	t	f	\N	82.7	2026-10-04 03:25:06.953371+00	2026-10-04 03:41:17.587054+00	2026-10-04 04:08:14.993316+00	2026-10-04 05:07:19.234518+00	2026-10-04 07:10:30.792366+00	t	2026-10-04 03:25:07.646198+00	2026-10-04 07:10:30.983633+00
3840	ME_SHORT_GEOM_A_V1	1495916507	WLDUSDT	SHORT	2026-10-02 11:44:22.472142+00	2026-10-02 11:44:22.508409+00	0.9908256880734075	0.9908256880734075	0.9908256880734075	0.9908256880734075	0.9908256880734075	0.0	0.7155963302752321	2.9724770642201817	8.23853211009173	8.23853211009173	4.9541	4.9541	4.9541	4.9541	4.9541	0.0	3.578	14.8624	41.1927	41.1927	-0.45871559633028575	0.49541284403668334	2.0366972477064214	7.302752293577972	4.477064220183482	f	t	f	t	f	\N	25.6	2026-10-02 12:01:19.615493+00	2026-10-02 12:17:31.624656+00	2026-10-02 12:44:43.914065+00	2026-10-02 13:46:45.684472+00	2026-10-02 15:49:20.638516+00	t	2026-10-02 12:01:20.176488+00	2026-10-02 15:49:21.562519+00
3841	ME_SHORT_GEOM_B_V1	1495916507	WLDUSDT	SHORT	2026-10-02 11:44:22.472142+00	2026-10-02 11:44:22.508409+00	0.9908256880734075	0.9908256880734075	0.9908256880734075	0.9908256880734075	0.9908256880734075	0.0	0.7155963302752321	2.9724770642201817	8.23853211009173	8.23853211009173	1.3211	1.3211	1.3211	1.3211	1.3211	0.0	0.9541	3.9633	10.9847	10.9847	-0.45871559633028575	0.49541284403668334	2.0366972477064214	7.302752293577972	4.477064220183482	f	t	f	t	f	\N	30.6	2026-10-02 12:01:20.178866+00	2026-10-02 12:17:32.199545+00	2026-10-02 12:44:44.652994+00	2026-10-02 13:46:47.688293+00	2026-10-02 15:49:22.667067+00	t	2026-10-02 12:01:20.734701+00	2026-10-02 15:49:23.965142+00
1208	ME_SHORT_GEOM_A_V1	1505442013	QNTUSDT	SHORT	2026-09-30 10:53:03.364843+00	2026-09-30 10:53:03.394433+00	1.2262538948638138	1.2262538948638138	1.2262538948638138	1.2262538948638138	4.268435688678932	1.802526217040237	6.915267866117193	9.77317653365496	9.77317653365496	9.77317653365496	6.1313	6.1313	6.1313	6.1313	21.3422	9.0126	34.5763	48.8659	48.8659	48.8659	1.3870740777967587	6.1413207357523305	4.335444098234327	3.6653600026803352	-2.1978758334170947	f	t	f	t	f	\N	11.9	2026-09-30 11:08:32.529325+00	2026-09-30 11:24:40.076224+00	2026-09-30 11:57:01.850337+00	2026-09-30 12:56:19.811904+00	2026-09-30 14:55:21.504772+00	t	2026-09-30 11:08:32.898522+00	2026-09-30 14:55:21.685885+00
1209	ME_SHORT_GEOM_B_V1	1505442013	QNTUSDT	SHORT	2026-09-30 10:53:03.364843+00	2026-09-30 10:53:03.394433+00	1.2262538948638138	1.2262538948638138	1.2262538948638138	1.2262538948638138	4.268435688678932	1.802526217040237	6.915267866117193	9.77317653365496	9.77317653365496	9.77317653365496	1.635	1.635	1.635	1.635	5.6912	2.4034	9.2204	13.0309	13.0309	13.0309	1.3870740777967587	6.1413207357523305	4.335444098234327	3.6653600026803352	-2.1978758334170947	f	t	f	t	f	\N	11.9	2026-09-30 11:08:32.901645+00	2026-09-30 11:24:40.756879+00	2026-09-30 11:57:02.224343+00	2026-09-30 12:56:20.176762+00	2026-09-30 14:55:22.061438+00	t	2026-09-30 11:08:33.286807+00	2026-09-30 14:55:22.24903+00
4277	ME_SHORT_GEOM_A_V1	1510840013	SANDUSDT	SHORT	2026-10-02 17:21:57.160312+00	2026-10-02 17:21:57.211092+00	4.290076335877873	5.3893129770992445	5.3893129770992445	10.106870229007635	10.106870229007635	0.0	0.0	0.0	0.0	0.0	21.4504	26.9466	26.9466	50.5344	50.5344	0.0	0.0	0.0	0.0	0.0	-3.465648854961844	-2.870229007633598	-4.167938931297704	-5.725190839694661	-3.9847328244274824	f	f	f	f	f	\N	\N	2026-10-02 17:39:06.746295+00	2026-10-02 17:55:14.951371+00	2026-10-02 18:21:57.835363+00	2026-10-02 19:25:36.693622+00	2026-10-02 21:22:01.18565+00	t	2026-10-02 17:39:06.952012+00	2026-10-02 21:22:01.562817+00
4278	ME_SHORT_GEOM_B_V1	1510840013	SANDUSDT	SHORT	2026-10-02 17:21:57.160312+00	2026-10-02 17:21:57.211092+00	4.290076335877873	5.3893129770992445	5.3893129770992445	10.106870229007635	10.106870229007635	0.0	0.0	0.0	0.0	0.0	5.7201	7.1858	7.1858	13.4758	13.4758	0.0	0.0	0.0	0.0	0.0	-3.4961832061068705	-2.870229007633598	-4.167938931297704	-5.725190839694661	-3.9847328244274824	f	f	f	f	f	\N	\N	2026-10-02 17:39:08.055439+00	2026-10-02 17:55:15.901869+00	2026-10-02 18:21:58.42625+00	2026-10-02 19:25:37.262309+00	2026-10-02 21:22:01.565105+00	t	2026-10-02 17:39:08.245933+00	2026-10-02 21:22:01.756326+00
1438	ME_SHORT_GEOM_A_V1	1516150456	ASTERUSDT	SHORT	2026-09-30 14:23:50.482279+00	2026-09-30 14:23:50.50688+00	2.39928149858865	2.39928149858865	2.39928149858865	2.39928149858865	3.6694893507826483	0.0	0.0	0.0	0.0	0.0	11.9964	11.9964	11.9964	11.9964	18.3474	0.0	0.0	0.0	0.0	0.0	-1.8475750577367167	-0.7826533230690267	-1.1162432640492597	-0.9494482935591433	-3.117782909930715	f	f	f	f	f	\N	\N	2026-09-30 14:39:08.926966+00	2026-09-30 14:55:21.504772+00	2026-09-30 15:27:43.264133+00	2026-09-30 16:27:31.975675+00	2026-09-30 18:24:58.293765+00	t	2026-09-30 14:39:09.513242+00	2026-09-30 18:24:58.483269+00
1439	ME_SHORT_GEOM_B_V1	1516150456	ASTERUSDT	SHORT	2026-09-30 14:23:50.482279+00	2026-09-30 14:23:50.50688+00	2.39928149858865	2.39928149858865	2.39928149858865	2.39928149858865	3.6694893507826483	0.0	0.0	0.0	0.0	0.0	3.199	3.199	3.199	3.199	4.8927	0.0	0.0	0.0	0.0	0.0	-1.8475750577367167	-0.7826533230690267	-1.1162432640492597	-0.9494482935591433	-3.117782909930715	f	f	f	f	f	\N	\N	2026-09-30 14:39:09.518153+00	2026-09-30 14:55:22.061438+00	2026-09-30 15:27:43.638112+00	2026-09-30 16:27:32.357769+00	2026-09-30 18:24:58.675529+00	t	2026-09-30 14:39:10.070631+00	2026-09-30 18:24:58.865578+00
8941	ME_SHORT_GEOM_A_V1	1522672123	SPCXUSDT	SHORT	2026-10-06 08:20:42.186299+00	2026-10-06 08:20:42.231364+00	0.6174620578221439	0.6174620578221439	0.6174620578221439	0.6174620578221439	1.0906572797045337	0.0	0.0	0.0	0.057706734375898384	0.11541346875181319	3.0873	3.0873	3.0873	3.0873	5.4533	0.0	0.0	0.0	0.2885	0.5771	-0.4443418546944323	-0.29430434531709326	-0.14426683593975417	0.00577067343760132	-0.47319522188238977	f	f	f	f	f	\N	\N	2026-10-06 08:38:53.320216+00	2026-10-06 08:54:53.689444+00	2026-10-06 09:21:41.792367+00	2026-10-06 10:25:58.109174+00	2026-10-06 12:23:24.844554+00	t	2026-10-06 08:38:53.880692+00	2026-10-06 12:23:25.714332+00
8942	ME_SHORT_GEOM_B_V1	1522672123	SPCXUSDT	SHORT	2026-10-06 08:20:42.186299+00	2026-10-06 08:20:42.231364+00	0.6174620578221439	0.6174620578221439	0.6174620578221439	0.6174620578221439	1.0906572797045337	0.0	0.0	0.0	0.057706734375898384	0.11541346875181319	0.8233	0.8233	0.8233	0.8233	1.4542	0.0	0.0	0.0	0.0769	0.1539	-0.4443418546944323	-0.31161636562986444	-0.14426683593975417	0.00577067343760132	-0.47319522188238977	f	f	f	f	f	\N	\N	2026-10-06 08:38:53.883679+00	2026-10-06 08:54:54.243336+00	2026-10-06 09:21:42.350264+00	2026-10-06 10:25:58.666015+00	2026-10-06 12:23:25.719032+00	t	2026-10-06 08:38:54.439342+00	2026-10-06 12:23:26.090821+00
9238	ME_SHORT_GEOM_A_V1	1523066988	AVAXUSDT	SHORT	2026-10-06 14:11:47.480647+00	2026-10-06 14:11:47.525737+00	0.20980854969840815	0.20980854969840815	0.20980854969840815	0.20980854969840815	0.44584316810910185	0.5332633971501	0.8654602675059027	1.6435003059708069	1.6435003059708069	1.6435003059708069	1.049	1.049	1.049	1.049	2.2292	2.6663	4.3273	8.2175	8.2175	8.2175	-0.09616225194509338	0.7867820613689995	1.040300725587899	0.24477664131480437	0.10490427484920407	f	t	f	t	f	\N	3.2	2026-10-06 14:30:21.477972+00	2026-10-06 14:46:31.848031+00	2026-10-06 15:13:25.078816+00	2026-10-06 16:12:45.814716+00	2026-10-06 18:15:55.637759+00	t	2026-10-06 14:30:22.169865+00	2026-10-06 18:15:55.831036+00
9239	ME_SHORT_GEOM_B_V1	1523066988	AVAXUSDT	SHORT	2026-10-06 14:11:47.480647+00	2026-10-06 14:11:47.525737+00	0.20980854969840815	0.20980854969840815	0.20980854969840815	0.20980854969840815	0.44584316810910185	0.5332633971501	0.8654602675059027	1.6435003059708069	1.6435003059708069	1.6435003059708069	0.2797	0.2797	0.2797	0.2797	0.5945	0.711	1.1539	2.1913	2.1913	2.1913	-0.09616225194509338	0.7867820613689995	1.040300725587899	0.24477664131480437	0.10490427484920407	f	t	f	t	f	\N	23.2	2026-10-06 14:30:22.53911+00	2026-10-06 14:46:32.732878+00	2026-10-06 15:13:25.837323+00	2026-10-06 16:12:47.085029+00	2026-10-06 18:15:56.576865+00	t	2026-10-06 14:30:23.233859+00	2026-10-06 18:15:56.767365+00
5764	ME_SHORT_GEOM_A_V1	1528009043	STRKUSDT	SHORT	2026-10-04 03:12:17.094882+00	2026-10-04 03:12:17.126632+00	3.3563304120827824	3.7292560134253123	3.7292560134253123	3.7292560134253123	3.7292560134253123	0.0	0.0	0.0	0.8390826030207086	1.510348685437265	16.7817	18.6463	18.6463	18.6463	18.6463	0.0	0.0	0.0	4.1954	7.5517	-2.59183292933059	-2.9461122506060007	-1.4171172851016163	-0.9696065634905829	-0.1864628006712585	f	t	f	t	f	\N	72.7	2026-10-04 03:30:28.854264+00	2026-10-04 03:46:41.139789+00	2026-10-04 04:13:39.192614+00	2026-10-04 05:12:43.411512+00	2026-10-04 07:15:49.51915+00	t	2026-10-04 03:30:29.222861+00	2026-10-04 07:15:49.715357+00
5765	ME_SHORT_GEOM_B_V1	1528009043	STRKUSDT	SHORT	2026-10-04 03:12:17.094882+00	2026-10-04 03:12:17.126632+00	3.3563304120827824	3.7292560134253123	3.7292560134253123	3.7292560134253123	3.7292560134253123	0.0	0.0	0.0	0.8390826030207086	1.510348685437265	4.4751	4.9723	4.9723	4.9723	4.9723	0.0	0.0	0.0	1.1188	2.0138	-2.59183292933059	-2.9461122506060007	-1.4171172851016163	-0.9696065634905829	-0.1864628006712585	f	t	f	t	f	\N	77.7	2026-10-04 03:30:29.406761+00	2026-10-04 03:46:41.697343+00	2026-10-04 04:13:39.752376+00	2026-10-04 05:12:44.659804+00	2026-10-04 07:15:50.270849+00	t	2026-10-04 03:30:30.094796+00	2026-10-04 07:15:50.465477+00
3858	ME_SHORT_GEOM_A_V1	1529676284	WLDUSDT	SHORT	2026-10-02 11:54:24.649531+00	2026-10-02 11:54:24.67743+00	0.9908256880734075	0.9908256880734075	0.9908256880734075	0.9908256880734075	0.9908256880734075	0.018348623853208988	1.8715596330275204	4.458715596330273	8.23853211009173	8.23853211009173	4.9541	4.9541	4.9541	4.9541	4.9541	0.0917	9.3578	22.2936	41.1927	41.1927	-0.03669724770643835	1.3944954128440257	4.091743119266052	5.467889908256869	4.972477064220185	f	t	f	t	f	\N	15.6	2026-10-02 12:12:09.378298+00	2026-10-02 12:28:22.914802+00	2026-10-02 12:56:58.282524+00	2026-10-02 13:57:54.080878+00	2026-10-02 15:54:54.627619+00	t	2026-10-02 12:12:09.931396+00	2026-10-02 15:54:55.578138+00
3859	ME_SHORT_GEOM_B_V1	1529676284	WLDUSDT	SHORT	2026-10-02 11:54:24.649531+00	2026-10-02 11:54:24.67743+00	0.9908256880734075	0.9908256880734075	0.9908256880734075	0.9908256880734075	0.9908256880734075	0.018348623853208988	1.8715596330275204	4.458715596330273	8.23853211009173	8.23853211009173	1.3211	1.3211	1.3211	1.3211	1.3211	0.0245	2.4954	5.945	10.9847	10.9847	-0.03669724770643835	1.3944954128440257	4.091743119266052	5.467889908256869	5.0091743119266035	f	t	f	t	f	\N	20.6	2026-10-02 12:12:09.933937+00	2026-10-02 12:28:23.471609+00	2026-10-02 12:56:59.398489+00	2026-10-02 13:57:55.749658+00	2026-10-02 15:54:56.705875+00	t	2026-10-02 12:12:10.498228+00	2026-10-02 15:54:58.022285+00
5939	ME_SHORT_GEOM_A_V1	1530030763	STRKUSDT	SHORT	2026-10-04 06:12:42.323885+00	2026-10-04 06:12:42.358896+00	2.7992633517495404	2.7992633517495404	2.7992633517495404	2.7992633517495404	2.7992633517495404	0.0	0.0	0.2578268876611441	4.438305709023945	4.438305709023945	13.9963	13.9963	13.9963	13.9963	13.9963	0.0	0.0	1.2891	22.1915	22.1915	-1.9889502762430895	-1.5285451197053486	-1.4180478821362796	1.767955801104964	-2.4861878453038746	f	t	f	t	f	\N	52.3	2026-10-04 06:27:52.708493+00	2026-10-04 06:43:52.003276+00	2026-10-04 07:15:49.51915+00	2026-10-04 08:14:26.208278+00	2026-10-04 10:13:12.627892+00	t	2026-10-04 06:27:52.900136+00	2026-10-04 10:13:13.017784+00
5940	ME_SHORT_GEOM_B_V1	1530030763	STRKUSDT	SHORT	2026-10-04 06:12:42.323885+00	2026-10-04 06:12:42.358896+00	2.7992633517495404	2.7992633517495404	2.7992633517495404	2.7992633517495404	2.7992633517495404	0.0	0.0	0.2578268876611441	4.438305709023945	4.438305709023945	3.7324	3.7324	3.7324	3.7324	3.7324	0.0	0.0	0.3438	5.9177	5.9177	-1.9889502762430895	-1.5285451197053486	-1.4180478821362796	1.7311233885819455	-2.4861878453038746	f	t	f	t	f	\N	92.3	2026-10-04 06:27:53.460499+00	2026-10-04 06:43:52.761496+00	2026-10-04 07:15:50.270849+00	2026-10-04 08:14:27.458972+00	2026-10-04 10:13:13.768463+00	t	2026-10-04 06:27:53.654368+00	2026-10-04 10:13:14.148221+00
2829	ME_SHORT_GEOM_A_V1	1531465044	MONUSDT	SHORT	2026-10-01 17:39:20.734627+00	2026-10-01 17:39:20.769875+00	1.749856569133676	2.4670109007458394	2.4670109007458394	2.4670109007458394	4.61847389558233	0.028686173264475395	0.028686173264475395	0.2868617326448535	0.8318990246701049	1.090074584050483	8.7493	12.3351	12.3351	12.3351	23.0924	0.1434	0.1434	1.4343	4.1595	5.4504	-1.4629948364888223	-1.3482501434308811	0.1147446930579414	0.0573723465289707	-4.446356855995418	f	t	f	t	f	\N	45.7	2026-10-01 17:56:21.297279+00	2026-10-01 18:12:37.228991+00	2026-10-01 18:39:46.869479+00	2026-10-01 19:39:33.738276+00	2026-10-01 21:39:36.776678+00	t	2026-10-01 17:56:21.660378+00	2026-10-01 21:39:36.964205+00
2830	ME_SHORT_GEOM_B_V1	1531465044	MONUSDT	SHORT	2026-10-01 17:39:20.734627+00	2026-10-01 17:39:20.769875+00	1.749856569133676	2.4670109007458394	2.4670109007458394	2.4670109007458394	4.61847389558233	0.028686173264475395	0.028686173264475395	0.2868617326448535	0.8318990246701049	1.090074584050483	2.3331	3.2893	3.2893	3.2893	6.158	0.0382	0.0382	0.3825	1.1092	1.4534	-1.4629948364888223	-1.3482501434308811	0.14343086632241678	0.0573723465289707	-4.446356855995418	f	t	f	t	f	\N	75.7	2026-10-01 17:56:21.663553+00	2026-10-01 18:12:37.598907+00	2026-10-01 18:39:47.282041+00	2026-10-01 19:39:34.284281+00	2026-10-01 21:39:37.330554+00	t	2026-10-01 17:56:22.041266+00	2026-10-01 21:39:37.516394+00
5233	ME_SHORT_GEOM_A_V1	1531654094	SPCXUSDT	SHORT	2026-10-03 13:35:29.345095+00	2026-10-03 13:35:29.38492+00	0.08162240221009849	0.08162240221009849	0.18208074339173758	0.18208074339173758	0.1946380360394313	0.0	0.0	0.0	0.0	0.0	0.4081	0.4081	0.9104	0.9104	0.9732	0.0	0.0	0.0	0.0	0.0	-0.08162240221009849	-0.08162240221009849	-0.17580209706787286	-0.169523450744026	-0.11301563382935068	f	f	f	f	f	\N	\N	2026-10-03 13:52:46.017997+00	2026-10-03 14:08:32.401071+00	2026-10-03 14:39:52.620243+00	2026-10-03 15:37:22.286334+00	2026-10-03 17:37:36.58775+00	t	2026-10-03 13:52:46.211684+00	2026-10-03 17:37:36.776051+00
5234	ME_SHORT_GEOM_B_V1	1531654094	SPCXUSDT	SHORT	2026-10-03 13:35:29.345095+00	2026-10-03 13:35:29.38492+00	0.08162240221009849	0.08162240221009849	0.18208074339173758	0.18208074339173758	0.1946380360394313	0.0	0.0	0.0	0.0	0.0	0.1088	0.1088	0.2428	0.2428	0.2595	0.0	0.0	0.0	0.0	0.0	-0.08162240221009849	-0.08162240221009849	-0.17580209706787286	-0.169523450744026	-0.11301563382935068	f	f	f	f	f	\N	\N	2026-10-03 13:52:46.213704+00	2026-10-03 14:08:32.597999+00	2026-10-03 14:39:52.818142+00	2026-10-03 15:37:22.477613+00	2026-10-03 17:37:36.778601+00	t	2026-10-03 13:52:46.404781+00	2026-10-03 17:37:36.964385+00
2997	ME_SHORT_GEOM_A_V1	1536118540	MONUSDT	SHORT	2026-10-01 20:09:37.709697+00	2026-10-01 20:09:37.740389+00	3.036322360953466	4.313280363223611	4.795686719636768	5.73212258796822	5.987514188422249	0.0	0.0	0.0	0.0	0.0	15.1816	21.5664	23.9784	28.6606	29.9376	0.0	0.0	0.0	0.0	0.0	-2.667423382519873	-4.086265607264483	-3.461975028376841	-4.625425652667422	-5.41997729852441	f	f	f	f	f	\N	\N	2026-10-01 20:28:39.316766+00	2026-10-01 20:45:00.535199+00	2026-10-01 21:12:21.605519+00	2026-10-01 22:12:11.529677+00	2026-10-02 00:10:59.837127+00	t	2026-10-01 20:28:39.503382+00	2026-10-02 00:11:00.026449+00
2998	ME_SHORT_GEOM_B_V1	1536118540	MONUSDT	SHORT	2026-10-01 20:09:37.709697+00	2026-10-01 20:09:37.740389+00	3.036322360953466	4.313280363223611	4.795686719636768	5.73212258796822	5.987514188422249	0.0	0.0	0.0	0.0	0.0	4.0484	5.751	6.3942	7.6428	7.9834	0.0	0.0	0.0	0.0	0.0	-2.667423382519873	-4.086265607264483	-3.461975028376841	-4.625425652667422	-5.41997729852441	f	f	f	f	f	\N	\N	2026-10-01 20:28:39.876293+00	2026-10-01 20:45:01.403269+00	2026-10-01 21:12:22.170509+00	2026-10-01 22:12:12.080794+00	2026-10-02 00:11:00.029933+00	t	2026-10-01 20:28:40.066664+00	2026-10-02 00:11:00.221005+00
4032	ME_SHORT_GEOM_A_V1	1536253663	MSTRUSDT	SHORT	2026-10-02 12:51:42.027906+00	2026-10-02 12:51:42.062315+00	1.4202519610173607	1.4915616829094311	1.509389113382453	4.213216068457335	5.473021155217499	0.0	0.0	1.1528405039220333	1.1528405039220333	1.1528405039220333	7.1013	7.4578	7.5469	21.0661	27.3651	0.0	0.0	5.7642	5.7642	5.7642	-1.075588305205611	-1.4737342524364094	-1.0280484906108804	-3.743760399334449	-5.395768956501077	t	t	f	t	f	98.3	38.3	2026-10-02 13:07:58.082677+00	2026-10-02 13:24:32.378998+00	2026-10-02 13:52:21.237379+00	2026-10-02 14:53:39.513323+00	2026-10-02 16:55:57.589068+00	t	2026-10-02 13:07:58.270061+00	2026-10-02 16:55:58.175588+00
4033	ME_SHORT_GEOM_B_V1	1536253663	MSTRUSDT	SHORT	2026-10-02 12:51:42.027906+00	2026-10-02 12:51:42.062315+00	1.4202519610173607	1.4915616829094311	1.509389113382453	4.213216068457335	5.473021155217499	0.0	0.0	1.1528405039220333	1.1528405039220333	1.1528405039220333	1.8937	1.9887	2.0125	5.6176	7.2974	0.0	0.0	1.5371	1.5371	1.5371	-1.075588305205611	-1.4737342524364094	-1.0280484906108804	-3.743760399334449	-5.395768956501077	t	t	f	t	f	98.3	38.3	2026-10-02 13:07:59.518422+00	2026-10-02 13:24:33.715919+00	2026-10-02 13:52:22.924729+00	2026-10-02 14:53:41.379842+00	2026-10-02 16:55:59.277861+00	t	2026-10-02 13:07:59.708902+00	2026-10-02 16:56:00.766581+00
12468	ME_SHORT_GEOM_A_V1	1540356901	NMRUSDT	SHORT	2026-10-07 03:17:57.711751+00	2026-10-07 03:17:57.742858+00	2.060926515652226	2.060926515652226	2.060926515652226	2.060926515652226	2.757916241062306	0.835185964068974	1.6463377996755446	2.3192933966232	8.153578080874837	8.153578080874837	10.3046	10.3046	10.3046	10.3046	13.7896	4.1759	8.2317	11.5965	40.7679	40.7679	0.2884095415489891	0.8051433034909591	1.8506278916060794	3.4128462416631486	0.2583668809709744	f	t	f	t	f	\N	12.0	2026-10-07 03:34:27.17519+00	2026-10-07 03:50:46.303641+00	2026-10-07 04:18:03.05253+00	2026-10-07 05:22:41.533563+00	2026-10-07 07:19:15.819242+00	t	2026-10-07 03:34:27.731341+00	2026-10-07 07:19:16.018541+00
12469	ME_SHORT_GEOM_B_V1	1540356901	NMRUSDT	SHORT	2026-10-07 03:17:57.711751+00	2026-10-07 03:17:57.742858+00	2.060926515652226	2.060926515652226	2.060926515652226	2.060926515652226	2.757916241062306	0.835185964068974	1.6463377996755446	2.3192933966232	8.153578080874837	8.153578080874837	2.7479	2.7479	2.7479	2.7479	3.6772	1.1136	2.1951	3.0924	10.8714	10.8714	0.33647779847383846	0.8051433034909591	1.8506278916060794	3.4128462416631486	0.24034128462416116	f	t	f	t	f	\N	12.0	2026-10-07 03:34:27.734191+00	2026-10-07 03:50:46.685158+00	2026-10-07 04:18:03.245386+00	2026-10-07 05:22:41.740281+00	2026-10-07 07:19:16.022553+00	t	2026-10-07 03:34:28.929275+00	2026-10-07 07:19:16.252629+00
754	ME_SHORT_GEOM_A_V1	1551826584	SOONUSDT	SHORT	2026-09-29 23:26:49.365292+00	2026-09-29 23:26:49.413509+00	5.225598526703498	5.225598526703498	6.468692449355435	7.8499079189686976	11.279926335174952	0.0	0.0	0.0	0.0	0.0	26.128	26.128	32.3435	39.2495	56.3996	0.0	0.0	0.0	0.0	0.0	-4.442909760589315	-4.78821362799263	-3.084714548802952	-4.189686924493553	-5.824125230202576	f	f	f	f	f	\N	\N	2026-09-29 23:43:26.905837+00	2026-09-29 23:59:17.169519+00	2026-09-30 00:31:00.35106+00	2026-09-30 01:29:19.715746+00	2026-09-30 03:32:08.117759+00	t	2026-09-29 23:43:27.274559+00	2026-09-30 03:32:08.316163+00
755	ME_SHORT_GEOM_B_V1	1551826584	SOONUSDT	SHORT	2026-09-29 23:26:49.365292+00	2026-09-29 23:26:49.413509+00	5.225598526703498	5.225598526703498	6.468692449355435	7.8499079189686976	11.279926335174952	0.0	0.0	0.0	0.0	0.0	6.9675	6.9675	8.6249	10.4665	15.0399	0.0	0.0	0.0	0.0	0.0	-4.419889502762429	-4.78821362799263	-3.084714548802952	-4.212707182320438	-6.583793738489874	f	f	f	f	f	\N	\N	2026-09-29 23:43:27.276172+00	2026-09-29 23:59:17.547973+00	2026-09-30 00:31:00.901853+00	2026-09-30 01:29:20.446923+00	2026-09-30 03:26:49.477721+00	t	2026-09-29 23:43:27.641359+00	2026-09-30 03:26:49.663148+00
6714	ME_SHORT_GEOM_A_V1	1557145578	BTCUSDT	SHORT	2026-10-04 17:09:12.292412+00	2026-10-04 17:09:12.335715+00	0.15245901639343923	0.15245901639343923	0.15245901639343923	0.15889929742388417	0.15889929742388417	0.0	0.0	0.02810304449648712	0.02810304449648712	0.545901639344259	0.7623	0.7623	0.7623	0.7945	0.7945	0.0	0.0	0.1405	0.1405	2.7295	-0.10971896955503171	-0.12997658079625293	-0.14988290398126464	-0.0585480093676815	0.5140515222482436	f	t	f	t	f	\N	205.8	2026-10-04 17:28:10.776823+00	2026-10-04 17:44:35.132151+00	2026-10-04 18:11:49.903141+00	2026-10-04 19:11:39.423705+00	2026-10-04 21:10:34.462638+00	t	2026-10-04 17:28:11.720904+00	2026-10-04 21:10:34.832501+00
6715	ME_SHORT_GEOM_B_V1	1557145578	BTCUSDT	SHORT	2026-10-04 17:09:12.292412+00	2026-10-04 17:09:12.335715+00	0.15245901639343923	0.15245901639343923	0.15245901639343923	0.15889929742388417	0.15889929742388417	0.0	0.0	0.02810304449648712	0.02810304449648712	0.545901639344259	0.2033	0.2033	0.2033	0.2119	0.2119	0.0	0.0	0.0375	0.0375	0.7279	-0.10971896955503171	-0.12997658079625293	-0.14988290398126464	-0.0585480093676815	0.5140515222482436	f	f	f	f	f	\N	\N	2026-10-04 17:28:11.908322+00	2026-10-04 17:44:36.251338+00	2026-10-04 18:11:51.012184+00	2026-10-04 19:11:40.538508+00	2026-10-04 21:10:35.882432+00	t	2026-10-04 17:28:12.845286+00	2026-10-04 21:10:36.071034+00
3542	ME_SHORT_GEOM_A_V1	1559521780	ZROUSDT	SHORT	2026-10-02 05:55:47.774873+00	2026-10-02 05:55:47.804636+00	2.1519383076281846	2.7198832847019605	3.475406419341391	3.7046686119216305	4.533138807836597	0.0	0.0	1.0837849103793211	1.0837849103793211	1.0837849103793211	10.7597	13.5994	17.377	18.5233	22.6657	0.0	0.0	5.4189	5.4189	5.4189	-0.7086285952480229	-2.610462692788664	-0.2657357232180129	-3.0012505210504425	-3.0481450604418505	f	t	f	t	f	\N	54.2	2026-10-02 06:15:58.360611+00	2026-10-02 06:26:40.418777+00	2026-10-02 06:58:45.867736+00	2026-10-02 07:57:07.772669+00	2026-10-02 09:58:06.142911+00	t	2026-10-02 06:15:58.925759+00	2026-10-02 09:58:06.327047+00
3543	ME_SHORT_GEOM_B_V1	1559521780	ZROUSDT	SHORT	2026-10-02 05:55:47.774873+00	2026-10-02 05:55:47.804636+00	2.1519383076281846	2.7198832847019605	3.475406419341391	3.7046686119216305	4.533138807836597	0.0	0.0	1.0837849103793211	1.0837849103793211	1.0837849103793211	2.8693	3.6265	4.6339	4.9396	6.0442	0.0	0.0	1.445	1.445	1.445	-0.7086285952480229	-2.5896206752813713	-0.2657357232180129	-3.0012505210504425	-3.0637765735723197	f	t	f	t	f	\N	54.2	2026-10-02 06:15:58.927764+00	2026-10-02 06:26:40.969844+00	2026-10-02 06:58:46.238017+00	2026-10-02 07:57:07.959838+00	2026-10-02 09:58:06.513071+00	t	2026-10-02 06:15:59.499968+00	2026-10-02 09:58:06.697927+00
9562	ME_SHORT_GEOM_A_V1	1564349599	PONSUSDT	SHORT	2026-10-06 18:56:38.737753+00	2026-10-06 18:56:38.76611+00	2.5940028557829655	4.355069014754888	4.355069014754888	4.355069014754888	6.4969062351261275	0.0	0.0	0.0	0.0	0.0	12.97	21.7753	21.7753	21.7753	32.4845	0.0	0.0	0.0	0.0	0.0	-2.498810090433129	-3.8553069966682516	-3.1889576392194243	-3.4507377439314637	-6.0685387910518855	t	f	t	f	f	208.4	\N	2026-10-06 19:13:57.153893+00	2026-10-06 19:29:41.404598+00	2026-10-06 20:01:21.932547+00	2026-10-06 20:59:28.246298+00	2026-10-06 23:01:04.185+00	t	2026-10-06 19:13:57.91451+00	2026-10-06 23:01:04.375796+00
9563	ME_SHORT_GEOM_B_V1	1564349599	PONSUSDT	SHORT	2026-10-06 18:56:38.737753+00	2026-10-06 18:56:38.76611+00	2.5940028557829655	4.355069014754888	4.355069014754888	4.355069014754888	6.4969062351261275	0.0	0.0	0.0	0.0	0.0	3.4587	5.8068	5.8068	5.8068	8.6625	0.0	0.0	0.0	0.0	0.0	-2.498810090433129	-3.8553069966682516	-3.1889576392194243	-3.4507377439314637	-6.0685387910518855	t	f	t	f	f	208.4	\N	2026-10-06 19:13:57.916576+00	2026-10-06 19:29:41.967005+00	2026-10-06 20:01:22.313962+00	2026-10-06 20:59:28.630205+00	2026-10-06 23:01:04.378665+00	t	2026-10-06 19:13:58.674648+00	2026-10-06 23:01:04.886932+00
7027	ME_SHORT_GEOM_A_V1	1565527146	KLACUSDT	SHORT	2026-10-04 21:35:13.582492+00	2026-10-04 21:35:13.623673+00	0.18314135620993563	0.18314135620993563	0.18314135620993563	0.18314135620993563	0.35664369367198856	0.0	0.24579497807122797	0.2602535061930657	0.35664369367197485	1.6338136777675965	0.9157	0.9157	0.9157	0.9157	1.7832	0.0	1.229	1.3013	1.7832	8.1691	-0.07711214998313007	0.033736565617616836	0.10120969685285051	0.22169743120149382	1.5374234902886874	f	t	f	t	f	\N	29.8	2026-10-04 21:53:50.527201+00	2026-10-04 22:10:05.00829+00	2026-10-04 22:37:14.524913+00	2026-10-04 23:36:46.804158+00	2026-10-05 01:36:10.765722+00	t	2026-10-04 21:53:50.721483+00	2026-10-05 01:36:10.956487+00
7028	ME_SHORT_GEOM_B_V1	1565527146	KLACUSDT	SHORT	2026-10-04 21:35:13.582492+00	2026-10-04 21:35:13.623673+00	0.18314135620993563	0.18314135620993563	0.18314135620993563	0.18314135620993563	0.35664369367198856	0.0	0.24579497807122797	0.2602535061930657	0.35664369367197485	1.6338136777675965	0.2442	0.2442	0.2442	0.2442	0.4755	0.0	0.3277	0.347	0.4755	2.1784	-0.07711214998313007	0.033736565617616836	0.10120969685285051	0.22169743120149382	1.5374234902886874	f	t	f	t	f	\N	154.8	2026-10-04 21:53:51.643665+00	2026-10-04 22:10:06.321095+00	2026-10-04 22:37:16.308846+00	2026-10-04 23:36:48.600343+00	2026-10-05 01:36:13.317068+00	t	2026-10-04 21:53:51.838635+00	2026-10-05 01:36:14.441897+00
4156	ME_SHORT_GEOM_A_V1	1572796583	ZROUSDT	SHORT	2026-10-02 14:11:58.261471+00	2026-10-02 14:11:58.284319+00	0.9845934088358266	1.295786144270986	1.295786144270986	1.7141108050198886	7.968574635241296	1.99469441893685	1.99469441893685	1.99469441893685	1.99469441893685	1.99469441893685	4.923	6.4789	6.4789	8.5706	39.8429	9.9735	9.9735	9.9735	9.9735	9.9735	-0.6172839506172839	0.7550249974492473	1.1682481379451148	0.04591368227732491	-6.769717375777984	t	t	f	t	f	208.0	3.0	2026-10-02 14:31:18.008088+00	2026-10-02 14:42:29.078955+00	2026-10-02 15:15:57.991999+00	2026-10-02 16:17:19.595992+00	2026-10-02 18:16:37.901065+00	t	2026-10-02 14:31:19.496248+00	2026-10-02 18:16:38.654953+00
4157	ME_SHORT_GEOM_B_V1	1572796583	ZROUSDT	SHORT	2026-10-02 14:11:58.261471+00	2026-10-02 14:11:58.284319+00	0.9845934088358266	1.295786144270986	1.295786144270986	1.7141108050198886	7.968574635241296	1.99469441893685	1.99469441893685	1.99469441893685	1.99469441893685	1.99469441893685	1.3128	1.7277	1.7277	2.2855	10.6248	2.6596	2.6596	2.6596	2.6596	2.6596	-0.6172839506172839	0.7550249974492473	1.1682481379451148	0.04591368227732491	-6.769717375777984	t	t	f	t	f	208.0	3.0	2026-10-02 14:31:19.688179+00	2026-10-02 14:42:31.268993+00	2026-10-02 15:15:59.86277+00	2026-10-02 16:17:22.102569+00	2026-10-02 18:16:38.658305+00	t	2026-10-02 14:31:21.190279+00	2026-10-02 18:16:39.218932+00
7036	ME_SHORT_GEOM_A_V1	1572995661	HYPEUSDT	SHORT	2026-10-04 21:45:02.39905+00	2026-10-04 21:45:02.452786+00	0.4729952700472914	0.4729952700472914	0.7589924100758968	0.7589924100758968	1.055989440105592	0.07699923000770806	0.25299747002530415	0.384996150038509	0.384996150038509	0.384996150038509	2.365	2.365	3.795	3.795	5.2799	0.385	1.265	1.925	1.925	1.925	0.043999560004406836	0.23099769002310855	-0.5829941700583007	-0.3849961500384934	-0.7149928500714899	f	t	f	t	f	\N	30.0	2026-10-04 22:04:38.928477+00	2026-10-04 22:15:31.648803+00	2026-10-04 22:48:07.44367+00	2026-10-04 23:47:32.685568+00	2026-10-05 01:47:04.597493+00	t	2026-10-04 22:04:39.319487+00	2026-10-05 01:47:06.081857+00
7037	ME_SHORT_GEOM_B_V1	1572995661	HYPEUSDT	SHORT	2026-10-04 21:45:02.39905+00	2026-10-04 21:45:02.452786+00	0.4729952700472914	0.4729952700472914	0.7589924100758968	0.7589924100758968	1.055989440105592	0.07699923000770806	0.25299747002530415	0.384996150038509	0.384996150038509	0.384996150038509	0.6307	0.6307	1.012	1.012	1.408	0.1027	0.3373	0.5133	0.5133	0.5133	0.043999560004406836	0.23099769002310855	-0.5829941700583007	-0.3849961500384934	-0.6929930700692943	f	f	f	f	f	\N	\N	2026-10-04 22:04:40.059581+00	2026-10-04 22:15:32.951933+00	2026-10-04 22:48:08.734468+00	2026-10-04 23:47:34.16294+00	2026-10-05 01:47:06.803094+00	t	2026-10-04 22:04:40.759491+00	2026-10-05 01:47:08.823034+00
7564	ME_SHORT_GEOM_A_V1	1574949684	NILUSDT	SHORT	2026-10-05 06:51:56.670215+00	2026-10-05 06:51:56.717017+00	4.867297272476811	13.876389016438607	14.115162090182748	14.115162090182748	14.115162090182748	0.0	0.0	0.0	0.0	0.0	24.3365	69.3819	70.5758	70.5758	70.5758	0.0	0.0	0.0	0.0	0.0	-3.55404536688401	-11.608044815869224	-11.1672329874185	-8.21012030489485	-10.643768941133256	t	f	t	f	f	23.1	\N	2026-10-05 07:09:43.828651+00	2026-10-05 07:25:57.916047+00	2026-10-05 07:53:00.636869+00	2026-10-05 08:52:31.984759+00	2026-10-05 10:56:57.180165+00	t	2026-10-05 07:09:44.748362+00	2026-10-05 10:56:57.733731+00
7565	ME_SHORT_GEOM_B_V1	1574949684	NILUSDT	SHORT	2026-10-05 06:51:56.670215+00	2026-10-05 06:51:56.717017+00	4.867297272476811	13.876389016438607	14.115162090182748	14.115162090182748	14.115162090182748	0.0	0.0	0.0	0.0	0.0	6.4897	18.5019	18.8202	18.8202	18.8202	0.0	0.0	0.0	0.0	0.0	-3.55404536688401	-11.608044815869224	-10.680503260170816	-8.21012030489485	-10.643768941133256	t	f	t	f	f	23.1	\N	2026-10-05 07:09:44.757477+00	2026-10-05 07:25:58.848102+00	2026-10-05 07:53:01.377154+00	2026-10-05 08:52:32.736202+00	2026-10-05 10:56:58.275442+00	t	2026-10-05 07:09:45.672754+00	2026-10-05 10:56:58.654544+00
4198	ME_SHORT_GEOM_A_V1	1576006710	KORUUSDT	SHORT	2026-10-02 15:17:11.542763+00	2026-10-02 15:17:11.568972+00	2.916848062690458	2.916848062690458	2.916848062690458	2.916848062690458	3.4828036569438274	0.0	0.0	0.0	0.0	0.0	14.5842	14.5842	14.5842	14.5842	17.414	0.0	0.0	0.0	0.0	0.0	-2.1332172398780953	-0.9577710056595511	-0.9142359599477462	-1.3931214627775372	-1.5237265999129206	f	f	f	f	f	\N	\N	2026-10-02 15:32:39.12372+00	2026-10-02 15:49:20.638516+00	2026-10-02 16:17:19.595992+00	2026-10-02 17:17:33.210517+00	2026-10-02 19:20:19.821194+00	t	2026-10-02 15:32:41.15391+00	2026-10-02 19:20:20.014824+00
4199	ME_SHORT_GEOM_B_V1	1576006710	KORUUSDT	SHORT	2026-10-02 15:17:11.542763+00	2026-10-02 15:17:11.568972+00	2.916848062690458	2.916848062690458	2.916848062690458	2.916848062690458	3.4828036569438274	0.0	0.0	0.0	0.0	0.0	3.8891	3.8891	3.8891	3.8891	4.6437	0.0	0.0	0.0	0.0	0.0	-2.1332172398780953	-0.9577710056595511	-0.8707009142359569	-1.3931214627775372	-1.5237265999129206	f	f	f	f	f	\N	\N	2026-10-02 15:32:41.15632+00	2026-10-02 15:49:22.667067+00	2026-10-02 16:17:22.102569+00	2026-10-02 17:17:34.514155+00	2026-10-02 19:20:20.39986+00	t	2026-10-02 15:32:43.512297+00	2026-10-02 19:20:20.592649+00
4054	ME_SHORT_GEOM_A_V1	1578223594	MSTRUSDT	SHORT	2026-10-02 13:11:45.667535+00	2026-10-02 13:11:45.729312+00	0.653359707486665	0.653359707486665	1.5344961937301458	4.111970269136254	4.6634298387580175	0.0	2.0320086315410815	2.0320086315410815	2.0320086315410815	2.0320086315410815	3.2668	3.2668	7.6725	20.5599	23.3171	0.0	10.16	10.16	10.16	10.16	-0.4915183120541998	1.3966313013246923	-1.5225079422166399	-3.5605106995144915	-4.597494455433685	t	t	f	t	f	78.2	18.2	2026-10-02 13:30:04.08431+00	2026-10-02 13:46:45.684472+00	2026-10-02 14:14:36.742602+00	2026-10-02 15:15:57.991999+00	2026-10-02 17:12:09.464634+00	t	2026-10-02 13:30:04.475939+00	2026-10-02 17:12:10.389323+00
4055	ME_SHORT_GEOM_B_V1	1578223594	MSTRUSDT	SHORT	2026-10-02 13:11:45.667535+00	2026-10-02 13:11:45.729312+00	0.653359707486665	0.653359707486665	1.5344961937301458	4.111970269136254	4.6634298387580175	0.0	2.0320086315410815	2.0320086315410815	2.0320086315410815	2.0320086315410815	0.8711	0.8711	2.046	5.4826	6.2179	0.0	2.7093	2.7093	2.7093	2.7093	-0.4915183120541998	1.3966313013246923	-1.5225079422166399	-3.5605106995144915	-4.639453335730988	t	t	f	t	f	78.2	18.2	2026-10-02 13:30:05.39665+00	2026-10-02 13:46:47.688293+00	2026-10-02 14:14:38.437412+00	2026-10-02 15:15:59.86277+00	2026-10-02 17:12:11.314295+00	t	2026-10-02 13:30:05.587148+00	2026-10-02 17:12:12.793005+00
1898	ME_SHORT_GEOM_A_V1	1579097149	MOVRUSDT	SHORT	2026-10-01 00:48:12.676893+00	2026-10-01 00:48:12.710783+00	4.605543710021326	4.605543710021326	9.765458422174843	9.765458422174843	12.324093816631136	4.733475479744126	5.074626865671632	5.074626865671632	5.074626865671632	6.908315565031979	23.0277	23.0277	48.8273	48.8273	61.6205	23.6674	25.3731	25.3731	25.3731	34.5416	3.8805970149253617	-1.1087420042644025	-1.321961620469089	2.1321961620469008	-10.362473347547988	f	t	f	t	f	\N	6.8	2026-10-01 01:05:24.777252+00	2026-10-01 01:21:40.068232+00	2026-10-01 01:48:50.809483+00	2026-10-01 02:48:29.814089+00	2026-10-01 04:52:22.474194+00	t	2026-10-01 01:05:24.97118+00	2026-10-01 04:52:22.839885+00
1899	ME_SHORT_GEOM_B_V1	1579097149	MOVRUSDT	SHORT	2026-10-01 00:48:12.676893+00	2026-10-01 00:48:12.710783+00	4.605543710021326	4.605543710021326	9.765458422174843	9.765458422174843	12.324093816631136	4.733475479744126	5.074626865671632	5.074626865671632	5.074626865671632	6.908315565031979	6.1407	6.1407	13.0206	13.0206	16.4321	6.3113	6.7662	6.7662	6.7662	9.2111	3.8805970149253617	-1.1087420042644025	-1.321961620469089	2.1321961620469008	-10.362473347547988	f	t	f	t	f	\N	6.8	2026-10-01 01:05:25.355343+00	2026-10-01 01:21:40.646693+00	2026-10-01 01:48:51.399748+00	2026-10-01 02:48:30.213676+00	2026-10-01 04:52:22.843577+00	t	2026-10-01 01:05:25.54936+00	2026-10-01 04:52:23.209119+00
7778	ME_SHORT_GEOM_A_V1	1580214075	XAGUSDT	SHORT	2026-10-05 11:02:32.947349+00	2026-10-05 11:02:32.997623+00	0.17747660535656573	0.17747660535656573	0.5646982897708847	0.9196515004840277	1.5650209745079042	0.01613423685060522	0.2097450790577647	0.2097450790577647	0.2097450790577647	0.2097450790577647	0.8874	0.8874	2.8235	4.5983	7.8251	0.0807	1.0487	1.0487	1.0487	1.0487	-0.03226847370118752	-0.14520813165536675	-0.32268473701193245	-0.6453694740238763	-1.1455308163923748	t	t	f	t	f	157.5	27.5	2026-10-05 11:18:31.226193+00	2026-10-05 11:34:32.79769+00	2026-10-05 12:06:40.360089+00	2026-10-05 13:05:47.167658+00	2026-10-05 15:05:59.85649+00	t	2026-10-05 11:18:32.145559+00	2026-10-05 15:06:00.230506+00
7779	ME_SHORT_GEOM_B_V1	1580214075	XAGUSDT	SHORT	2026-10-05 11:02:32.947349+00	2026-10-05 11:02:32.997623+00	0.17747660535656573	0.17747660535656573	0.5646982897708847	0.9196515004840277	1.5650209745079042	0.01613423685060522	0.2097450790577647	0.2097450790577647	0.2097450790577647	0.2097450790577647	0.2366	0.2366	0.7529	1.2262	2.0867	0.0215	0.2797	0.2797	0.2797	0.2797	-0.03226847370118752	-0.14520813165536675	-0.32268473701193245	-0.6453694740238763	-1.1455308163923748	t	f	t	f	f	157.5	\N	2026-10-05 11:18:32.148237+00	2026-10-05 11:34:33.719009+00	2026-10-05 12:06:41.292285+00	2026-10-05 13:05:48.302391+00	2026-10-05 15:06:00.415432+00	t	2026-10-05 11:18:33.082161+00	2026-10-05 15:06:00.967813+00
7169	ME_SHORT_GEOM_A_V1	1582881812	KLACUSDT	SHORT	2026-10-04 22:35:25.687016+00	2026-10-04 22:35:25.729303+00	0.24996394750757592	0.24996394750757592	0.24996394750757592	0.6152958707878676	0.6152958707878676	0.0	0.0	0.09613997981059877	0.9229438061817946	1.5382396769696625	1.2498	1.2498	1.2498	3.0765	3.0765	0.0	0.0	0.4807	4.6147	7.6912	-0.24996394750757592	-0.04326299091477355	-0.03845599192424771	0.49992789501513824	0.9229438061817946	f	t	f	t	f	\N	84.6	2026-10-04 22:53:30.657464+00	2026-10-04 23:09:43.212991+00	2026-10-04 23:36:46.804158+00	2026-10-05 00:36:06.260844+00	2026-10-05 02:35:53.500675+00	t	2026-10-04 22:53:31.212805+00	2026-10-05 02:35:53.691901+00
7170	ME_SHORT_GEOM_B_V1	1582881812	KLACUSDT	SHORT	2026-10-04 22:35:25.687016+00	2026-10-04 22:35:25.729303+00	0.24996394750757592	0.24996394750757592	0.24996394750757592	0.6152958707878676	0.6152958707878676	0.0	0.0	0.09613997981059877	0.9229438061817946	1.5382396769696625	0.3333	0.3333	0.3333	0.8204	0.8204	0.0	0.0	0.1282	1.2306	2.051	-0.24996394750757592	-0.04326299091477355	-0.03845599192424771	0.49992789501513824	0.9229438061817946	f	t	f	t	f	\N	94.6	2026-10-04 22:53:31.951666+00	2026-10-04 23:09:44.498148+00	2026-10-04 23:36:48.600343+00	2026-10-05 00:36:08.538538+00	2026-10-05 02:35:55.329392+00	t	2026-10-04 22:53:32.151469+00	2026-10-05 02:35:55.890948+00
8878	ME_SHORT_GEOM_A_V1	1591235531	ORCAUSDT	SHORT	2026-10-06 07:25:44.830032+00	2026-10-06 07:25:44.867155+00	3.8220526991787755	3.8220526991787755	4.826217257618811	4.826217257618811	4.826217257618811	0.0	0.0	0.0	5.153154555715568	6.137858560697455	19.1103	19.1103	24.1311	24.1311	24.1311	0.0	0.0	0.0	25.7658	30.6893	-2.8918382438796573	-3.3627836375666624	-2.0900634414042765	3.779239481570846	5.853734480208612	f	t	f	t	f	\N	79.3	2026-10-06 07:45:46.466714+00	2026-10-06 07:56:24.854163+00	2026-10-06 08:28:15.094188+00	2026-10-06 09:27:02.579997+00	2026-10-06 11:29:32.819744+00	t	2026-10-06 07:45:46.65489+00	2026-10-06 11:29:33.008509+00
8879	ME_SHORT_GEOM_B_V1	1591235531	ORCAUSDT	SHORT	2026-10-06 07:25:44.830032+00	2026-10-06 07:25:44.867155+00	3.8220526991787755	3.8220526991787755	4.826217257618811	4.826217257618811	4.826217257618811	0.0	0.0	0.0	5.153154555715568	6.137858560697455	5.0961	5.0961	6.435	6.435	6.435	0.0	0.0	0.0	6.8709	8.1838	-2.8918382438796573	-3.3627836375666624	-2.0900634414042765	3.7013972677382925	5.865410812283503	f	t	f	t	f	\N	79.3	2026-10-06 07:45:47.336698+00	2026-10-06 07:56:25.40344+00	2026-10-06 08:28:15.975876+00	2026-10-06 09:27:03.144926+00	2026-10-06 11:29:33.375397+00	t	2026-10-06 07:45:47.524687+00	2026-10-06 11:29:33.747038+00
679	ME_SHORT_GEOM_A_V1	1593377456	SOONUSDT	SHORT	2026-09-29 21:26:35.903544+00	2026-09-29 21:26:35.929695+00	4.219009243896654	4.219009243896654	4.337520739511729	4.693055226356953	5.119696610571228	0.0	0.0	0.0	2.962787390376869	2.962787390376869	21.095	21.095	21.6876	23.4653	25.5985	0.0	0.0	0.0	14.8139	14.8139	-3.5790471675752555	-3.199810381607019	-3.4842379710831928	-1.7776724342261216	-1.351031050011847	f	t	f	t	f	\N	113.4	2026-09-29 21:42:16.91398+00	2026-09-29 21:58:05.9595+00	2026-09-29 22:29:43.889668+00	2026-09-29 23:27:40.923891+00	2026-09-30 01:29:19.715746+00	t	2026-09-29 21:42:17.378765+00	2026-09-30 01:29:19.899895+00
680	ME_SHORT_GEOM_B_V1	1593377456	SOONUSDT	SHORT	2026-09-29 21:26:35.903544+00	2026-09-29 21:26:35.929695+00	4.219009243896654	4.219009243896654	4.337520739511729	4.693055226356953	5.119696610571228	0.0	0.0	0.0	2.962787390376869	2.962787390376869	5.6253	5.6253	5.7834	6.2574	6.8263	0.0	0.0	0.0	3.9504	3.9504	-3.5790471675752555	-3.199810381607019	-3.4842379710831928	-1.872481630718184	-1.3747333491348595	f	t	f	t	f	\N	113.4	2026-09-29 21:42:17.382479+00	2026-09-29 21:58:06.330797+00	2026-09-29 22:29:44.258011+00	2026-09-29 23:27:41.301068+00	2026-09-30 01:29:20.446923+00	t	2026-09-29 21:42:17.757862+00	2026-09-30 01:29:20.824019+00
1529	ME_SHORT_GEOM_A_V1	1594417951	ASTERUSDT	SHORT	2026-09-30 16:23:02.113189+00	2026-09-30 16:23:02.150333+00	1.0457010069713395	1.600826232894393	2.246320681642134	3.0725535760392377	3.6793183578621185	0.0	0.0	0.0	0.0	0.0	5.2285	8.0041	11.2316	15.3628	18.3966	0.0	0.0	0.0	0.0	0.0	-0.942421895171698	-1.3555383423702498	-1.7686547895688014	-2.5174283501161843	-1.4071778982700633	t	f	t	f	f	132.0	\N	2026-09-30 16:38:27.020883+00	2026-09-30 16:54:36.247213+00	2026-09-30 17:26:44.869545+00	2026-09-30 18:24:58.293765+00	2026-09-30 20:26:07.005523+00	t	2026-09-30 16:38:27.209468+00	2026-09-30 20:26:07.188118+00
1530	ME_SHORT_GEOM_B_V1	1594417951	ASTERUSDT	SHORT	2026-09-30 16:23:02.113189+00	2026-09-30 16:23:02.150333+00	1.0457010069713395	1.600826232894393	2.246320681642134	3.0725535760392377	3.6793183578621185	0.0	0.0	0.0	0.0	0.0	1.3943	2.1344	2.9951	4.0967	4.9058	0.0	0.0	0.0	0.0	0.0	-0.942421895171698	-1.3555383423702498	-1.7686547895688014	-2.5174283501161843	-1.4071778982700633	t	f	t	f	f	132.0	\N	2026-09-30 16:38:27.406095+00	2026-09-30 16:54:36.617304+00	2026-09-30 17:26:45.237604+00	2026-09-30 18:24:58.675529+00	2026-09-30 20:26:07.190978+00	t	2026-09-30 16:38:27.591625+00	2026-09-30 20:26:07.374755+00
5855	ME_SHORT_GEOM_A_V1	1600987334	STRKUSDT	SHORT	2026-10-04 04:57:30.706508+00	2026-10-04 04:57:30.748394+00	1.886094674556213	3.1989644970414246	3.1989644970414246	3.1989644970414246	3.1989644970414246	0.0	0.0	0.4068047337278069	0.4068047337278069	4.863165680473373	9.4305	15.9948	15.9948	15.9948	15.9948	0.0	0.0	2.034	2.034	24.3158	-1.7936390532544482	-2.311390532544381	-0.9430473372781129	-1.1094674556213078	-0.11094674556213849	f	t	f	t	f	\N	42.5	2026-10-04 05:12:43.411512+00	2026-10-04 05:28:48.65399+00	2026-10-04 06:00:59.801029+00	2026-10-04 06:59:50.882505+00	2026-10-04 09:02:40.946001+00	t	2026-10-04 05:12:43.603976+00	2026-10-04 09:02:41.139505+00
5856	ME_SHORT_GEOM_B_V1	1600987334	STRKUSDT	SHORT	2026-10-04 04:57:30.706508+00	2026-10-04 04:57:30.748394+00	1.886094674556213	3.1989644970414246	3.1989644970414246	3.1989644970414246	3.1989644970414246	0.0	0.0	0.4068047337278069	0.4068047337278069	4.863165680473373	2.5148	4.2653	4.2653	4.2653	4.2653	0.0	0.0	0.5424	0.5424	6.4842	-1.7936390532544482	-2.255917159763324	-0.9430473372781129	-1.01701183431953	-0.11094674556213849	f	t	f	t	f	\N	157.5	2026-10-04 05:12:44.659804+00	2026-10-04 05:28:49.897274+00	2026-10-04 06:01:01.182874+00	2026-10-04 06:59:51.631974+00	2026-10-04 09:02:41.878763+00	t	2026-10-04 05:12:44.860109+00	2026-10-04 09:02:42.252456+00
3245	ME_SHORT_GEOM_A_V1	1606339295	MSTRUSDT	SHORT	2026-10-02 00:20:12.093137+00	2026-10-02 00:20:12.138005+00	0.5928487618106638	0.6299018094238314	1.0251343172975955	1.0868893966528868	1.0868893966528868	0.0	0.0	0.0	0.24084480948557174	2.3034644599518246	2.9642	3.1495	5.1257	5.4344	5.4344	0.0	0.0	0.0	1.2042	11.5173	-0.568146730068558	-0.43846106342247143	-1.0251343172975955	-0.14203668251714824	2.291113444080763	f	t	f	t	f	\N	104.8	2026-10-02 00:37:53.249141+00	2026-10-02 00:54:01.377085+00	2026-10-02 01:20:51.855756+00	2026-10-02 02:25:20.825963+00	2026-10-02 04:24:03.07793+00	t	2026-10-02 00:37:53.431178+00	2026-10-02 04:24:03.756978+00
3246	ME_SHORT_GEOM_B_V1	1606339295	MSTRUSDT	SHORT	2026-10-02 00:20:12.093137+00	2026-10-02 00:20:12.138005+00	0.5928487618106638	0.6299018094238314	1.0251343172975955	1.0868893966528868	1.0868893966528868	0.0	0.0	0.0	0.24084480948557174	2.3034644599518246	0.7905	0.8399	1.3668	1.4492	1.4492	0.0	0.0	0.0	0.3211	3.0713	-0.568146730068558	-0.43846106342247143	-1.0251343172975955	-0.14203668251714824	2.291113444080763	f	t	f	t	f	\N	159.8	2026-10-02 00:37:53.433557+00	2026-10-02 00:54:01.563436+00	2026-10-02 01:20:52.040097+00	2026-10-02 02:25:21.012685+00	2026-10-02 04:24:03.761402+00	t	2026-10-02 00:37:53.92987+00	2026-10-02 04:24:04.753082+00
6524	ME_SHORT_GEOM_A_V1	1606753004	STRKUSDT	SHORT	2026-10-04 14:18:52.874554+00	2026-10-04 14:18:52.917772+00	1.0973451327433672	1.0973451327433672	1.0973451327433672	1.0973451327433672	3.876106194690273	4.053097345132744	5.539823008849559	5.539823008849559	5.539823008849559	5.539823008849559	5.4867	5.4867	5.4867	5.4867	19.3805	20.2655	27.6991	27.6991	27.6991	27.6991	3.7168141592920314	2.7256637168141586	2.2123893805309756	0.3716814159292068	-2.4778761061946875	f	t	f	t	f	\N	1.1	2026-10-04 14:39:02.10657+00	2026-10-04 14:49:55.525451+00	2026-10-04 15:22:35.091608+00	2026-10-04 16:22:42.174665+00	2026-10-04 18:22:47.237443+00	t	2026-10-04 14:39:03.033339+00	2026-10-04 18:22:47.613093+00
6525	ME_SHORT_GEOM_B_V1	1606753004	STRKUSDT	SHORT	2026-10-04 14:18:52.874554+00	2026-10-04 14:18:52.917772+00	1.0973451327433672	1.0973451327433672	1.0973451327433672	1.0973451327433672	3.876106194690273	4.053097345132744	5.539823008849559	5.539823008849559	5.539823008849559	5.539823008849559	1.4631	1.4631	1.4631	1.4631	5.1681	5.4041	7.3864	7.3864	7.3864	7.3864	3.7168141592920314	2.5486725663716756	2.2123893805309756	0.3716814159292068	-2.4778761061946875	f	t	f	t	f	\N	6.1	2026-10-04 14:39:03.218261+00	2026-10-04 14:49:56.942268+00	2026-10-04 15:22:36.224666+00	2026-10-04 16:22:43.094943+00	2026-10-04 18:22:48.668988+00	t	2026-10-04 14:39:04.163673+00	2026-10-04 18:22:49.226784+00
6975	ME_SHORT_GEOM_A_V1	1609529830	HYPEUSDT	SHORT	2026-10-04 21:19:54.466084+00	2026-10-04 21:19:54.525143+00	0.3078953155926998	0.4178579283043715	0.5058280184737121	0.7917308115240806	1.0886298658456068	0.0	0.0	0.3518803606773778	0.3518803606773778	0.3518803606773778	1.5395	2.0893	2.5291	3.9587	5.4431	0.0	0.0	1.7594	1.7594	1.7594	-0.09896635144051398	-0.25291400923686386	0.010996261271173428	-0.5278205410160589	-0.9016934242357524	t	t	f	t	f	225.1	55.1	2026-10-04 21:37:35.482503+00	2026-10-04 21:53:50.527201+00	2026-10-04 22:20:55.540085+00	2026-10-04 23:20:35.832473+00	2026-10-05 01:25:12.579708+00	t	2026-10-04 21:37:36.738864+00	2026-10-05 01:25:14.695971+00
6976	ME_SHORT_GEOM_B_V1	1609529830	HYPEUSDT	SHORT	2026-10-04 21:19:54.466084+00	2026-10-04 21:19:54.525143+00	0.3078953155926998	0.4178579283043715	0.5058280184737121	0.7917308115240806	1.0886298658456068	0.0	0.0	0.3518803606773778	0.3518803606773778	0.3518803606773778	0.4105	0.5571	0.6744	1.0556	1.4515	0.0	0.0	0.4692	0.4692	0.4692	-0.09896635144051398	-0.25291400923686386	0.010996261271173428	-0.5278205410160589	-0.9016934242357524	t	f	t	f	f	225.1	\N	2026-10-04 21:37:36.92177+00	2026-10-04 21:53:51.643665+00	2026-10-04 22:20:56.832526+00	2026-10-04 23:20:37.308626+00	2026-10-05 01:25:15.744213+00	t	2026-10-04 21:37:37.300506+00	2026-10-05 01:25:17.538277+00
7053	ME_SHORT_GEOM_A_V1	1610457262	HYPEUSDT	SHORT	2026-10-04 21:55:03.302069+00	2026-10-04 21:55:03.367017+00	0.3302146395156821	0.3302146395156821	0.693450742982934	0.693450742982934	0.9906439185470464	0.16510731975784887	0.45129334067144833	0.45129334067144833	0.45129334067144833	0.45129334067144833	1.6511	1.6511	3.4673	3.4673	4.9532	0.8255	2.2565	2.2565	2.2565	2.2565	0.011007154650528473	0.11007154650523779	-0.4843148046230024	-0.3632361034672518	-0.693450742982934	f	t	f	t	f	\N	14.9	2026-10-04 22:10:05.00829+00	2026-10-04 22:26:22.831541+00	2026-10-04 22:58:56.63869+00	2026-10-04 23:58:15.980053+00	2026-10-05 01:57:59.866171+00	t	2026-10-04 22:10:05.392614+00	2026-10-05 01:58:01.146634+00
7054	ME_SHORT_GEOM_B_V1	1610457262	HYPEUSDT	SHORT	2026-10-04 21:55:03.302069+00	2026-10-04 21:55:03.367017+00	0.3302146395156821	0.3302146395156821	0.693450742982934	0.693450742982934	0.9906439185470464	0.16510731975784887	0.45129334067144833	0.45129334067144833	0.45129334067144833	0.45129334067144833	0.4403	0.4403	0.9246	0.9246	1.3209	0.2201	0.6017	0.6017	0.6017	0.6017	0.022014309301056946	0.09906439185470932	-0.473307649972474	-0.3632361034672518	-0.693450742982934	f	f	f	f	f	\N	\N	2026-10-04 22:10:06.321095+00	2026-10-04 22:26:24.312286+00	2026-10-04 22:58:58.24624+00	2026-10-04 23:58:17.462497+00	2026-10-05 01:58:02.059141+00	t	2026-10-04 22:10:06.704002+00	2026-10-05 01:58:04.407602+00
8073	ME_SHORT_GEOM_A_V1	1611301468	NILUSDT	SHORT	2026-10-05 17:08:39.633914+00	2026-10-05 17:08:39.681827+00	0.9520322226290728	0.9520322226290728	0.9520322226290728	1.9956060051263287	2.9567923837422287	2.8744049798608473	4.476382277554001	5.162943976565353	7.04870010984987	7.04870010984987	4.7602	4.7602	4.7602	9.978	14.784	14.372	22.3819	25.8147	35.2435	35.2435	2.6547052361772243	2.535701208348585	3.7623581105822064	-1.3181984621017913	4.696082021237638	f	t	f	t	f	\N	1.3	2026-10-05 17:27:56.567224+00	2026-10-05 17:38:57.17694+00	2026-10-05 18:11:36.191664+00	2026-10-05 19:11:08.582733+00	2026-10-05 21:09:51.771361+00	t	2026-10-05 17:27:56.95077+00	2026-10-05 21:09:51.957776+00
8074	ME_SHORT_GEOM_B_V1	1611301468	NILUSDT	SHORT	2026-10-05 17:08:39.633914+00	2026-10-05 17:08:39.681827+00	0.9520322226290728	0.9520322226290728	0.9520322226290728	1.9956060051263287	2.9567923837422287	2.8744049798608473	4.476382277554001	5.162943976565353	7.04870010984987	7.04870010984987	1.2694	1.2694	1.2694	2.6608	3.9424	3.8325	5.9685	6.8839	9.3983	9.3983	2.6547052361772243	2.535701208348585	3.7623581105822064	-1.3181984621017913	4.696082021237638	f	t	f	t	f	\N	1.3	2026-10-05 17:27:56.956+00	2026-10-05 17:38:57.905537+00	2026-10-05 18:11:36.559951+00	2026-10-05 19:11:08.953968+00	2026-10-05 21:09:52.321759+00	t	2026-10-05 17:27:57.336735+00	2026-10-05 21:09:52.510409+00
7005	ME_SHORT_GEOM_A_V1	1612379477	XRPUSDT	SHORT	2026-10-04 21:29:54.741194+00	2026-10-04 21:29:54.7795+00	0.2842223544186642	0.5023464868794917	0.5023464868794917	0.5023464868794917	0.5023464868794917	0.006609822195782205	0.006609822195782205	0.7270804415361307	0.7733491969066061	1.2228171062198547	1.4211	2.5117	2.5117	2.5117	2.5117	0.033	0.033	3.6354	3.8667	6.1141	-0.19829466587348085	-0.33049110978913965	0.1652455548945845	0.7469099081234774	1.017912618150577	f	t	f	t	f	\N	30.1	2026-10-04 21:48:24.235882+00	2026-10-04 22:04:38.928477+00	2026-10-04 22:31:49.237602+00	2026-10-04 23:31:22.612213+00	2026-10-05 01:30:41.220525+00	t	2026-10-04 21:48:25.157694+00	2026-10-05 01:30:43.388648+00
7006	ME_SHORT_GEOM_B_V1	1612379477	XRPUSDT	SHORT	2026-10-04 21:29:54.741194+00	2026-10-04 21:29:54.7795+00	0.2842223544186642	0.5023464868794917	0.5023464868794917	0.5023464868794917	0.5023464868794917	0.006609822195782205	0.006609822195782205	0.7270804415361307	0.7733491969066061	1.2228171062198547	0.379	0.6698	0.6698	0.6698	0.6698	0.0088	0.0088	0.9694	1.0311	1.6304	-0.19829466587348085	-0.33049110978913965	0.1652455548945845	0.7469099081234774	1.017912618150577	f	t	f	t	f	\N	115.1	2026-10-04 21:48:25.344735+00	2026-10-04 22:04:40.059581+00	2026-10-04 22:31:50.71885+00	2026-10-04 23:31:24.093941+00	2026-10-05 01:30:44.435584+00	t	2026-10-04 21:48:26.089649+00	2026-10-05 01:30:46.800668+00
5646	ME_SHORT_GEOM_A_V1	1613931491	MONUSDT	SHORT	2026-10-04 01:37:12.928611+00	2026-10-04 01:37:12.966527+00	1.0127314814814903	1.0416666666666643	1.5914351851851904	1.5914351851851904	1.5914351851851904	0.8391203703703662	0.8391203703703662	0.8391203703703662	1.7361111111111005	2.6041666666666607	5.0637	5.2083	7.9572	7.9572	7.9572	4.1956	4.1956	4.1956	8.6806	13.0208	0.5497685185185263	-0.8969907407407343	-0.9259259259259283	1.1574074074074003	0.6944444444444362	f	t	f	t	f	\N	7.8	2026-10-04 01:54:00.198526+00	2026-10-04 02:09:59.658021+00	2026-10-04 02:42:03.692462+00	2026-10-04 03:41:17.024084+00	2026-10-04 05:39:33.407506+00	t	2026-10-04 01:54:00.386673+00	2026-10-04 05:39:33.967727+00
5647	ME_SHORT_GEOM_B_V1	1613931491	MONUSDT	SHORT	2026-10-04 01:37:12.928611+00	2026-10-04 01:37:12.966527+00	1.0127314814814903	1.0416666666666643	1.5914351851851904	1.5914351851851904	1.5914351851851904	0.8391203703703662	0.8391203703703662	0.8391203703703662	1.7361111111111005	2.6041666666666607	1.3503	1.3889	2.1219	2.1219	2.1219	1.1188	1.1188	1.1188	2.3148	3.4722	0.5497685185185263	-0.8969907407407343	-0.9259259259259283	1.1574074074074003	0.6944444444444362	f	t	f	t	f	\N	12.8	2026-10-04 01:54:00.573562+00	2026-10-04 02:10:00.035664+00	2026-10-04 02:42:04.255249+00	2026-10-04 03:41:17.587054+00	2026-10-04 05:39:34.387608+00	t	2026-10-04 01:54:00.759998+00	2026-10-04 05:39:34.947101+00
6321	ME_SHORT_GEOM_A_V1	1618637515	AXSUSDT	SHORT	2026-10-04 11:43:42.695972+00	2026-10-04 11:43:42.736044+00	2.2340803984347115	2.952685876912122	3.1803628601921	3.6428317324795385	5.350409107079327	0.0	0.0	0.0	0.0	0.0	11.1704	14.7634	15.9018	18.2142	26.752	0.0	0.0	0.0	0.0	0.0	-1.4300960512273218	-2.753468516542153	-2.397723230167205	-2.312344361437209	-4.646033440056914	f	f	f	f	f	\N	\N	2026-10-04 12:01:49.93028+00	2026-10-04 12:18:08.49038+00	2026-10-04 12:45:13.334254+00	2026-10-04 13:44:41.633829+00	2026-10-04 15:44:28.283231+00	t	2026-10-04 12:01:50.314973+00	2026-10-04 15:44:28.840252+00
6322	ME_SHORT_GEOM_B_V1	1618637515	AXSUSDT	SHORT	2026-10-04 11:43:42.695972+00	2026-10-04 11:43:42.736044+00	2.2340803984347115	2.952685876912122	3.1803628601921	3.6428317324795385	5.350409107079327	0.0	0.0	0.0	0.0	0.0	2.9788	3.9369	4.2405	4.8571	7.1339	0.0	0.0	0.0	0.0	0.0	-1.4300960512273218	-2.753468516542153	-2.397723230167205	-2.312344361437209	-4.646033440056914	f	f	f	f	f	\N	\N	2026-10-04 12:01:51.067972+00	2026-10-04 12:18:09.420297+00	2026-10-04 12:45:14.279261+00	2026-10-04 13:44:42.566768+00	2026-10-04 15:44:29.396558+00	t	2026-10-04 12:01:51.634849+00	2026-10-04 15:44:29.955691+00
7579	ME_SHORT_GEOM_A_V1	1621564867	NILUSDT	SHORT	2026-10-05 06:56:57.941193+00	2026-10-05 06:56:57.981165+00	8.165137614678903	14.201834862385315	14.201834862385315	14.201834862385315	14.201834862385315	0.0	0.0	0.0	0.0	0.0	40.8257	71.0092	71.0092	71.0092	71.0092	0.0	0.0	0.0	0.0	0.0	-7.128440366972476	-10.321100917431188	-8.963302752293579	-7.706422018348628	-11.110091743119261	t	f	t	f	f	18.0	\N	2026-10-05 07:15:09.068234+00	2026-10-05 07:31:21.884417+00	2026-10-05 07:58:26.43165+00	2026-10-05 08:57:55.242104+00	2026-10-05 11:02:20.423301+00	t	2026-10-05 07:15:09.448631+00	2026-10-05 11:02:21.609593+00
7580	ME_SHORT_GEOM_B_V1	1621564867	NILUSDT	SHORT	2026-10-05 06:56:57.941193+00	2026-10-05 06:56:57.981165+00	8.165137614678903	14.201834862385315	14.201834862385315	14.201834862385315	14.201834862385315	0.0	0.0	0.0	0.0	0.0	10.8869	18.9358	18.9358	18.9358	18.9358	0.0	0.0	0.0	0.0	0.0	-7.128440366972476	-10.321100917431188	-8.917431192660557	-7.706422018348628	-10.559633027522942	t	f	t	f	f	18.0	\N	2026-10-05 07:15:10.010772+00	2026-10-05 07:31:22.811857+00	2026-10-05 07:58:27.168561+00	2026-10-05 08:57:55.974496+00	2026-10-05 10:56:58.275442+00	t	2026-10-05 07:15:11.262824+00	2026-10-05 10:56:58.657219+00
9137	ME_SHORT_GEOM_A_V1	1621968238	RLCUSDT	SHORT	2026-10-06 12:30:51.337533+00	2026-10-06 12:30:51.366074+00	16.804619826756493	19.15303176130895	19.15303176130895	19.15303176130895	23.4167468719923	0.0	0.0	0.0	0.0	0.0	84.0231	95.7652	95.7652	95.7652	117.0837	0.0	0.0	0.0	0.0	0.0	-14.937439846005764	-15.226179018286807	-12.425409047160722	-14.369586140519718	-22.386910490856586	t	f	t	f	f	149.1	\N	2026-10-06 12:48:37.455012+00	2026-10-06 13:04:34.308077+00	2026-10-06 13:31:18.643849+00	2026-10-06 14:35:46.812245+00	2026-10-06 16:34:23.339343+00	t	2026-10-06 12:48:38.187798+00	2026-10-06 16:34:23.719529+00
9138	ME_SHORT_GEOM_B_V1	1621968238	RLCUSDT	SHORT	2026-10-06 12:30:51.337533+00	2026-10-06 12:30:51.366074+00	16.804619826756493	19.15303176130895	19.15303176130895	19.15303176130895	23.4167468719923	0.0	0.0	0.0	0.0	0.0	22.4062	25.5374	25.5374	25.5374	31.2223	0.0	0.0	0.0	0.0	0.0	-14.937439846005764	-15.293551491819052	-12.531280076997101	-14.369586140519718	-22.39653512993262	t	f	t	f	f	149.1	\N	2026-10-06 12:48:38.190298+00	2026-10-06 13:04:35.050256+00	2026-10-06 13:31:19.431189+00	2026-10-06 14:35:47.563585+00	2026-10-06 16:34:24.292732+00	t	2026-10-06 12:48:38.933372+00	2026-10-06 16:34:25.362879+00
7019	ME_SHORT_GEOM_A_V1	1634687391	KLACUSDT	SHORT	2026-10-04 21:30:13.894133+00	2026-10-04 21:30:13.94625+00	0.18314135620993563	0.18314135620993563	0.18314135620993563	0.18314135620993563	0.35664369367198856	0.0	0.0	0.2602535061930657	0.35664369367197485	1.5856185840281418	0.9157	0.9157	0.9157	0.9157	1.7832	0.0	0.0	1.3013	1.7832	7.9281	-0.07711214998313007	-0.1494047905923188	0.15422429996626014	0.29399007181068254	1.5663405465323628	f	t	f	t	f	\N	34.8	2026-10-04 21:48:24.235882+00	2026-10-04 22:04:38.928477+00	2026-10-04 22:31:49.237602+00	2026-10-04 23:31:22.612213+00	2026-10-05 01:30:41.220525+00	t	2026-10-04 21:48:24.428651+00	2026-10-05 01:30:41.416109+00
7020	ME_SHORT_GEOM_B_V1	1634687391	KLACUSDT	SHORT	2026-10-04 21:30:13.894133+00	2026-10-04 21:30:13.94625+00	0.18314135620993563	0.18314135620993563	0.18314135620993563	0.18314135620993563	0.35664369367198856	0.0	0.0	0.2602535061930657	0.35664369367197485	1.5856185840281418	0.2442	0.2442	0.2442	0.2442	0.4755	0.0	0.0	0.347	0.4755	2.1142	-0.07711214998313007	-0.1494047905923188	0.15422429996626014	0.29399007181068254	1.5663405465323628	f	t	f	t	f	\N	159.8	2026-10-04 21:48:25.344735+00	2026-10-04 22:04:40.059581+00	2026-10-04 22:31:50.71885+00	2026-10-04 23:31:24.093941+00	2026-10-05 01:30:44.435584+00	t	2026-10-04 21:48:25.534484+00	2026-10-05 01:30:45.746036+00
481	ME_SHORT_GEOM_A_V1	1638200009	CRVUSDT	SHORT	2026-09-29 13:57:00.949239+00	2026-09-29 13:57:00.98581+00	1.6125031009675033	1.6125031009675033	1.6125031009675033	1.6869263210121628	6.648474323989081	0.0	0.07442322004464573	1.8853882411312317	3.0761597618456875	3.0761597618456875	8.0625	8.0625	8.0625	8.4346	33.2424	0.0	0.3721	9.4269	15.3808	15.3808	-1.2403870007442332	-0.02480774001488191	1.2155792607293376	-1.141156040684692	-6.2267427437360485	t	t	f	t	f	228.0	28.0	2026-09-29 14:12:54.395387+00	2026-09-29 14:28:57.493562+00	2026-09-29 15:01:09.011189+00	2026-09-29 16:00:47.145302+00	2026-09-29 17:57:27.24561+00	t	2026-09-29 14:12:54.589211+00	2026-09-29 17:57:27.788964+00
482	ME_SHORT_GEOM_B_V1	1638200009	CRVUSDT	SHORT	2026-09-29 13:57:00.949239+00	2026-09-29 13:57:00.98581+00	1.6125031009675033	1.6125031009675033	1.6125031009675033	1.6869263210121628	6.648474323989081	0.0	0.07442322004464573	1.8853882411312317	3.0761597618456875	3.0761597618456875	2.15	2.15	2.15	2.2492	8.8646	0.0	0.0992	2.5139	4.1015	4.1015	-1.2403870007442332	-0.02480774001488191	1.2155792607293376	-1.141156040684692	-6.301165963780708	t	t	f	t	f	228.0	48.0	2026-09-29 14:12:54.591701+00	2026-09-29 14:28:57.681873+00	2026-09-29 15:01:09.378057+00	2026-09-29 16:00:47.524521+00	2026-09-29 17:57:27.793636+00	t	2026-09-29 14:12:54.77921+00	2026-09-29 17:57:28.665011+00
7888	ME_SHORT_GEOM_A_V1	1650106028	ADAUSDT	SHORT	2026-10-05 13:12:46.784096+00	2026-10-05 13:12:46.828301+00	0.3995641118779477	0.7264802034144576	0.9081002542680721	2.7969487831456536	4.976389393389026	0.5448601525608433	0.5448601525608433	0.5448601525608433	0.5448601525608433	0.5448601525608433	1.9978	3.6324	4.5405	13.9847	24.8819	2.7243	2.7243	2.7243	2.7243	2.7243	0.2542680711950723	-0.7264802034144576	0.036324010170718846	-2.5790047221213204	-3.9229930984380594	t	t	f	t	f	137.2	2.2	2026-10-05 13:32:50.779261+00	2026-10-05 13:43:42.532048+00	2026-10-05 14:16:45.405788+00	2026-10-05 15:16:51.128593+00	2026-10-05 17:17:02.453612+00	t	2026-10-05 13:32:51.160008+00	2026-10-05 17:17:02.828999+00
7889	ME_SHORT_GEOM_B_V1	1650106028	ADAUSDT	SHORT	2026-10-05 13:12:46.784096+00	2026-10-05 13:12:46.828301+00	0.3995641118779477	0.7264802034144576	0.9081002542680721	2.7969487831456536	4.976389393389026	0.5448601525608433	0.5448601525608433	0.5448601525608433	0.5448601525608433	0.5448601525608433	0.5328	0.9686	1.2108	3.7293	6.6352	0.7265	0.7265	0.7265	0.7265	0.7265	0.2542680711950723	-0.7264802034144576	0.036324010170718846	-2.5790047221213204	-3.9229930984380594	t	f	t	f	f	137.2	\N	2026-10-05 13:32:51.527882+00	2026-10-05 13:43:43.272378+00	2026-10-05 14:16:46.219908+00	2026-10-05 15:16:51.689704+00	2026-10-05 17:17:03.013273+00	t	2026-10-05 13:32:51.911864+00	2026-10-05 17:17:03.516554+00
5114	ME_SHORT_GEOM_A_V1	1650714246	SPCXUSDT	SHORT	2026-10-03 10:14:56.468359+00	2026-10-03 10:14:56.513919+00	0.0251414204902527	0.04399748585794669	0.05656819610308197	0.05656819610308197	0.05656819610308197	0.0	0.03142677561282927	0.03142677561282927	0.03142677561282927	0.10685103708360523	0.1257	0.22	0.2828	0.2828	0.2828	0.0	0.1571	0.1571	0.1571	0.5343	-0.006285355122558708	-0.04399748585794669	-0.012570710245117417	0.0	-0.01885606536769399	f	f	f	f	f	\N	\N	2026-10-03 10:30:44.523263+00	2026-10-03 10:46:45.348953+00	2026-10-03 11:18:46.742519+00	2026-10-03 12:17:21.354703+00	2026-10-03 14:19:00.749393+00	t	2026-10-03 10:30:44.723164+00	2026-10-03 14:19:00.937836+00
5115	ME_SHORT_GEOM_B_V1	1650714246	SPCXUSDT	SHORT	2026-10-03 10:14:56.468359+00	2026-10-03 10:14:56.513919+00	0.0251414204902527	0.04399748585794669	0.05656819610308197	0.05656819610308197	0.05656819610308197	0.0	0.03142677561282927	0.03142677561282927	0.03142677561282927	0.10685103708360523	0.0335	0.0587	0.0754	0.0754	0.0754	0.0	0.0419	0.0419	0.0419	0.1425	-0.006285355122558708	-0.04399748585794669	-0.012570710245117417	0.0	-0.01885606536769399	f	f	f	f	f	\N	\N	2026-10-03 10:30:44.726829+00	2026-10-03 10:46:45.542217+00	2026-10-03 11:18:46.940595+00	2026-10-03 12:17:21.551606+00	2026-10-03 14:19:00.943803+00	t	2026-10-03 10:30:44.926558+00	2026-10-03 14:19:01.131361+00
7447	ME_SHORT_GEOM_A_V1	1651016741	AKTUSDT	SHORT	2026-10-05 04:01:28.879489+00	2026-10-05 04:01:28.911293+00	2.2642910170749793	3.600593912397923	3.9099232863152777	5.295718881464992	5.295718881464992	0.0	0.0	0.0	0.0	0.0	11.3215	18.003	19.5496	26.4786	26.4786	0.0	0.0	0.0	0.0	0.0	-2.0539470428111923	-2.9695619896065355	-1.5219005196733453	-4.380103934669634	-4.206879485275925	f	f	f	f	f	\N	\N	2026-10-05 04:17:37.848108+00	2026-10-05 04:33:44.731355+00	2026-10-05 05:06:13.438283+00	2026-10-05 06:05:14.976654+00	2026-10-05 08:03:51.086346+00	t	2026-10-05 04:17:38.944689+00	2026-10-05 08:03:51.775454+00
7448	ME_SHORT_GEOM_B_V1	1651016741	AKTUSDT	SHORT	2026-10-05 04:01:28.879489+00	2026-10-05 04:01:28.911293+00	2.2642910170749793	3.600593912397923	3.9099232863152777	5.295718881464992	5.295718881464992	0.0	0.0	0.0	0.0	0.0	3.0191	4.8008	5.2132	7.061	7.061	0.0	0.0	0.0	0.0	0.0	-2.0539470428111923	-3.0190546894333057	-1.5219005196733453	-4.380103934669634	-4.206879485275925	f	f	f	f	f	\N	\N	2026-10-05 04:17:39.305975+00	2026-10-05 04:33:46.204332+00	2026-10-05 05:06:14.715371+00	2026-10-05 06:05:16.23688+00	2026-10-05 08:03:52.14697+00	t	2026-10-05 04:17:40.593565+00	2026-10-05 08:03:52.335982+00
11023	ME_SHORT_GEOM_A_V1	1678989738	AVAXUSDT	SHORT	2026-10-07 00:12:26.921025+00	2026-10-07 00:12:26.988583+00	0.9446114212108152	0.987548303993132	0.987548303993132	6.105624731644486	6.191498497209104	0.0	0.0	0.07728638900816094	0.07728638900816094	0.07728638900816094	4.7231	4.9377	4.9377	30.5281	30.9575	0.0	0.0	0.3864	0.3864	0.3864	-0.9274366680978856	-0.37784456848431697	-0.5324173465006388	-4.499785315586082	-5.0150279089738055	t	f	t	f	f	102.6	\N	2026-10-07 00:31:09.763099+00	2026-10-07 00:47:03.056465+00	2026-10-07 01:13:49.138448+00	2026-10-07 02:12:54.079709+00	2026-10-07 04:12:33.58027+00	t	2026-10-07 00:31:10.134829+00	2026-10-07 04:12:33.76688+00
11024	ME_SHORT_GEOM_B_V1	1678989738	AVAXUSDT	SHORT	2026-10-07 00:12:26.921025+00	2026-10-07 00:12:26.988583+00	0.9446114212108152	0.987548303993132	0.987548303993132	6.105624731644486	6.191498497209104	0.0	0.0	0.07728638900816094	0.07728638900816094	0.07728638900816094	1.2595	1.3167	1.3167	8.1408	8.2553	0.0	0.0	0.103	0.103	0.103	-0.9274366680978856	-0.37784456848431697	-0.5324173465006388	-4.499785315586082	-5.0150279089738055	t	f	t	f	f	102.6	\N	2026-10-07 00:31:10.136644+00	2026-10-07 00:47:03.439545+00	2026-10-07 01:13:49.512191+00	2026-10-07 02:12:54.452814+00	2026-10-07 04:12:33.953344+00	t	2026-10-07 00:31:10.508972+00	2026-10-07 04:12:34.141723+00
1532	ME_SHORT_GEOM_A_V1	1681174902	ASTERUSDT	SHORT	2026-09-30 16:28:04.264537+00	2026-09-30 16:28:04.290152+00	1.2522592305706082	1.600826232894393	2.246320681642134	3.0725535760392377	3.6793183578621185	0.0	0.0	0.0	0.0	0.0	6.2613	8.0041	11.2316	15.3628	18.3966	0.0	0.0	0.0	0.0	0.0	-1.1360702297960135	-1.420087787245031	-1.5879163439194395	-2.8014459075651876	-1.420087787245031	t	f	t	f	f	126.9	\N	2026-09-30 16:43:52.358154+00	2026-09-30 16:59:57.56479+00	2026-09-30 17:32:04.274375+00	2026-09-30 18:30:18.134149+00	2026-09-30 20:31:24.308205+00	t	2026-09-30 16:43:52.544231+00	2026-09-30 20:31:24.499822+00
1533	ME_SHORT_GEOM_B_V1	1681174902	ASTERUSDT	SHORT	2026-09-30 16:28:04.264537+00	2026-09-30 16:28:04.290152+00	1.2522592305706082	1.600826232894393	2.246320681642134	3.0725535760392377	3.6793183578621185	0.0	0.0	0.0	0.0	0.0	1.6697	2.1344	2.9951	4.0967	4.9058	0.0	0.0	0.0	0.0	0.0	-1.1360702297960135	-1.420087787245031	-1.5879163439194395	-2.8014459075651876	-1.420087787245031	t	f	t	f	f	126.9	\N	2026-09-30 16:43:52.727775+00	2026-09-30 16:59:57.935765+00	2026-09-30 17:32:04.645605+00	2026-09-30 18:30:18.521753+00	2026-09-30 20:31:24.503247+00	t	2026-09-30 16:43:52.924343+00	2026-09-30 20:31:24.692956+00
798	ME_SHORT_GEOM_A_V1	1681199643	SOONUSDT	SHORT	2026-09-30 00:11:55.528112+00	2026-09-30 00:11:55.554485+00	3.1927567309983376	3.1927567309983376	4.622349297116995	8.172504169644984	8.172504169644984	1.0245413390516966	3.3357159876101874	3.3357159876101874	3.3357159876101874	3.3357159876101874	15.9638	15.9638	23.1117	40.8625	40.8625	5.1227	16.6786	16.6786	16.6786	16.6786	0.30974505599236785	0.4765308553728858	0.6909697402906738	-7.028830116750065	-1.5963783654991754	f	t	f	t	f	\N	8.1	2026-09-30 00:31:00.35106+00	2026-09-30 00:46:49.451159+00	2026-09-30 01:13:23.213577+00	2026-09-30 02:12:05.330791+00	2026-09-30 04:14:42.412483+00	t	2026-09-30 00:31:00.539008+00	2026-09-30 04:14:42.60006+00
799	ME_SHORT_GEOM_B_V1	1681199643	SOONUSDT	SHORT	2026-09-30 00:11:55.528112+00	2026-09-30 00:11:55.554485+00	3.1927567309983376	3.1927567309983376	4.622349297116995	8.172504169644984	8.172504169644984	1.0245413390516966	3.3357159876101874	3.3357159876101874	3.3357159876101874	3.3357159876101874	4.257	4.257	6.1631	10.8967	10.8967	1.3661	4.4476	4.4476	4.4476	4.4476	0.30974505599236785	0.4765308553728858	0.6909697402906738	-7.076483202287349	-1.5963783654991754	f	t	f	t	f	\N	13.1	2026-09-30 00:31:00.901853+00	2026-09-30 00:46:50.499317+00	2026-09-30 01:13:23.951775+00	2026-09-30 02:12:06.061509+00	2026-09-30 04:14:43.148368+00	t	2026-09-30 00:31:01.086375+00	2026-09-30 04:14:43.3385+00
9087	ME_SHORT_GEOM_A_V1	1701231766	ORCAUSDT	SHORT	2026-10-06 11:50:54.862725+00	2026-10-06 11:50:54.899975+00	7.618080243778566	7.922803453529724	10.516578393673374	10.516578393673374	10.516578393673374	0.0	0.0	0.0	0.0	0.0	38.0904	39.614	52.5829	52.5829	52.5829	0.0	0.0	0.0	0.0	0.0	-6.500761808024387	-7.487484582456662	-7.875643909163473	-6.377421461220351	-3.9976782993542876	f	f	f	f	f	\N	\N	2026-10-06 12:07:28.060768+00	2026-10-06 12:23:24.844554+00	2026-10-06 12:53:55.817445+00	2026-10-06 13:52:47.800281+00	2026-10-06 15:51:13.183067+00	t	2026-10-06 12:07:28.25483+00	2026-10-06 15:51:13.372865+00
9088	ME_SHORT_GEOM_B_V1	1701231766	ORCAUSDT	SHORT	2026-10-06 11:50:54.862725+00	2026-10-06 11:50:54.899975+00	7.618080243778566	7.922803453529724	10.516578393673374	10.516578393673374	10.516578393673374	0.0	0.0	0.0	0.0	0.0	10.1574	10.5637	14.0221	14.0221	14.0221	0.0	0.0	0.0	0.0	0.0	-6.500761808024387	-7.487484582456662	-7.875643909163473	-6.377421461220351	-3.9976782993542876	f	f	f	f	f	\N	\N	2026-10-06 12:07:28.620372+00	2026-10-06 12:23:25.719032+00	2026-10-06 12:53:56.569053+00	2026-10-06 13:52:48.58074+00	2026-10-06 15:51:14.124146+00	t	2026-10-06 12:07:28.814962+00	2026-10-06 15:51:14.497782+00
535	ME_SHORT_GEOM_A_V1	1702994525	GRASSUSDT	SHORT	2026-09-29 15:02:08.131929+00	2026-09-29 15:02:08.15595+00	2.5268210050818785	4.884246188594025	5.053642010163757	7.5239977413890475	7.905138339920955	0.0	0.0	0.0	0.0	0.0	12.6341	24.4212	25.2682	37.62	39.5257	0.0	0.0	0.0	0.0	0.0	-1.8633540372670792	-3.924336533032192	-3.5149632975719975	-4.616036137775277	-5.053642010163757	f	f	f	f	f	\N	\N	2026-09-29 15:17:26.806729+00	2026-09-29 15:33:39.591748+00	2026-09-29 16:06:08.174661+00	2026-09-29 17:04:43.533875+00	2026-09-29 19:05:36.233267+00	t	2026-09-29 15:17:27.205656+00	2026-09-29 19:05:36.420703+00
536	ME_SHORT_GEOM_B_V1	1702994525	GRASSUSDT	SHORT	2026-09-29 15:02:08.131929+00	2026-09-29 15:02:08.15595+00	2.5268210050818785	4.884246188594025	5.053642010163757	7.5239977413890475	7.905138339920955	0.0	0.0	0.0	0.0	0.0	3.3691	6.5123	6.7382	10.032	10.5402	0.0	0.0	0.0	0.0	0.0	-1.8210050818746504	-3.9102202145680485	-3.5149632975719975	-4.630152456239419	-5.053642010163757	f	f	f	f	f	\N	\N	2026-09-29 15:17:27.210179+00	2026-09-29 15:33:39.961158+00	2026-09-29 16:06:08.542354+00	2026-09-29 17:04:44.088859+00	2026-09-29 19:05:36.791707+00	t	2026-09-29 15:17:27.605642+00	2026-09-29 19:05:37.162573+00
12614	ME_SHORT_GEOM_A_V1	1706076174	NMRUSDT	SHORT	2026-10-07 03:37:58.884104+00	2026-10-07 03:37:58.916895+00	1.3705160290787775	2.24645453462042	2.24645453462042	2.24645453462042	3.563341675604809	1.471815039923727	1.471815039923727	5.541651769753305	7.257776188773686	7.257776188773686	6.8526	11.2323	11.2323	11.2323	17.8167	7.3591	7.3591	27.7083	36.2889	36.2889	0.6971755452270343	0.1549278989393386	4.6597544988678345	2.6814444047193375	-0.6018352997258913	f	t	f	t	f	\N	7.0	2026-10-07 03:56:13.762784+00	2026-10-07 04:12:33.58027+00	2026-10-07 04:39:36.226103+00	2026-10-07 05:38:51.048093+00	2026-10-07 07:40:26.07267+00	t	2026-10-07 03:56:14.139382+00	2026-10-07 07:40:26.269604+00
12615	ME_SHORT_GEOM_B_V1	1706076174	NMRUSDT	SHORT	2026-10-07 03:37:58.884104+00	2026-10-07 03:37:58.916895+00	1.3705160290787775	2.24645453462042	2.24645453462042	2.24645453462042	3.563341675604809	1.471815039923727	1.471815039923727	5.541651769753305	7.257776188773686	7.257776188773686	1.8274	2.9953	2.9953	2.9953	4.7511	1.9624	1.9624	7.3889	9.677	9.677	0.6971755452270343	0.1549278989393386	4.6597544988678345	2.6814444047193375	-0.6018352997258913	f	t	f	t	f	\N	7.0	2026-10-07 03:56:14.141106+00	2026-10-07 04:12:33.953344+00	2026-10-07 04:39:36.417555+00	2026-10-07 05:38:51.250486+00	2026-10-07 07:40:26.274239+00	t	2026-10-07 03:56:14.516949+00	2026-10-07 07:40:26.470874+00
3803	ME_SHORT_GEOM_A_V1	1706734405	XRPUSDT	SHORT	2026-10-02 11:19:08.295771+00	2026-10-02 11:19:08.320399+00	0.6023316062176222	0.738341968911922	1.1334196891191755	1.1334196891191755	2.7137305699481895	0.0	0.0	0.0	0.8095854922279764	0.8095854922279764	3.0117	3.6917	5.6671	5.6671	13.5687	0.0	0.0	0.0	4.0479	4.0479	-0.5181347150259072	-0.6930051813471458	-0.4080310880828998	-0.37564766839378416	-2.085492227979275	t	t	f	t	f	210.9	70.9	2026-10-02 11:34:17.4492+00	2026-10-02 11:50:29.78426+00	2026-10-02 12:22:56.855916+00	2026-10-02 13:24:32.378998+00	2026-10-02 15:21:32.095383+00	t	2026-10-02 11:34:17.641625+00	2026-10-02 15:21:32.466674+00
3804	ME_SHORT_GEOM_B_V1	1706734405	XRPUSDT	SHORT	2026-10-02 11:19:08.295771+00	2026-10-02 11:19:08.320399+00	0.6023316062176222	0.738341968911922	1.1334196891191755	1.1334196891191755	2.7137305699481895	0.0	0.0	0.0	0.8095854922279764	0.8095854922279764	0.8031	0.9845	1.5112	1.5112	3.6183	0.0	0.0	0.0	1.0794	1.0794	-0.5181347150259072	-0.6930051813471458	-0.4080310880828998	-0.37564766839378416	-2.085492227979275	t	t	f	t	f	210.9	70.9	2026-10-02 11:34:17.829148+00	2026-10-02 11:50:30.346026+00	2026-10-02 12:22:57.411683+00	2026-10-02 13:24:33.715919+00	2026-10-02 15:21:34.127077+00	t	2026-10-02 11:34:18.032103+00	2026-10-02 15:21:34.319649+00
1167	ME_SHORT_GEOM_A_V1	1711470164	SOONUSDT	SHORT	2026-09-30 09:58:03.519331+00	2026-09-30 09:58:03.55278+00	2.4629468177855225	2.4629468177855225	2.484742807323445	5.6451612903225765	7.67218831734961	0.0	1.4167393199651277	2.375762859633832	2.375762859633832	5.492589363557106	12.3147	12.3147	12.4237	28.2258	38.3609	0.0	7.0837	11.8788	11.8788	27.4629	-0.9590235396686921	-0.784655623365299	-1.7218831734960687	-4.424585876198776	2.4411508282475998	f	t	f	t	f	\N	16.9	2026-09-30 10:14:46.696008+00	2026-09-30 10:30:54.26443+00	2026-09-30 11:03:08.292415+00	2026-09-30 12:02:25.27266+00	2026-09-30 14:01:16.893277+00	t	2026-09-30 10:14:46.880199+00	2026-09-30 14:01:17.26327+00
1168	ME_SHORT_GEOM_B_V1	1711470164	SOONUSDT	SHORT	2026-09-30 09:58:03.519331+00	2026-09-30 09:58:03.55278+00	2.4629468177855225	2.4629468177855225	2.484742807323445	5.6451612903225765	7.67218831734961	0.0	1.4167393199651277	2.375762859633832	2.375762859633832	5.492589363557106	3.2839	3.2839	3.313	7.5269	10.2296	0.0	1.889	3.1677	3.1677	7.3235	-0.9590235396686921	-0.784655623365299	-1.7218831734960687	-4.424585876198776	2.4411508282475998	f	t	f	t	f	\N	16.9	2026-09-30 10:14:46.883788+00	2026-09-30 10:30:54.458516+00	2026-09-30 11:03:08.665164+00	2026-09-30 12:02:25.63825+00	2026-09-30 14:01:17.26588+00	t	2026-09-30 10:14:47.067112+00	2026-09-30 14:01:17.632604+00
5093	ME_SHORT_GEOM_A_V1	1711879082	SPCXUSDT	SHORT	2026-10-03 10:04:54.904845+00	2026-10-03 10:04:54.944108+00	0.0062869357475109425	0.0062869357475109425	0.03143467873759045	0.03143467873759045	0.03143467873759045	0.025147742990061638	0.05658242172765209	0.05658242172765209	0.05658242172765209	0.13202565069785488	0.0314	0.0314	0.1572	0.1572	0.1572	0.1257	0.2829	0.2829	0.2829	0.6601	0.012573871495039754	0.050295485980123275	0.0	0.0062869357475109425	0.050295485980123275	f	f	f	f	f	\N	\N	2026-10-03 10:20:04.074646+00	2026-10-03 10:36:05.327082+00	2026-10-03 11:08:06.869008+00	2026-10-03 12:06:44.587017+00	2026-10-03 14:08:32.401071+00	t	2026-10-03 10:20:04.266731+00	2026-10-03 14:08:32.594365+00
5094	ME_SHORT_GEOM_B_V1	1711879082	SPCXUSDT	SHORT	2026-10-03 10:04:54.904845+00	2026-10-03 10:04:54.944108+00	0.0062869357475109425	0.0062869357475109425	0.03143467873759045	0.03143467873759045	0.03143467873759045	0.025147742990061638	0.05658242172765209	0.05658242172765209	0.05658242172765209	0.13202565069785488	0.0084	0.0084	0.0419	0.0419	0.0419	0.0335	0.0754	0.0754	0.0754	0.176	0.012573871495039754	0.050295485980123275	0.0	0.0062869357475109425	0.050295485980123275	f	f	f	f	f	\N	\N	2026-10-03 10:20:04.268923+00	2026-10-03 10:36:05.528882+00	2026-10-03 11:08:07.066207+00	2026-10-03 12:06:44.777028+00	2026-10-03 14:08:32.597999+00	t	2026-10-03 10:20:04.464482+00	2026-10-03 14:08:32.790691+00
1485	ME_SHORT_GEOM_A_V1	1712190355	ASTERUSDT	SHORT	2026-09-30 15:27:55.540391+00	2026-09-30 15:27:55.568628+00	0.9786247746587613	1.120267834148845	1.120267834148845	2.4980685037342227	3.9273757404068985	0.2704094772083429	0.2704094772083429	0.2704094772083429	0.2704094772083429	0.2704094772083429	4.8931	5.6013	5.6013	12.4903	19.6369	1.352	1.352	1.352	1.352	1.352	-0.9013649240278143	-0.476435745557549	-0.7983517898532041	-1.8413597733711022	-2.832861189801688	f	t	f	t	f	\N	2.1	2026-09-30 15:44:03.494369+00	2026-09-30 16:00:24.591581+00	2026-09-30 16:32:59.652437+00	2026-09-30 17:32:04.274375+00	2026-09-30 19:28:08.250198+00	t	2026-09-30 15:44:03.683782+00	2026-09-30 19:28:08.435257+00
1486	ME_SHORT_GEOM_B_V1	1712190355	ASTERUSDT	SHORT	2026-09-30 15:27:55.540391+00	2026-09-30 15:27:55.568628+00	0.9786247746587613	1.120267834148845	1.120267834148845	2.4980685037342227	3.9273757404068985	0.2704094772083429	0.2704094772083429	0.2704094772083429	0.2704094772083429	0.2704094772083429	1.3048	1.4937	1.4937	3.3308	5.2365	0.3605	0.3605	0.3605	0.3605	0.3605	-0.9013649240278143	-0.476435745557549	-0.7983517898532041	-1.8413597733711022	-2.832861189801688	f	f	f	f	f	\N	\N	2026-09-30 15:44:03.865293+00	2026-09-30 16:00:24.973311+00	2026-09-30 16:33:00.027605+00	2026-09-30 17:32:04.645605+00	2026-09-30 19:28:08.438375+00	t	2026-09-30 15:44:04.05578+00	2026-09-30 19:28:08.628375+00
6746	ME_SHORT_GEOM_A_V1	1715857716	BTCUSDT	SHORT	2026-10-04 17:34:17.437877+00	2026-10-04 17:34:17.477101+00	0.07931421903611209	0.0877494092437901	0.10825160766523798	0.10825160766523798	0.10825160766523798	0.0788455973579144	0.0788455973579144	0.0788455973579144	0.23173341987214	0.8027489347643444	0.3966	0.4387	0.5413	0.5413	0.5413	0.3942	0.3942	0.3942	1.1587	4.0137	-0.008435190207678004	-0.06654427830504567	-0.08517199001366864	0.1784277039763755	0.588588827824891	f	t	f	t	f	\N	115.7	2026-10-04 17:50:01.94968+00	2026-10-04 18:06:21.982286+00	2026-10-04 18:39:04.142268+00	2026-10-04 19:38:44.99731+00	2026-10-04 21:37:35.482503+00	t	2026-10-04 17:50:02.889222+00	2026-10-04 21:37:36.367227+00
6747	ME_SHORT_GEOM_B_V1	1715857716	BTCUSDT	SHORT	2026-10-04 17:34:17.437877+00	2026-10-04 17:34:17.477101+00	0.07931421903611209	0.0877494092437901	0.10825160766523798	0.10825160766523798	0.10825160766523798	0.0788455973579144	0.0788455973579144	0.0788455973579144	0.23173341987214	0.8027489347643444	0.1058	0.117	0.1443	0.1443	0.1443	0.1051	0.1051	0.1051	0.309	1.0703	-0.008435190207678004	-0.06654427830504567	-0.08517199001366864	0.1784277039763755	0.588588827824891	f	t	f	t	f	\N	215.7	2026-10-04 17:50:03.073895+00	2026-10-04 18:06:23.096685+00	2026-10-04 18:39:05.254085+00	2026-10-04 19:38:46.43562+00	2026-10-04 21:37:36.92177+00	t	2026-10-04 17:50:04.007742+00	2026-10-04 21:37:37.486804+00
6105	ME_SHORT_GEOM_A_V1	1731506129	BNBUSDT	SHORT	2026-10-04 09:03:11.150474+00	2026-10-04 09:03:11.197742+00	0.10124019235637412	0.10124019235637412	0.10124019235637412	0.32903062515819065	0.43027081751456475	0.5441660339154586	0.6074411541381871	0.6074411541381871	0.6074411541381871	0.6074411541381871	0.5062	0.5062	0.5062	1.6452	2.1514	2.7208	3.0372	3.0372	3.0372	3.0372	0.4935459377372788	0.442925841559099	0.10124019235635971	-0.30372057706910793	-0.18982536066818526	f	t	f	t	f	\N	6.8	2026-10-04 09:18:54.626083+00	2026-10-04 09:35:11.058328+00	2026-10-04 10:07:45.791379+00	2026-10-04 11:07:35.578451+00	2026-10-04 13:06:54.569869+00	t	2026-10-04 09:18:56.047481+00	2026-10-04 13:06:54.955316+00
6106	ME_SHORT_GEOM_B_V1	1731506129	BNBUSDT	SHORT	2026-10-04 09:03:11.150474+00	2026-10-04 09:03:11.197742+00	0.10124019235637412	0.10124019235637412	0.10124019235637412	0.32903062515819065	0.43027081751456475	0.5441660339154586	0.6074411541381871	0.6074411541381871	0.6074411541381871	0.6074411541381871	0.135	0.135	0.135	0.4387	0.5737	0.7256	0.8099	0.8099	0.8099	0.8099	0.4935459377372788	0.442925841559099	0.10124019235635971	-0.30372057706910793	-0.18982536066818526	f	f	f	f	f	\N	\N	2026-10-04 09:18:56.04979+00	2026-10-04 09:35:12.363611+00	2026-10-04 10:07:46.904722+00	2026-10-04 11:07:36.677473+00	2026-10-04 13:06:55.506803+00	t	2026-10-04 09:18:57.155317+00	2026-10-04 13:06:55.898042+00
6518	ME_SHORT_GEOM_A_V1	1732569463	AEROUSDT	SHORT	2026-10-04 14:14:12.18691+00	2026-10-04 14:14:12.230947+00	0.9310344827586202	1.1494252873563229	1.1494252873563229	1.643678160919538	1.643678160919538	0.0	0.0	0.0	0.0	0.35632183908045884	4.6552	5.7471	5.7471	8.2184	8.2184	0.0	0.0	0.0	0.0	1.7816	-0.7356321839080415	-0.793103448275864	-0.6206896551724093	-0.3333333333333349	-0.9310344827586202	f	t	f	t	f	\N	120.8	2026-10-04 14:33:34.109452+00	2026-10-04 14:44:31.154211+00	2026-10-04 15:17:09.092659+00	2026-10-04 16:17:14.819955+00	2026-10-04 18:17:18.609956+00	t	2026-10-04 14:33:35.563288+00	2026-10-04 18:17:19.35744+00
6519	ME_SHORT_GEOM_B_V1	1732569463	AEROUSDT	SHORT	2026-10-04 14:14:12.18691+00	2026-10-04 14:14:12.230947+00	0.9310344827586202	1.1494252873563229	1.1494252873563229	1.643678160919538	1.643678160919538	0.0	0.0	0.0	0.0	0.35632183908045884	1.2414	1.5326	1.5326	2.1916	2.1916	0.0	0.0	0.0	0.0	0.4751	-0.7356321839080415	-0.793103448275864	-0.6206896551724093	-0.3333333333333349	-0.9310344827586202	f	f	f	f	f	\N	\N	2026-10-04 14:33:35.566324+00	2026-10-04 14:44:32.272483+00	2026-10-04 15:17:10.515866+00	2026-10-04 16:17:16.069392+00	2026-10-04 18:17:19.723963+00	t	2026-10-04 14:33:36.66561+00	2026-10-04 18:17:20.470212+00
564	ME_SHORT_GEOM_A_V1	1732865745	CRVUSDT	SHORT	2026-09-29 15:52:14.82625+00	2026-09-29 15:52:14.856357+00	2.6387176325524146	2.762022194821219	2.983970406905055	7.200986436498151	7.200986436498151	0.0	0.0	0.0	0.0	0.0	13.1936	13.8101	14.9199	36.0049	36.0049	0.0	0.0	0.0	0.0	0.0	-2.342786683107277	-1.7509247842170284	-2.688039457459931	-6.781750924784223	-4.858199753390887	t	f	t	f	f	112.8	\N	2026-09-29 16:11:28.098302+00	2026-09-29 16:27:32.213061+00	2026-09-29 16:54:07.909565+00	2026-09-29 17:57:27.24561+00	2026-09-29 19:52:33.84107+00	t	2026-09-29 16:11:28.289231+00	2026-09-29 19:52:34.219218+00
565	ME_SHORT_GEOM_B_V1	1732865745	CRVUSDT	SHORT	2026-09-29 15:52:14.82625+00	2026-09-29 15:52:14.856357+00	2.6387176325524146	2.762022194821219	2.983970406905055	7.200986436498151	7.200986436498151	0.0	0.0	0.0	0.0	0.0	3.5183	3.6827	3.9786	9.6013	9.6013	0.0	0.0	0.0	0.0	0.0	-2.342786683107277	-1.7509247842170284	-2.688039457459931	-6.781750924784223	-4.858199753390887	t	f	t	f	f	112.8	\N	2026-09-29 16:11:28.485014+00	2026-09-29 16:27:32.590124+00	2026-09-29 16:54:08.458173+00	2026-09-29 17:57:27.793636+00	2026-09-29 19:52:34.403453+00	t	2026-09-29 16:11:28.675416+00	2026-09-29 19:52:34.773082+00
5996	ME_SHORT_GEOM_A_V1	1740108876	PUMPFUNUSDT	SHORT	2026-10-04 07:07:46.812724+00	2026-10-04 07:07:46.848578+00	1.094327990135633	1.572133168927245	2.0345252774352676	2.173242909987664	3.72996300863132	0.0	0.0	0.0	0.0	0.0	5.4716	7.8607	10.1726	10.8662	18.6498	0.0	0.0	0.0	0.0	0.0	-0.8785450061652245	-1.0172626387176338	-1.1251541307028383	-1.7879161528976542	-3.267570900123297	f	f	f	f	f	\N	\N	2026-10-04 07:26:31.749582+00	2026-10-04 07:42:30.26695+00	2026-10-04 08:09:06.463776+00	2026-10-04 09:08:06.906186+00	2026-10-04 11:13:00.893595+00	t	2026-10-04 07:26:32.44453+00	2026-10-04 11:13:01.080884+00
5997	ME_SHORT_GEOM_B_V1	1740108876	PUMPFUNUSDT	SHORT	2026-10-04 07:07:46.812724+00	2026-10-04 07:07:46.848578+00	1.094327990135633	1.572133168927245	2.0345252774352676	2.173242909987664	3.72996300863132	0.0	0.0	0.0	0.0	0.0	1.4591	2.0962	2.7127	2.8977	4.9733	0.0	0.0	0.0	0.0	0.0	-0.8785450061652245	-1.0172626387176338	-1.1251541307028383	-1.7879161528976542	-3.267570900123297	f	f	f	f	f	\N	\N	2026-10-04 07:26:32.812158+00	2026-10-04 07:42:31.019819+00	2026-10-04 08:09:07.392623+00	2026-10-04 09:08:08.334642+00	2026-10-04 11:13:02.000871+00	t	2026-10-04 07:26:33.19194+00	2026-10-04 11:13:02.370555+00
1885	ME_SHORT_GEOM_A_V1	1740890163	MOVRUSDT	SHORT	2026-10-01 00:23:09.18542+00	2026-10-01 00:23:09.212087+00	5.3287494628276795	5.3287494628276795	5.3287494628276795	9.067468844005152	9.067468844005152	0.773528147829834	0.773528147829834	5.8874086807047705	5.8874086807047705	7.735281478298245	26.6437	26.6437	26.6437	45.3373	45.3373	3.8676	3.8676	29.437	29.437	38.6764	-1.8908465835840154	-1.1173184357541814	0.9883970777825583	-3.9965620971207554	2.363558229480024	f	t	f	t	f	\N	11.8	2026-10-01 00:38:24.415422+00	2026-10-01 00:54:31.816016+00	2026-10-01 01:27:05.919734+00	2026-10-01 02:26:49.652116+00	2026-10-01 04:25:34.763884+00	t	2026-10-01 00:38:24.610222+00	2026-10-01 04:25:35.129774+00
1886	ME_SHORT_GEOM_B_V1	1740890163	MOVRUSDT	SHORT	2026-10-01 00:23:09.18542+00	2026-10-01 00:23:09.212087+00	5.3287494628276795	5.3287494628276795	5.3287494628276795	9.067468844005152	9.067468844005152	0.773528147829834	0.773528147829834	5.8874086807047705	5.8874086807047705	7.735281478298245	7.105	7.105	7.105	12.09	12.09	1.0314	1.0314	7.8499	7.8499	10.3137	-1.9767941555650974	-1.1173184357541814	0.9883970777825583	-3.9965620971207554	2.363558229480024	f	t	f	t	f	\N	11.8	2026-10-01 00:38:24.99403+00	2026-10-01 00:54:32.39945+00	2026-10-01 01:27:06.814784+00	2026-10-01 02:26:50.044318+00	2026-10-01 04:25:35.132565+00	t	2026-10-01 00:38:25.379884+00	2026-10-01 04:25:35.314813+00
4324	ME_SHORT_GEOM_A_V1	1741161815	SPCXUSDT	SHORT	2026-10-02 17:57:18.884515+00	2026-10-02 17:57:18.916185+00	0.3653313177122601	0.3653313177122601	0.3653313177122601	0.3653313177122601	0.3653313177122601	0.05039052658101065	0.05039052658101065	0.5102040816326545	0.762156714537672	0.762156714537672	1.8267	1.8267	1.8267	1.8267	1.8267	0.252	0.252	2.551	3.8108	3.8108	0.03779289493575351	-0.04409171075837313	0.00629881582263752	0.3842277651801547	0.06928697404888741	f	t	f	t	f	\N	42.7	2026-10-02 18:16:37.901065+00	2026-10-02 18:32:34.219964+00	2026-10-02 18:59:06.224371+00	2026-10-02 19:57:30.672323+00	2026-10-02 21:58:40.565365+00	t	2026-10-02 18:16:38.098404+00	2026-10-02 21:58:40.753909+00
4325	ME_SHORT_GEOM_B_V1	1741161815	SPCXUSDT	SHORT	2026-10-02 17:57:18.884515+00	2026-10-02 17:57:18.916185+00	0.3653313177122601	0.3653313177122601	0.3653313177122601	0.3653313177122601	0.3653313177122601	0.05039052658101065	0.05039052658101065	0.5102040816326545	0.762156714537672	0.762156714537672	0.4871	0.4871	0.4871	0.4871	0.4871	0.0672	0.0672	0.6803	1.0162	1.0162	0.03779289493575351	-0.04409171075837313	0.00629881582263752	0.3842277651801547	0.06928697404888741	f	t	f	t	f	\N	107.7	2026-10-02 18:16:38.658305+00	2026-10-02 18:32:34.786006+00	2026-10-02 18:59:06.784902+00	2026-10-02 19:57:31.060398+00	2026-10-02 21:58:40.756471+00	t	2026-10-02 18:16:38.851328+00	2026-10-02 21:58:40.941039+00
2024	ME_SHORT_GEOM_A_V1	1745225334	SNDKUSDT	SHORT	2026-10-01 03:28:41.730379+00	2026-10-01 03:28:41.768424+00	0.35114234901731645	0.35114234901731645	0.35114234901731645	0.35114234901731645	0.35114234901731645	0.0	0.787513423524259	1.0142218333266992	1.460820354892415	2.214810479724087	1.7557	1.7557	1.7557	1.7557	1.7557	0.0	3.9376	5.0711	7.3041	11.0741	-0.06136468235253597	0.6596703352898003	0.5329636300618693	1.3983192895333385	0.36193798757932755	f	t	f	t	f	\N	16.3	2026-10-01 03:47:49.686343+00	2026-10-01 04:04:03.338526+00	2026-10-01 04:30:57.495028+00	2026-10-01 05:30:02.023739+00	2026-10-01 07:32:45.271261+00	t	2026-10-01 03:47:49.88437+00	2026-10-01 07:32:45.454051+00
2025	ME_SHORT_GEOM_B_V1	1745225334	SNDKUSDT	SHORT	2026-10-01 03:28:41.730379+00	2026-10-01 03:28:41.768424+00	0.35114234901731645	0.35114234901731645	0.35114234901731645	0.35114234901731645	0.35114234901731645	0.0	0.787513423524259	1.0142218333266992	1.460820354892415	2.214810479724087	0.4682	0.4682	0.4682	0.4682	0.4682	0.0	1.05	1.3523	1.9478	2.9531	-0.06136468235253597	0.6596703352898003	0.5329636300618693	1.3983192895333385	0.36193798757932755	f	t	f	t	f	\N	26.3	2026-10-01 03:47:50.077874+00	2026-10-01 04:04:03.730692+00	2026-10-01 04:30:57.86017+00	2026-10-01 05:30:02.233715+00	2026-10-01 07:32:45.642162+00	t	2026-10-01 03:47:50.464528+00	2026-10-01 07:32:45.826017+00
7152	ME_SHORT_GEOM_A_V1	1749725525	HYPEUSDT	SHORT	2026-10-04 22:25:09.222459+00	2026-10-04 22:25:09.269751+00	1.1396011396011465	1.1396011396011465	1.1396011396011465	1.1396011396011465	1.4354591277668225	0.0	0.0	0.0	0.0	0.0	5.698	5.698	5.698	5.698	7.1773	0.0	0.0	0.0	0.0	0.0	-0.832785448170069	-0.931404777558633	-0.8437431514354703	-0.6574621959237437	-0.6245890861275557	f	f	f	f	f	\N	\N	2026-10-04 22:42:43.606424+00	2026-10-04 22:58:56.63869+00	2026-10-04 23:25:58.95057+00	2026-10-05 00:25:11.705148+00	2026-10-05 02:30:31.663374+00	t	2026-10-04 22:42:44.721192+00	2026-10-05 02:30:33.125898+00
7153	ME_SHORT_GEOM_B_V1	1749725525	HYPEUSDT	SHORT	2026-10-04 22:25:09.222459+00	2026-10-04 22:25:09.269751+00	1.1396011396011465	1.1396011396011465	1.1396011396011465	1.1396011396011465	1.4354591277668225	0.0	0.0	0.0	0.0	0.0	1.5195	1.5195	1.5195	1.5195	1.9139	0.0	0.0	0.0	0.0	0.0	-0.832785448170069	-0.9204470742932317	-0.8437431514354703	-0.6684198991891293	-0.43830813061582913	f	f	f	f	f	\N	\N	2026-10-04 22:42:44.910912+00	2026-10-04 22:58:58.24624+00	2026-10-04 23:26:00.44726+00	2026-10-05 00:25:13.179856+00	2026-10-05 02:25:11.72185+00	t	2026-10-04 22:42:45.46941+00	2026-10-05 02:25:13.550083+00
4148	ME_SHORT_GEOM_A_V1	1757027884	ZROUSDT	SHORT	2026-10-02 14:06:56.392334+00	2026-10-02 14:06:56.42433+00	0.962178207687186	0.9775321152566608	0.9775321152566608	1.3972055888223491	7.671835815548386	2.3133220738011224	2.323558012180772	2.323558012180772	2.323558012180772	2.323558012180772	4.8109	4.8877	4.8877	6.986	38.3592	11.5666	11.6178	11.6178	11.6178	11.6178	2.251906443523212	1.1003633758124816	0.5783305184502834	-0.15353907569475878	-7.595066277701001	t	t	f	t	f	218.1	3.1	2026-10-02 14:25:43.515731+00	2026-10-02 14:42:29.078955+00	2026-10-02 15:10:24.703005+00	2026-10-02 16:11:44.752817+00	2026-10-02 18:11:17.551543+00	t	2026-10-02 14:25:45.01483+00	2026-10-02 18:11:18.507894+00
4149	ME_SHORT_GEOM_B_V1	1757027884	ZROUSDT	SHORT	2026-10-02 14:06:56.392334+00	2026-10-02 14:06:56.42433+00	0.962178207687186	0.9775321152566608	0.9775321152566608	1.3972055888223491	7.671835815548386	2.3133220738011224	2.323558012180772	2.323558012180772	2.323558012180772	2.323558012180772	1.2829	1.3034	1.3034	1.8629	10.2291	3.0844	3.0981	3.0981	3.0981	3.0981	2.251906443523212	1.1003633758124816	0.5783305184502834	-0.15353907569475878	-7.595066277701001	t	t	f	t	f	218.1	8.1	2026-10-02 14:25:45.200014+00	2026-10-02 14:42:31.268993+00	2026-10-02 15:10:26.562896+00	2026-10-02 16:11:46.631447+00	2026-10-02 18:11:18.511354+00	t	2026-10-02 14:25:46.701828+00	2026-10-02 18:11:19.074875+00
4163	ME_SHORT_GEOM_A_V1	1761535002	SANDUSDT	SHORT	2026-10-02 14:31:50.288359+00	2026-10-02 14:31:50.316337+00	6.916850625459892	7.505518763796901	8.712288447387778	10.963944076526856	10.963944076526856	0.0	0.0	0.0	0.0	0.0	34.5843	37.5276	43.5614	54.8197	54.8197	0.0	0.0	0.0	0.0	0.0	-5.106696100073585	-6.725533480500355	-8.182487122884467	-6.7402501839587945	-7.387785136129503	f	f	f	f	f	\N	\N	2026-10-02 14:48:02.84417+00	2026-10-02 15:04:49.79166+00	2026-10-02 15:32:39.12372+00	2026-10-02 16:33:55.371417+00	2026-10-02 18:32:34.219964+00	t	2026-10-02 14:48:04.702003+00	2026-10-02 18:32:34.412057+00
4164	ME_SHORT_GEOM_B_V1	1761535002	SANDUSDT	SHORT	2026-10-02 14:31:50.288359+00	2026-10-02 14:31:50.316337+00	6.916850625459892	7.505518763796901	8.712288447387778	10.963944076526856	10.963944076526856	0.0	0.0	0.0	0.0	0.0	9.2225	10.0074	11.6164	14.6186	14.6186	0.0	0.0	0.0	0.0	0.0	-5.150846210448864	-6.754966887417215	-8.02060338484179	-6.681383370125096	-7.373068432671083	f	f	f	f	f	\N	\N	2026-10-02 14:48:04.704607+00	2026-10-02 15:04:51.660983+00	2026-10-02 15:32:41.15632+00	2026-10-02 16:33:57.359926+00	2026-10-02 18:32:34.786006+00	t	2026-10-02 14:48:06.555002+00	2026-10-02 18:32:34.974748+00
7214	ME_SHORT_GEOM_A_V1	1761939167	BNBUSDT	SHORT	2026-10-04 23:15:28.39267+00	2026-10-04 23:15:28.450162+00	0.08793969849246804	0.23869346733668056	0.3391959798995032	0.40201005025126196	0.40201005025126196	0.06281407035175879	0.06281407035175879	0.06281407035175879	0.47738693467336113	1.7587939698492463	0.4397	1.1935	1.696	2.0101	2.0101	0.3141	0.3141	0.3141	2.3869	8.794	-0.02512562814070923	-0.1381909547738722	-0.16331658291456716	0.2763819095477444	0.4396984924623116	f	t	f	t	f	\N	119.5	2026-10-04 23:31:22.612213+00	2026-10-04 23:47:32.685568+00	2026-10-05 00:19:46.004148+00	2026-10-05 01:19:43.957539+00	2026-10-05 03:18:40.234455+00	t	2026-10-04 23:31:22.993151+00	2026-10-05 03:18:41.879332+00
7215	ME_SHORT_GEOM_B_V1	1761939167	BNBUSDT	SHORT	2026-10-04 23:15:28.39267+00	2026-10-04 23:15:28.450162+00	0.08793969849246804	0.23869346733668056	0.3391959798995032	0.40201005025126196	0.40201005025126196	0.06281407035175879	0.06281407035175879	0.06281407035175879	0.47738693467336113	1.7587939698492463	0.1173	0.3183	0.4523	0.536	0.536	0.0838	0.0838	0.0838	0.6365	2.3451	-0.02512562814070923	-0.1381909547738722	-0.16331658291456716	0.2763819095477444	0.4396984924623116	f	t	f	t	f	\N	164.5	2026-10-04 23:31:24.093941+00	2026-10-04 23:47:34.16294+00	2026-10-05 00:19:47.471873+00	2026-10-05 01:19:46.155283+00	2026-10-05 03:18:41.881822+00	t	2026-10-04 23:31:24.537314+00	2026-10-05 03:18:42.433262+00
9042	ME_SHORT_GEOM_A_V1	1762375554	ORCAUSDT	SHORT	2026-10-06 10:46:10.957592+00	2026-10-06 10:46:10.99309+00	2.461633139736146	2.461633139736146	2.461633139736146	5.1232739720758484	5.1232739720758484	0.0	1.288511096580641	6.027154890572726	6.027154890572726	6.027154890572726	12.3082	12.3082	12.3082	25.6164	25.6164	0.0	6.4426	30.1358	30.1358	30.1358	-1.5731374283626185	0.7000269241124741	-1.0192699719219958	-3.027039501519289	-2.911650448094153	f	t	f	t	f	\N	18.8	2026-10-06 11:03:04.889212+00	2026-10-06 11:18:58.063601+00	2026-10-06 11:46:11.88044+00	2026-10-06 12:48:37.455012+00	2026-10-06 14:46:31.848031+00	t	2026-10-06 11:03:05.085713+00	2026-10-06 14:46:32.043761+00
9043	ME_SHORT_GEOM_B_V1	1762375554	ORCAUSDT	SHORT	2026-10-06 10:46:10.957592+00	2026-10-06 10:46:10.99309+00	2.461633139736146	2.461633139736146	2.461633139736146	5.1232739720758484	5.1232739720758484	0.0	1.288511096580641	6.027154890572726	6.027154890572726	6.027154890572726	3.2822	3.2822	3.2822	6.831	6.831	0.0	1.718	8.0362	8.0362	8.0362	-1.5577522212392692	0.7000269241124741	-0.9615754452094277	-3.027039501519289	-2.911650448094153	f	t	f	t	f	\N	23.8	2026-10-06 11:03:05.456786+00	2026-10-06 11:18:58.626721+00	2026-10-06 11:46:12.754929+00	2026-10-06 12:48:38.190298+00	2026-10-06 14:46:32.732878+00	t	2026-10-06 11:03:05.843375+00	2026-10-06 14:46:32.932624+00
8966	ME_SHORT_GEOM_A_V1	1763638356	AVAXUSDT	SHORT	2026-10-06 08:55:49.845684+00	2026-10-06 08:55:49.909548+00	1.0871471155532224	1.0871471155532224	1.56934946519376	1.56934946519376	1.56934946519376	0.0	0.0	0.0	0.0	2.52498684902683	5.4357	5.4357	7.8467	7.8467	7.8467	0.0	0.0	0.0	0.0	12.6249	-1.0345432228651614	-0.7802910748728775	-1.0783798001052174	-0.7276871821848165	1.0345432228651459	f	t	f	t	f	\N	159.2	2026-10-06 09:11:04.309288+00	2026-10-06 09:27:02.579997+00	2026-10-06 09:59:10.379052+00	2026-10-06 10:57:48.160823+00	2026-10-06 12:59:14.583313+00	t	2026-10-06 09:11:04.691034+00	2026-10-06 12:59:14.959482+00
8967	ME_SHORT_GEOM_B_V1	1763638356	AVAXUSDT	SHORT	2026-10-06 08:55:49.845684+00	2026-10-06 08:55:49.909548+00	1.0871471155532224	1.0871471155532224	1.56934946519376	1.56934946519376	1.56934946519376	0.0	0.0	0.0	0.0	2.52498684902683	1.4495	1.4495	2.0925	2.0925	2.0925	0.0	0.0	0.0	0.0	3.3666	-1.0345432228651614	-0.797825705768903	-1.0783798001052174	-0.7276871821848165	1.0345432228651459	f	t	f	t	f	\N	159.2	2026-10-06 09:11:04.881241+00	2026-10-06 09:27:03.144926+00	2026-10-06 09:59:10.954824+00	2026-10-06 10:57:48.721205+00	2026-10-06 12:59:15.330746+00	t	2026-10-06 09:11:05.253844+00	2026-10-06 12:59:15.898801+00
7380	ME_SHORT_GEOM_A_V1	1767416928	DOGEUSDT	SHORT	2026-10-05 02:25:52.752379+00	2026-10-05 02:25:52.792279+00	0.609567104039681	0.609567104039681	1.1571443330922575	1.5290835830147693	2.169645624547995	0.0	0.0	0.0	0.0	0.0	3.0478	3.0478	5.7857	7.6454	10.8482	0.0	0.0	0.0	0.0	0.0	-0.32028102076661297	-0.5475772290525909	-0.5682405207149447	-1.2811240830664377	-1.0331645831180916	t	f	t	f	f	124.1	\N	2026-10-05 02:41:16.350659+00	2026-10-05 02:57:21.56484+00	2026-10-05 03:29:21.653054+00	2026-10-05 04:28:22.799546+00	2026-10-05 06:26:49.951488+00	t	2026-10-05 02:41:17.109771+00	2026-10-05 06:26:50.4575+00
7381	ME_SHORT_GEOM_B_V1	1767416928	DOGEUSDT	SHORT	2026-10-05 02:25:52.752379+00	2026-10-05 02:25:52.792279+00	0.609567104039681	0.609567104039681	1.1571443330922575	1.5290835830147693	2.169645624547995	0.0	0.0	0.0	0.0	0.0	0.8128	0.8128	1.5429	2.0388	2.8929	0.0	0.0	0.0	0.0	0.0	-0.29961772910424483	-0.578572166546136	-0.5682405207149447	-1.2811240830664377	-1.0331645831180916	t	f	t	f	f	124.1	\N	2026-10-05 02:41:18.196637+00	2026-10-05 02:57:23.732267+00	2026-10-05 03:29:23.627922+00	2026-10-05 04:28:24.264643+00	2026-10-05 06:26:51.684239+00	t	2026-10-05 02:41:18.569293+00	2026-10-05 06:26:52.923328+00
6168	ME_SHORT_GEOM_A_V1	1767830711	SOLUSDT	SHORT	2026-10-04 09:58:11.111237+00	2026-10-04 09:58:11.149625+00	0.2551020408163284	0.2715602369980236	0.32093482554312097	0.32093482554312097	0.32093482554312097	0.08229098090849944	0.08229098090849944	0.08229098090849944	0.08229098090849944	0.38676761026991346	1.2755	1.3578	1.6047	1.6047	1.6047	0.4115	0.4115	0.4115	0.4115	1.9338	-0.12343647136273163	-0.2551020408163284	-0.24687294272547497	-0.2551020408163284	0.148123765635292	f	t	f	t	f	\N	131.8	2026-10-04 10:13:12.627892+00	2026-10-04 10:29:32.060564+00	2026-10-04 11:02:10.877187+00	2026-10-04 12:01:49.93028+00	2026-10-04 14:00:57.237417+00	t	2026-10-04 10:13:12.830746+00	2026-10-04 14:00:57.433706+00
6169	ME_SHORT_GEOM_B_V1	1767830711	SOLUSDT	SHORT	2026-10-04 09:58:11.111237+00	2026-10-04 09:58:11.149625+00	0.2551020408163284	0.2715602369980236	0.32093482554312097	0.32093482554312097	0.32093482554312097	0.08229098090849944	0.08229098090849944	0.08229098090849944	0.08229098090849944	0.38676761026991346	0.3401	0.3621	0.4279	0.4279	0.4279	0.1097	0.1097	0.1097	0.1097	0.5157	-0.12343647136273163	-0.2551020408163284	-0.24687294272547497	-0.2551020408163284	0.148123765635292	f	f	f	f	f	\N	\N	2026-10-04 10:13:13.768463+00	2026-10-04 10:29:33.16761+00	2026-10-04 11:02:12.30788+00	2026-10-04 12:01:51.067972+00	2026-10-04 14:00:59.615244+00	t	2026-10-04 10:13:13.9637+00	2026-10-04 14:00:59.804482+00
1807	ME_SHORT_GEOM_A_V1	1777920539	HYPEUSDT	SHORT	2026-09-30 23:07:53.951521+00	2026-09-30 23:07:53.989002+00	0.9377385236070216	1.362992040126486	1.362992040126486	2.104459709955286	3.0312942972412897	0.0	0.0	0.0	0.0	0.0	4.6887	6.815	6.815	10.5223	15.1565	0.0	0.0	0.0	0.0	0.0	-0.5779086250136156	-1.155817250027247	-1.2212408679533207	-1.7446298113618957	-2.5515210991167696	f	f	f	f	f	\N	\N	2026-09-30 23:27:53.837569+00	2026-09-30 23:38:45.627615+00	2026-10-01 00:11:22.86955+00	2026-10-01 01:10:48.817493+00	2026-10-01 03:10:07.723574+00	t	2026-09-30 23:27:54.427014+00	2026-10-01 03:10:07.920009+00
1808	ME_SHORT_GEOM_B_V1	1777920539	HYPEUSDT	SHORT	2026-09-30 23:07:53.951521+00	2026-09-30 23:07:53.989002+00	0.9377385236070216	1.362992040126486	1.362992040126486	2.104459709955286	3.0312942972412897	0.0	0.0	0.0	0.0	0.0	1.2503	1.8173	1.8173	2.8059	4.0417	0.0	0.0	0.0	0.0	0.0	-0.5779086250136156	-1.155817250027247	-1.2212408679533207	-1.7446298113618957	-2.5515210991167696	f	f	f	f	f	\N	\N	2026-09-30 23:27:54.429209+00	2026-09-30 23:38:46.20868+00	2026-10-01 00:11:23.45661+00	2026-10-01 01:10:49.410586+00	2026-10-01 03:10:08.114693+00	t	2026-09-30 23:27:55.012409+00	2026-10-01 03:10:08.50141+00
7587	ME_SHORT_GEOM_A_V1	1782005062	NILUSDT	SHORT	2026-10-05 07:01:58.796677+00	2026-10-05 07:01:58.826557+00	10.733944954128443	14.201834862385315	14.201834862385315	14.201834862385315	14.201834862385315	0.0	0.0	0.0	0.0	0.0	53.6697	71.0092	71.0092	71.0092	71.0092	0.0	0.0	0.0	0.0	0.0	-9.935779816513769	-11.238532110091741	-9.266055045871557	-7.642201834862389	-11.41284403669724	t	f	t	f	f	13.0	\N	2026-10-05 07:20:33.429295+00	2026-10-05 07:36:45.687061+00	2026-10-05 08:03:51.086346+00	2026-10-05 09:03:19.104375+00	2026-10-05 11:02:20.423301+00	t	2026-10-05 07:20:33.617139+00	2026-10-05 11:02:21.613207+00
7588	ME_SHORT_GEOM_B_V1	1782005062	NILUSDT	SHORT	2026-10-05 07:01:58.796677+00	2026-10-05 07:01:58.826557+00	10.733944954128443	14.201834862385315	14.201834862385315	14.201834862385315	14.201834862385315	0.0	0.0	0.0	0.0	0.0	14.3119	18.9358	18.9358	18.9358	18.9358	0.0	0.0	0.0	0.0	0.0	-9.935779816513769	-11.238532110091741	-9.247706422018354	-7.614678899082571	-11.41284403669724	t	f	t	f	f	13.0	\N	2026-10-05 07:20:34.662002+00	2026-10-05 07:36:46.92315+00	2026-10-05 08:03:52.14697+00	2026-10-05 09:03:19.841049+00	2026-10-05 11:02:22.165238+00	t	2026-10-05 07:20:35.049413+00	2026-10-05 11:02:22.541526+00
7247	ME_SHORT_GEOM_A_V1	1791785701	DOGEUSDT	SHORT	2026-10-04 23:50:26.963386+00	2026-10-04 23:50:27.005937+00	0.7271216370624206	0.7271216370624206	0.7894463488106334	0.7894463488106334	0.7894463488106334	0.0	0.0	0.0727121637062435	0.685571829230298	0.685571829230298	3.6356	3.6356	3.9472	3.9472	3.9472	0.0	0.0	0.3636	3.4279	3.4279	-0.5297600498597659	-0.43627298223744665	-0.06232471174819842	-0.09348706762230484	-0.23891139503479183	f	t	f	t	f	\N	79.6	2026-10-05 00:09:01.965237+00	2026-10-05 00:25:11.705148+00	2026-10-05 00:52:25.083376+00	2026-10-05 01:52:31.830045+00	2026-10-05 03:50:48.742056+00	t	2026-10-05 00:09:03.451419+00	2026-10-05 03:50:49.612868+00
7248	ME_SHORT_GEOM_B_V1	1791785701	DOGEUSDT	SHORT	2026-10-04 23:50:26.963386+00	2026-10-04 23:50:27.005937+00	0.7271216370624206	0.7271216370624206	0.7894463488106334	0.7894463488106334	0.7894463488106334	0.0	0.0	0.0727121637062435	0.685571829230298	0.685571829230298	0.9695	0.9695	1.0526	1.0526	1.0526	0.0	0.0	0.0969	0.9141	0.9141	-0.5401475018177966	-0.43627298223744665	-0.031162355874092003	-0.09348706762230484	-0.23891139503479183	f	f	f	f	f	\N	\N	2026-10-05 00:09:03.453701+00	2026-10-05 00:25:13.179856+00	2026-10-05 00:52:27.109961+00	2026-10-05 01:52:34.076637+00	2026-10-05 03:50:50.705593+00	t	2026-10-05 00:09:05.253995+00	2026-10-05 03:50:50.902189+00
2852	ME_SHORT_GEOM_A_V1	1797345501	MONUSDT	SHORT	2026-10-01 17:54:22.908926+00	2026-10-01 17:54:22.945768+00	2.4949813593346595	2.4949813593346595	2.4949813593346595	2.4949813593346595	4.731861198738167	0.0	0.0	0.37281330656726447	1.0610840263837173	1.0610840263837173	12.4749	12.4749	12.4749	12.4749	23.6593	0.0	0.0	1.8641	5.3054	5.3054	-1.3765414396329259	-0.1720676799541083	0.28677946659020037	0.14338973329510019	-3.5847433323774056	f	t	f	t	f	\N	40.6	2026-10-01 18:12:37.228991+00	2026-10-01 18:28:50.504103+00	2026-10-01 18:56:02.682044+00	2026-10-01 19:55:53.456984+00	2026-10-01 21:55:55.639678+00	t	2026-10-01 18:12:37.596976+00	2026-10-01 21:55:55.830408+00
2853	ME_SHORT_GEOM_B_V1	1797345501	MONUSDT	SHORT	2026-10-01 17:54:22.908926+00	2026-10-01 17:54:22.945768+00	2.4949813593346595	2.4949813593346595	2.4949813593346595	2.4949813593346595	4.731861198738167	0.0	0.0	0.37281330656726447	1.0610840263837173	1.0610840263837173	3.3266	3.3266	3.3266	3.3266	6.3091	0.0	0.0	0.4971	1.4148	1.4148	-1.3765414396329259	-0.1720676799541083	0.28677946659020037	0.14338973329510019	-3.5847433323774056	f	t	f	t	f	\N	60.6	2026-10-01 18:12:37.598907+00	2026-10-01 18:28:50.883862+00	2026-10-01 18:56:03.308629+00	2026-10-01 19:55:54.043973+00	2026-10-01 21:55:56.194047+00	t	2026-10-01 18:12:37.964677+00	2026-10-01 21:55:56.387748+00
5734	ME_SHORT_GEOM_A_V1	1803343638	USELESSUSDT	SHORT	2026-10-04 02:37:22.135363+00	2026-10-04 02:37:22.166325+00	1.8781455869716368	1.976349277793691	2.0090838414010386	2.0090838414010386	2.0090838414010386	0.0	0.0	0.0	0.0	0.0	9.3907	9.8817	10.0454	10.0454	10.0454	0.0	0.0	0.0	0.0	0.0	-1.8781455869716368	-1.3789434919595662	-1.3093825442939597	-0.8470068333401484	-1.501698105487134	f	f	f	f	f	\N	\N	2026-10-04 02:52:49.932585+00	2026-10-04 03:09:00.068155+00	2026-10-04 03:41:17.024084+00	2026-10-04 04:40:26.213362+00	2026-10-04 06:38:33.262493+00	t	2026-10-04 02:52:50.487687+00	2026-10-04 06:38:34.021657+00
5735	ME_SHORT_GEOM_B_V1	1803343638	USELESSUSDT	SHORT	2026-10-04 02:37:22.135363+00	2026-10-04 02:37:22.166325+00	1.8781455869716368	1.976349277793691	2.0090838414010386	2.0090838414010386	2.0090838414010386	0.0	0.0	0.0	0.0	0.0	2.5042	2.6351	2.6788	2.6788	2.6788	0.0	0.0	0.0	0.0	0.0	-1.8781455869716368	-1.3789434919595662	-1.3093825442939597	-0.8470068333401484	-1.501698105487134	f	f	f	f	f	\N	\N	2026-10-04 02:52:50.489867+00	2026-10-04 03:09:00.624459+00	2026-10-04 03:41:17.587054+00	2026-10-04 04:40:26.992111+00	2026-10-04 06:38:34.026243+00	t	2026-10-04 02:52:51.041948+00	2026-10-04 06:38:34.764312+00
5949	ME_SHORT_GEOM_A_V1	1809009096	STRKUSDT	SHORT	2026-10-04 06:22:42.92459+00	2026-10-04 06:22:42.961043+00	1.8016344725111415	1.8016344725111415	1.8016344725111415	1.8016344725111415	2.1173848439821734	0.0	0.0	1.1144130757800952	5.330609212481434	5.330609212481434	9.0082	9.0082	9.0082	9.0082	10.5869	0.0	0.0	5.5721	26.653	26.653	-0.7243684992570607	-0.5572065378900476	-0.18573551263000732	2.637444279346207	-1.8945022288261517	f	t	f	t	f	\N	37.3	2026-10-04 06:38:33.262493+00	2026-10-04 06:54:31.212487+00	2026-10-04 07:26:31.749582+00	2026-10-04 08:25:09.776138+00	2026-10-04 10:24:03.676206+00	t	2026-10-04 06:38:33.458168+00	2026-10-04 10:24:04.045157+00
5950	ME_SHORT_GEOM_B_V1	1809009096	STRKUSDT	SHORT	2026-10-04 06:22:42.92459+00	2026-10-04 06:22:42.961043+00	1.8016344725111415	1.8016344725111415	1.8016344725111415	1.8016344725111415	2.1173848439821734	0.0	0.0	1.1144130757800952	5.330609212481434	5.330609212481434	2.4022	2.4022	2.4022	2.4022	2.8232	0.0	0.0	1.4859	7.1075	7.1075	-0.7243684992570607	-0.5572065378900476	-0.18573551263000732	2.637444279346207	-1.820208023774149	f	t	f	t	f	\N	42.3	2026-10-04 06:38:34.026243+00	2026-10-04 06:54:31.954302+00	2026-10-04 07:26:32.812158+00	2026-10-04 08:25:10.885671+00	2026-10-04 10:24:05.090359+00	t	2026-10-04 06:38:34.215096+00	2026-10-04 10:24:05.458535+00
767	ME_SHORT_GEOM_A_V1	1815619796	SOONUSDT	SHORT	2026-09-29 23:41:51.165651+00	2026-09-29 23:41:51.20286+00	5.133517495395945	5.801104972375691	6.468692449355435	7.8499079189686976	11.279926335174952	0.0	0.0	0.0	0.0	0.0	25.6676	29.0055	32.3435	39.2495	56.3996	0.0	0.0	0.0	0.0	0.0	-4.78821362799263	-5.06445672191529	-2.9235727440147303	-6.054327808471452	-6.422651933701666	f	f	f	f	f	\N	\N	2026-09-29 23:59:17.169519+00	2026-09-30 00:15:06.125394+00	2026-09-30 00:46:49.451159+00	2026-09-30 01:45:21.18337+00	2026-09-30 03:42:49.385456+00	t	2026-09-29 23:59:17.362781+00	2026-09-30 03:42:49.569227+00
768	ME_SHORT_GEOM_B_V1	1815619796	SOONUSDT	SHORT	2026-09-29 23:41:51.165651+00	2026-09-29 23:41:51.20286+00	5.133517495395945	5.801104972375691	6.468692449355435	7.8499079189686976	11.279926335174952	0.0	0.0	0.0	0.0	0.0	6.8447	7.7348	8.6249	10.4665	15.0399	0.0	0.0	0.0	0.0	0.0	-4.78821362799263	-5.06445672191529	-2.9235727440147303	-6.054327808471452	-6.445672191528551	f	f	f	f	f	\N	\N	2026-09-29 23:59:17.547973+00	2026-09-30 00:15:06.492624+00	2026-09-30 00:46:50.499317+00	2026-09-30 01:45:21.913927+00	2026-09-30 03:42:50.111439+00	t	2026-09-29 23:59:17.732703+00	2026-09-30 03:42:50.610113+00
7332	ME_SHORT_GEOM_A_V1	1828651184	STRKUSDT	SHORT	2026-10-05 01:05:38.275628+00	2026-10-05 01:05:38.337869+00	2.391704298377656	2.7429336009366154	3.31159056698445	3.562468640240843	4.53253052349892	0.0	0.0	0.0	0.0	0.0	11.9585	13.7147	16.558	17.8123	22.6627	0.0	0.0	0.0	0.0	0.0	-2.191001839772546	-2.4418799130289397	-1.7561465127947855	-2.709483191169097	-1.9233985616323885	f	f	f	f	f	\N	\N	2026-10-05 01:25:12.579708+00	2026-10-05 01:36:10.765722+00	2026-10-05 02:08:54.705467+00	2026-10-05 03:08:03.075782+00	2026-10-05 05:06:13.438283+00	t	2026-10-05 01:25:14.139592+00	2026-10-05 05:06:13.990902+00
7333	ME_SHORT_GEOM_B_V1	1828651184	STRKUSDT	SHORT	2026-10-05 01:05:38.275628+00	2026-10-05 01:05:38.337869+00	2.391704298377656	2.7429336009366154	3.31159056698445	3.562468640240843	4.53253052349892	0.0	0.0	0.0	0.0	0.0	3.1889	3.6572	4.4155	4.75	6.0434	0.0	0.0	0.0	0.0	0.0	-2.191001839772546	-2.4251547081451745	-1.739421307911032	-2.6927579862853324	-1.9233985616323885	f	f	f	f	f	\N	\N	2026-10-05 01:25:15.744213+00	2026-10-05 01:36:13.317068+00	2026-10-05 02:08:56.907667+00	2026-10-05 03:08:04.734894+00	2026-10-05 05:06:14.715371+00	t	2026-10-05 01:25:17.167828+00	2026-10-05 05:06:16.13074+00
759	ME_SHORT_GEOM_A_V1	1831451106	SOONUSDT	SHORT	2026-09-29 23:31:50.635935+00	2026-09-29 23:31:50.690404+00	5.041436464088405	5.801104972375691	6.468692449355435	7.8499079189686976	11.279926335174952	0.0	0.0	0.0	0.0	0.0	25.2072	29.0055	32.3435	39.2495	56.3996	0.0	0.0	0.0	0.0	0.0	-4.304788213627991	-4.189686924493553	-2.4861878453038746	-4.581031307550651	-6.261510128913445	f	f	f	f	f	\N	\N	2026-09-29 23:48:42.258331+00	2026-09-30 00:04:32.246174+00	2026-09-30 00:36:15.622189+00	2026-09-30 01:34:40.098758+00	2026-09-30 03:32:08.117759+00	t	2026-09-29 23:48:42.448919+00	2026-09-30 03:32:08.318395+00
760	ME_SHORT_GEOM_B_V1	1831451106	SOONUSDT	SHORT	2026-09-29 23:31:50.635935+00	2026-09-29 23:31:50.690404+00	5.041436464088405	5.801104972375691	6.468692449355435	7.8499079189686976	11.279926335174952	0.0	0.0	0.0	0.0	0.0	6.7219	7.7348	8.6249	10.4665	15.0399	0.0	0.0	0.0	0.0	0.0	-4.304788213627991	-4.189686924493553	-2.4861878453038746	-4.581031307550651	-6.261510128913445	f	f	f	f	f	\N	\N	2026-09-29 23:48:42.646382+00	2026-09-30 00:04:32.609759+00	2026-09-30 00:36:16.176051+00	2026-09-30 01:34:40.851323+00	2026-09-30 03:32:08.862544+00	t	2026-09-29 23:48:43.023313+00	2026-09-30 03:32:09.056588+00
7156	ME_SHORT_GEOM_A_V1	1834018670	LINKUSDT	SHORT	2026-10-04 22:25:13.587139+00	2026-10-04 22:25:13.620629+00	0.9148683567288233	0.9148683567288233	0.9148683567288233	1.1383476499755585	1.2919896640826907	0.0	0.0	0.0	0.0	0.0	4.5743	4.5743	4.5743	5.6917	6.4599	0.0	0.0	0.0	0.0	0.0	-0.5167958656330862	-0.6006006006006027	-0.2723653886444687	-1.0964452824917943	-0.9986730916963522	f	f	f	f	f	\N	\N	2026-10-04 22:42:43.606424+00	2026-10-04 22:58:56.63869+00	2026-10-04 23:25:58.95057+00	2026-10-05 00:30:40.035302+00	2026-10-05 02:30:31.663374+00	t	2026-10-04 22:42:44.908254+00	2026-10-05 02:30:33.308865+00
7157	ME_SHORT_GEOM_B_V1	1834018670	LINKUSDT	SHORT	2026-10-04 22:25:13.587139+00	2026-10-04 22:25:13.620629+00	0.9148683567288233	0.9148683567288233	0.9148683567288233	1.1383476499755585	1.2919896640826907	0.0	0.0	0.0	0.0	0.0	1.2198	1.2198	1.2198	1.5178	1.7227	0.0	0.0	0.0	0.0	0.0	-0.5167958656330862	-0.5936168726866461	-0.2723653886444687	-1.0964452824917943	-0.9986730916963522	f	f	f	f	f	\N	\N	2026-10-04 22:42:44.910912+00	2026-10-04 22:58:58.24624+00	2026-10-04 23:26:00.44726+00	2026-10-05 00:30:41.712597+00	2026-10-05 02:30:33.681902+00	t	2026-10-04 22:42:46.209028+00	2026-10-05 02:30:35.511883+00
4664	ME_SHORT_GEOM_A_V1	1839239086	MAGMAUSDT	SHORT	2026-10-03 02:43:43.233398+00	2026-10-03 02:43:43.265635+00	6.935654008438815	8.069620253164548	13.792194092826993	16.666666666666664	16.666666666666664	0.0	0.0	0.0	0.0	0.0	34.6783	40.3481	68.961	83.3333	83.3333	0.0	0.0	0.0	0.0	0.0	-4.614978902953576	-7.093881856540079	-13.581223628691982	-7.7531645569620204	-4.957805907172991	f	f	f	f	f	\N	\N	2026-10-03 03:03:31.290772+00	2026-10-03 03:14:09.089606+00	2026-10-03 03:46:14.080056+00	2026-10-03 04:44:38.262952+00	2026-10-03 06:47:02.487587+00	t	2026-10-03 03:03:31.657304+00	2026-10-03 06:47:02.692699+00
4665	ME_SHORT_GEOM_B_V1	1839239086	MAGMAUSDT	SHORT	2026-10-03 02:43:43.233398+00	2026-10-03 02:43:43.265635+00	6.935654008438815	8.069620253164548	13.792194092826993	16.666666666666664	16.666666666666664	0.0	0.0	0.0	0.0	0.0	9.2475	10.7595	18.3896	22.2222	22.2222	0.0	0.0	0.0	0.0	0.0	-4.614978902953576	-7.093881856540079	-13.581223628691982	-7.7531645569620204	-4.957805907172991	f	f	f	f	f	\N	\N	2026-10-03 03:03:31.660763+00	2026-10-03 03:14:09.45919+00	2026-10-03 03:46:14.267348+00	2026-10-03 04:44:38.452855+00	2026-10-03 06:47:02.695804+00	t	2026-10-03 03:03:32.036323+00	2026-10-03 06:47:02.886066+00
4145	ME_SHORT_GEOM_A_V1	1846189978	MSTRUSDT	SHORT	2026-10-02 14:06:53.785792+00	2026-10-02 14:06:53.819462+00	3.7325313992570393	4.953122235980898	5.672504275016218	6.0675747390765915	7.317648446252726	0.0	0.0	0.0	0.0	0.0	18.6627	24.7656	28.3625	30.3379	36.5882	0.0	0.0	0.0	0.0	0.0	-2.63576861843269	-3.9919806592369893	-5.371778996403098	-5.784539182734832	-7.069992334453688	t	f	t	f	f	23.1	\N	2026-10-02 14:25:43.515731+00	2026-10-02 14:42:29.078955+00	2026-10-02 15:10:24.703005+00	2026-10-02 16:11:44.752817+00	2026-10-02 18:11:17.551543+00	t	2026-10-02 14:25:44.280056+00	2026-10-02 18:11:18.319095+00
4146	ME_SHORT_GEOM_B_V1	1846189978	MSTRUSDT	SHORT	2026-10-02 14:06:53.785792+00	2026-10-02 14:06:53.819462+00	3.7325313992570393	4.953122235980898	5.672504275016218	6.0675747390765915	7.317648446252726	0.0	0.0	0.0	0.0	0.0	4.9767	6.6042	7.5633	8.0901	9.7569	0.0	0.0	0.0	0.0	0.0	-2.63576861843269	-4.481396308744616	-5.371778996403098	-5.784539182734832	-7.069992334453688	t	f	t	f	f	23.1	\N	2026-10-02 14:25:45.200014+00	2026-10-02 14:36:54.183085+00	2026-10-02 15:10:26.562896+00	2026-10-02 16:11:46.631447+00	2026-10-02 18:11:18.511354+00	t	2026-10-02 14:25:45.405575+00	2026-10-02 18:11:19.441726+00
9061	ME_SHORT_GEOM_A_V1	1846926908	SPCXUSDT	SHORT	2026-10-06 11:06:09.847742+00	2026-10-06 11:06:09.895071+00	0.28245330873874835	0.4092690800092112	1.1989854738298273	1.3200368918607288	1.3892091307355297	0.0	0.005764353239577661	0.005764353239577661	0.005764353239577661	1.6428406732764715	1.4123	2.0463	5.9949	6.6002	6.946	0.0	0.0288	0.0288	0.0288	8.2142	-0.08070094535392343	-0.391976020290511	-0.8531242794558392	-1.3085081853815899	0.50149873184229	t	t	t	f	f	123.8	143.8	2026-10-06 11:24:16.026859+00	2026-10-06 11:40:53.44259+00	2026-10-06 12:07:28.060768+00	2026-10-06 13:09:51.526263+00	2026-10-06 15:08:02.136777+00	t	2026-10-06 11:24:16.582227+00	2026-10-06 15:08:02.52041+00
9062	ME_SHORT_GEOM_B_V1	1846926908	SPCXUSDT	SHORT	2026-10-06 11:06:09.847742+00	2026-10-06 11:06:09.895071+00	0.28245330873874835	0.4092690800092112	1.1989854738298273	1.3200368918607288	1.3892091307355297	0.0	0.005764353239577661	0.005764353239577661	0.005764353239577661	1.6428406732764715	0.3766	0.5457	1.5986	1.76	1.8523	0.0	0.0077	0.0077	0.0077	2.1905	-0.08070094535392343	-0.391976020290511	-0.8531242794558392	-1.3085081853815899	0.50149873184229	t	t	t	f	f	123.8	148.8	2026-10-06 11:24:16.585197+00	2026-10-06 11:40:54.34866+00	2026-10-06 12:07:28.620372+00	2026-10-06 13:09:52.265544+00	2026-10-06 15:08:02.913018+00	t	2026-10-06 11:24:17.091612+00	2026-10-06 15:08:03.486442+00
6383	ME_SHORT_GEOM_A_V1	1847750403	SOLUSDT	SHORT	2026-10-04 12:38:36.531165+00	2026-10-04 12:38:36.578441+00	0.30427631578946573	0.3289473684210456	0.3289473684210456	0.37006578947367486	0.37006578947367486	0.0	0.0	0.32072368421052677	0.32072368421052677	0.43585526315789563	1.5214	1.6447	1.6447	1.8503	1.8503	0.0	0.0	1.6036	1.6036	2.1793	-0.2878289473684164	-0.20559210526315788	0.07401315789473965	-0.12335526315788772	0.03289473684211041	f	t	f	t	f	\N	51.4	2026-10-04 12:56:03.821879+00	2026-10-04 13:12:20.245045+00	2026-10-04 13:39:18.119282+00	2026-10-04 14:39:02.10657+00	2026-10-04 16:39:01.204093+00	t	2026-10-04 12:56:04.014869+00	2026-10-04 16:39:01.394166+00
6384	ME_SHORT_GEOM_B_V1	1847750403	SOLUSDT	SHORT	2026-10-04 12:38:36.531165+00	2026-10-04 12:38:36.578441+00	0.30427631578946573	0.3289473684210456	0.3289473684210456	0.37006578947367486	0.37006578947367486	0.0	0.0	0.32072368421052677	0.32072368421052677	0.43585526315789563	0.4057	0.4386	0.4386	0.4934	0.4934	0.0	0.0	0.4276	0.4276	0.5811	-0.2878289473684164	-0.20559210526315788	0.08223684210527019	-0.12335526315788772	0.03289473684211041	f	f	f	f	f	\N	\N	2026-10-04 12:56:04.744955+00	2026-10-04 13:12:21.174423+00	2026-10-04 13:39:19.045239+00	2026-10-04 14:39:03.218261+00	2026-10-04 16:39:02.5775+00	t	2026-10-04 12:56:04.939145+00	2026-10-04 16:39:02.764682+00
10867	ME_SHORT_GEOM_A_V1	1848632240	AVAXUSDT	SHORT	2026-10-06 23:47:20.678451+00	2026-10-06 23:47:20.724629+00	1.016485863158807	1.2471171094217202	1.511915947723596	1.734005295976776	6.68830614162468	0.0	0.0	0.0	0.0	0.0	5.0824	6.2356	7.5596	8.67	33.4415	0.0	0.0	0.0	0.0	0.0	-0.8541898009737885	-1.0762791492269685	-0.5552233706329656	-1.212949517382773	-5.560775604339297	t	f	t	f	f	127.7	\N	2026-10-07 00:04:38.846323+00	2026-10-07 00:20:33.195478+00	2026-10-07 00:52:24.8799+00	2026-10-07 01:51:19.379504+00	2026-10-07 03:50:46.303641+00	t	2026-10-07 00:04:39.220914+00	2026-10-07 03:50:46.68118+00
10868	ME_SHORT_GEOM_B_V1	1848632240	AVAXUSDT	SHORT	2026-10-06 23:47:20.678451+00	2026-10-06 23:47:20.724629+00	1.016485863158807	1.2471171094217202	1.511915947723596	1.734005295976776	6.68830614162468	0.0	0.0	0.0	0.0	0.0	1.3553	1.6628	2.0159	2.312	8.9177	0.0	0.0	0.0	0.0	0.0	-0.8541898009737885	-1.0762791492269685	-0.5552233706329656	-1.212949517382773	-5.560775604339297	t	f	t	f	f	127.7	\N	2026-10-07 00:04:39.223682+00	2026-10-07 00:20:33.574892+00	2026-10-07 00:52:25.249921+00	2026-10-07 01:51:19.754737+00	2026-10-07 03:50:46.685158+00	t	2026-10-07 00:04:39.597193+00	2026-10-07 03:50:46.879943+00
3661	ME_SHORT_GEOM_A_V1	1851648584	XRPUSDT	SHORT	2026-10-02 09:43:54.883825+00	2026-10-02 09:43:54.945321+00	0.27281584930172015	0.27281584930172015	0.2858070802208627	0.44819746670997906	0.8444300097434311	0.1558947710295523	0.2793114647612842	0.7405001623903771	0.7405001623903771	1.1042546281260086	1.3641	1.3641	1.429	2.241	4.2222	0.7795	1.3966	3.7025	3.7025	5.5213	-0.03897369275739889	-0.1883728483273871	0.3832413121143239	-0.3702500811951957	0.058460539136076704	f	t	f	t	f	\N	21.1	2026-10-02 10:03:22.083456+00	2026-10-02 10:14:01.549195+00	2026-10-02 10:46:05.617606+00	2026-10-02 11:45:04.06789+00	2026-10-02 13:46:45.684472+00	t	2026-10-02 10:03:22.268628+00	2026-10-02 13:46:45.873621+00
3662	ME_SHORT_GEOM_B_V1	1851648584	XRPUSDT	SHORT	2026-10-02 09:43:54.883825+00	2026-10-02 09:43:54.945321+00	0.27281584930172015	0.27281584930172015	0.2858070802208627	0.44819746670997906	0.8444300097434311	0.1558947710295523	0.2793114647612842	0.7405001623903771	0.7405001623903771	1.1042546281260086	0.3638	0.3638	0.3811	0.5976	1.1259	0.2079	0.3724	0.9873	0.9873	1.4723	-0.03897369275739889	-0.18187723286782304	0.3832413121143239	-0.3702500811951957	0.058460539136076704	f	t	f	t	f	\N	166.1	2026-10-02 10:03:22.271633+00	2026-10-02 10:14:01.738704+00	2026-10-02 10:46:05.989577+00	2026-10-02 11:45:04.626185+00	2026-10-02 13:46:47.688293+00	t	2026-10-02 10:03:22.456696+00	2026-10-02 13:46:48.082446+00
4083	ME_SHORT_GEOM_A_V1	1853061809	ZROUSDT	SHORT	2026-10-02 13:36:50.469178+00	2026-10-02 13:36:50.505666+00	2.172458172458162	2.172458172458162	2.172458172458162	2.172458172458162	5.214929214929213	0.0	0.5868725868725909	2.9240669240669335	2.9240669240669335	2.9240669240669335	10.8623	10.8623	10.8623	10.8623	26.0746	0.0	2.9344	14.6203	14.6203	14.6203	-1.5186615186615116	-0.09781209781208704	1.9099099099099168	1.2972972972973031	-4.756756756756748	f	t	f	t	f	\N	23.2	2026-10-02 13:52:21.237379+00	2026-10-02 14:09:01.349184+00	2026-10-02 14:36:52.314642+00	2026-10-02 15:38:12.930496+00	2026-10-02 17:39:06.746295+00	t	2026-10-02 13:52:22.739153+00	2026-10-02 17:39:07.320266+00
4084	ME_SHORT_GEOM_B_V1	1853061809	ZROUSDT	SHORT	2026-10-02 13:36:50.469178+00	2026-10-02 13:36:50.505666+00	2.172458172458162	2.172458172458162	2.172458172458162	2.172458172458162	5.214929214929213	0.0	0.5868725868725909	2.9240669240669335	2.9240669240669335	2.9240669240669335	2.8966	2.8966	2.8966	2.8966	6.9532	0.0	0.7825	3.8988	3.8988	3.8988	-1.5186615186615116	-0.09781209781208704	1.806949806949814	1.287001287001294	-4.87001287001286	f	t	f	t	f	\N	33.2	2026-10-02 13:52:22.924729+00	2026-10-02 14:09:03.017655+00	2026-10-02 14:36:54.183085+00	2026-10-02 15:38:15.320317+00	2026-10-02 17:39:08.055439+00	t	2026-10-02 13:52:24.589018+00	2026-10-02 17:39:08.430906+00
9049	ME_SHORT_GEOM_A_V1	1855684947	ORCAUSDT	SHORT	2026-10-06 10:51:14.166935+00	2026-10-06 10:51:14.203795+00	2.2577791453517437	2.2577791453517437	2.2577791453517437	5.1232739720758484	5.1232739720758484	0.18846878726105337	2.5962537020654772	6.027154890572726	6.027154890572726	6.027154890572726	11.2889	11.2889	11.2889	25.6164	25.6164	0.9423	12.9813	30.1358	30.1358	30.1358	-0.3807838763029355	1.8423785530212806	-1.3808223393207362	-2.323166275625986	-3.3193584368629585	f	t	f	t	f	\N	13.8	2026-10-06 11:08:22.228656+00	2026-10-06 11:24:16.026859+00	2026-10-06 11:51:31.267973+00	2026-10-06 12:53:55.817445+00	2026-10-06 14:51:54.456722+00	t	2026-10-06 11:08:22.418146+00	2026-10-06 14:51:54.647324+00
9050	ME_SHORT_GEOM_B_V1	1855684947	ORCAUSDT	SHORT	2026-10-06 10:51:14.166935+00	2026-10-06 10:51:14.203795+00	2.2577791453517437	2.2577791453517437	2.2577791453517437	5.1232739720758484	5.1232739720758484	0.18846878726105337	2.5962537020654772	6.027154890572726	6.027154890572726	6.027154890572726	3.0104	3.0104	3.0104	6.831	6.831	0.2513	3.4617	8.0362	8.0362	8.0362	-0.3807838763029355	1.7231431978152987	-1.3808223393207362	-2.323166275625986	-3.3193584368629585	f	t	f	t	f	\N	18.8	2026-10-06 11:08:22.785955+00	2026-10-06 11:24:16.585197+00	2026-10-06 11:51:31.871504+00	2026-10-06 12:53:56.569053+00	2026-10-06 14:51:55.197369+00	t	2026-10-06 11:08:22.974696+00	2026-10-06 14:51:55.395176+00
8557	ME_SHORT_GEOM_A_V1	1873906080	ICPUSDT	SHORT	2026-10-06 00:39:46.291165+00	2026-10-06 00:39:46.320973+00	1.1673151750972712	1.1673151750972712	1.6953863257365187	3.224013340744849	4.585881045025015	0.0	0.0	0.0	0.0	0.0	5.8366	5.8366	8.4769	16.1201	22.9294	0.0	0.0	0.0	0.0	0.0	-1.0839355197331768	-0.9171762090050005	-1.1117287381878833	-3.0294608115619783	-2.86270150083379	t	f	t	f	f	150.2	\N	2026-10-06 00:56:20.68331+00	2026-10-06 01:12:33.102391+00	2026-10-06 01:45:10.438397+00	2026-10-06 02:44:52.397073+00	2026-10-06 04:44:18.875662+00	t	2026-10-06 00:56:21.563719+00	2026-10-06 04:44:19.254013+00
8558	ME_SHORT_GEOM_B_V1	1873906080	ICPUSDT	SHORT	2026-10-06 00:39:46.291165+00	2026-10-06 00:39:46.320973+00	1.1673151750972712	1.1673151750972712	1.6953863257365187	3.224013340744849	4.585881045025015	0.0	0.0	0.0	0.0	0.0	1.5564	1.5564	2.2605	4.2987	6.1145	0.0	0.0	0.0	0.0	0.0	-1.0839355197331768	-0.9171762090050005	-1.1117287381878833	-3.0294608115619783	-2.86270150083379	t	f	t	f	f	150.2	\N	2026-10-06 00:56:21.565649+00	2026-10-06 01:12:33.655364+00	2026-10-06 01:45:10.989492+00	2026-10-06 02:44:52.96053+00	2026-10-06 04:44:19.258379+00	t	2026-10-06 00:56:22.128391+00	2026-10-06 04:44:19.635268+00
6994	ME_SHORT_GEOM_A_V1	1879003877	BNBUSDT	SHORT	2026-10-04 21:25:04.358493+00	2026-10-04 21:25:04.395233+00	0.3518914163629594	0.402161618700521	0.4272967198693089	0.4272967198693089	0.4272967198693089	0.0	0.0	0.22621591051903409	0.22621591051903409	0.5152695739600237	1.7595	2.0108	2.1365	2.1365	2.1365	0.0	0.0	1.1311	1.1311	2.5763	-0.3016212140253978	-0.38959406811612696	-0.06283775292195551	-0.01256755058439396	0.41472916928490067	f	t	f	t	f	\N	49.9	2026-10-04 21:42:59.717297+00	2026-10-04 21:59:15.157854+00	2026-10-04 22:26:22.831541+00	2026-10-04 23:25:58.95057+00	2026-10-05 01:25:12.579708+00	t	2026-10-04 21:43:01.164057+00	2026-10-05 01:25:14.322556+00
6995	ME_SHORT_GEOM_B_V1	1879003877	BNBUSDT	SHORT	2026-10-04 21:25:04.358493+00	2026-10-04 21:25:04.395233+00	0.3518914163629594	0.402161618700521	0.4272967198693089	0.4272967198693089	0.4272967198693089	0.0	0.0	0.22621591051903409	0.22621591051903409	0.5152695739600237	0.4692	0.5362	0.5697	0.5697	0.5697	0.0	0.0	0.3016	0.3016	0.687	-0.3016212140253978	-0.38959406811612696	-0.07540530350634946	-0.01256755058439396	0.41472916928490067	f	f	f	f	f	\N	\N	2026-10-04 21:43:01.167243+00	2026-10-04 21:59:16.267722+00	2026-10-04 22:26:24.312286+00	2026-10-04 23:26:00.44726+00	2026-10-05 01:25:15.744213+00	t	2026-10-04 21:43:02.606917+00	2026-10-05 01:25:17.7235+00
7049	ME_SHORT_GEOM_A_V1	1881348566	KLACUSDT	SHORT	2026-10-04 21:50:17.957806+00	2026-10-04 21:50:17.997382+00	0.1494047905923188	0.1494047905923188	0.1494047905923188	0.1494047905923188	0.35664369367198856	0.24579497807122797	0.24579497807122797	0.2602535061930657	0.35664369367197485	1.8024965058556945	0.747	0.747	0.747	0.747	1.7832	1.229	1.229	1.3013	1.7832	9.0125	0.033736565617616836	-0.03855607499157188	0.009639018747882698	0.2602535061930657	1.5518820184105253	f	t	f	t	f	\N	14.7	2026-10-04 22:10:05.00829+00	2026-10-04 22:20:55.540085+00	2026-10-04 22:53:30.657464+00	2026-10-04 23:52:54.775448+00	2026-10-05 01:52:31.830045+00	t	2026-10-04 22:10:05.203849+00	2026-10-05 01:52:32.023184+00
7050	ME_SHORT_GEOM_B_V1	1881348566	KLACUSDT	SHORT	2026-10-04 21:50:17.957806+00	2026-10-04 21:50:17.997382+00	0.1494047905923188	0.1494047905923188	0.1494047905923188	0.1494047905923188	0.35664369367198856	0.24579497807122797	0.24579497807122797	0.2602535061930657	0.35664369367197485	1.8024965058556945	0.1992	0.1992	0.1992	0.1992	0.4755	0.3277	0.3277	0.347	0.4755	2.4033	0.033736565617616836	-0.03855607499157188	0.009639018747882698	0.2602535061930657	1.5518820184105253	f	t	f	t	f	\N	139.7	2026-10-04 22:10:06.321095+00	2026-10-04 22:20:56.832526+00	2026-10-04 22:53:31.951666+00	2026-10-04 23:52:56.247456+00	2026-10-05 01:52:34.076637+00	t	2026-10-04 22:10:06.51514+00	2026-10-05 01:52:35.003196+00
7233	ME_SHORT_GEOM_A_V1	1884044269	BNBUSDT	SHORT	2026-10-04 23:25:30.946757+00	2026-10-04 23:25:30.976462+00	0.3513615259129068	0.3513615259129068	0.5019450370184465	0.5144936629439105	0.5144936629439105	0.0	0.0	0.0	0.6023340444221443	1.6438699962354153	1.7568	1.7568	2.5097	2.5725	2.5725	0.0	0.0	0.0	3.0117	8.2193	-0.313715648136529	-0.21332664073283122	-0.47684778516751847	0.313715648136529	-0.012548625925464015	f	t	f	t	f	\N	109.5	2026-10-04 23:42:10.526913+00	2026-10-04 23:58:15.980053+00	2026-10-05 00:30:40.035302+00	2026-10-05 01:30:41.220525+00	2026-10-05 03:29:21.653054+00	t	2026-10-04 23:42:10.719224+00	2026-10-05 03:29:23.442795+00
7234	ME_SHORT_GEOM_B_V1	1884044269	BNBUSDT	SHORT	2026-10-04 23:25:30.946757+00	2026-10-04 23:25:30.976462+00	0.3513615259129068	0.3513615259129068	0.5019450370184465	0.5144936629439105	0.5144936629439105	0.0	0.0	0.0	0.6023340444221443	1.6438699962354153	0.4685	0.4685	0.6693	0.686	0.686	0.0	0.0	0.0	0.8031	2.1918	-0.33881289998744285	-0.21332664073283122	-0.47684778516751847	0.313715648136529	-0.012548625925464015	f	t	f	t	f	\N	159.5	2026-10-04 23:42:11.990535+00	2026-10-04 23:58:17.462497+00	2026-10-05 00:30:41.712597+00	2026-10-05 01:30:44.435584+00	2026-10-05 03:29:23.627922+00	t	2026-10-04 23:42:12.918555+00	2026-10-05 03:29:24.181346+00
523	ME_SHORT_GEOM_A_V1	1908349594	GRASSUSDT	SHORT	2026-09-29 14:52:07.910273+00	2026-09-29 14:52:07.937226+00	1.7363071710897766	2.7809147374364835	5.053642010163757	7.5239977413890475	7.905138339920955	0.0	0.0	0.0	0.0	0.0	8.6815	13.9046	25.2682	37.62	39.5257	0.0	0.0	0.0	0.0	0.0	-0.9457933370976903	-1.3975155279503133	-4.136081309994352	-5.5477131564088085	-5.43478260869565	f	f	f	f	f	\N	\N	2026-09-29 15:12:01.78163+00	2026-09-29 15:22:52.545571+00	2026-09-29 15:55:17.522342+00	2026-09-29 16:54:07.909565+00	2026-09-29 18:55:04.200192+00	t	2026-09-29 15:12:02.154657+00	2026-09-29 18:55:04.385987+00
524	ME_SHORT_GEOM_B_V1	1908349594	GRASSUSDT	SHORT	2026-09-29 14:52:07.910273+00	2026-09-29 14:52:07.937226+00	1.7363071710897766	2.7809147374364835	5.053642010163757	7.5239977413890475	7.905138339920955	0.0	0.0	0.0	0.0	0.0	2.3151	3.7079	6.7382	10.032	10.5402	0.0	0.0	0.0	0.0	0.0	-0.9457933370976903	-1.4116318464144562	-4.136081309994352	-5.5477131564088085	-5.43478260869565	f	f	f	f	f	\N	\N	2026-09-29 15:12:02.157268+00	2026-09-29 15:22:52.929729+00	2026-09-29 15:55:17.892477+00	2026-09-29 16:54:08.458173+00	2026-09-29 18:55:04.747057+00	t	2026-09-29 15:12:02.852292+00	2026-09-29 18:55:04.932014+00
5353	ME_SHORT_GEOM_A_V1	1911821264	ATHUSDT	SHORT	2026-10-03 18:41:23.849151+00	2026-10-03 18:41:23.877768+00	1.6025202027119563	1.6025202027119563	1.6025202027119563	2.711957266127931	3.0954663744692574	0.0	0.0	0.0	0.0	0.0	8.0126	8.0126	8.0126	13.5598	15.4773	0.0	0.0	0.0	0.0	0.0	-0.698534447335979	-1.040953294069313	-1.109437063415975	-2.1914806190932805	-2.5886864813039296	f	f	f	f	f	\N	\N	2026-10-03 19:01:34.051768+00	2026-10-03 19:12:03.258006+00	2026-10-03 19:43:30.816918+00	2026-10-03 20:46:29.394435+00	2026-10-03 22:42:46.35069+00	t	2026-10-03 19:01:34.238893+00	2026-10-03 22:42:46.719892+00
5354	ME_SHORT_GEOM_B_V1	1911821264	ATHUSDT	SHORT	2026-10-03 18:41:23.849151+00	2026-10-03 18:41:23.877768+00	1.6025202027119563	1.6025202027119563	1.6025202027119563	2.711957266127931	3.0954663744692574	0.0	0.0	0.0	0.0	0.0	2.1367	2.1367	2.1367	3.6159	4.1273	0.0	0.0	0.0	0.0	0.0	-0.698534447335979	-1.040953294069313	-1.109437063415975	-2.1914806190932805	-2.5886864813039296	f	f	f	f	f	\N	\N	2026-10-03 19:01:34.240928+00	2026-10-03 19:12:03.450687+00	2026-10-03 19:43:31.517237+00	2026-10-03 20:46:29.78165+00	2026-10-03 22:42:46.722742+00	t	2026-10-03 19:01:34.42707+00	2026-10-03 22:42:47.09338+00
7179	ME_SHORT_GEOM_A_V1	1914654570	KLACUSDT	SHORT	2026-10-04 22:50:30.575004+00	2026-10-04 22:50:30.615283+00	0.18271866134538417	0.18271866134538417	0.18271866134538417	0.5866230706351871	0.5866230706351871	0.0	0.0	0.12501803144683893	0.9520603933259555	1.5675337789104153	0.9136	0.9136	0.9136	2.9331	2.9331	0.0	0.0	0.6251	4.7603	7.8377	-0.01442515747463631	-0.038467086599034715	0.02885031494927262	0.7741501178054593	0.8558926768283893	f	t	f	t	f	\N	69.5	2026-10-04 23:09:43.212991+00	2026-10-04 23:20:35.832473+00	2026-10-04 23:52:54.775448+00	2026-10-05 00:52:25.083376+00	2026-10-05 02:51:59.243179+00	t	2026-10-04 23:09:44.13125+00	2026-10-05 02:51:59.432658+00
7180	ME_SHORT_GEOM_B_V1	1914654570	KLACUSDT	SHORT	2026-10-04 22:50:30.575004+00	2026-10-04 22:50:30.615283+00	0.18271866134538417	0.18271866134538417	0.18271866134538417	0.5866230706351871	0.5866230706351871	0.0	0.0	0.12501803144683893	0.9520603933259555	1.5675337789104153	0.2436	0.2436	0.2436	0.7822	0.7822	0.0	0.0	0.1667	1.2694	2.09	-0.01442515747463631	-0.038467086599034715	0.02885031494927262	0.7741501178054593	0.8558926768283893	f	t	f	t	f	\N	79.5	2026-10-04 23:09:44.498148+00	2026-10-04 23:20:37.308626+00	2026-10-04 23:52:56.247456+00	2026-10-05 00:52:27.109961+00	2026-10-05 02:52:01.067315+00	t	2026-10-04 23:09:44.693424+00	2026-10-05 02:52:01.443409+00
5606	ME_SHORT_GEOM_A_V1	1921857311	MONUSDT	SHORT	2026-10-04 01:02:07.804013+00	2026-10-04 01:02:07.849946+00	0.6386066763425396	0.6386066763425396	0.8998548621190268	1.277213352685059	1.277213352685059	0.4354136429608051	0.4354136429608051	1.1611030478954936	1.1611030478954936	2.9317851959361305	3.193	3.193	4.4993	6.3861	6.3861	2.1771	2.1771	5.8055	5.8055	14.6589	-0.29027576197388344	-0.14513788098694172	-0.29027576197388344	-0.4063860667634288	1.4513788098693772	f	t	f	t	f	\N	7.9	2026-10-04 01:22:00.955417+00	2026-10-04 01:32:41.631455+00	2026-10-04 02:04:38.59682+00	2026-10-04 03:03:36.301518+00	2026-10-04 05:07:18.303503+00	t	2026-10-04 01:22:01.142878+00	2026-10-04 05:07:18.495467+00
5607	ME_SHORT_GEOM_B_V1	1921857311	MONUSDT	SHORT	2026-10-04 01:02:07.804013+00	2026-10-04 01:02:07.849946+00	0.6386066763425396	0.6386066763425396	0.8998548621190268	1.277213352685059	1.277213352685059	0.4354136429608051	0.4354136429608051	1.1611030478954936	1.1611030478954936	2.9317851959361305	0.8515	0.8515	1.1998	1.703	1.703	0.5806	0.5806	1.5481	1.5481	3.909	-0.29027576197388344	-0.14513788098694172	-0.29027576197388344	-0.4063860667634288	1.4513788098693772	f	t	f	t	f	\N	42.9	2026-10-04 01:22:01.145237+00	2026-10-04 01:32:41.829786+00	2026-10-04 02:04:38.968546+00	2026-10-04 03:03:36.8561+00	2026-10-04 05:07:19.234518+00	t	2026-10-04 01:22:01.333093+00	2026-10-04 05:07:19.423637+00
5966	ME_SHORT_GEOM_A_V1	1922101910	STRKUSDT	SHORT	2026-10-04 06:37:45.759+00	2026-10-04 06:37:45.800506+00	0.6147540983606501	0.6147540983606501	0.6892697466467872	0.6892697466467872	1.9187779433681003	0.037257824143068524	1.4157973174366687	1.6766020864381483	5.644560357675122	5.644560357675122	3.0738	3.0738	3.4463	3.4463	9.5939	0.1863	7.079	8.383	28.2228	28.2228	-0.26080476900149263	0.3353204172876297	0.931445603576752	0.8941877794336835	-0.037257824143068524	f	t	f	t	f	\N	22.2	2026-10-04 06:54:31.212487+00	2026-10-04 07:10:30.043858+00	2026-10-04 07:42:30.26695+00	2026-10-04 08:41:15.281184+00	2026-10-04 10:40:23.774635+00	t	2026-10-04 06:54:31.405596+00	2026-10-04 10:40:23.96304+00
5967	ME_SHORT_GEOM_B_V1	1922101910	STRKUSDT	SHORT	2026-10-04 06:37:45.759+00	2026-10-04 06:37:45.800506+00	0.6147540983606501	0.6147540983606501	0.6892697466467872	0.6892697466467872	1.9187779433681003	0.037257824143068524	1.4157973174366687	1.6766020864381483	5.644560357675122	5.644560357675122	0.8197	0.8197	0.919	0.919	2.5584	0.0497	1.8877	2.2355	7.5261	7.5261	-0.26080476900149263	0.3353204172876297	0.931445603576752	0.8941877794336835	-0.037257824143068524	f	t	f	t	f	\N	22.2	2026-10-04 06:54:31.954302+00	2026-10-04 07:10:30.792366+00	2026-10-04 07:42:31.019819+00	2026-10-04 08:41:16.406641+00	2026-10-04 10:40:25.523231+00	t	2026-10-04 06:54:32.144437+00	2026-10-04 10:40:25.896875+00
888	ME_SHORT_GEOM_A_V1	1923323646	ICPUSDT	SHORT	2026-09-30 02:07:12.482978+00	2026-09-30 02:07:12.509268+00	2.4251069900142643	4.764621968616257	4.764621968616257	4.764621968616257	4.764621968616257	0.0	0.0	0.0	0.0	0.0	12.1255	23.8231	23.8231	23.8231	23.8231	0.0	0.0	0.0	0.0	0.0	-2.31098430813124	-3.6233951497860137	-4.022824536376605	-3.4807417974322368	-1.9971469329529197	f	f	f	f	f	\N	\N	2026-09-30 02:22:44.788975+00	2026-09-30 02:38:46.331098+00	2026-09-30 03:10:52.20256+00	2026-09-30 04:09:24.841557+00	2026-09-30 06:11:00.876152+00	t	2026-09-30 02:22:45.335117+00	2026-09-30 06:11:01.056661+00
889	ME_SHORT_GEOM_B_V1	1923323646	ICPUSDT	SHORT	2026-09-30 02:07:12.482978+00	2026-09-30 02:07:12.509268+00	2.4251069900142643	4.764621968616257	4.764621968616257	4.764621968616257	4.764621968616257	0.0	0.0	0.0	0.0	0.0	3.2335	6.3528	6.3528	6.3528	6.3528	0.0	0.0	0.0	0.0	0.0	-2.31098430813124	-3.6233951497860137	-4.022824536376605	-3.4807417974322368	-1.9971469329529197	f	f	f	f	f	\N	\N	2026-09-30 02:22:45.519869+00	2026-09-30 02:38:47.059215+00	2026-09-30 03:10:52.940785+00	2026-09-30 04:09:25.578884+00	2026-09-30 06:11:01.059088+00	t	2026-09-30 02:22:46.066028+00	2026-09-30 06:11:01.240546+00
6162	ME_SHORT_GEOM_A_V1	1933276513	BNBUSDT	SHORT	2026-10-04 09:53:17.344548+00	2026-10-04 09:53:17.380872+00	0.5786163522012607	0.679245283018865	0.8427672955974901	1.0062893081761006	1.031446540880509	0.0	0.0	0.0	0.0	0.0	2.8931	3.3962	4.2138	5.0314	5.1572	0.0	0.0	0.0	0.0	0.0	-0.5660377358490566	-0.5911949685534649	-0.7672955974842797	-0.8805031446540881	-0.6918238993710693	f	f	f	f	f	\N	\N	2026-10-04 10:13:12.627892+00	2026-10-04 10:24:03.676206+00	2026-10-04 10:56:43.423193+00	2026-10-04 11:56:24.463097+00	2026-10-04 13:55:31.94656+00	t	2026-10-04 10:13:13.765879+00	2026-10-04 13:55:32.331951+00
6163	ME_SHORT_GEOM_B_V1	1933276513	BNBUSDT	SHORT	2026-10-04 09:53:17.344548+00	2026-10-04 09:53:17.380872+00	0.5786163522012607	0.679245283018865	0.8427672955974901	1.0062893081761006	1.031446540880509	0.0	0.0	0.0	0.0	0.0	0.7715	0.9057	1.1237	1.3417	1.3753	0.0	0.0	0.0	0.0	0.0	-0.5660377358490566	-0.5911949685534649	-0.7672955974842797	-0.8805031446540881	-0.6918238993710693	f	f	f	f	f	\N	\N	2026-10-04 10:13:13.768463+00	2026-10-04 10:24:05.090359+00	2026-10-04 10:56:44.528935+00	2026-10-04 11:56:25.590329+00	2026-10-04 13:55:33.065525+00	t	2026-10-04 10:13:14.894853+00	2026-10-04 13:55:33.460729+00
7861	ME_SHORT_GEOM_A_V1	1936027378	LITUSDT	SHORT	2026-10-05 12:47:58.532268+00	2026-10-05 12:47:58.568468+00	1.4478028956057898	2.108204216408426	2.5654051308102614	3.7338074676149304	4.4450088900177755	0.0	0.0	0.0	0.0	0.0	7.239	10.541	12.827	18.669	22.225	0.0	0.0	0.0	0.0	0.0	-1.0668021336042626	-2.0574041148082287	-1.9304038608077123	-2.997205994411986	-2.133604267208525	f	f	f	f	f	\N	\N	2026-10-05 13:05:47.167658+00	2026-10-05 13:21:59.539624+00	2026-10-05 13:49:09.809102+00	2026-10-05 14:49:35.832395+00	2026-10-05 16:49:45.527709+00	t	2026-10-05 13:05:48.29968+00	2026-10-05 16:49:45.716562+00
7862	ME_SHORT_GEOM_B_V1	1936027378	LITUSDT	SHORT	2026-10-05 12:47:58.532268+00	2026-10-05 12:47:58.568468+00	1.4478028956057898	2.108204216408426	2.5654051308102614	3.7338074676149304	4.4450088900177755	0.0	0.0	0.0	0.0	0.0	1.9304	2.8109	3.4205	4.9784	5.9267	0.0	0.0	0.0	0.0	0.0	-1.0668021336042626	-2.0574041148082287	-1.9304038608077123	-2.997205994411986	-2.133604267208525	f	f	f	f	f	\N	\N	2026-10-05 13:05:48.302391+00	2026-10-05 13:22:00.459581+00	2026-10-05 13:49:10.560261+00	2026-10-05 14:49:36.389127+00	2026-10-05 16:49:45.898996+00	t	2026-10-05 13:05:49.412303+00	2026-10-05 16:49:46.403571+00
8862	ME_SHORT_GEOM_A_V1	1939832770	ORCAUSDT	SHORT	2026-10-06 06:50:42.379953+00	2026-10-06 06:50:42.426787+00	1.6341675219073135	2.0644193573853236	2.459145811952318	3.477540064735132	3.477540064735132	1.417067971895487	1.417067971895487	1.417067971895487	2.186784558301102	6.643246230362372	8.1708	10.3221	12.2957	17.3877	17.3877	7.0853	7.0853	7.0853	10.9339	33.2162	-0.1026288781874048	-1.0736559564221864	-1.3065445646167082	0.8407673482276821	0.41446277729533254	f	t	f	t	f	\N	14.3	2026-10-06 07:08:28.821904+00	2026-10-06 07:24:28.643661+00	2026-10-06 07:51:06.817025+00	2026-10-06 08:54:53.689444+00	2026-10-06 10:52:30.297952+00	t	2026-10-06 07:08:29.010914+00	2026-10-06 10:52:30.486463+00
8863	ME_SHORT_GEOM_B_V1	1939832770	ORCAUSDT	SHORT	2026-10-06 06:50:42.379953+00	2026-10-06 06:50:42.426787+00	1.6341675219073135	2.0644193573853236	2.459145811952318	3.477540064735132	3.477540064735132	1.417067971895487	1.417067971895487	1.417067971895487	2.186784558301102	6.643246230362372	2.1789	2.7526	3.2789	4.6367	4.6367	1.8894	1.8894	1.8894	2.9157	8.8577	-0.1026288781874048	-1.0736559564221864	-1.2789137127970311	0.8091892318623268	0.41446277729533254	f	t	f	t	f	\N	14.3	2026-10-06 07:08:29.194341+00	2026-10-06 07:24:29.014045+00	2026-10-06 07:51:07.383781+00	2026-10-06 08:54:54.243336+00	2026-10-06 10:52:30.852345+00	t	2026-10-06 07:08:29.383242+00	2026-10-06 10:52:31.230942+00
9319	ME_SHORT_GEOM_A_V1	1940755761	SPCXUSDT	SHORT	2026-10-06 16:05:53.43144+00	2026-10-06 16:05:53.463257+00	0.8602890571231934	0.8602890571231934	0.8602890571231934	1.1298462950218096	1.7033723331039383	0.0	0.0	0.0	0.0	0.0	4.3014	4.3014	4.3014	5.6492	8.5169	0.0	0.0	0.0	0.0	0.0	-0.5735260380821289	-0.20646937370957424	-0.40146822665750004	-0.8373480155999128	-1.4166093140628742	f	f	f	f	f	\N	\N	2026-10-06 16:23:36.475905+00	2026-10-06 16:39:46.184446+00	2026-10-06 17:06:41.171618+00	2026-10-06 18:10:36.409538+00	2026-10-06 20:06:39.528362+00	t	2026-10-06 16:23:36.862585+00	2026-10-06 20:06:39.71801+00
9320	ME_SHORT_GEOM_B_V1	1940755761	SPCXUSDT	SHORT	2026-10-06 16:05:53.43144+00	2026-10-06 16:05:53.463257+00	0.8602890571231934	0.8602890571231934	0.8602890571231934	1.1298462950218096	1.7033723331039383	0.0	0.0	0.0	0.0	0.0	1.1471	1.1471	1.1471	1.5065	2.2712	0.0	0.0	0.0	0.0	0.0	-0.5735260380821289	-0.20646937370957424	-0.40146822665750004	-0.8373480155999128	-1.4166093140628742	f	f	f	f	f	\N	\N	2026-10-06 16:23:37.435711+00	2026-10-06 16:39:47.267304+00	2026-10-06 17:06:41.912907+00	2026-10-06 18:10:37.163392+00	2026-10-06 20:06:39.906432+00	t	2026-10-06 16:23:37.819793+00	2026-10-06 20:06:40.096538+00
5815	ME_SHORT_GEOM_A_V1	1941293887	STRKUSDT	SHORT	2026-10-04 04:22:23.938371+00	2026-10-04 04:22:24.00505+00	0.615671641791052	1.2313432835820912	2.332089552238808	2.332089552238808	2.332089552238808	0.8955223880597039	0.8955223880597039	0.8955223880597039	1.30597014925373	5.802238805970152	3.0784	6.1567	11.6604	11.6604	11.6604	4.4776	4.4776	4.4776	6.5299	29.0112	0.20522388059701302	-0.41044776119403903	-2.03358208955224	-1.119402985074633	3.0970149253731245	f	t	f	t	f	\N	2.6	2026-10-04 04:40:26.213362+00	2026-10-04 04:56:33.919073+00	2026-10-04 05:23:26.69402+00	2026-10-04 06:22:30.81941+00	2026-10-04 08:25:09.776138+00	t	2026-10-04 04:40:26.615106+00	2026-10-04 08:25:09.966535+00
5816	ME_SHORT_GEOM_B_V1	1941293887	STRKUSDT	SHORT	2026-10-04 04:22:23.938371+00	2026-10-04 04:22:24.00505+00	0.615671641791052	1.2313432835820912	2.332089552238808	2.332089552238808	2.332089552238808	0.8955223880597039	0.8955223880597039	0.8955223880597039	1.30597014925373	5.802238805970152	0.8209	1.6418	3.1095	3.1095	3.1095	1.194	1.194	1.194	1.7413	7.7363	0.20522388059701302	-0.41044776119403903	-2.070895522388059	-1.119402985074633	3.0970149253731245	f	t	f	t	f	\N	7.6	2026-10-04 04:40:26.992111+00	2026-10-04 04:56:34.853609+00	2026-10-04 05:23:27.621945+00	2026-10-04 06:22:31.893444+00	2026-10-04 08:25:10.885671+00	t	2026-10-04 04:40:27.360987+00	2026-10-04 08:25:11.268192+00
7128	ME_SHORT_GEOM_A_V1	1945138683	BNBUSDT	SHORT	2026-10-04 22:10:13.353399+00	2026-10-04 22:10:13.404367+00	0.10059097196026086	0.10059097196026086	0.1508864579403913	0.25147742990066646	0.31434678737583305	0.2766251728907388	0.2766251728907388	0.2766251728907388	0.2766251728907388	1.3831258644536655	0.503	0.503	0.7544	1.2574	1.5717	1.3831	1.3831	1.3831	1.3831	6.9156	-0.012573871495021887	0.050295485980144716	0.08801710046523897	-0.1508864579403913	1.3202565069784988	f	t	f	t	f	\N	4.8	2026-10-04 22:26:22.831541+00	2026-10-04 22:42:43.606424+00	2026-10-04 23:15:09.676006+00	2026-10-05 00:14:23.439755+00	2026-10-05 02:14:21.451523+00	t	2026-10-04 22:26:23.943903+00	2026-10-05 02:14:23.775186+00
7129	ME_SHORT_GEOM_B_V1	1945138683	BNBUSDT	SHORT	2026-10-04 22:10:13.353399+00	2026-10-04 22:10:13.404367+00	0.10059097196026086	0.10059097196026086	0.1508864579403913	0.25147742990066646	0.31434678737583305	0.2766251728907388	0.2766251728907388	0.2766251728907388	0.2766251728907388	1.3831258644536655	0.1341	0.1341	0.2012	0.3353	0.4191	0.3688	0.3688	0.3688	0.3688	1.8442	-0.025147742990058064	0.050295485980144716	0.08801710046523897	-0.1508864579403913	1.3202565069784988	f	t	f	t	f	\N	194.8	2026-10-04 22:26:24.312286+00	2026-10-04 22:42:44.910912+00	2026-10-04 23:15:11.656143+00	2026-10-05 00:14:24.908754+00	2026-10-05 02:14:23.963199+00	t	2026-10-04 22:26:25.427317+00	2026-10-05 02:14:25.017967+00
3897	ME_SHORT_GEOM_A_V1	1947186558	HYPEUSDT	SHORT	2026-10-02 12:14:20.710241+00	2026-10-02 12:14:20.74871+00	0.6794520547945255	0.7780821917808151	0.7780821917808151	1.260273972602746	2.4657534246575343	0.0	0.02191780821917372	0.14246575342465254	0.273972602739726	0.273972602739726	3.3973	3.8904	3.8904	6.3014	12.3288	0.0	0.1096	0.7123	1.3699	1.3699	-0.5698630136986258	-0.591780821917815	-0.08767123287671046	-1.1287671232876724	-2.1589041095890398	t	t	f	t	f	170.7	80.7	2026-10-02 12:33:50.28874+00	2026-10-02 12:44:43.914065+00	2026-10-02 13:19:01.677561+00	2026-10-02 14:14:36.742602+00	2026-10-02 16:17:19.595992+00	t	2026-10-02 12:33:50.489227+00	2026-10-02 16:17:21.171618+00
3898	ME_SHORT_GEOM_B_V1	1947186558	HYPEUSDT	SHORT	2026-10-02 12:14:20.710241+00	2026-10-02 12:14:20.74871+00	0.6794520547945255	0.7780821917808151	0.7780821917808151	1.260273972602746	2.4657534246575343	0.0	0.02191780821917372	0.14246575342465254	0.273972602739726	0.273972602739726	0.9059	1.0374	1.0374	1.6804	3.2877	0.0	0.0292	0.19	0.3653	0.3653	-0.5698630136986258	-0.6027397260273941	-0.08767123287671046	-1.1397260273972671	-2.1589041095890398	t	f	t	f	f	170.7	\N	2026-10-02 12:33:50.860374+00	2026-10-02 12:44:44.652994+00	2026-10-02 13:19:03.302517+00	2026-10-02 14:14:38.437412+00	2026-10-02 16:17:22.102569+00	t	2026-10-02 12:33:51.052464+00	2026-10-02 16:17:23.750236+00
9285	ME_SHORT_GEOM_A_V1	1950180611	ORCAUSDT	SHORT	2026-10-06 15:25:48.89743+00	2026-10-06 15:25:48.926662+00	4.816955684007717	4.816955684007717	4.816955684007717	6.234776602319409	6.234776602319409	0.0	0.0	0.0	5.2604791507616175	17.082924346529975	24.0848	24.0848	24.0848	31.1739	31.1739	0.0	0.0	0.0	26.3024	85.4146	-3.904460682735309	-4.002617515541501	-1.8577089468135355	3.33733231541061	6.82735303740865	f	t	f	t	f	\N	114.2	2026-10-06 15:45:49.521317+00	2026-10-06 15:56:35.177785+00	2026-10-06 16:29:00.99545+00	2026-10-06 17:28:07.703344+00	2026-10-06 19:29:41.404598+00	t	2026-10-06 15:45:49.72986+00	2026-10-06 19:29:41.594658+00
9286	ME_SHORT_GEOM_B_V1	1950180611	ORCAUSDT	SHORT	2026-10-06 15:25:48.89743+00	2026-10-06 15:25:48.926662+00	4.816955684007717	4.816955684007717	4.816955684007717	6.234776602319409	6.234776602319409	0.0	0.0	0.0	5.2604791507616175	17.082924346529975	6.4226	6.4226	6.4226	8.313	8.313	0.0	0.0	0.0	7.014	22.7772	-3.904460682735309	-4.002617515541501	-1.839531755553139	3.162831279310711	6.82735303740865	f	t	f	t	f	\N	114.2	2026-10-06 15:45:50.469+00	2026-10-06 15:56:36.120776+00	2026-10-06 16:29:01.948322+00	2026-10-06 17:28:08.460436+00	2026-10-06 19:29:41.967005+00	t	2026-10-06 15:45:50.85135+00	2026-10-06 19:29:42.15701+00
4048	ME_SHORT_GEOM_A_V1	1950348089	BTCUSDT	SHORT	2026-10-02 13:11:30.739199+00	2026-10-02 13:11:30.785545+00	0.4187542062364466	0.4469395855023613	0.7618105367301475	1.8612704128295177	2.2634585185994744	0.0	0.23641205874063123	0.23641205874063123	0.23641205874063123	0.23641205874063123	2.0938	2.2347	3.8091	9.3064	11.3173	0.0	1.1821	1.1821	1.1821	1.1821	-0.40184297867690116	-0.06511397822248713	-0.7070503712992376	-1.5237361158246525	-2.180167846809594	t	t	f	t	f	78.5	23.5	2026-10-02 13:30:04.08431+00	2026-10-02 13:46:45.684472+00	2026-10-02 14:14:36.742602+00	2026-10-02 15:15:57.991999+00	2026-10-02 17:12:09.464634+00	t	2026-10-02 13:30:05.394214+00	2026-10-02 17:12:10.765182+00
4049	ME_SHORT_GEOM_B_V1	1950348089	BTCUSDT	SHORT	2026-10-02 13:11:30.739199+00	2026-10-02 13:11:30.785545+00	0.4187542062364466	0.4469395855023613	0.7618105367301475	1.8612704128295177	2.2634585185994744	0.0	0.23641205874063123	0.23641205874063123	0.23641205874063123	0.23641205874063123	0.5583	0.5959	1.0157	2.4817	3.0179	0.0	0.3152	0.3152	0.3152	0.3152	-0.40184297867690116	-0.06511397822248713	-0.7056698629270162	-1.5237361158246525	-2.1870703886706346	t	f	t	f	f	78.5	\N	2026-10-02 13:30:05.39665+00	2026-10-02 13:46:47.688293+00	2026-10-02 14:14:38.437412+00	2026-10-02 15:15:59.86277+00	2026-10-02 17:12:11.314295+00	t	2026-10-02 13:30:06.698447+00	2026-10-02 17:12:12.037749+00
674	ME_SHORT_GEOM_A_V1	1950966988	PUMPFUNUSDT	SHORT	2026-09-29 21:26:24.174351+00	2026-09-29 21:26:24.19704+00	2.1312584573748206	3.095399188092016	3.095399188092016	3.095399188092016	3.5859269282814537	0.0	0.0	0.13531799729364336	2.012855209742899	2.012855209742899	10.6563	15.477	15.477	15.477	17.9296	0.0	0.0	0.6766	10.0643	10.0643	-1.7929634641407195	-2.046684709066299	-1.1671177266576391	0.4397834912043299	0.4566982408660371	f	t	f	t	f	\N	93.6	2026-09-29 21:42:16.91398+00	2026-09-29 21:58:05.9595+00	2026-09-29 22:29:43.889668+00	2026-09-29 23:27:40.923891+00	2026-09-30 01:29:19.715746+00	t	2026-09-29 21:42:17.097788+00	2026-09-30 01:29:20.085167+00
675	ME_SHORT_GEOM_B_V1	1950966988	PUMPFUNUSDT	SHORT	2026-09-29 21:26:24.174351+00	2026-09-29 21:26:24.19704+00	2.1312584573748206	3.095399188092016	3.095399188092016	3.095399188092016	3.5859269282814537	0.0	0.0	0.13531799729364336	2.012855209742899	2.012855209742899	2.8417	4.1272	4.1272	4.1272	4.7812	0.0	0.0	0.1804	2.6838	2.6838	-1.7929634641407195	-2.046684709066299	-1.1671177266576391	0.4397834912043299	0.4566982408660371	f	t	f	t	f	\N	98.6	2026-09-29 21:42:17.382479+00	2026-09-29 21:58:06.330797+00	2026-09-29 22:29:44.258011+00	2026-09-29 23:27:41.301068+00	2026-09-30 01:29:20.446923+00	t	2026-09-29 21:42:17.572412+00	2026-09-30 01:29:20.637446+00
1471	ME_SHORT_GEOM_A_V1	1953949638	ASTERUSDT	SHORT	2026-09-30 15:07:53.568085+00	2026-09-30 15:07:53.604236+00	0.8129032258064481	0.967741935483879	0.967741935483879	1.8064516129032273	3.7290322580645205	0.2064516129032174	0.4774193548387	0.4774193548387	0.4774193548387	0.4774193548387	4.0645	4.8387	4.8387	9.0323	18.6452	1.0323	2.3871	2.3871	2.3871	2.3871	-0.5548387096774156	0.02580645161290038	-0.47741935483871445	-1.367741935483878	-3.0838709677419396	t	t	f	t	f	207.1	2.1	2026-09-30 15:27:43.264133+00	2026-09-30 15:38:37.383753+00	2026-09-30 16:11:19.14068+00	2026-09-30 17:10:45.851043+00	2026-09-30 19:12:18.54819+00	t	2026-09-30 15:27:43.635798+00	2026-09-30 19:12:18.734458+00
1472	ME_SHORT_GEOM_B_V1	1953949638	ASTERUSDT	SHORT	2026-09-30 15:07:53.568085+00	2026-09-30 15:07:53.604236+00	0.8129032258064481	0.967741935483879	0.967741935483879	1.8064516129032273	3.7290322580645205	0.2064516129032174	0.4774193548387	0.4774193548387	0.4774193548387	0.4774193548387	1.0839	1.2903	1.2903	2.4086	4.972	0.2753	0.6366	0.6366	0.6366	0.6366	-0.5548387096774156	0.02580645161290038	-0.47741935483871445	-1.367741935483878	-3.0838709677419396	t	f	t	f	f	207.1	\N	2026-09-30 15:27:43.638112+00	2026-09-30 15:38:37.750209+00	2026-09-30 16:11:19.507828+00	2026-09-30 17:10:46.228374+00	2026-09-30 19:12:18.739081+00	t	2026-09-30 15:27:44.015194+00	2026-09-30 19:12:18.9296+00
5811	ME_SHORT_GEOM_A_V1	1958234833	PUMPFUNUSDT	SHORT	2026-10-04 04:22:23.338493+00	2026-10-04 04:22:23.379364+00	0.8251595827494955	0.8874357776739804	1.416783434532149	1.416783434532149	1.416783434532149	0.03113809746224919	0.03113809746224919	0.326950023353576	2.8647049665265474	2.8647049665265474	4.1258	4.4372	7.0839	7.0839	7.0839	0.1557	0.1557	1.6348	14.3235	14.3235	-0.6071929005137782	-0.6071929005137782	-0.14012143858009435	0.5137786081270441	-0.6850381441693877	f	t	f	t	f	\N	57.6	2026-10-04 04:40:26.213362+00	2026-10-04 04:56:33.919073+00	2026-10-04 05:23:26.69402+00	2026-10-04 06:22:30.81941+00	2026-10-04 08:25:09.776138+00	t	2026-10-04 04:40:26.989738+00	2026-10-04 08:25:10.153668+00
5812	ME_SHORT_GEOM_B_V1	1958234833	PUMPFUNUSDT	SHORT	2026-10-04 04:22:23.338493+00	2026-10-04 04:22:23.379364+00	0.8251595827494955	0.8874357776739804	1.416783434532149	1.416783434532149	1.416783434532149	0.03113809746224919	0.03113809746224919	0.326950023353576	2.8647049665265474	2.8647049665265474	1.1002	1.1832	1.889	1.889	1.889	0.0415	0.0415	0.4359	3.8196	3.8196	-0.6071929005137782	-0.6071929005137782	-0.10898334111785865	0.5137786081270441	-0.6850381441693877	f	t	f	t	f	\N	72.6	2026-10-04 04:40:26.992111+00	2026-10-04 04:56:34.853609+00	2026-10-04 05:23:27.621945+00	2026-10-04 06:22:31.893444+00	2026-10-04 08:25:10.885671+00	t	2026-10-04 04:40:27.727776+00	2026-10-04 08:25:11.075992+00
3653	ME_SHORT_GEOM_A_V1	1963049761	XRPUSDT	SHORT	2026-10-02 09:38:54.116966+00	2026-10-02 09:38:54.143398+00	0.3310828356271022	0.3310828356271022	0.344066476239943	0.39600103869124864	0.9023630225915362	0.09737730459621247	0.22072189041807774	0.6816411321734585	0.6816411321734585	1.0451830693326412	1.6554	1.6554	1.7203	1.98	4.5118	0.4869	1.1036	3.4082	3.4082	5.2259	-0.025967281225652818	-0.06491820306413203	0.6426902103349792	-0.37003375746559586	0.4544274214489819	f	t	f	t	f	\N	26.1	2026-10-02 09:58:06.142911+00	2026-10-02 10:14:01.549195+00	2026-10-02 10:40:45.736721+00	2026-10-02 11:39:41.240271+00	2026-10-02 13:41:12.134557+00	t	2026-10-02 09:58:06.510646+00	2026-10-02 13:41:12.641739+00
3654	ME_SHORT_GEOM_B_V1	1963049761	XRPUSDT	SHORT	2026-10-02 09:38:54.116966+00	2026-10-02 09:38:54.143398+00	0.3310828356271022	0.3310828356271022	0.344066476239943	0.39600103869124864	0.9023630225915362	0.09737730459621247	0.22072189041807774	0.6816411321734585	0.6816411321734585	1.0451830693326412	0.4414	0.4414	0.4588	0.528	1.2032	0.1298	0.2943	0.9089	0.9089	1.3936	-0.025967281225652818	-0.06491820306413203	0.6426902103349792	-0.37003375746559586	0.4544274214489819	f	t	f	t	f	\N	171.1	2026-10-02 09:58:06.513071+00	2026-10-02 10:14:01.738704+00	2026-10-02 10:40:46.245211+00	2026-10-02 11:39:41.612568+00	2026-10-02 13:41:14.278068+00	t	2026-10-02 09:58:06.897694+00	2026-10-02 13:41:14.652399+00
6986	ME_SHORT_GEOM_A_V1	1968172570	XRPUSDT	SHORT	2026-10-04 21:24:53.142184+00	2026-10-04 21:24:53.176012+00	0.21151431026504527	0.2842223544186642	0.5023464868794917	0.5023464868794917	0.5023464868794917	0.006609822195782205	0.006609822195782205	0.7270804415361307	0.7270804415361307	1.1104501288915427	1.0576	1.4211	2.5117	2.5117	2.5117	0.033	0.033	3.6354	3.6354	5.5523	-0.16524555489456982	-0.20490448806926306	0.4626875537048132	0.44946790931324865	1.0113027959547949	f	t	f	t	f	\N	35.1	2026-10-04 21:42:59.717297+00	2026-10-04 21:59:15.157854+00	2026-10-04 22:26:22.831541+00	2026-10-04 23:25:58.95057+00	2026-10-05 01:25:12.579708+00	t	2026-10-04 21:43:00.981641+00	2026-10-05 01:25:14.508756+00
6987	ME_SHORT_GEOM_B_V1	1968172570	XRPUSDT	SHORT	2026-10-04 21:24:53.142184+00	2026-10-04 21:24:53.176012+00	0.21151431026504527	0.2842223544186642	0.5023464868794917	0.5023464868794917	0.5023464868794917	0.006609822195782205	0.006609822195782205	0.7270804415361307	0.7270804415361307	1.1104501288915427	0.282	0.379	0.6698	0.6698	0.6698	0.0088	0.0088	0.9694	0.9694	1.4806	-0.16524555489456982	-0.20490448806926306	0.4626875537048132	0.44946790931324865	1.0113027959547949	f	t	f	t	f	\N	120.1	2026-10-04 21:43:01.167243+00	2026-10-04 21:59:16.267722+00	2026-10-04 22:26:24.312286+00	2026-10-04 23:26:00.44726+00	2026-10-05 01:25:15.744213+00	t	2026-10-04 21:43:01.925831+00	2026-10-05 01:25:18.096528+00
8513	ME_SHORT_GEOM_A_V1	1970800085	RLCUSDT	SHORT	2026-10-06 00:29:26.895868+00	2026-10-06 00:29:26.927932+00	8.341902313624686	9.331619537275063	9.331619537275063	9.331619537275063	13.7146529562982	0.0	0.0	0.0	1.3881748071979332	1.3881748071979332	41.7095	46.6581	46.6581	46.6581	68.5733	0.0	0.0	0.0	6.9409	6.9409	-7.2879177377892	-8.457583547557837	-1.6580976863753243	-8.586118251928017	-11.053984575835486	f	t	f	t	f	\N	60.6	2026-10-06 00:45:30.810875+00	2026-10-06 01:01:44.626872+00	2026-10-06 01:34:14.465061+00	2026-10-06 02:33:58.921751+00	2026-10-06 04:33:32.205323+00	t	2026-10-06 00:45:31.180093+00	2026-10-06 04:33:32.39262+00
8514	ME_SHORT_GEOM_B_V1	1970800085	RLCUSDT	SHORT	2026-10-06 00:29:26.895868+00	2026-10-06 00:29:26.927932+00	8.341902313624686	9.331619537275063	9.331619537275063	9.331619537275063	13.7146529562982	0.0	0.0	0.0	1.3881748071979332	1.3881748071979332	11.1225	12.4422	12.4422	12.4422	18.2862	0.0	0.0	0.0	1.8509	1.8509	-7.2879177377892	-8.457583547557837	-1.6580976863753243	-8.586118251928017	-11.053984575835486	f	t	f	t	f	\N	65.6	2026-10-06 00:45:31.362046+00	2026-10-06 01:01:45.18178+00	2026-10-06 01:34:15.028086+00	2026-10-06 02:33:59.475075+00	2026-10-06 04:33:32.577181+00	t	2026-10-06 00:45:32.055175+00	2026-10-06 04:33:32.764653+00
7190	ME_SHORT_GEOM_A_V1	1974369294	KLACUSDT	SHORT	2026-10-04 22:55:31.789067+00	2026-10-04 22:55:31.827327+00	0.024068547222495122	0.024068547222495122	0.024068547222495122	0.47655723500529945	0.47655723500529945	0.09627418888995312	0.2358717627803893	0.2358717627803893	1.0638297872340325	1.6799845961297681	0.1203	0.1203	0.1203	2.3828	2.3828	0.4814	1.1794	1.1794	5.3191	8.3999	0.08664677000095235	0.17329354000191838	0.15403870222393046	0.9723693077885731	0.8905362472321142	f	t	f	t	f	\N	24.5	2026-10-04 23:15:09.676006+00	2026-10-04 23:25:58.95057+00	2026-10-04 23:58:15.980053+00	2026-10-05 00:57:49.456934+00	2026-10-05 02:57:21.56484+00	t	2026-10-04 23:15:11.277231+00	2026-10-05 02:57:21.760354+00
7191	ME_SHORT_GEOM_B_V1	1974369294	KLACUSDT	SHORT	2026-10-04 22:55:31.789067+00	2026-10-04 22:55:31.827327+00	0.024068547222495122	0.024068547222495122	0.024068547222495122	0.47655723500529945	0.47655723500529945	0.09627418888995312	0.2358717627803893	0.2358717627803893	1.0638297872340325	1.6799845961297681	0.0321	0.0321	0.0321	0.6354	0.6354	0.1284	0.3145	0.3145	1.4184	2.24	0.08664677000095235	0.17329354000191838	0.15403870222393046	0.9723693077885731	0.8905362472321142	f	t	f	t	f	\N	74.5	2026-10-04 23:15:11.656143+00	2026-10-04 23:26:00.44726+00	2026-10-04 23:58:17.462497+00	2026-10-05 00:57:51.651322+00	2026-10-05 02:57:23.732267+00	t	2026-10-04 23:15:11.851451+00	2026-10-05 02:57:24.104836+00
7895	ME_SHORT_GEOM_A_V1	1987115080	LITUSDT	SHORT	2026-10-05 13:13:03.621752+00	2026-10-05 13:13:03.657141+00	1.8872736546799245	1.8872736546799245	2.1678143330782955	3.340984442744192	4.0550879877582195	0.0	0.0	0.0	0.0	0.20402958428972223	9.4364	9.4364	10.8391	16.7049	20.2754	0.0	0.0	0.0	0.0	1.0201	-1.3516959959194068	-1.8362662586074885	-1.6067329762815539	-1.173170109665897	-2.0147921448609982	f	t	f	t	f	\N	131.9	2026-10-05 13:32:50.779261+00	2026-10-05 13:43:42.532048+00	2026-10-05 14:16:45.405788+00	2026-10-05 15:16:51.128593+00	2026-10-05 17:17:02.453612+00	t	2026-10-05 13:32:51.524673+00	2026-10-05 17:17:02.644821+00
7896	ME_SHORT_GEOM_B_V1	1987115080	LITUSDT	SHORT	2026-10-05 13:13:03.621752+00	2026-10-05 13:13:03.657141+00	1.8872736546799245	1.8872736546799245	2.1678143330782955	3.340984442744192	4.0550879877582195	0.0	0.0	0.0	0.0	0.20402958428972223	2.5164	2.5164	2.8904	4.4546	5.4068	0.0	0.0	0.0	0.0	0.272	-1.3516959959194068	-1.8362662586074885	-1.6067329762815539	-1.173170109665897	-2.0147921448609982	f	f	f	f	f	\N	\N	2026-10-05 13:32:51.527882+00	2026-10-05 13:43:43.272378+00	2026-10-05 14:16:46.219908+00	2026-10-05 15:16:51.689704+00	2026-10-05 17:17:03.013273+00	t	2026-10-05 13:32:52.102974+00	2026-10-05 17:17:03.700921+00
1466	ME_SHORT_GEOM_A_V1	1987342592	ASTERUSDT	SHORT	2026-09-30 14:59:22.493044+00	2026-09-30 14:59:22.534437+00	0.5291688177594208	0.9421786267423959	0.9421786267423959	1.6262261228704253	3.7041817243159603	0.2323180175529056	0.2323180175529056	0.5033557046979742	0.5033557046979742	0.5033557046979742	2.6458	4.7109	4.7109	8.1311	18.5209	1.1616	1.1616	2.5168	2.5168	2.5168	-0.4388229220444075	-0.4130098089829752	-0.2452245740836361	-1.4455343314403843	-3.0846670108415113	t	t	f	t	f	215.6	10.6	2026-09-30 15:16:58.961335+00	2026-09-30 15:33:10.090569+00	2026-09-30 16:00:24.591581+00	2026-09-30 16:59:57.56479+00	2026-09-30 19:01:49.178692+00	t	2026-09-30 15:16:59.331801+00	2026-09-30 19:01:49.362687+00
1467	ME_SHORT_GEOM_B_V1	1987342592	ASTERUSDT	SHORT	2026-09-30 14:59:22.493044+00	2026-09-30 14:59:22.534437+00	0.5291688177594208	0.9421786267423959	0.9421786267423959	1.6262261228704253	3.7041817243159603	0.2323180175529056	0.2323180175529056	0.5033557046979742	0.5033557046979742	0.5033557046979742	0.7056	1.2562	1.2562	2.1683	4.9389	0.3098	0.3098	0.6711	0.6711	0.6711	-0.4388229220444075	-0.4130098089829752	-0.2452245740836361	-1.4455343314403843	-3.0846670108415113	t	f	t	f	f	215.6	\N	2026-09-30 15:16:59.335335+00	2026-09-30 15:33:10.476813+00	2026-09-30 16:00:24.973311+00	2026-09-30 16:59:57.935765+00	2026-09-30 19:01:49.365671+00	t	2026-09-30 15:16:59.716837+00	2026-09-30 19:01:49.550296+00
7346	ME_SHORT_GEOM_A_V1	1988138990	FARTCOINUSDT	SHORT	2026-10-05 01:15:55.786035+00	2026-10-05 01:15:55.822841+00	0.8067572689371333	0.9746060967025806	0.9746060967025806	0.9746060967025806	2.0358438464453874	0.0	0.0	2.1170610211706085	2.1170610211706085	2.1170610211706085	4.0338	4.873	4.873	4.873	10.1792	0.0	0.0	10.5853	10.5853	10.5853	-0.76885592073204	-0.6551518761167301	1.2778168823433866	0.7850993556770842	-1.2345010558232739	f	t	f	t	f	\N	54.1	2026-10-05 01:36:10.765722+00	2026-10-05 01:47:04.597493+00	2026-10-05 02:19:47.953339+00	2026-10-05 03:18:40.234455+00	2026-10-05 05:16:58.187313+00	t	2026-10-05 01:36:12.213781+00	2026-10-05 05:16:58.376023+00
7347	ME_SHORT_GEOM_B_V1	1988138990	FARTCOINUSDT	SHORT	2026-10-05 01:15:55.786035+00	2026-10-05 01:15:55.822841+00	0.8067572689371333	0.9746060967025806	0.9746060967025806	0.9746060967025806	2.0358438464453874	0.0	0.0	2.1170610211706085	2.1170610211706085	2.1170610211706085	1.0757	1.2995	1.2995	1.2995	2.7145	0.0	0.0	2.8227	2.8227	2.8227	-0.76885592073204	-0.5793491797065285	1.3103037522334753	0.7850993556770842	-1.2345010558232739	f	t	f	t	f	\N	54.1	2026-10-05 01:36:13.317068+00	2026-10-05 01:47:06.803094+00	2026-10-05 02:19:50.275945+00	2026-10-05 03:18:41.881822+00	2026-10-05 05:16:59.291502+00	t	2026-10-05 01:36:13.51095+00	2026-10-05 05:16:59.479796+00
5974	ME_SHORT_GEOM_A_V1	1995779944	STRKUSDT	SHORT	2026-10-04 06:47:47.669388+00	2026-10-04 06:47:47.702053+00	0.6147540983606501	0.6892697466467872	0.6892697466467872	0.6892697466467872	1.9187779433681003	0.8010432190760056	1.4157973174366687	2.1609538002980653	5.644560357675122	5.644560357675122	3.0738	3.4463	3.4463	3.4463	9.5939	4.0052	7.079	10.8048	28.2228	28.2228	0.6333830104321908	-0.18628912071534262	1.788375558867367	0.5588673621460537	0.3353204172876297	f	t	f	t	f	\N	12.2	2026-10-04 07:05:09.181798+00	2026-10-04 07:21:10.777908+00	2026-10-04 07:47:49.152772+00	2026-10-04 08:51:56.468211+00	2026-10-04 10:51:16.752679+00	t	2026-10-04 07:05:09.373787+00	2026-10-04 10:51:16.940879+00
5975	ME_SHORT_GEOM_B_V1	1995779944	STRKUSDT	SHORT	2026-10-04 06:47:47.669388+00	2026-10-04 06:47:47.702053+00	0.6147540983606501	0.6892697466467872	0.6892697466467872	0.6892697466467872	1.9187779433681003	0.8010432190760056	1.4157973174366687	2.1609538002980653	5.644560357675122	5.644560357675122	0.8197	0.919	0.919	0.919	2.5584	1.0681	1.8877	2.8813	7.5261	7.5261	0.6333830104321908	-0.18628912071534262	1.788375558867367	0.5588673621460537	0.3353204172876297	f	t	f	t	f	\N	12.2	2026-10-04 07:05:09.925432+00	2026-10-04 07:21:11.528731+00	2026-10-04 07:47:49.892006+00	2026-10-04 08:51:57.718304+00	2026-10-04 10:51:18.165348+00	t	2026-10-04 07:05:10.118741+00	2026-10-04 10:51:18.536009+00
6541	ME_SHORT_GEOM_A_V1	2001060710	SOLUSDT	SHORT	2026-10-04 14:38:53.54635+00	2026-10-04 14:38:53.60475+00	0.3533278553820927	0.3533278553820927	0.3533278553820927	0.3533278553820927	0.41906327033689816	0.0	0.35332785538208106	0.35332785538208106	0.35332785538208106	0.35332785538208106	1.7666	1.7666	1.7666	1.7666	2.0953	0.0	1.7666	1.7666	1.7666	1.7666	-0.05751848808546211	0.00821692686934339	-0.02465078060805352	-0.04930156121610704	-0.22185702547247002	f	t	f	t	f	\N	21.1	2026-10-04 14:55:21.653398+00	2026-10-04 15:11:41.867671+00	2026-10-04 15:38:57.806537+00	2026-10-04 16:39:01.204093+00	2026-10-04 18:39:04.142268+00	t	2026-10-04 14:55:21.857165+00	2026-10-04 18:39:04.522136+00
6542	ME_SHORT_GEOM_B_V1	2001060710	SOLUSDT	SHORT	2026-10-04 14:38:53.54635+00	2026-10-04 14:38:53.60475+00	0.3533278553820927	0.3533278553820927	0.3533278553820927	0.3533278553820927	0.41906327033689816	0.0	0.35332785538208106	0.35332785538208106	0.35332785538208106	0.35332785538208106	0.4711	0.4711	0.4711	0.4711	0.5588	0.0	0.4711	0.4711	0.4711	0.4711	-0.05751848808546211	0.00821692686934339	-0.02465078060805352	-0.04930156121610704	-0.22185702547247002	f	f	f	f	f	\N	\N	2026-10-04 14:55:23.415521+00	2026-10-04 15:11:42.97598+00	2026-10-04 15:38:59.417048+00	2026-10-04 16:39:02.5775+00	2026-10-04 18:39:05.254085+00	t	2026-10-04 14:55:23.934809+00	2026-10-04 18:39:05.443705+00
805	ME_SHORT_GEOM_A_V1	2001912764	SPCXUSDT	SHORT	2026-09-30 00:17:01.960994+00	2026-09-30 00:17:01.986869+00	0.20017348368586868	0.2869153266164054	0.29358777607259473	0.29358777607259473	0.43370921465270285	0.0	0.0	0.0	0.0	0.0	1.0009	1.4346	1.4679	1.4679	2.1685	0.0	0.0	0.0	0.0	0.0	-0.14012143858010806	-0.2802428771602161	-0.20017348368586868	-0.2802428771602161	-0.20684593314205796	f	f	f	f	f	\N	\N	2026-09-30 00:36:15.622189+00	2026-09-30 00:52:10.544173+00	2026-09-30 01:18:42.883265+00	2026-09-30 02:17:25.285389+00	2026-09-30 04:20:00.614888+00	t	2026-09-30 00:36:16.172466+00	2026-09-30 04:20:00.998751+00
806	ME_SHORT_GEOM_B_V1	2001912764	SPCXUSDT	SHORT	2026-09-30 00:17:01.960994+00	2026-09-30 00:17:01.986869+00	0.20017348368586868	0.2869153266164054	0.29358777607259473	0.29358777607259473	0.43370921465270285	0.0	0.0	0.0	0.0	0.0	0.2669	0.3826	0.3915	0.3915	0.5783	0.0	0.0	0.0	0.0	0.0	-0.14012143858010806	-0.2802428771602161	-0.20017348368586868	-0.2802428771602161	-0.20684593314205796	f	f	f	f	f	\N	\N	2026-09-30 00:36:16.176051+00	2026-09-30 00:52:11.267259+00	2026-09-30 01:18:43.618968+00	2026-09-30 02:17:26.031616+00	2026-09-30 04:20:01.179644+00	t	2026-09-30 00:36:16.721905+00	2026-09-30 04:20:01.728029+00
4207	ME_SHORT_GEOM_A_V1	2003132948	KORUUSDT	SHORT	2026-10-02 15:32:17.080929+00	2026-10-02 15:32:17.10389+00	0.6170118995152074	0.6170118995152074	0.6170118995152074	1.6747465843984246	2.2917584839136165	0.3085059497576037	0.48479506390480137	0.5729396209784001	0.5729396209784001	0.5729396209784001	3.0851	3.0851	3.0851	8.3737	11.4588	1.5425	2.424	2.8647	2.8647	2.8647	0.2644336712207965	0.08814455707359882	0.04407227853679158	-1.057734684883217	0.3525782282943953	f	t	f	t	f	\N	12.7	2026-10-02 15:49:20.638516+00	2026-10-02 16:06:14.490485+00	2026-10-02 16:33:55.371417+00	2026-10-02 17:33:43.7967+00	2026-10-02 19:36:13.563535+00	t	2026-10-02 15:49:21.012901+00	2026-10-02 19:36:13.942248+00
4208	ME_SHORT_GEOM_B_V1	2003132948	KORUUSDT	SHORT	2026-10-02 15:32:17.080929+00	2026-10-02 15:32:17.10389+00	0.6170118995152074	0.6170118995152074	0.6170118995152074	1.6747465843984246	2.2917584839136165	0.3085059497576037	0.48479506390480137	0.5729396209784001	0.5729396209784001	0.5729396209784001	0.8227	0.8227	0.8227	2.233	3.0557	0.4113	0.6464	0.7639	0.7639	0.7639	0.2644336712207965	0.08814455707359882	0.04407227853679158	-1.057734684883217	0.3525782282943953	f	f	f	f	f	\N	\N	2026-10-02 15:49:22.667067+00	2026-10-02 16:06:16.357778+00	2026-10-02 16:33:57.359926+00	2026-10-02 17:33:45.104193+00	2026-10-02 19:36:14.146986+00	t	2026-10-02 15:49:23.588518+00	2026-10-02 19:36:14.528397+00
2019	ME_SHORT_GEOM_A_V1	2005942101	SNDKUSDT	SHORT	2026-10-01 03:23:43.833301+00	2026-10-01 03:23:43.877825+00	0.35114234901731645	0.35114234901731645	0.35114234901731645	0.35114234901731645	0.35114234901731645	0.0	0.4880765013039948	1.0142218333266992	1.3341136496644839	2.214810479724087	1.7557	1.7557	1.7557	1.7557	1.7557	0.0	2.4404	5.0711	6.6706	11.0741	-0.24375415490036556	0.47330352221912464	0.44489394705591156	1.1221782189469138	0.8931970431314185	f	t	f	t	f	\N	21.3	2026-10-01 03:42:27.638216+00	2026-10-01 03:58:38.114175+00	2026-10-01 04:25:34.763884+00	2026-10-01 05:24:39.09061+00	2026-10-01 07:27:20.978569+00	t	2026-10-01 03:42:28.025659+00	2026-10-01 07:27:21.175865+00
2020	ME_SHORT_GEOM_B_V1	2005942101	SNDKUSDT	SHORT	2026-10-01 03:23:43.833301+00	2026-10-01 03:23:43.877825+00	0.35114234901731645	0.35114234901731645	0.35114234901731645	0.35114234901731645	0.35114234901731645	0.0	0.4880765013039948	1.0142218333266992	1.3341136496644839	2.214810479724087	0.4682	0.4682	0.4682	0.4682	0.4682	0.0	0.6508	1.3523	1.7788	2.9531	-0.24375415490036556	0.47330352221912464	0.44489394705591156	1.115359920907736	0.8931970431314185	f	t	f	t	f	\N	31.3	2026-10-01 03:42:28.028048+00	2026-10-01 03:58:38.508661+00	2026-10-01 04:25:35.132565+00	2026-10-01 05:24:39.275393+00	2026-10-01 07:27:21.357654+00	t	2026-10-01 03:42:28.414235+00	2026-10-01 07:27:21.541087+00
10922	ME_SHORT_GEOM_A_V1	2015443731	AVAXUSDT	SHORT	2026-10-06 23:57:24.420067+00	2026-10-06 23:57:24.460677+00	0.5407261179297967	0.9956226933310417	1.0385374645953176	2.952536262981713	6.239807741824739	0.0	0.0	0.025748862758562474	0.025748862758562474	0.025748862758562474	2.7036	4.9781	5.1927	14.7627	31.199	0.0	0.0	0.1287	0.1287	0.1287	-0.3948158956312709	-0.9784567848253283	-0.283237490344172	-2.7207964981546664	-5.424427087803619	t	f	t	f	f	117.6	\N	2026-10-07 00:15:15.701624+00	2026-10-07 00:31:09.763099+00	2026-10-07 00:57:47.289233+00	2026-10-07 02:02:04.220711+00	2026-10-07 04:01:39.508635+00	t	2026-10-07 00:15:16.074636+00	2026-10-07 04:01:39.698671+00
10923	ME_SHORT_GEOM_B_V1	2015443731	AVAXUSDT	SHORT	2026-10-06 23:57:24.420067+00	2026-10-06 23:57:24.460677+00	0.5407261179297967	0.9956226933310417	1.0385374645953176	2.952536262981713	6.239807741824739	0.0	0.0	0.025748862758562474	0.025748862758562474	0.025748862758562474	0.721	1.3275	1.3847	3.9367	8.3197	0.0	0.0	0.0343	0.0343	0.0343	-0.3948158956312709	-0.9784567848253283	-0.283237490344172	-2.7207964981546664	-5.424427087803619	t	f	t	f	f	117.6	\N	2026-10-07 00:15:16.076579+00	2026-10-07 00:31:10.136644+00	2026-10-07 00:57:47.674733+00	2026-10-07 02:02:04.594506+00	2026-10-07 04:01:39.881992+00	t	2026-10-07 00:15:16.450486+00	2026-10-07 04:01:40.07074+00
1764	ME_SHORT_GEOM_A_V1	2018056472	MOVRUSDT	SHORT	2026-09-30 22:22:53.536971+00	2026-09-30 22:22:53.573004+00	3.556387459054753	3.556387459054753	3.556387459054753	3.556387459054753	3.556387459054753	2.9480580252690767	2.9480580252690767	9.826860084230228	9.826860084230228	15.301824988301355	17.7819	17.7819	17.7819	17.7819	17.7819	14.7403	14.7403	49.1343	49.1343	76.5091	0.1871782873186712	-0.5615348619560135	1.637810014038378	4.539073467477771	4.539073467477771	f	t	f	t	f	\N	2.1	2026-09-30 22:39:18.009595+00	2026-09-30 22:55:24.102499+00	2026-09-30 23:27:53.837569+00	2026-10-01 00:27:35.152327+00	2026-10-01 02:26:49.652116+00	t	2026-09-30 22:39:18.211225+00	2026-10-01 02:26:49.850342+00
1765	ME_SHORT_GEOM_B_V1	2018056472	MOVRUSDT	SHORT	2026-09-30 22:22:53.536971+00	2026-09-30 22:22:53.573004+00	3.556387459054753	3.556387459054753	3.556387459054753	3.556387459054753	3.556387459054753	2.9480580252690767	2.9480580252690767	9.826860084230228	9.826860084230228	15.301824988301355	4.7418	4.7418	4.7418	4.7418	4.7418	3.9307	3.9307	13.1025	13.1025	20.4024	0.1871782873186712	-0.5615348619560135	1.637810014038378	4.539073467477771	4.539073467477771	f	t	f	t	f	\N	2.1	2026-09-30 22:39:18.412363+00	2026-09-30 22:55:24.687452+00	2026-09-30 23:27:54.429209+00	2026-10-01 00:27:35.733252+00	2026-10-01 02:26:50.044318+00	t	2026-09-30 22:39:18.614682+00	2026-10-01 02:26:50.242494+00
5838	ME_SHORT_GEOM_A_V1	2022119890	HYPEUSDT	SHORT	2026-10-04 04:42:26.766516+00	2026-10-04 04:42:26.793918+00	0.3334815473543766	0.3668297020898158	0.3668297020898158	0.3668297020898158	0.4224099599822093	0.2556691863050289	0.2556691863050289	0.2556691863050289	0.2556691863050289	0.8559359715429194	1.6674	1.8341	1.8341	1.8341	2.112	1.2783	1.2783	1.2783	1.2783	4.2797	-0.28901734104045235	-0.3223654957758916	0.07781236104936348	-0.15562472209871117	0.7225433526011624	f	t	f	t	f	\N	2.6	2026-10-04 05:01:55.575832+00	2026-10-04 05:12:43.411512+00	2026-10-04 05:44:56.476928+00	2026-10-04 06:43:52.003276+00	2026-10-04 08:46:36.82869+00	t	2026-10-04 05:01:56.510612+00	2026-10-04 08:46:37.384439+00
5839	ME_SHORT_GEOM_B_V1	2022119890	HYPEUSDT	SHORT	2026-10-04 04:42:26.766516+00	2026-10-04 04:42:26.793918+00	0.3334815473543766	0.3668297020898158	0.3668297020898158	0.3668297020898158	0.4224099599822093	0.2556691863050289	0.2556691863050289	0.2556691863050289	0.2556691863050289	0.8559359715429194	0.4446	0.4891	0.4891	0.4891	0.5632	0.3409	0.3409	0.3409	0.3409	1.1412	-0.28901734104045235	-0.3223654957758916	0.07781236104936348	-0.15562472209871117	0.7225433526011624	f	t	f	t	f	\N	227.6	2026-10-04 05:01:56.51334+00	2026-10-04 05:12:44.659804+00	2026-10-04 05:44:57.219085+00	2026-10-04 06:43:52.761496+00	2026-10-04 08:46:37.754029+00	t	2026-10-04 05:01:57.443734+00	2026-10-04 08:46:38.313892+00
4042	ME_SHORT_GEOM_A_V1	2022746378	XRPUSDT	SHORT	2026-10-02 13:06:30.362936+00	2026-10-02 13:06:30.389598+00	0.6141711921385985	0.6594259115593475	1.4028963020429308	2.889837083010083	3.1613653995345192	0.0	0.20687871735195837	0.20687871735195837	0.20687871735195837	0.20687871735195837	3.0709	3.2971	7.0145	14.4492	15.8068	0.0	1.0344	1.0344	1.0344	1.0344	-0.5559865528833683	0.038789759503501164	-1.2542022239462027	-2.527799327644163	-2.92862684251357	t	t	f	t	f	103.5	28.5	2026-10-02 13:24:32.378998+00	2026-10-02 13:41:12.134557+00	2026-10-02 14:09:01.349184+00	2026-10-02 15:10:24.703005+00	2026-10-02 17:06:45.686839+00	t	2026-10-02 13:24:32.580106+00	2026-10-02 17:06:46.38667+00
4043	ME_SHORT_GEOM_B_V1	2022746378	XRPUSDT	SHORT	2026-10-02 13:06:30.362936+00	2026-10-02 13:06:30.389598+00	0.6141711921385985	0.6594259115593475	1.4028963020429308	2.889837083010083	3.1613653995345192	0.0	0.20687871735195837	0.20687871735195837	0.20687871735195837	0.20687871735195837	0.8189	0.8792	1.8705	3.8531	4.2152	0.0	0.2758	0.2758	0.2758	0.2758	-0.5818463925523596	0.038789759503501164	-1.2348073441944594	-2.527799327644163	-2.92862684251357	t	f	t	f	f	103.5	\N	2026-10-02 13:24:33.715919+00	2026-10-02 13:41:14.278068+00	2026-10-02 14:09:03.017655+00	2026-10-02 15:10:26.562896+00	2026-10-02 17:06:47.308825+00	t	2026-10-02 13:24:34.420189+00	2026-10-02 17:06:47.502071+00
4655	ME_SHORT_GEOM_A_V1	2023737861	MAGMAUSDT	SHORT	2026-10-03 02:38:42.998408+00	2026-10-03 02:38:43.024907+00	6.988396624472566	6.988396624472566	11.392405063291129	16.666666666666664	16.666666666666664	0.0	0.0	0.0	0.0	0.0	34.942	34.942	56.962	83.3333	83.3333	0.0	0.0	0.0	0.0	0.0	-5.669831223628682	-4.272151898734176	-9.282700421940932	-8.227848101265826	-4.535864978902953	f	f	f	f	f	\N	\N	2026-10-03 02:58:11.797424+00	2026-10-03 03:08:50.442031+00	2026-10-03 03:40:52.281816+00	2026-10-03 04:39:20.549915+00	2026-10-03 06:41:39.994755+00	t	2026-10-03 02:58:12.173533+00	2026-10-03 06:41:40.186437+00
4656	ME_SHORT_GEOM_B_V1	2023737861	MAGMAUSDT	SHORT	2026-10-03 02:38:42.998408+00	2026-10-03 02:38:43.024907+00	6.988396624472566	6.988396624472566	11.392405063291129	16.666666666666664	16.666666666666664	0.0	0.0	0.0	0.0	0.0	9.3179	9.3179	15.1899	22.2222	22.2222	0.0	0.0	0.0	0.0	0.0	-5.669831223628682	-4.245780590717301	-9.282700421940932	-8.280590717299575	-4.535864978902953	f	f	f	f	f	\N	\N	2026-10-03 02:58:12.175809+00	2026-10-03 03:08:50.82142+00	2026-10-03 03:40:52.476178+00	2026-10-03 04:39:20.757796+00	2026-10-03 06:41:40.193011+00	t	2026-10-03 02:58:12.545925+00	2026-10-03 06:41:40.383359+00
858	ME_SHORT_GEOM_A_V1	2024893440	ICPUSDT	SHORT	2026-09-30 01:22:10.392871+00	2026-09-30 01:22:10.420902+00	1.4281633818908834	1.4281633818908834	2.313624678663238	4.655812624964291	4.655812624964291	0.0	0.11425307055127118	0.11425307055127118	0.11425307055127118	0.11425307055127118	7.1408	7.1408	11.5681	23.2791	23.2791	0.0	0.5713	0.5713	0.5713	0.5713	-1.1139674378748843	-0.5712653527563558	-2.199371608111967	-3.941730934018849	-1.0568409025992551	f	f	f	f	f	\N	\N	2026-09-30 01:40:00.383463+00	2026-09-30 01:56:00.695298+00	2026-09-30 02:22:44.788975+00	2026-09-30 03:26:48.750929+00	2026-09-30 05:23:33.540454+00	t	2026-09-30 01:40:00.960973+00	2026-09-30 05:23:33.901658+00
859	ME_SHORT_GEOM_B_V1	2024893440	ICPUSDT	SHORT	2026-09-30 01:22:10.392871+00	2026-09-30 01:22:10.420902+00	1.4281633818908834	1.4281633818908834	2.313624678663238	4.655812624964291	4.655812624964291	0.0	0.11425307055127118	0.11425307055127118	0.11425307055127118	0.11425307055127118	1.9042	1.9042	3.0848	6.2078	6.2078	0.0	0.1523	0.1523	0.1523	0.1523	-1.1139674378748843	-0.5712653527563558	-2.199371608111967	-3.941730934018849	-1.0568409025992551	f	f	f	f	f	\N	\N	2026-09-30 01:40:01.142345+00	2026-09-30 01:56:01.420071+00	2026-09-30 02:22:45.519869+00	2026-09-30 03:26:49.477721+00	2026-09-30 05:23:33.906505+00	t	2026-09-30 01:40:01.701391+00	2026-09-30 05:23:34.586118+00
405	ME_SHORT_GEOM_A_V1	2025015152	CRVUSDT	SHORT	2026-09-29 12:41:56.579665+00	2026-09-29 12:41:56.606452+00	2.289696366351415	2.289696366351415	2.289696366351415	2.289696366351415	2.289696366351415	0.0	0.0	0.3733200597312099	0.8959681433549009	3.409656545545045	11.4485	11.4485	11.4485	11.4485	11.4485	0.0	0.0	1.8666	4.4798	17.0483	-1.4683922349427618	-0.9706321553011484	-0.2737680438028845	0.4479840716774574	-1.44350423096067	f	t	f	t	f	\N	38.1	2026-09-29 13:01:05.881018+00	2026-09-29 13:13:35.715965+00	2026-09-29 13:45:43.78005+00	2026-09-29 14:45:02.410293+00	2026-09-29 16:43:30.306422+00	t	2026-09-29 13:01:06.067266+00	2026-09-29 16:43:30.498519+00
406	ME_SHORT_GEOM_B_V1	2025015152	CRVUSDT	SHORT	2026-09-29 12:41:56.579665+00	2026-09-29 12:41:56.606452+00	2.289696366351415	2.289696366351415	2.289696366351415	2.289696366351415	2.289696366351415	0.0	0.0	0.3733200597312099	0.8959681433549009	3.409656545545045	3.0529	3.0529	3.0529	3.0529	3.0529	0.0	0.0	0.4978	1.1946	4.5462	-1.4683922349427618	-0.9706321553011484	-0.2737680438028845	0.4479840716774574	-1.44350423096067	f	t	f	t	f	\N	103.1	2026-09-29 13:01:06.069312+00	2026-09-29 13:13:35.915962+00	2026-09-29 13:45:43.967322+00	2026-09-29 14:45:02.921334+00	2026-09-29 16:43:30.891201+00	t	2026-09-29 13:01:06.265829+00	2026-09-29 16:43:31.266612+00
8797	ME_SHORT_GEOM_A_V1	2031091856	SPCXUSDT	SHORT	2026-10-06 05:50:19.522526+00	2026-10-06 05:50:19.575089+00	0.0	0.0	0.0	0.0	0.0	0.3019919855973113	0.37748998199663497	0.9292061095301668	0.9292061095301668	0.9292061095301668	0.0	0.0	0.0	0.0	0.0	1.51	1.8874	4.646	4.646	4.646	0.19745629827516314	0.3542598292583853	0.8188628840234604	0.7607875021778282	0.48202566931878305	f	t	f	t	f	\N	9.7	2026-10-06 06:09:39.704029+00	2026-10-06 06:20:21.556589+00	2026-10-06 06:52:26.951+00	2026-10-06 07:51:06.817025+00	2026-10-06 09:53:49.577146+00	t	2026-10-06 06:09:39.892106+00	2026-10-06 09:53:50.129787+00
8798	ME_SHORT_GEOM_B_V1	2031091856	SPCXUSDT	SHORT	2026-10-06 05:50:19.522526+00	2026-10-06 05:50:19.575089+00	0.0	0.0	0.0	0.0	0.0	0.3019919855973113	0.37748998199663497	0.9292061095301668	0.9292061095301668	0.9292061095301668	0.0	0.0	0.0	0.0	0.0	0.4027	0.5033	1.2389	1.2389	1.2389	0.19745629827516314	0.3542598292583853	0.8188628840234604	0.7607875021778282	0.48202566931878305	f	t	f	t	f	\N	44.7	2026-10-06 06:09:39.894718+00	2026-10-06 06:20:21.745599+00	2026-10-06 06:52:27.323797+00	2026-10-06 07:51:07.383781+00	2026-10-06 09:53:50.13432+00	t	2026-10-06 06:09:40.081527+00	2026-10-06 09:53:50.682019+00
7195	ME_SHORT_GEOM_A_V1	2039992200	BNBUSDT	SHORT	2026-10-04 23:05:25.389682+00	2026-10-04 23:05:25.434488+00	0.07540530350634946	0.17594570818148686	0.3016212140253978	0.36445896694735336	0.36445896694735336	0.15081060701268464	0.15081060701268464	0.15081060701268464	0.15081060701268464	1.797159733567922	0.377	0.8797	1.5081	1.8223	1.8223	0.7541	0.7541	0.7541	0.7541	8.9858	0.05027020233756155	-0.1508106070126989	-0.1508106070126989	-0.02513510116878792	0.7540530350634661	f	t	f	t	f	\N	129.6	2026-10-04 23:20:35.832473+00	2026-10-04 23:36:46.804158+00	2026-10-05 00:09:01.965237+00	2026-10-05 01:08:44.765523+00	2026-10-05 03:08:03.075782+00	t	2026-10-04 23:20:36.765348+00	2026-10-05 03:08:04.731593+00
7196	ME_SHORT_GEOM_B_V1	2039992200	BNBUSDT	SHORT	2026-10-04 23:05:25.389682+00	2026-10-04 23:05:25.434488+00	0.07540530350634946	0.17594570818148686	0.3016212140253978	0.36445896694735336	0.36445896694735336	0.15081060701268464	0.15081060701268464	0.15081060701268464	0.15081060701268464	1.797159733567922	0.1005	0.2346	0.4022	0.4859	0.4859	0.2011	0.2011	0.2011	0.2011	2.3962	0.05027020233756155	-0.1508106070126989	-0.1633781575970929	-0.02513510116878792	0.7540530350634661	f	t	f	t	f	\N	139.6	2026-10-04 23:20:37.308626+00	2026-10-04 23:36:48.600343+00	2026-10-05 00:09:03.453701+00	2026-10-05 01:08:47.929503+00	2026-10-05 03:08:04.734894+00	t	2026-10-04 23:20:38.242928+00	2026-10-05 03:08:05.294069+00
6879	ME_SHORT_GEOM_A_V1	2057927105	BTCUSDT	SHORT	2026-10-04 19:54:37.852277+00	2026-10-04 19:54:37.908235+00	0.23867826940721656	0.23867826940721656	0.23867826940721656	0.23867826940721656	0.23867826940721656	0.0	0.0	0.3381470290867259	0.56969534039705	1.4252903120233233	1.1934	1.1934	1.1934	1.1934	1.1934	0.0	0.0	1.6907	2.8485	7.1265	-0.23867826940721656	-0.14458619944011955	0.26334091134890963	0.3162896165602111	1.0311555791922076	f	t	f	t	f	\N	45.4	2026-10-04 20:11:22.130908+00	2026-10-04 20:27:28.280455+00	2026-10-04 20:59:44.5213+00	2026-10-04 21:59:15.157854+00	2026-10-04 23:58:15.980053+00	t	2026-10-04 20:11:22.681228+00	2026-10-04 23:58:16.362028+00
6880	ME_SHORT_GEOM_B_V1	2057927105	BTCUSDT	SHORT	2026-10-04 19:54:37.852277+00	2026-10-04 19:54:37.908235+00	0.23867826940721656	0.23867826940721656	0.23867826940721656	0.23867826940721656	0.23867826940721656	0.0	0.0	0.3381470290867259	0.56969534039705	1.4252903120233233	0.3182	0.3182	0.3182	0.3182	0.3182	0.0	0.0	0.4509	0.7596	1.9004	-0.23867826940721656	-0.14458619944011955	0.26334091134890963	0.3162896165602111	1.0311555791922076	f	t	f	t	f	\N	125.4	2026-10-04 20:11:23.050026+00	2026-10-04 20:27:29.207095+00	2026-10-04 20:59:45.454534+00	2026-10-04 21:59:16.267722+00	2026-10-04 23:58:17.462497+00	t	2026-10-04 20:11:23.607035+00	2026-10-04 23:58:18.025935+00
4263	ME_SHORT_GEOM_A_V1	2065042185	SANDUSDT	SHORT	2026-10-02 17:16:56.887827+00	2026-10-02 17:16:56.935266+00	3.1755725190839668	5.3893129770992445	5.3893129770992445	10.106870229007635	10.106870229007635	0.0	0.0	0.0	0.0	0.0	15.8779	26.9466	26.9466	50.5344	50.5344	0.0	0.0	0.0	0.0	0.0	-2.8091603053435237	-2.9312977099236717	-4.10687022900763	-5.297709923664123	-4.061068702290091	f	f	f	f	f	\N	\N	2026-10-02 17:33:43.7967+00	2026-10-02 17:49:54.225071+00	2026-10-02 18:21:57.835363+00	2026-10-02 19:20:19.821194+00	2026-10-02 21:22:01.18565+00	t	2026-10-02 17:33:43.988264+00	2026-10-02 21:22:01.560164+00
4264	ME_SHORT_GEOM_B_V1	2065042185	SANDUSDT	SHORT	2026-10-02 17:16:56.887827+00	2026-10-02 17:16:56.935266+00	3.1755725190839668	5.3893129770992445	5.3893129770992445	10.106870229007635	10.106870229007635	0.0	0.0	0.0	0.0	0.0	4.2341	7.1858	7.1858	13.4758	13.4758	0.0	0.0	0.0	0.0	0.0	-2.8091603053435237	-2.900763358778624	-4.10687022900763	-5.297709923664123	-4.061068702290091	f	f	f	f	f	\N	\N	2026-10-02 17:33:45.104193+00	2026-10-02 17:49:55.527685+00	2026-10-02 18:21:58.42625+00	2026-10-02 19:20:20.39986+00	2026-10-02 21:22:01.565105+00	t	2026-10-02 17:33:45.294587+00	2026-10-02 21:22:01.753617+00
12507	ME_SHORT_GEOM_A_V1	2075356917	NMRUSDT	SHORT	2026-10-07 03:22:57.693033+00	2026-10-07 03:22:57.728813+00	2.190219021902181	2.190219021902181	2.190219021902181	2.190219021902181	2.886288628862875	0.7020702070207074	2.1842184218421887	2.2262226222622394	8.010801080108017	8.010801080108017	10.9511	10.9511	10.9511	10.9511	14.4314	3.5104	10.9211	11.1311	40.054	40.054	-0.6960696069606941	1.4041404140414149	1.8841884188418847	3.3723372337233797	0.4860486048604832	f	t	f	t	f	\N	7.0	2026-10-07 03:39:52.748851+00	2026-10-07 03:56:13.762784+00	2026-10-07 04:23:26.534398+00	2026-10-07 05:28:05.175455+00	2026-10-07 07:24:34.093401+00	t	2026-10-07 03:39:52.941487+00	2026-10-07 07:24:34.292046+00
12508	ME_SHORT_GEOM_B_V1	2075356917	NMRUSDT	SHORT	2026-10-07 03:22:57.693033+00	2026-10-07 03:22:57.728813+00	2.190219021902181	2.190219021902181	2.190219021902181	2.190219021902181	2.886288628862875	0.7020702070207074	2.1842184218421887	2.2262226222622394	8.010801080108017	8.010801080108017	2.9203	2.9203	2.9203	2.9203	3.8484	0.9361	2.9123	2.9683	10.6811	10.6811	-0.618061806180606	1.4041404140414149	1.8841884188418847	3.3723372337233797	0.4860486048604832	f	t	f	t	f	\N	17.0	2026-10-07 03:39:53.130845+00	2026-10-07 03:56:14.141106+00	2026-10-07 04:23:26.730606+00	2026-10-07 05:28:05.372534+00	2026-10-07 07:24:34.296715+00	t	2026-10-07 03:39:53.508229+00	2026-10-07 07:24:34.49268+00
6610	ME_SHORT_GEOM_A_V1	2076003080	BTCUSDT	SHORT	2026-10-04 15:28:58.672436+00	2026-10-04 15:28:58.703526+00	0.25629022820362785	0.28624926857812266	0.36945582211819433	0.36945582211819433	0.36945582211819433	0.0	0.0	0.0	0.0	0.0	1.2815	1.4312	1.8473	1.8473	1.8473	0.0	0.0	0.0	0.0	0.0	-0.17355178466940072	-0.28624926857812266	-0.286132241076653	-0.12978349912228693	-0.023405500292568753	f	f	f	f	f	\N	\N	2026-10-04 15:44:28.283231+00	2026-10-04 16:00:50.311672+00	2026-10-04 16:33:36.629806+00	2026-10-04 17:33:38.848988+00	2026-10-04 19:33:21.536113+00	t	2026-10-04 15:44:29.208503+00	2026-10-04 19:33:22.09145+00
6611	ME_SHORT_GEOM_B_V1	2076003080	BTCUSDT	SHORT	2026-10-04 15:28:58.672436+00	2026-10-04 15:28:58.703526+00	0.25629022820362785	0.28624926857812266	0.36945582211819433	0.36945582211819433	0.36945582211819433	0.0	0.0	0.0	0.0	0.0	0.3417	0.3817	0.4926	0.4926	0.4926	0.0	0.0	0.0	0.0	0.0	-0.17355178466940072	-0.28624926857812266	-0.286132241076653	-0.12978349912228693	-0.023405500292568753	f	f	f	f	f	\N	\N	2026-10-04 15:44:29.396558+00	2026-10-04 16:00:52.071915+00	2026-10-04 16:33:37.586168+00	2026-10-04 17:33:40.274407+00	2026-10-04 19:33:22.637878+00	t	2026-10-04 15:44:30.321279+00	2026-10-04 19:33:23.37422+00
7068	ME_SHORT_GEOM_A_V1	2084027533	XRPUSDT	SHORT	2026-10-04 22:00:02.125606+00	2026-10-04 22:00:02.185721+00	0.0	0.0	0.0	0.0	0.01983339944466263	0.5288906518577289	0.7470580457490472	0.7470580457490472	0.9189475076028047	1.2428930318656717	0.0	0.0	0.0	0.0	0.0992	2.6445	3.7353	3.7353	4.5947	6.2145	0.48922385296840365	0.2512230596324227	0.40327912204151756	0.290889858521748	0.5685574507470689	f	t	f	t	f	\N	5.0	2026-10-04 22:15:31.648803+00	2026-10-04 22:31:49.237602+00	2026-10-04 23:04:21.719036+00	2026-10-05 00:03:37.562669+00	2026-10-05 02:03:26.8069+00	t	2026-10-04 22:15:32.40745+00	2026-10-05 02:03:28.966597+00
7069	ME_SHORT_GEOM_B_V1	2084027533	XRPUSDT	SHORT	2026-10-04 22:00:02.125606+00	2026-10-04 22:00:02.185721+00	0.0	0.0	0.0	0.0	0.01983339944466263	0.5288906518577289	0.7470580457490472	0.7470580457490472	0.9189475076028047	1.2428930318656717	0.0	0.0	0.0	0.0	0.0264	0.7052	0.9961	0.9961	1.2253	1.6572	0.48922385296840365	0.23800079333598095	0.40327912204151756	0.26444532592886444	0.5685574507470689	f	t	f	t	f	\N	85.0	2026-10-04 22:15:32.951933+00	2026-10-04 22:31:50.71885+00	2026-10-04 23:04:23.016386+00	2026-10-05 00:03:39.355806+00	2026-10-05 02:03:29.691486+00	t	2026-10-04 22:15:33.71942+00	2026-10-05 02:03:31.480014+00
7698	ME_SHORT_GEOM_A_V1	2090633940	VIRTUALUSDT	SHORT	2026-10-05 09:17:21.968281+00	2026-10-05 09:17:22.003551+00	1.4238897050514243	1.4238897050514243	1.9550231664594848	2.407051644253586	3.435416431235166	0.0	0.0	0.0	0.0	0.0	7.1194	7.1194	9.7751	12.0353	17.1771	0.0	0.0	0.0	0.0	0.0	-1.0283647869815793	-1.050966210871282	-1.4577918408859782	-2.2714431009153584	-2.5200587637021115	f	f	f	f	f	\N	\N	2026-10-05 09:35:53.589035+00	2026-10-05 09:52:08.170869+00	2026-10-05 10:19:14.632641+00	2026-10-05 11:18:31.226193+00	2026-10-05 13:21:59.539624+00	t	2026-10-05 09:35:54.46189+00	2026-10-05 13:22:00.456989+00
7699	ME_SHORT_GEOM_B_V1	2090633940	VIRTUALUSDT	SHORT	2026-10-05 09:17:21.968281+00	2026-10-05 09:17:22.003551+00	1.4238897050514243	1.4238897050514243	1.9550231664594848	2.407051644253586	3.435416431235166	0.0	0.0	0.0	0.0	0.0	1.8985	1.8985	2.6067	3.2094	4.5806	0.0	0.0	0.0	0.0	0.0	-1.0283647869815793	-1.050966210871282	-1.4577918408859782	-2.2714431009153584	-2.5200587637021115	f	f	f	f	f	\N	\N	2026-10-05 09:35:54.827157+00	2026-10-05 09:52:09.086218+00	2026-10-05 10:19:15.562952+00	2026-10-05 11:18:32.148237+00	2026-10-05 13:22:00.459581+00	t	2026-10-05 09:35:55.197806+00	2026-10-05 13:22:01.197574+00
493	ME_SHORT_GEOM_A_V1	2093244088	CRVUSDT	SHORT	2026-09-29 14:07:03.913589+00	2026-09-29 14:07:03.938981+00	1.1952191235059826	1.1952191235059826	1.1952191235059826	1.693227091633473	6.299800796812746	0.0	0.8715139442231083	2.6892430278884403	3.461155378486048	3.461155378486048	5.9761	5.9761	5.9761	8.4661	31.499	0.0	4.3576	13.4462	17.3058	17.3058	-0.8715139442231083	0.07470119521911528	2.440239043824695	-1.3944223107569704	-4.83067729083666	t	t	f	t	f	217.9	17.9	2026-09-29 14:23:34.335383+00	2026-09-29 14:39:38.954923+00	2026-09-29 15:12:01.78163+00	2026-09-29 16:11:28.098302+00	2026-09-29 18:07:54.542228+00	t	2026-09-29 14:23:34.52271+00	2026-09-29 18:07:55.096812+00
494	ME_SHORT_GEOM_B_V1	2093244088	CRVUSDT	SHORT	2026-09-29 14:07:03.913589+00	2026-09-29 14:07:03.938981+00	1.1952191235059826	1.1952191235059826	1.1952191235059826	1.693227091633473	6.299800796812746	0.0	0.8715139442231083	2.6892430278884403	3.461155378486048	3.461155378486048	1.5936	1.5936	1.5936	2.2576	8.3997	0.0	1.162	3.5857	4.6149	4.6149	-0.8715139442231083	0.07470119521911528	2.440239043824695	-1.3944223107569704	-4.83067729083666	t	t	f	t	f	217.9	17.9	2026-09-29 14:23:34.524474+00	2026-09-29 14:39:39.1497+00	2026-09-29 15:12:02.157268+00	2026-09-29 16:11:28.485014+00	2026-09-29 18:07:55.099831+00	t	2026-09-29 14:23:34.711214+00	2026-09-29 18:07:55.663522+00
7023	ME_SHORT_GEOM_A_V1	2095045792	HYPEUSDT	SHORT	2026-10-04 21:34:58.709409+00	2026-10-04 21:34:58.752324+00	0.4178579283043715	0.5058280184737121	0.5388168022872167	0.7917308115240806	1.0886298658456068	0.0	0.04398504508467809	0.3518803606773778	0.3518803606773778	0.3518803606773778	2.0893	2.5291	2.6941	3.9587	5.4431	0.0	0.2199	1.7594	1.7594	1.7594	-0.25291400923686386	0.02199252254233123	-0.4728392346602074	-0.5168242797448855	-0.9896635144050928	f	t	f	t	f	\N	40.0	2026-10-04 21:53:50.527201+00	2026-10-04 22:10:05.00829+00	2026-10-04 22:37:14.524913+00	2026-10-04 23:36:46.804158+00	2026-10-05 01:36:10.765722+00	t	2026-10-04 21:53:50.907875+00	2026-10-05 01:36:12.399102+00
7024	ME_SHORT_GEOM_B_V1	2095045792	HYPEUSDT	SHORT	2026-10-04 21:34:58.709409+00	2026-10-04 21:34:58.752324+00	0.4178579283043715	0.5058280184737121	0.5388168022872167	0.7917308115240806	1.0886298658456068	0.0	0.04398504508467809	0.3518803606773778	0.3518803606773778	0.3518803606773778	0.5571	0.6744	0.7184	1.0556	1.4515	0.0	0.0586	0.4692	0.4692	0.4692	-0.25291400923686386	0.02199252254233123	-0.4728392346602074	-0.5168242797448855	-0.9896635144050928	f	f	f	f	f	\N	\N	2026-10-04 21:53:51.643665+00	2026-10-04 22:10:06.321095+00	2026-10-04 22:37:16.308846+00	2026-10-04 23:36:48.600343+00	2026-10-05 01:36:13.317068+00	t	2026-10-04 21:53:52.341959+00	2026-10-05 01:36:15.163969+00
6188	ME_SHORT_GEOM_A_V1	2095259876	SOLUSDT	SHORT	2026-10-04 10:13:14.173086+00	2026-10-04 10:13:14.233433+00	0.3535602696924904	0.40289426081237384	0.40289426081237384	0.40289426081237384	0.40289426081237384	0.0	0.0	0.0	0.14800197335963872	0.3042262785725952	1.7678	2.0145	2.0145	2.0145	2.0145	0.0	0.0	0.0	0.74	1.5211	-0.3371156059858665	-0.20555829633284	-0.3206709422792308	-0.1480019733596504	-0.008222331853317805	f	t	f	t	f	\N	201.8	2026-10-04 10:29:32.060564+00	2026-10-04 10:45:48.831298+00	2026-10-04 11:18:26.40952+00	2026-10-04 12:18:08.49038+00	2026-10-04 14:17:16.079574+00	t	2026-10-04 10:29:32.250621+00	2026-10-04 14:17:16.457639+00
6189	ME_SHORT_GEOM_B_V1	2095259876	SOLUSDT	SHORT	2026-10-04 10:13:14.173086+00	2026-10-04 10:13:14.233433+00	0.3535602696924904	0.40289426081237384	0.40289426081237384	0.40289426081237384	0.40289426081237384	0.0	0.0	0.0	0.14800197335963872	0.3042262785725952	0.4714	0.5372	0.5372	0.5372	0.5372	0.0	0.0	0.0	0.1973	0.4056	-0.3371156059858665	-0.20555829633284	-0.3206709422792308	-0.1480019733596504	-0.008222331853317805	f	f	f	f	f	\N	\N	2026-10-04 10:29:33.16761+00	2026-10-04 10:45:49.937754+00	2026-10-04 11:18:27.34465+00	2026-10-04 12:18:09.420297+00	2026-10-04 14:17:17.378899+00	t	2026-10-04 10:29:33.366972+00	2026-10-04 14:17:17.755949+00
8873	ME_SHORT_GEOM_A_V1	2095863864	ORCAUSDT	SHORT	2026-10-06 07:20:44.656127+00	2026-10-06 07:20:44.696802+00	3.654691939438761	3.8220526991787755	4.826217257618811	4.826217257618811	4.826217257618811	0.0	0.0	0.0	5.153154555715568	5.153154555715568	18.2735	19.1103	24.1311	24.1311	24.1311	0.0	0.0	0.0	25.7658	25.7658	-3.0319542287782695	-2.685556377223366	-1.6736075974000757	2.6738800451484748	3.0553068929280354	f	t	f	t	f	\N	84.3	2026-10-06 07:40:27.600903+00	2026-10-06 07:51:06.817025+00	2026-10-06 08:22:57.142705+00	2026-10-06 09:21:41.792367+00	2026-10-06 11:24:16.026859+00	t	2026-10-06 07:40:27.79441+00	2026-10-06 11:24:16.21968+00
8874	ME_SHORT_GEOM_B_V1	2095863864	ORCAUSDT	SHORT	2026-10-06 07:20:44.656127+00	2026-10-06 07:20:44.696802+00	3.654691939438761	3.8220526991787755	4.826217257618811	4.826217257618811	4.826217257618811	0.0	0.0	0.0	5.153154555715568	5.153154555715568	4.8729	5.0961	6.435	6.435	6.435	0.0	0.0	0.0	6.8709	6.8709	-3.0319542287782695	-2.6583116023819815	-1.6736075974000757	2.6777721558401106	2.9346514614875527	f	t	f	t	f	\N	84.3	2026-10-06 07:40:27.976148+00	2026-10-06 07:51:07.383781+00	2026-10-06 08:22:57.695045+00	2026-10-06 09:21:42.350264+00	2026-10-06 11:24:16.585197+00	t	2026-10-06 07:40:28.167609+00	2026-10-06 11:24:17.277482+00
8509	ME_SHORT_GEOM_A_V1	2096791630	ICPUSDT	SHORT	2026-10-06 00:24:44.74777+00	2026-10-06 00:24:44.783803+00	0.8883953359244872	1.2770682953914443	1.5546918378678525	2.1932259855635685	4.691837867851195	0.0	0.0	0.0	0.0	0.0	4.442	6.3853	7.7735	10.9661	23.4592	0.0	0.0	0.0	0.0	0.0	-0.5552470849528045	-1.1937812326485204	-1.5546918378678525	-1.9433647973348096	-2.9428095502498577	t	f	t	f	f	135.3	\N	2026-10-06 00:40:06.778472+00	2026-10-06 00:56:20.68331+00	2026-10-06 01:28:50.499509+00	2026-10-06 02:28:33.173445+00	2026-10-06 04:28:11.278439+00	t	2026-10-06 00:40:07.324821+00	2026-10-06 04:28:11.469107+00
8510	ME_SHORT_GEOM_B_V1	2096791630	ICPUSDT	SHORT	2026-10-06 00:24:44.74777+00	2026-10-06 00:24:44.783803+00	0.8883953359244872	1.2770682953914443	1.5546918378678525	2.1932259855635685	4.691837867851195	0.0	0.0	0.0	0.0	0.0	1.1845	1.7028	2.0729	2.9243	6.2558	0.0	0.0	0.0	0.0	0.0	-0.5552470849528045	-1.1937812326485204	-1.5546918378678525	-1.9433647973348096	-2.9428095502498577	t	f	t	f	f	135.3	\N	2026-10-06 00:40:07.327585+00	2026-10-06 00:56:21.565649+00	2026-10-06 01:28:51.051565+00	2026-10-06 02:28:33.731112+00	2026-10-06 04:28:11.65137+00	t	2026-10-06 00:40:07.87945+00	2026-10-06 04:28:12.018785+00
7288	ME_SHORT_GEOM_A_V1	2098598969	FARTCOINUSDT	SHORT	2026-10-05 00:35:46.078938+00	2026-10-05 00:35:46.117571+00	0.3033093213453812	0.44413150625574793	0.8449331094621558	0.9424253913231824	2.004008016032054	0.23289822889022027	0.23289822889022027	0.23289822889022027	2.150246438823594	2.150246438823594	1.5165	2.2207	4.2247	4.7121	10.02	1.1645	1.1645	1.1645	10.7512	10.7512	-0.1895683258408651	-0.259979418296041	-0.8070194442939888	0.8665980609868484	-1.565292747657464	f	t	f	t	f	\N	9.2	2026-10-05 00:52:25.083376+00	2026-10-05 01:08:44.765523+00	2026-10-05 01:36:10.765722+00	2026-10-05 02:35:53.500675+00	2026-10-05 04:39:07.538992+00	t	2026-10-05 00:52:27.107436+00	2026-10-05 04:39:08.267441+00
7289	ME_SHORT_GEOM_B_V1	2098598969	FARTCOINUSDT	SHORT	2026-10-05 00:35:46.078938+00	2026-10-05 00:35:46.117571+00	0.3033093213453812	0.44413150625574793	0.8449331094621558	0.9424253913231824	2.004008016032054	0.23289822889022027	0.23289822889022027	0.23289822889022027	2.150246438823594	2.150246438823594	0.4044	0.5922	1.1266	1.2566	2.672	0.3105	0.3105	0.3105	2.867	2.867	-0.17873585007853382	-0.259979418296041	-0.8016032064128156	0.8665980609868484	-1.5490440340139748	f	t	f	t	f	\N	94.2	2026-10-05 00:52:27.109961+00	2026-10-05 01:08:47.929503+00	2026-10-05 01:36:13.317068+00	2026-10-05 02:35:55.329392+00	2026-10-05 04:39:08.819274+00	t	2026-10-05 00:52:29.122956+00	2026-10-05 04:39:09.189984+00
6911	ME_SHORT_GEOM_A_V1	2099696986	BTCUSDT	SHORT	2026-10-04 20:29:43.395499+00	2026-10-04 20:29:43.430777+00	0.06260531735630032	0.06260531735630032	0.06260531735630032	0.06260531735630032	0.06260531735630032	0.337951694439247	0.4538007863695971	0.6856159895150653	1.428337390001879	1.5421971540909873	0.313	0.313	0.313	0.313	0.313	1.6898	2.269	3.4281	7.1417	7.711	0.3109202396554918	0.38487642763526747	0.3923656618610781	0.8823254072271111	0.9173141733757655	f	t	f	t	f	\N	5.3	2026-10-04 20:49:00.775061+00	2026-10-04 20:59:44.5213+00	2026-10-04 21:32:11.162218+00	2026-10-04 22:31:49.237602+00	2026-10-05 00:30:40.035302+00	t	2026-10-04 20:49:01.14725+00	2026-10-05 00:30:40.43008+00
6912	ME_SHORT_GEOM_B_V1	2099696986	BTCUSDT	SHORT	2026-10-04 20:29:43.395499+00	2026-10-04 20:29:43.430777+00	0.06260531735630032	0.06260531735630032	0.06260531735630032	0.06260531735630032	0.06260531735630032	0.337951694439247	0.4538007863695971	0.6856159895150653	1.428337390001879	1.5421971540909873	0.0835	0.0835	0.0835	0.0835	0.0835	0.4506	0.6051	0.9142	1.9044	2.0563	0.3109202396554918	0.38487642763526747	0.3923656618610781	0.8823254072271111	0.9173141733757655	f	t	f	t	f	\N	90.3	2026-10-04 20:49:01.515427+00	2026-10-04 20:59:45.454534+00	2026-10-04 21:32:12.276713+00	2026-10-04 22:31:50.71885+00	2026-10-05 00:30:41.712597+00	t	2026-10-04 20:49:01.89538+00	2026-10-05 00:30:42.27215+00
6400	ME_SHORT_GEOM_A_V1	2102304436	SOLUSDT	SHORT	2026-10-04 12:53:36.63621+00	2026-10-04 12:53:36.698375+00	0.32075006168270465	0.32075006168270465	0.32075006168270465	0.36187186446253616	0.36187186446253616	0.0	0.0	0.3289744222386639	0.3289744222386639	0.44411547002219925	1.6038	1.6038	1.6038	1.8094	1.8094	0.0	0.0	1.6449	1.6449	2.2206	-0.19738465334321006	-0.08224360555967475	0.10691668722756431	0.03289744222386055	0.13981412945143654	f	t	f	t	f	\N	36.4	2026-10-04 13:12:20.245045+00	2026-10-04 13:28:29.808401+00	2026-10-04 13:55:31.94656+00	2026-10-04 14:55:21.653398+00	2026-10-04 16:55:21.699271+00	t	2026-10-04 13:12:20.439377+00	2026-10-04 16:55:22.070538+00
6401	ME_SHORT_GEOM_B_V1	2102304436	SOLUSDT	SHORT	2026-10-04 12:53:36.63621+00	2026-10-04 12:53:36.698375+00	0.32075006168270465	0.32075006168270465	0.32075006168270465	0.36187186446253616	0.36187186446253616	0.0	0.0	0.3289744222386639	0.3289744222386639	0.44411547002219925	0.4277	0.4277	0.4277	0.4825	0.4825	0.0	0.0	0.4386	0.4386	0.5922	-0.19738465334321006	-0.08224360555967475	0.10691668722756431	0.03289744222386055	0.13981412945143654	f	f	f	f	f	\N	\N	2026-10-04 13:12:21.174423+00	2026-10-04 13:28:30.73426+00	2026-10-04 13:55:33.065525+00	2026-10-04 14:55:23.415521+00	2026-10-04 16:55:22.628807+00	t	2026-10-04 13:12:21.374993+00	2026-10-04 16:55:22.826907+00
8898	ME_SHORT_GEOM_A_V1	2104649308	ORCAUSDT	SHORT	2026-10-06 08:00:48.710514+00	2026-10-06 08:00:48.745444+00	2.6591298117113245	2.6591298117113245	2.6591298117113245	2.6591298117113245	2.6591298117113245	0.0	1.6082162334301973	3.8215039210222375	7.547470244018947	9.732892798853547	13.2956	13.2956	13.2956	13.2956	13.2956	0.0	8.0411	19.1075	37.7374	48.6645	-0.402054058357567	0.7921659169618965	3.4552764619242766	1.6758886986982833	3.089049002826316	f	t	f	t	f	\N	19.2	2026-10-06 08:17:38.117107+00	2026-10-06 08:33:32.894247+00	2026-10-06 09:05:42.431556+00	2026-10-06 10:04:31.690248+00	2026-10-06 12:02:09.478487+00	t	2026-10-06 08:17:38.625556+00	2026-10-06 12:02:09.666803+00
8899	ME_SHORT_GEOM_B_V1	2104649308	ORCAUSDT	SHORT	2026-10-06 08:00:48.710514+00	2026-10-06 08:00:48.745444+00	2.6591298117113245	2.6591298117113245	2.6591298117113245	2.6591298117113245	2.6591298117113245	0.0	1.6082162334301973	3.8215039210222375	7.547470244018947	9.732892798853547	3.5455	3.5455	3.5455	3.5455	3.5455	0.0	2.1443	5.0953	10.0633	12.9772	-0.402054058357567	0.7921659169618965	3.4552764619242766	1.6758886986982833	3.089049002826316	f	t	f	t	f	\N	19.2	2026-10-06 08:17:38.990501+00	2026-10-06 08:33:33.447222+00	2026-10-06 09:05:42.986397+00	2026-10-06 10:04:32.250362+00	2026-10-06 12:02:10.030756+00	t	2026-10-06 08:17:39.178797+00	2026-10-06 12:02:10.223438+00
5368	ME_SHORT_GEOM_A_V1	2105365249	ZROUSDT	SHORT	2026-10-03 19:21:10.356728+00	2026-10-03 19:21:10.409482+00	3.2382816140154542	3.7461559966452347	5.526046034852289	6.252912123753605	8.056099151989555	0.0	0.0	0.0	0.0	0.0	16.1914	18.7308	27.6302	31.2646	40.2805	0.0	0.0	0.0	0.0	0.0	-2.777001211443486	-3.5644394744198955	-4.659398005777658	-5.577299412915847	-6.364737675892278	f	f	f	f	f	\N	\N	2026-10-03 19:38:14.480671+00	2026-10-03 19:54:00.881141+00	2026-10-03 20:25:31.338686+00	2026-10-03 21:23:25.22828+00	2026-10-03 23:25:09.267698+00	t	2026-10-03 19:38:15.186407+00	2026-10-03 23:25:09.462078+00
5369	ME_SHORT_GEOM_B_V1	2105365249	ZROUSDT	SHORT	2026-10-03 19:21:10.356728+00	2026-10-03 19:21:10.409482+00	3.2382816140154542	3.7461559966452347	5.526046034852289	6.252912123753605	8.056099151989555	0.0	0.0	0.0	0.0	0.0	4.3177	4.9949	7.3681	8.3372	10.7415	0.0	0.0	0.0	0.0	0.0	-2.777001211443486	-3.5644394744198955	-4.659398005777658	-5.577299412915847	-6.364737675892278	f	f	f	f	f	\N	\N	2026-10-03 19:38:15.189034+00	2026-10-03 19:54:01.256211+00	2026-10-03 20:25:31.717492+00	2026-10-03 21:23:25.610764+00	2026-10-03 23:25:09.466767+00	t	2026-10-03 19:38:15.560838+00	2026-10-03 23:25:09.659551+00
7073	ME_SHORT_GEOM_A_V1	2105503147	KLACUSDT	SHORT	2026-10-04 22:00:21.023344+00	2026-10-04 22:00:21.055636+00	0.08680555555555884	0.08680555555555884	0.08680555555555884	0.29417438271605595	0.29417438271605595	0.30864197530863535	0.3231095679012285	0.3231095679012285	0.4340277777777668	1.8663194444444329	0.434	0.434	0.434	1.4709	1.4709	1.5432	1.6155	1.6155	2.1701	9.3316	0.024112654320979428	0.2170138888888834	0.20254629629629026	0.22183641975307652	1.5576774691357975	f	t	f	t	f	\N	4.6	2026-10-04 22:15:31.648803+00	2026-10-04 22:31:49.237602+00	2026-10-04 23:04:21.719036+00	2026-10-05 00:03:37.562669+00	2026-10-05 02:03:26.8069+00	t	2026-10-04 22:15:31.846918+00	2026-10-05 02:03:27.053917+00
7074	ME_SHORT_GEOM_B_V1	2105503147	KLACUSDT	SHORT	2026-10-04 22:00:21.023344+00	2026-10-04 22:00:21.055636+00	0.08680555555555884	0.08680555555555884	0.08680555555555884	0.29417438271605595	0.29417438271605595	0.30864197530863535	0.3231095679012285	0.3231095679012285	0.4340277777777668	1.8663194444444329	0.1157	0.1157	0.1157	0.3922	0.3922	0.4115	0.4308	0.4308	0.5787	2.4884	0.024112654320979428	0.2170138888888834	0.20254629629629026	0.22183641975307652	1.5576774691357975	f	t	f	t	f	\N	129.6	2026-10-04 22:15:32.951933+00	2026-10-04 22:31:50.71885+00	2026-10-04 23:04:23.016386+00	2026-10-05 00:03:39.355806+00	2026-10-05 02:03:29.691486+00	t	2026-10-04 22:15:33.167678+00	2026-10-05 02:03:30.435954+00
3750	ME_SHORT_GEOM_A_V1	2106918343	XRPUSDT	SHORT	2026-10-02 10:59:04.800786+00	2026-10-02 10:59:04.850382+00	0.8769101811851078	1.0187632987297721	1.3024695338190726	1.5732800309497696	2.953123992520462	0.0	0.0	0.0	0.36108066284093426	0.36108066284093426	4.3846	5.0938	6.5123	7.8664	14.7656	0.0	0.0	0.0	1.8054	1.8054	-0.6641305048681396	-0.9607324779160431	-1.2186472370881372	-0.5545167322199975	-2.4759816880520984	t	t	f	t	f	230.9	90.9	2026-10-02 11:18:06.248699+00	2026-10-02 11:34:17.4492+00	2026-10-02 12:01:19.615493+00	2026-10-02 13:02:27.055065+00	2026-10-02 14:59:14.290479+00	t	2026-10-02 11:18:06.437173+00	2026-10-02 14:59:14.481573+00
3751	ME_SHORT_GEOM_B_V1	2106918343	XRPUSDT	SHORT	2026-10-02 10:59:04.800786+00	2026-10-02 10:59:04.850382+00	0.8769101811851078	1.0187632987297721	1.3024695338190726	1.5732800309497696	2.953123992520462	0.0	0.0	0.0	0.36108066284093426	0.36108066284093426	1.1692	1.3584	1.7366	2.0977	3.9375	0.0	0.0	0.0	0.4814	0.4814	-0.6641305048681396	-0.9607324779160431	-1.2186472370881372	-0.5545167322199975	-2.4759816880520984	t	f	t	f	f	230.9	\N	2026-10-02 11:18:06.624195+00	2026-10-02 11:34:17.829148+00	2026-10-02 12:01:20.178866+00	2026-10-02 13:02:28.170476+00	2026-10-02 14:59:16.149446+00	t	2026-10-02 11:18:06.816552+00	2026-10-02 14:59:16.727011+00
6178	ME_SHORT_GEOM_A_V1	2116546691	BNBUSDT	SHORT	2026-10-04 10:03:19.976989+00	2026-10-04 10:03:20.016331+00	0.5040322580645161	0.5166330645161319	0.7560483870967741	0.8316532258064545	0.856854838709686	0.0	0.0	0.0	0.0	0.0	2.5202	2.5832	3.7802	4.1583	4.2843	0.0	0.0	0.0	0.0	0.0	-0.5040322580645161	-0.5040322580645161	-0.7308467741935569	-0.6300403225806451	-0.6930443548387096	f	f	f	f	f	\N	\N	2026-10-04 10:18:38.184844+00	2026-10-04 10:34:55.884231+00	2026-10-04 11:07:35.578451+00	2026-10-04 12:07:17.185217+00	2026-10-04 14:06:22.894769+00	t	2026-10-04 10:18:39.280904+00	2026-10-04 14:06:23.275957+00
6179	ME_SHORT_GEOM_B_V1	2116546691	BNBUSDT	SHORT	2026-10-04 10:03:19.976989+00	2026-10-04 10:03:20.016331+00	0.5040322580645161	0.5670362903225806	0.7560483870967741	0.8316532258064545	0.856854838709686	0.0	0.0	0.0	0.0	0.0	0.672	0.756	1.0081	1.1089	1.1425	0.0	0.0	0.0	0.0	0.0	-0.5040322580645161	-0.5670362903225806	-0.7308467741935569	-0.6300403225806451	-0.6930443548387096	f	f	f	f	f	\N	\N	2026-10-04 10:18:39.285806+00	2026-10-04 10:34:57.321009+00	2026-10-04 11:07:36.677473+00	2026-10-04 12:07:18.28976+00	2026-10-04 14:06:24.023352+00	t	2026-10-04 10:18:40.395969+00	2026-10-04 14:06:24.410082+00
6065	ME_SHORT_GEOM_A_V1	2118597734	AXSUSDT	SHORT	2026-10-04 08:18:15.43218+00	2026-10-04 08:18:15.464637+00	2.765205091937759	3.1117397454030993	3.981612446958983	4.76661951909476	4.76661951909476	0.0	0.0	0.0	0.0	0.0	13.826	15.5587	19.9081	23.8331	23.8331	0.0	0.0	0.0	0.0	0.0	-2.5954738330975924	-2.0650636492220578	-2.807637906647797	-3.741159830268738	-3.189533239038184	f	f	f	f	f	\N	\N	2026-10-04 08:35:52.179001+00	2026-10-04 08:51:56.468211+00	2026-10-04 09:18:54.626083+00	2026-10-04 10:18:38.184844+00	2026-10-04 12:23:34.801674+00	t	2026-10-04 08:35:53.604687+00	2026-10-04 12:23:35.181209+00
6066	ME_SHORT_GEOM_B_V1	2118597734	AXSUSDT	SHORT	2026-10-04 08:18:15.43218+00	2026-10-04 08:18:15.464637+00	2.765205091937759	3.1117397454030993	3.981612446958983	4.76661951909476	4.76661951909476	0.0	0.0	0.0	0.0	0.0	3.6869	4.149	5.3088	6.3555	6.3555	0.0	0.0	0.0	0.0	0.0	-2.5954738330975924	-2.0650636492220578	-2.807637906647797	-3.6987270155586995	-3.189533239038184	f	f	f	f	f	\N	\N	2026-10-04 08:35:53.607372+00	2026-10-04 08:51:57.718304+00	2026-10-04 09:18:56.04979+00	2026-10-04 10:18:39.285806+00	2026-10-04 12:23:35.735775+00	t	2026-10-04 08:35:54.711811+00	2026-10-04 12:23:36.298383+00
2176	ME_SHORT_GEOM_A_V1	2122547132	NEARUSDT	SHORT	2026-10-01 06:27:57.94214+00	2026-10-01 06:27:57.982141+00	1.7366136034732127	1.7366136034732127	3.491316931982627	5.481186685962372	8.592619392185233	0.0	0.0	0.0	0.0	0.0	8.6831	8.6831	17.4566	27.4059	42.9631	0.0	0.0	0.0	0.0	0.0	-1.5376266280752526	-1.356729377713446	-3.2380607814761104	-5.426917510853832	-7.670043415340078	t	f	t	f	f	117.0	\N	2026-10-01 06:44:08.019198+00	2026-10-01 07:00:22.319613+00	2026-10-01 07:32:45.271261+00	2026-10-01 08:31:53.826041+00	2026-10-01 10:30:22.526861+00	t	2026-10-01 06:44:08.383092+00	2026-10-01 10:30:22.709648+00
2177	ME_SHORT_GEOM_B_V1	2122547132	NEARUSDT	SHORT	2026-10-01 06:27:57.94214+00	2026-10-01 06:27:57.982141+00	1.7366136034732127	1.7366136034732127	3.491316931982627	5.481186685962372	8.592619392185233	0.0	0.0	0.0	0.0	0.0	2.3155	2.3155	4.6551	7.3082	11.4568	0.0	0.0	0.0	0.0	0.0	-1.5376266280752526	-1.356729377713446	-3.2380607814761104	-5.426917510853832	-7.670043415340078	t	f	t	f	f	117.0	\N	2026-10-01 06:44:08.385203+00	2026-10-01 07:00:22.685424+00	2026-10-01 07:32:45.642162+00	2026-10-01 08:31:54.017126+00	2026-10-01 10:30:22.71286+00	t	2026-10-01 06:44:08.756417+00	2026-10-01 10:30:22.894987+00
9132	ME_SHORT_GEOM_A_V1	2129585939	ORCAUSDT	SHORT	2026-10-06 12:26:01.263004+00	2026-10-06 12:26:01.291011+00	5.051704327843751	5.051704327843751	5.051704327843751	5.051704327843751	5.051704327843751	0.0	0.0	0.0	0.7621600919187976	5.350440444274222	25.2585	25.2585	25.2585	25.2585	25.2585	0.0	0.0	0.0	3.8108	26.7522	-4.308693986978179	-2.772883952508618	-2.3286097280735505	-3.4852546916890152	3.3933358866334737	f	t	f	t	f	\N	89.0	2026-10-06 12:42:26.149742+00	2026-10-06 12:59:14.583313+00	2026-10-06 13:31:18.643849+00	2026-10-06 14:30:21.477972+00	2026-10-06 16:29:00.99545+00	t	2026-10-06 12:42:26.348805+00	2026-10-06 16:29:01.209448+00
9133	ME_SHORT_GEOM_B_V1	2129585939	ORCAUSDT	SHORT	2026-10-06 12:26:01.263004+00	2026-10-06 12:26:01.291011+00	5.051704327843751	5.051704327843751	5.051704327843751	5.051704327843751	5.051704327843751	0.0	0.0	0.0	0.7621600919187976	5.350440444274222	6.7356	6.7356	6.7356	6.7356	6.7356	0.0	0.0	0.0	1.0162	7.1339	-4.308693986978179	-2.772883952508618	-2.3286097280735505	-3.4852546916890152	3.4124856376866997	f	t	f	t	f	\N	89.0	2026-10-06 12:42:26.899182+00	2026-10-06 12:59:15.330746+00	2026-10-06 13:31:19.431189+00	2026-10-06 14:30:22.53911+00	2026-10-06 16:29:01.948322+00	t	2026-10-06 12:42:27.092066+00	2026-10-06 16:29:02.138625+00
6495	ME_SHORT_GEOM_A_V1	2129935053	SOLUSDT	SHORT	2026-10-04 14:08:50.293329+00	2026-10-04 14:08:50.340527+00	0.5989497866754101	0.5989497866754101	0.5989497866754101	0.5989497866754101	0.5989497866754101	0.0	0.0	0.2051197899573351	0.2051197899573351	0.2051197899573351	2.9947	2.9947	2.9947	2.9947	2.9947	0.0	0.0	1.0256	1.0256	1.0256	-0.47587791270101604	-0.35280603872661026	-0.13948145717098925	-0.2625533311453833	-0.5169018706924807	f	t	f	t	f	\N	51.2	2026-10-04 14:28:06.521188+00	2026-10-04 14:39:02.10657+00	2026-10-04 15:11:41.867671+00	2026-10-04 16:11:45.428773+00	2026-10-04 18:11:49.903141+00	t	2026-10-04 14:28:06.899959+00	2026-10-04 18:11:50.272606+00
6496	ME_SHORT_GEOM_B_V1	2129935053	SOLUSDT	SHORT	2026-10-04 14:08:50.293329+00	2026-10-04 14:08:50.340527+00	0.5989497866754101	0.5989497866754101	0.5989497866754101	0.5989497866754101	0.5989497866754101	0.0	0.0	0.2051197899573351	0.2051197899573351	0.2051197899573351	0.7986	0.7986	0.7986	0.7986	0.7986	0.0	0.0	0.2735	0.2735	0.2735	-0.47587791270101604	-0.35280603872661026	-0.13948145717098925	-0.2625533311453833	-0.5169018706924807	f	f	f	f	f	\N	\N	2026-10-04 14:28:07.945109+00	2026-10-04 14:39:03.218261+00	2026-10-04 15:11:42.97598+00	2026-10-04 16:11:46.348865+00	2026-10-04 18:11:51.012184+00	t	2026-10-04 14:28:08.330808+00	2026-10-04 18:11:51.201273+00
6468	ME_SHORT_GEOM_A_V1	2133302898	SOLUSDT	SHORT	2026-10-04 13:58:47.545929+00	2026-10-04 13:58:47.599156+00	0.3770800885318418	0.6885810312320594	0.6885810312320594	0.6885810312320594	0.6885810312320594	0.0	0.0	0.0	0.11476350520534517	0.11476350520534517	1.8854	3.4429	3.4429	3.4429	3.4429	0.0	0.0	0.0	0.5738	0.5738	-0.3115009427002176	-0.4262644479055628	-0.11476350520534517	-0.35248790884498127	-0.43446184113452013	f	f	f	f	f	\N	\N	2026-10-04 14:17:16.079574+00	2026-10-04 14:33:34.109452+00	2026-10-04 15:00:48.66231+00	2026-10-04 16:00:50.311672+00	2026-10-04 18:00:56.844178+00	t	2026-10-04 14:17:16.46454+00	2026-10-04 18:00:57.224437+00
6469	ME_SHORT_GEOM_B_V1	2133302898	SOLUSDT	SHORT	2026-10-04 13:58:47.545929+00	2026-10-04 13:58:47.599156+00	0.3770800885318418	0.6885810312320594	0.6885810312320594	0.6885810312320594	0.6885810312320594	0.0	0.0	0.0	0.11476350520534517	0.11476350520534517	0.5028	0.9181	0.9181	0.9181	0.9181	0.0	0.0	0.0	0.153	0.153	-0.3115009427002176	-0.4262644479055628	-0.11476350520534517	-0.35248790884498127	-0.43446184113452013	f	f	f	f	f	\N	\N	2026-10-04 14:17:17.378899+00	2026-10-04 14:33:35.566324+00	2026-10-04 15:00:49.782523+00	2026-10-04 16:00:52.071915+00	2026-10-04 18:00:57.959159+00	t	2026-10-04 14:17:17.763284+00	2026-10-04 18:00:58.148922+00
5640	ME_SHORT_GEOM_A_V1	2133767897	STRKUSDT	SHORT	2026-10-04 01:36:58.316493+00	2026-10-04 01:36:58.347879+00	3.5988308366824984	4.128607964925098	4.640116916331738	5.681402995980991	5.681402995980991	0.0	0.0	0.0	0.0	0.0	17.9942	20.643	23.2006	28.407	28.407	0.0	0.0	0.0	0.0	0.0	-2.995981001096083	-3.050785531603942	-4.2016806722689015	-5.078553160394589	-2.2287175739861143	f	f	f	f	f	\N	\N	2026-10-04 01:54:00.198526+00	2026-10-04 02:09:59.658021+00	2026-10-04 02:42:03.692462+00	2026-10-04 03:41:17.024084+00	2026-10-04 05:39:33.407506+00	t	2026-10-04 01:54:00.57085+00	2026-10-04 05:39:33.598485+00
5641	ME_SHORT_GEOM_B_V1	2133767897	STRKUSDT	SHORT	2026-10-04 01:36:58.316493+00	2026-10-04 01:36:58.347879+00	3.5988308366824984	4.128607964925098	4.640116916331738	5.681402995980991	5.681402995980991	0.0	0.0	0.0	0.0	0.0	4.7984	5.5048	6.1868	7.5752	7.5752	0.0	0.0	0.0	0.0	0.0	-2.995981001096083	-3.069053708439887	-4.2016806722689015	-5.078553160394589	-2.192181220314212	f	f	f	f	f	\N	\N	2026-10-04 01:54:00.573562+00	2026-10-04 02:10:00.035664+00	2026-10-04 02:42:04.255249+00	2026-10-04 03:41:17.587054+00	2026-10-04 05:39:34.387608+00	t	2026-10-04 01:54:00.943596+00	2026-10-04 05:39:34.578055+00
6270	ME_SHORT_GEOM_A_V1	2144626832	NEARUSDT	SHORT	2026-10-04 11:18:27.699851+00	2026-10-04 11:18:27.769791+00	0.7695423248278528	1.4783313082219423	1.7618469015795817	1.8833535844471443	2.187120291616032	0.0	0.0	0.0	0.0	0.0	3.8477	7.3917	8.8092	9.4168	10.9356	0.0	0.0	0.0	0.0	0.0	-0.6885378695828231	-1.3163223977318652	-0.9720534629404627	-1.7213446739570668	-1.1543134872417882	f	f	f	f	f	\N	\N	2026-10-04 11:34:41.688194+00	2026-10-04 11:50:58.482614+00	2026-10-04 12:23:34.801674+00	2026-10-04 13:23:05.826088+00	2026-10-04 15:22:35.091608+00	t	2026-10-04 11:34:42.927064+00	2026-10-04 15:22:35.657563+00
6271	ME_SHORT_GEOM_B_V1	2144626832	NEARUSDT	SHORT	2026-10-04 11:18:27.699851+00	2026-10-04 11:18:27.769791+00	0.7695423248278528	1.4783313082219423	1.7618469015795817	1.8833535844471443	2.187120291616032	0.0	0.0	0.0	0.0	0.0	1.0261	1.9711	2.3491	2.5111	2.9162	0.0	0.0	0.0	0.0	0.0	-0.6885378695828231	-1.3163223977318652	-0.9720534629404627	-1.7213446739570668	-1.1543134872417882	f	f	f	f	f	\N	\N	2026-10-04 11:34:43.109839+00	2026-10-04 11:50:59.611713+00	2026-10-04 12:23:35.735775+00	2026-10-04 13:23:06.74626+00	2026-10-04 15:22:36.224666+00	t	2026-10-04 11:34:44.025277+00	2026-10-04 15:22:36.787275+00
